center,left,right,steering,throttle,brake,speed
D:\DPS 920\DPS920_final_project\IMG\center_2026_08_01_19_54_37_015.jpg,D:\DPS 920\DPS920_final_project\IMG\left_2026_08_01_19_54_37_015.jpg,D:\DPS 920\DPS920_final_project\IMG\right_2026_08_01_19_54_37_015.jpg,-0.1578947,1.0,0.0,30.18995
D:\DPS 920\DPS920_final_project\IMG\center_2026_08_01_19_54_26_434.jpg,D:\DPS 920\DPS920_final_project\IMG\left_2026_08_01_19_54_26_434.jpg,D:\DPS 920\DPS920_final_project\IMG\right_2026_08_01_19_54_26_434.jpg,0.1917293,1.0,0.0,30.18083
D:\DPS 920\DPS920_final_project\IMG\center_2026_08_01_19_51_29_854.jpg,D:\DPS 920\DPS920_final_project\IMG\left_2026_08_01_19_51_29_854.jpg,D:\DPS 920\DPS920_final_project\IMG\right_2026_08_01_19_51_29_854.jpg,-0.1992481,1.0,0.0,30.18994
D:\DPS 920\DPS920_final_project\IMG\center_2026_08_01_19_59_19_171.jpg,D:\DPS 920\DPS920_final_project\IMG\left_2026_08_01_19_59_19_171.jpg,D:\DPS 920\DPS920_final_project\IMG\right_2026_08_01_19_59_19_171.jpg,-0.1203007,1.0,0.0,30.1902
D:\DPS 920\DPS920_final_project\IMG\center_2026_08_01_19_51_12_543.jpg,D:\DPS 920\DPS920_final_project\IMG\left_2026_08_01_19_51_12_543.jpg,D:\DPS 920\DPS920_final_project\IMG\right_2026_08_01_19_51_12_543.jpg,-0.05639098,1.0,0.0,30.19031
D:\DPS 920\DPS920_final_project\IMG\center_2026_08_01_19_53_29_945.jpg,D:\DPS 920\DPS920_final_project\IMG\left_2026_08_01_19_53_29_945.jpg,D:\DPS 920\DPS920_final_project\IMG\right_2026_08_01_19_53_29_945.jpg,-0.02631579,1.0,0.0,30.19026
D:\DPS 920\DPS920_final_project\IMG\center_2026_08_01_20_01_36_198.jpg,D:\DPS 920\DPS920_final_project\IMG\left_2026_08_01_20_01_36_198.jpg,D:\DPS 920\DPS920_final_project\IMG\right_2026_08_01_20_01_36_198.jpg,0.007518797,1.0,0.0,30.19029
D:\DPS 920\DPS920_final_project\IMG\center_2026_08_01_20_00_45_011.jpg,D:\DPS 920\DPS920_final_project\IMG\left_2026_08_01_20_00_45_011.jpg,D:\DPS 920\DPS920_final_project\IMG\right_2026_08_01_20_00_45_011.jpg,0.01503759,1.0,0.0,30.19048
D:\DPS 920\DPS920_final_project\IMG\center_2026_08_01_19_50_42_916.jpg,D:\DPS 920\DPS920_final_project\IMG\left_2026_08_01_19_50_42_916.jpg,D:\DPS 920\DPS920_final_project\IMG\right_2026_08_01_19_50_42_916.jpg,-0.003759398,1.0,0.0,30.19031
D:\DPS 920\DPS920_final_project\IMG\center_2026_08_01_19_53_16_084.jpg,D:\DPS 920\DPS920_final_project\IMG\left_2026_08_01_19_53_16_084.jpg,D:\DPS 920\DPS920_final_project\IMG\right_2026_08_01_19_53_16_084.jpg,-0.09398497,1.0,0.0,30.19011
D:\DPS 920\DPS920_final_project\IMG\center_2026_08_01_19_58_05_821.jpg,D:\DPS 920\DPS920_final_project\IMG\left_2026_08_01_19_58_05_821.jpg,D:\DPS 920\DPS920_final_project\IMG\right_2026_08_01_19_58_05_821.jpg,0.1390978,1.0,0.0,30.18963
D:\DPS 920\DPS920_final_project\IMG\center_2026_08_01_20_02_14_470.jpg,D:\DPS 920\DPS920_final_project\IMG\left_2026_08_01_20_02_14_470.jpg,D:\DPS 920\DPS920_final_project\IMG\right_2026_08_01_20_02_14_470.jpg,0.1879699,1.0,0.0,30.18931
D:\DPS 920\DPS920_final_project\IMG\center_2026_08_01_19_59_09_887.jpg,D:\DPS 920\DPS920_final_project\IMG\left_2026_08_01_19_59_09_887.jpg,D:\DPS 920\DPS920_final_project\IMG\right_2026_08_01_19_59_09_887.jpg,0.09398497,1.0,0.0,30.19022
D:\DPS 920\DPS920_final_project\IMG\center_2026_08_01_20_00_42_272.jpg,D:\DPS 920\DPS920_final_project\IMG\left_2026_08_01_20_00_42_272.jpg,D:\DPS 920\DPS920_final_project\IMG\right_2026_08_01_20_00_42_272.jpg,-0.2406015,1.0,0.0,30.1894
D:\DPS 920\DPS920_final_project\IMG\center_2026_08_01_19_51_59_069.jpg,D:\DPS 920\DPS920_final_project\IMG\left_2026_08_01_19_51_59_069.jpg,D:\DPS 920\DPS920_final_project\IMG\right_2026_08_01_19_51_59_069.jpg,-0.06766918,1.0,0.0,30.1902
D:\DPS 920\DPS920_final_project\IMG\center_2026_08_01_19_50_28_251.jpg,D:\DPS 920\DPS920_final_project\IMG\left_2026_08_01_19_50_28_251.jpg,D:\DPS 920\DPS920_final_project\IMG\right_2026_08_01_19_50_28_251.jpg,-0.131579,1.0,0.0,30.19062
D:\DPS 920\DPS920_final_project\IMG\center_2026_08_01_20_01_40_514.jpg,D:\DPS 920\DPS920_final_project\IMG\left_2026_08_01_20_01_40_514.jpg,D:\DPS 920\DPS920_final_project\IMG\right_2026_08_01_20_01_40_514.jpg,0.02255639,1.0,0.0,30.19025
D:\DPS 920\DPS920_final_project\IMG\center_2026_08_01_19_53_41_431.jpg,D:\DPS 920\DPS920_final_project\IMG\left_2026_08_01_19_53_41_431.jpg,D:\DPS 920\DPS920_final_project\IMG\right_2026_08_01_19_53_41_431.jpg,-0.01879699,1.0,0.0,30.19028
D:\DPS 920\DPS920_final_project\IMG\center_2026_08_01_19_50_35_134.jpg,D:\DPS 920\DPS920_final_project\IMG\left_2026_08_01_19_50_35_134.jpg,D:\DPS 920\DPS920_final_project\IMG\right_2026_08_01_19_50_35_134.jpg,-0.04511278,1.0,0.0,30.1904
D:\DPS 920\DPS920_final_project\IMG\center_2026_08_01_19_58_03_517.jpg,D:\DPS 920\DPS920_final_project\IMG\left_2026_08_01_19_58_03_517.jpg,D:\DPS 920\DPS920_final_project\IMG\right_2026_08_01_19_58_03_517.jpg,0.2067669,1.0,0.0,30.18995
D:\DPS 920\DPS920_final_project\IMG\center_2026_08_01_20_01_53_660.jpg,D:\DPS 920\DPS920_final_project\IMG\left_2026_08_01_20_01_53_660.jpg,D:\DPS 920\DPS920_final_project\IMG\right_2026_08_01_20_01_53_660.jpg,0.1428571,1.0,0.0,30.18966
D:\DPS 920\DPS920_final_project\IMG\center_2026_08_01_20_00_36_464.jpg,D:\DPS 920\DPS920_final_project\IMG\left_2026_08_01_20_00_36_464.jpg,D:\DPS 920\DPS920_final_project\IMG\right_2026_08_01_20_00_36_464.jpg,-0.007518797,1.0,0.0,30.19027
D:\DPS 920\DPS920_final_project\IMG\center_2026_08_01_19_51_52_816.jpg,D:\DPS 920\DPS920_final_project\IMG\left_2026_08_01_19_51_52_816.jpg,D:\DPS 920\DPS920_final_project\IMG\right_2026_08_01_19_51_52_816.jpg,-0.08270676,1.0,0.0,30.18853
D:\DPS 920\DPS920_final_project\IMG\center_2026_08_01_19_59_06_980.jpg,D:\DPS 920\DPS920_final_project\IMG\left_2026_08_01_19_59_06_980.jpg,D:\DPS 920\DPS920_final_project\IMG\right_2026_08_01_19_59_06_980.jpg,0.3233083,1.0,0.0,30.18214
D:\DPS 920\DPS920_final_project\IMG\center_2026_08_01_19_52_37_638.jpg,D:\DPS 920\DPS920_final_project\IMG\left_2026_08_01_19_52_37_638.jpg,D:\DPS 920\DPS920_final_project\IMG\right_2026_08_01_19_52_37_638.jpg,-0.03007519,1.0,0.0,30.19028
D:\DPS 920\DPS920_final_project\IMG\center_2026_08_01_19_51_48_424.jpg,D:\DPS 920\DPS920_final_project\IMG\left_2026_08_01_19_51_48_424.jpg,D:\DPS 920\DPS920_final_project\IMG\right_2026_08_01_19_51_48_424.jpg,-0.1691729,1.0,0.0,30.18855
D:\DPS 920\DPS920_final_project\IMG\center_2026_08_01_19_51_08_494.jpg,D:\DPS 920\DPS920_final_project\IMG\left_2026_08_01_19_51_08_494.jpg,D:\DPS 920\DPS920_final_project\IMG\right_2026_08_01_19_51_08_494.jpg,-0.06390978,1.0,0.0,30.19031
D:\DPS 920\DPS920_final_project\IMG\center_2026_08_01_19_53_39_114.jpg,D:\DPS 920\DPS920_final_project\IMG\left_2026_08_01_19_53_39_114.jpg,D:\DPS 920\DPS920_final_project\IMG\right_2026_08_01_19_53_39_114.jpg,-0.0112782,1.0,0.0,30.19025
D:\DPS 920\DPS920_final_project\IMG\center_2026_08_01_20_01_25_017.jpg,D:\DPS 920\DPS920_final_project\IMG\left_2026_08_01_20_01_25_017.jpg,D:\DPS 920\DPS920_final_project\IMG\right_2026_08_01_20_01_25_017.jpg,0.007518797,1.0,0.0,30.19029
D:\DPS 920\DPS920_final_project\IMG\center_2026_08_01_19_57_45_175.jpg,D:\DPS 920\DPS920_final_project\IMG\left_2026_08_01_19_57_45_175.jpg,D:\DPS 920\DPS920_final_project\IMG\right_2026_08_01_19_57_45_175.jpg,0.1766917,1.0,0.0,30.18963
D:\DPS 920\DPS920_final_project\IMG\center_2026_08_01_20_02_14_964.jpg,D:\DPS 920\DPS920_final_project\IMG\left_2026_08_01_20_02_14_964.jpg,D:\DPS 920\DPS920_final_project\IMG\right_2026_08_01_20_02_14_964.jpg,0.2330827,1.0,0.0,30.18874
D:\DPS 920\DPS920_final_project\IMG\center_2026_08_01_19_52_53_784.jpg,D:\DPS 920\DPS920_final_project\IMG\left_2026_08_01_19_52_53_784.jpg,D:\DPS 920\DPS920_final_project\IMG\right_2026_08_01_19_52_53_784.jpg,-0.1954887,1.0,0.0,30.1887
D:\DPS 920\DPS920_final_project\IMG\center_2026_08_01_19_51_48_564.jpg,D:\DPS 920\DPS920_final_project\IMG\left_2026_08_01_19_51_48_564.jpg,D:\DPS 920\DPS920_final_project\IMG\right_2026_08_01_19_51_48_564.jpg,-0.1917293,1.0,0.0,30.1883
D:\DPS 920\DPS920_final_project\IMG\center_2026_08_01_19_59_09_578.jpg,D:\DPS 920\DPS920_final_project\IMG\left_2026_08_01_19_59_09_578.jpg,D:\DPS 920\DPS920_final_project\IMG\right_2026_08_01_19_59_09_578.jpg,0.09398497,1.0,0.0,30.18896
D:\DPS 920\DPS920_final_project\IMG\center_2026_08_01_20_00_48_872.jpg,D:\DPS 920\DPS920_final_project\IMG\left_2026_08_01_20_00_48_872.jpg,D:\DPS 920\DPS920_final_project\IMG\right_2026_08_01_20_00_48_872.jpg,0.112782,1.0,0.0,30.18962
D:\DPS 920\DPS920_final_project\IMG\center_2026_08_01_19_58_59_295.jpg,D:\DPS 920\DPS920_final_project\IMG\left_2026_08_01_19_58_59_295.jpg,D:\DPS 920\DPS920_final_project\IMG\right_2026_08_01_19_58_59_295.jpg,0.07142857,1.0,0.0,30.1902
D:\DPS 920\DPS920_final_project\IMG\center_2026_08_01_19_51_27_427.jpg,D:\DPS 920\DPS920_final_project\IMG\left_2026_08_01_19_51_27_427.jpg,D:\DPS 920\DPS920_final_project\IMG\right_2026_08_01_19_51_27_427.jpg,-0.05263158,1.0,0.0,30.19005
D:\DPS 920\DPS920_final_project\IMG\center_2026_08_01_20_00_39_996.jpg,D:\DPS 920\DPS920_final_project\IMG\left_2026_08_01_20_00_39_996.jpg,D:\DPS 920\DPS920_final_project\IMG\right_2026_08_01_20_00_39_996.jpg,-0.131579,1.0,0.0,30.1894
D:\DPS 920\DPS920_final_project\IMG\center_2026_08_01_19_57_36_866.jpg,D:\DPS 920\DPS920_final_project\IMG\left_2026_08_01_19_57_36_866.jpg,D:\DPS 920\DPS920_final_project\IMG\right_2026_08_01_19_57_36_866.jpg,0.1090226,1.0,0.0,20.08443
D:\DPS 920\DPS920_final_project\IMG\center_2026_08_01_19_50_36_325.jpg,D:\DPS 920\DPS920_final_project\IMG\left_2026_08_01_19_50_36_325.jpg,D:\DPS 920\DPS920_final_project\IMG\right_2026_08_01_19_50_36_325.jpg,-0.04135338,1.0,0.0,30.19029
D:\DPS 920\DPS920_final_project\IMG\center_2026_08_01_20_02_12_115.jpg,D:\DPS 920\DPS920_final_project\IMG\left_2026_08_01_20_02_12_115.jpg,D:\DPS 920\DPS920_final_project\IMG\right_2026_08_01_20_02_12_115.jpg,0.03383459,1.0,0.0,30.19014
D:\DPS 920\DPS920_final_project\IMG\center_2026_08_01_19_52_51_527.jpg,D:\DPS 920\DPS920_final_project\IMG\left_2026_08_01_19_52_51_527.jpg,D:\DPS 920\DPS920_final_project\IMG\right_2026_08_01_19_52_51_527.jpg,-0.1541353,1.0,0.0,30.18848
D:\DPS 920\DPS920_final_project\IMG\center_2026_08_01_19_59_50_873.jpg,D:\DPS 920\DPS920_final_project\IMG\left_2026_08_01_19_59_50_873.jpg,D:\DPS 920\DPS920_final_project\IMG\right_2026_08_01_19_59_50_873.jpg,0.09774436,1.0,0.0,30.18993
D:\DPS 920\DPS920_final_project\IMG\center_2026_08_01_19_50_56_160.jpg,D:\DPS 920\DPS920_final_project\IMG\left_2026_08_01_19_50_56_160.jpg,D:\DPS 920\DPS920_final_project\IMG\right_2026_08_01_19_50_56_160.jpg,-0.03007519,1.0,0.0,30.19029
D:\DPS 920\DPS920_final_project\IMG\center_2026_08_01_19_52_31_976.jpg,D:\DPS 920\DPS920_final_project\IMG\left_2026_08_01_19_52_31_976.jpg,D:\DPS 920\DPS920_final_project\IMG\right_2026_08_01_19_52_31_976.jpg,-0.09022556,1.0,0.0,30.19068
D:\DPS 920\DPS920_final_project\IMG\center_2026_08_01_19_57_54_319.jpg,D:\DPS 920\DPS920_final_project\IMG\left_2026_08_01_19_57_54_319.jpg,D:\DPS 920\DPS920_final_project\IMG\right_2026_08_01_19_57_54_319.jpg,-0.2556391,1.0,0.0,30.18898
D:\DPS 920\DPS920_final_project\IMG\center_2026_08_01_19_58_59_578.jpg,D:\DPS 920\DPS920_final_project\IMG\left_2026_08_01_19_58_59_578.jpg,D:\DPS 920\DPS920_final_project\IMG\right_2026_08_01_19_58_59_578.jpg,0.07142857,1.0,0.0,30.19018
D:\DPS 920\DPS920_final_project\IMG\center_2026_08_01_19_50_30_826.jpg,D:\DPS 920\DPS920_final_project\IMG\left_2026_08_01_19_50_30_826.jpg,D:\DPS 920\DPS920_final_project\IMG\right_2026_08_01_19_50_30_826.jpg,-0.07894737,1.0,0.0,30.19024
D:\DPS 920\DPS920_final_project\IMG\center_2026_08_01_20_00_41_412.jpg,D:\DPS 920\DPS920_final_project\IMG\left_2026_08_01_20_00_41_412.jpg,D:\DPS 920\DPS920_final_project\IMG\right_2026_08_01_20_00_41_412.jpg,-0.2706767,1.0,0.0,30.19033
D:\DPS 920\DPS920_final_project\IMG\center_2026_08_01_19_50_32_549.jpg,D:\DPS 920\DPS920_final_project\IMG\left_2026_08_01_19_50_32_549.jpg,D:\DPS 920\DPS920_final_project\IMG\right_2026_08_01_19_50_32_549.jpg,-0.07894737,1.0,0.0,30.19015
D:\DPS 920\DPS920_final_project\IMG\center_2026_08_01_19_59_48_467.jpg,D:\DPS 920\DPS920_final_project\IMG\left_2026_08_01_19_59_48_467.jpg,D:\DPS 920\DPS920_final_project\IMG\right_2026_08_01_19_59_48_467.jpg,0.09774436,1.0,0.0,30.19009
D:\DPS 920\DPS920_final_project\IMG\center_2026_08_01_19_57_49_451.jpg,D:\DPS 920\DPS920_final_project\IMG\left_2026_08_01_19_57_49_451.jpg,D:\DPS 920\DPS920_final_project\IMG\right_2026_08_01_19_57_49_451.jpg,-0.07894737,1.0,0.0,30.19016
D:\DPS 920\DPS920_final_project\IMG\center_2026_08_01_19_58_21_518.jpg,D:\DPS 920\DPS920_final_project\IMG\left_2026_08_01_19_58_21_518.jpg,D:\DPS 920\DPS920_final_project\IMG\right_2026_08_01_19_58_21_518.jpg,0.05263158,1.0,0.0,30.19025
D:\DPS 920\DPS920_final_project\IMG\center_2026_08_01_19_50_48_361.jpg,D:\DPS 920\DPS920_final_project\IMG\left_2026_08_01_19_50_48_361.jpg,D:\DPS 920\DPS920_final_project\IMG\right_2026_08_01_19_50_48_361.jpg,-0.01503759,1.0,0.0,30.1903
D:\DPS 920\DPS920_final_project\IMG\center_2026_08_01_19_59_27_025.jpg,D:\DPS 920\DPS920_final_project\IMG\left_2026_08_01_19_59_27_025.jpg,D:\DPS 920\DPS920_final_project\IMG\right_2026_08_01_19_59_27_025.jpg,0.2142857,1.0,0.0,30.18956
D:\DPS 920\DPS920_final_project\IMG\center_2026_08_01_19_52_51_666.jpg,D:\DPS 920\DPS920_final_project\IMG\left_2026_08_01_19_52_51_666.jpg,D:\DPS 920\DPS920_final_project\IMG\right_2026_08_01_19_52_51_666.jpg,-0.1917293,1.0,0.0,30.18764
D:\DPS 920\DPS920_final_project\IMG\center_2026_08_01_19_51_49_327.jpg,D:\DPS 920\DPS920_final_project\IMG\left_2026_08_01_19_51_49_327.jpg,D:\DPS 920\DPS920_final_project\IMG\right_2026_08_01_19_51_49_327.jpg,-0.1729323,1.0,0.0,30.19011
D:\DPS 920\DPS920_final_project\IMG\center_2026_08_01_20_00_49_930.jpg,D:\DPS 920\DPS920_final_project\IMG\left_2026_08_01_20_00_49_930.jpg,D:\DPS 920\DPS920_final_project\IMG\right_2026_08_01_20_00_49_930.jpg,0.1954887,1.0,0.0,30.18888
D:\DPS 920\DPS920_final_project\IMG\center_2026_08_01_19_52_46_902.jpg,D:\DPS 920\DPS920_final_project\IMG\left_2026_08_01_19_52_46_902.jpg,D:\DPS 920\DPS920_final_project\IMG\right_2026_08_01_19_52_46_902.jpg,-0.0112782,1.0,0.0,30.18996
D:\DPS 920\DPS920_final_project\IMG\center_2026_08_01_20_00_12_416.jpg,D:\DPS 920\DPS920_final_project\IMG\left_2026_08_01_20_00_12_416.jpg,D:\DPS 920\DPS920_final_project\IMG\right_2026_08_01_20_00_12_416.jpg,0.02631579,1.0,0.0,30.19023
D:\DPS 920\DPS920_final_project\IMG\center_2026_08_01_19_52_19_989.jpg,D:\DPS 920\DPS920_final_project\IMG\left_2026_08_01_19_52_19_989.jpg,D:\DPS 920\DPS920_final_project\IMG\right_2026_08_01_19_52_19_989.jpg,-0.03759398,1.0,0.0,30.19029
D:\DPS 920\DPS920_final_project\IMG\center_2026_08_01_19_58_03_448.jpg,D:\DPS 920\DPS920_final_project\IMG\left_2026_08_01_19_58_03_448.jpg,D:\DPS 920\DPS920_final_project\IMG\right_2026_08_01_19_58_03_448.jpg,0.2067669,1.0,0.0,30.18891
D:\DPS 920\DPS920_final_project\IMG\center_2026_08_01_19_53_24_048.jpg,D:\DPS 920\DPS920_final_project\IMG\left_2026_08_01_19_53_24_048.jpg,D:\DPS 920\DPS920_final_project\IMG\right_2026_08_01_19_53_24_048.jpg,-0.04135338,1.0,0.0,30.19027
D:\DPS 920\DPS920_final_project\IMG\center_2026_08_01_19_59_13_625.jpg,D:\DPS 920\DPS920_final_project\IMG\left_2026_08_01_19_59_13_625.jpg,D:\DPS 920\DPS920_final_project\IMG\right_2026_08_01_19_59_13_625.jpg,-0.02631579,1.0,0.0,30.19022
D:\DPS 920\DPS920_final_project\IMG\center_2026_08_01_19_53_14_207.jpg,D:\DPS 920\DPS920_final_project\IMG\left_2026_08_01_19_53_14_207.jpg,D:\DPS 920\DPS920_final_project\IMG\right_2026_08_01_19_53_14_207.jpg,-0.2105263,1.0,0.0,30.18889
D:\DPS 920\DPS920_final_project\IMG\center_2026_08_01_19_54_26_220.jpg,D:\DPS 920\DPS920_final_project\IMG\left_2026_08_01_19_54_26_220.jpg,D:\DPS 920\DPS920_final_project\IMG\right_2026_08_01_19_54_26_220.jpg,0.1804511,1.0,0.0,30.18877
D:\DPS 920\DPS920_final_project\IMG\center_2026_08_01_19_53_15_006.jpg,D:\DPS 920\DPS920_final_project\IMG\left_2026_08_01_19_53_15_006.jpg,D:\DPS 920\DPS920_final_project\IMG\right_2026_08_01_19_53_15_006.jpg,-0.1428571,1.0,0.0,30.18996
D:\DPS 920\DPS920_final_project\IMG\center_2026_08_01_19_59_52_639.jpg,D:\DPS 920\DPS920_final_project\IMG\left_2026_08_01_19_59_52_639.jpg,D:\DPS 920\DPS920_final_project\IMG\right_2026_08_01_19_59_52_639.jpg,0.09774436,1.0,0.0,30.19008
D:\DPS 920\DPS920_final_project\IMG\center_2026_08_01_19_59_27_952.jpg,D:\DPS 920\DPS920_final_project\IMG\left_2026_08_01_19_59_27_952.jpg,D:\DPS 920\DPS920_final_project\IMG\right_2026_08_01_19_59_27_952.jpg,0.2142857,1.0,0.0,30.18915
D:\DPS 920\DPS920_final_project\IMG\center_2026_08_01_19_58_41_551.jpg,D:\DPS 920\DPS920_final_project\IMG\left_2026_08_01_19_58_41_551.jpg,D:\DPS 920\DPS920_final_project\IMG\right_2026_08_01_19_58_41_551.jpg,0.01879699,1.0,0.0,30.19029
D:\DPS 920\DPS920_final_project\IMG\center_2026_08_01_20_01_58_867.jpg,D:\DPS 920\DPS920_final_project\IMG\left_2026_08_01_20_01_58_867.jpg,D:\DPS 920\DPS920_final_project\IMG\right_2026_08_01_20_01_58_867.jpg,0.06015037,1.0,0.0,30.19012
D:\DPS 920\DPS920_final_project\IMG\center_2026_08_01_19_58_03_161.jpg,D:\DPS 920\DPS920_final_project\IMG\left_2026_08_01_19_58_03_161.jpg,D:\DPS 920\DPS920_final_project\IMG\right_2026_08_01_19_58_03_161.jpg,0.2067669,1.0,0.0,30.18869
D:\DPS 920\DPS920_final_project\IMG\center_2026_08_01_19_51_07_725.jpg,D:\DPS 920\DPS920_final_project\IMG\left_2026_08_01_19_51_07_725.jpg,D:\DPS 920\DPS920_final_project\IMG\right_2026_08_01_19_51_07_725.jpg,-0.112782,1.0,0.0,30.18859
D:\DPS 920\DPS920_final_project\IMG\center_2026_08_01_19_52_55_431.jpg,D:\DPS 920\DPS920_final_project\IMG\left_2026_08_01_19_52_55_431.jpg,D:\DPS 920\DPS920_final_project\IMG\right_2026_08_01_19_52_55_431.jpg,-0.1165414,1.0,0.0,30.19043
D:\DPS 920\DPS920_final_project\IMG\center_2026_08_01_19_58_18_729.jpg,D:\DPS 920\DPS920_final_project\IMG\left_2026_08_01_19_58_18_729.jpg,D:\DPS 920\DPS920_final_project\IMG\right_2026_08_01_19_58_18_729.jpg,0.007518797,1.0,0.0,30.19029
D:\DPS 920\DPS920_final_project\IMG\center_2026_08_01_19_53_10_896.jpg,D:\DPS 920\DPS920_final_project\IMG\left_2026_08_01_19_53_10_896.jpg,D:\DPS 920\DPS920_final_project\IMG\right_2026_08_01_19_53_10_896.jpg,-0.1278196,1.0,0.0,30.18974
D:\DPS 920\DPS920_final_project\IMG\center_2026_08_01_20_01_46_385.jpg,D:\DPS 920\DPS920_final_project\IMG\left_2026_08_01_20_01_46_385.jpg,D:\DPS 920\DPS920_final_project\IMG\right_2026_08_01_20_01_46_385.jpg,0.07894737,1.0,0.0,30.18999
D:\DPS 920\DPS920_final_project\IMG\center_2026_08_01_19_54_37_500.jpg,D:\DPS 920\DPS920_final_project\IMG\left_2026_08_01_19_54_37_500.jpg,D:\DPS 920\DPS920_final_project\IMG\right_2026_08_01_19_54_37_500.jpg,-0.1578947,1.0,0.0,30.18961
D:\DPS 920\DPS920_final_project\IMG\center_2026_08_01_19_54_26_713.jpg,D:\DPS 920\DPS920_final_project\IMG\left_2026_08_01_19_54_26_713.jpg,D:\DPS 920\DPS920_final_project\IMG\right_2026_08_01_19_54_26_713.jpg,0.1917293,1.0,0.0,30.19034
D:\DPS 920\DPS920_final_project\IMG\center_2026_08_01_19_53_33_328.jpg,D:\DPS 920\DPS920_final_project\IMG\left_2026_08_01_19_53_33_328.jpg,D:\DPS 920\DPS920_final_project\IMG\right_2026_08_01_19_53_33_328.jpg,-0.0112782,1.0,0.0,30.19031
D:\DPS 920\DPS920_final_project\IMG\center_2026_08_01_19_59_18_358.jpg,D:\DPS 920\DPS920_final_project\IMG\left_2026_08_01_19_59_18_358.jpg,D:\DPS 920\DPS920_final_project\IMG\right_2026_08_01_19_59_18_358.jpg,-0.1954887,1.0,0.0,30.18942
D:\DPS 920\DPS920_final_project\IMG\center_2026_08_01_19_54_43_334.jpg,D:\DPS 920\DPS920_final_project\IMG\left_2026_08_01_19_54_43_334.jpg,D:\DPS 920\DPS920_final_project\IMG\right_2026_08_01_19_54_43_334.jpg,-0.09774436,1.0,0.0,30.18993
D:\DPS 920\DPS920_final_project\IMG\center_2026_08_01_19_50_56_797.jpg,D:\DPS 920\DPS920_final_project\IMG\left_2026_08_01_19_50_56_797.jpg,D:\DPS 920\DPS920_final_project\IMG\right_2026_08_01_19_50_56_797.jpg,-0.03007519,1.0,0.0,30.19025
D:\DPS 920\DPS920_final_project\IMG\center_2026_08_01_19_58_23_780.jpg,D:\DPS 920\DPS920_final_project\IMG\left_2026_08_01_19_58_23_780.jpg,D:\DPS 920\DPS920_final_project\IMG\right_2026_08_01_19_58_23_780.jpg,0.05263158,1.0,0.0,30.19022
D:\DPS 920\DPS920_final_project\IMG\center_2026_08_01_19_53_05_132.jpg,D:\DPS 920\DPS920_final_project\IMG\left_2026_08_01_19_53_05_132.jpg,D:\DPS 920\DPS920_final_project\IMG\right_2026_08_01_19_53_05_132.jpg,-0.131579,1.0,0.0,30.18645
D:\DPS 920\DPS920_final_project\IMG\center_2026_08_01_19_58_04_615.jpg,D:\DPS 920\DPS920_final_project\IMG\left_2026_08_01_19_58_04_615.jpg,D:\DPS 920\DPS920_final_project\IMG\right_2026_08_01_19_58_04_615.jpg,0.1954887,1.0,0.0,30.19031
D:\DPS 920\DPS920_final_project\IMG\center_2026_08_01_19_59_17_076.jpg,D:\DPS 920\DPS920_final_project\IMG\left_2026_08_01_19_59_17_076.jpg,D:\DPS 920\DPS920_final_project\IMG\right_2026_08_01_19_59_17_076.jpg,-0.2556391,1.0,0.0,30.18675
D:\DPS 920\DPS920_final_project\IMG\center_2026_08_01_19_50_26_618.jpg,D:\DPS 920\DPS920_final_project\IMG\left_2026_08_01_19_50_26_618.jpg,D:\DPS 920\DPS920_final_project\IMG\right_2026_08_01_19_50_26_618.jpg,-0.1992481,1.0,0.0,22.17811
D:\DPS 920\DPS920_final_project\IMG\center_2026_08_01_19_54_25_018.jpg,D:\DPS 920\DPS920_final_project\IMG\left_2026_08_01_19_54_25_018.jpg,D:\DPS 920\DPS920_final_project\IMG\right_2026_08_01_19_54_25_018.jpg,0.1240602,1.0,0.0,30.18982
D:\DPS 920\DPS920_final_project\IMG\center_2026_08_01_19_50_42_163.jpg,D:\DPS 920\DPS920_final_project\IMG\left_2026_08_01_19_50_42_163.jpg,D:\DPS 920\DPS920_final_project\IMG\right_2026_08_01_19_50_42_163.jpg,-0.02255639,1.0,0.0,30.19028
D:\DPS 920\DPS920_final_project\IMG\center_2026_08_01_19_58_24_914.jpg,D:\DPS 920\DPS920_final_project\IMG\left_2026_08_01_19_58_24_914.jpg,D:\DPS 920\DPS920_final_project\IMG\right_2026_08_01_19_58_24_914.jpg,0.09398497,1.0,0.0,30.19022
D:\DPS 920\DPS920_final_project\IMG\center_2026_08_01_19_54_17_407.jpg,D:\DPS 920\DPS920_final_project\IMG\left_2026_08_01_19_54_17_407.jpg,D:\DPS 920\DPS920_final_project\IMG\right_2026_08_01_19_54_17_407.jpg,-0.1428571,1.0,0.0,30.19011
D:\DPS 920\DPS920_final_project\IMG\center_2026_08_01_19_53_14_497.jpg,D:\DPS 920\DPS920_final_project\IMG\left_2026_08_01_19_53_14_497.jpg,D:\DPS 920\DPS920_final_project\IMG\right_2026_08_01_19_53_14_497.jpg,-0.1616541,1.0,0.0,30.19081
D:\DPS 920\DPS920_final_project\IMG\center_2026_08_01_19_58_46_777.jpg,D:\DPS 920\DPS920_final_project\IMG\left_2026_08_01_19_58_46_777.jpg,D:\DPS 920\DPS920_final_project\IMG\right_2026_08_01_19_58_46_777.jpg,0.07142857,1.0,0.0,30.19001
D:\DPS 920\DPS920_final_project\IMG\center_2026_08_01_19_51_11_279.jpg,D:\DPS 920\DPS920_final_project\IMG\left_2026_08_01_19_51_11_279.jpg,D:\DPS 920\DPS920_final_project\IMG\right_2026_08_01_19_51_11_279.jpg,-0.05263158,1.0,0.0,30.1903
D:\DPS 920\DPS920_final_project\IMG\center_2026_08_01_19_51_07_044.jpg,D:\DPS 920\DPS920_final_project\IMG\left_2026_08_01_19_51_07_044.jpg,D:\DPS 920\DPS920_final_project\IMG\right_2026_08_01_19_51_07_044.jpg,-0.112782,1.0,0.0,30.18982
D:\DPS 920\DPS920_final_project\IMG\center_2026_08_01_19_53_56_971.jpg,D:\DPS 920\DPS920_final_project\IMG\left_2026_08_01_19_53_56_971.jpg,D:\DPS 920\DPS920_final_project\IMG\right_2026_08_01_19_53_56_971.jpg,-0.08646616,1.0,0.0,30.19038
D:\DPS 920\DPS920_final_project\IMG\center_2026_08_01_19_54_38_569.jpg,D:\DPS 920\DPS920_final_project\IMG\left_2026_08_01_19_54_38_569.jpg,D:\DPS 920\DPS920_final_project\IMG\right_2026_08_01_19_54_38_569.jpg,-0.1917293,1.0,0.0,30.18951
D:\DPS 920\DPS920_final_project\IMG\center_2026_08_01_20_00_31_793.jpg,D:\DPS 920\DPS920_final_project\IMG\left_2026_08_01_20_00_31_793.jpg,D:\DPS 920\DPS920_final_project\IMG\right_2026_08_01_20_00_31_793.jpg,0.2030075,1.0,0.0,30.18952
D:\DPS 920\DPS920_final_project\IMG\center_2026_08_01_19_53_01_379.jpg,D:\DPS 920\DPS920_final_project\IMG\left_2026_08_01_19_53_01_379.jpg,D:\DPS 920\DPS920_final_project\IMG\right_2026_08_01_19_53_01_379.jpg,0.05263158,1.0,0.0,30.18975
D:\DPS 920\DPS920_final_project\IMG\center_2026_08_01_20_02_04_756.jpg,D:\DPS 920\DPS920_final_project\IMG\left_2026_08_01_20_02_04_756.jpg,D:\DPS 920\DPS920_final_project\IMG\right_2026_08_01_20_02_04_756.jpg,-0.4360902,1.0,0.0,30.18037
D:\DPS 920\DPS920_final_project\IMG\center_2026_08_01_19_59_22_510.jpg,D:\DPS 920\DPS920_final_project\IMG\left_2026_08_01_19_59_22_510.jpg,D:\DPS 920\DPS920_final_project\IMG\right_2026_08_01_19_59_22_510.jpg,0.09398497,1.0,0.0,30.18965
D:\DPS 920\DPS920_final_project\IMG\center_2026_08_01_19_58_20_542.jpg,D:\DPS 920\DPS920_final_project\IMG\left_2026_08_01_19_58_20_542.jpg,D:\DPS 920\DPS920_final_project\IMG\right_2026_08_01_19_58_20_542.jpg,0.05263158,1.0,0.0,30.19027
D:\DPS 920\DPS920_final_project\IMG\center_2026_08_01_20_01_50_684.jpg,D:\DPS 920\DPS920_final_project\IMG\left_2026_08_01_20_01_50_684.jpg,D:\DPS 920\DPS920_final_project\IMG\right_2026_08_01_20_01_50_684.jpg,0.08270676,1.0,0.0,30.19004
D:\DPS 920\DPS920_final_project\IMG\center_2026_08_01_19_54_30_163.jpg,D:\DPS 920\DPS920_final_project\IMG\left_2026_08_01_19_54_30_163.jpg,D:\DPS 920\DPS920_final_project\IMG\right_2026_08_01_19_54_30_163.jpg,-0.003759398,1.0,0.0,30.19052
D:\DPS 920\DPS920_final_project\IMG\center_2026_08_01_19_50_48_517.jpg,D:\DPS 920\DPS920_final_project\IMG\left_2026_08_01_19_50_48_517.jpg,D:\DPS 920\DPS920_final_project\IMG\right_2026_08_01_19_50_48_517.jpg,-0.01503759,1.0,0.0,30.19027
D:\DPS 920\DPS920_final_project\IMG\center_2026_08_01_20_00_17_518.jpg,D:\DPS 920\DPS920_final_project\IMG\left_2026_08_01_20_00_17_518.jpg,D:\DPS 920\DPS920_final_project\IMG\right_2026_08_01_20_00_17_518.jpg,0.01879699,1.0,0.0,30.1903
D:\DPS 920\DPS920_final_project\IMG\center_2026_08_01_19_59_06_547.jpg,D:\DPS 920\DPS920_final_project\IMG\left_2026_08_01_19_59_06_547.jpg,D:\DPS 920\DPS920_final_project\IMG\right_2026_08_01_19_59_06_547.jpg,0.1503759,1.0,0.0,30.18924
D:\DPS 920\DPS920_final_project\IMG\center_2026_08_01_19_54_38_073.jpg,D:\DPS 920\DPS920_final_project\IMG\left_2026_08_01_19_54_38_073.jpg,D:\DPS 920\DPS920_final_project\IMG\right_2026_08_01_19_54_38_073.jpg,-0.1691729,1.0,0.0,30.18957
D:\DPS 920\DPS920_final_project\IMG\center_2026_08_01_19_51_15_850.jpg,D:\DPS 920\DPS920_final_project\IMG\left_2026_08_01_19_51_15_850.jpg,D:\DPS 920\DPS920_final_project\IMG\right_2026_08_01_19_51_15_850.jpg,-0.02255639,1.0,0.0,30.19028
D:\DPS 920\DPS920_final_project\IMG\center_2026_08_01_20_00_26_411.jpg,D:\DPS 920\DPS920_final_project\IMG\left_2026_08_01_20_00_26_411.jpg,D:\DPS 920\DPS920_final_project\IMG\right_2026_08_01_20_00_26_411.jpg,0.1052632,1.0,0.0,30.18967
D:\DPS 920\DPS920_final_project\IMG\center_2026_08_01_20_02_03_481.jpg,D:\DPS 920\DPS920_final_project\IMG\left_2026_08_01_20_02_03_481.jpg,D:\DPS 920\DPS920_final_project\IMG\right_2026_08_01_20_02_03_481.jpg,-0.05263158,1.0,0.0,30.18993
D:\DPS 920\DPS920_final_project\IMG\center_2026_08_01_19_53_58_764.jpg,D:\DPS 920\DPS920_final_project\IMG\left_2026_08_01_19_53_58_764.jpg,D:\DPS 920\DPS920_final_project\IMG\right_2026_08_01_19_53_58_764.jpg,-0.02255639,1.0,0.0,30.19032
D:\DPS 920\DPS920_final_project\IMG\center_2026_08_01_19_59_17_508.jpg,D:\DPS 920\DPS920_final_project\IMG\left_2026_08_01_19_59_17_508.jpg,D:\DPS 920\DPS920_final_project\IMG\right_2026_08_01_19_59_17_508.jpg,-0.2744361,1.0,0.0,30.18847
D:\DPS 920\DPS920_final_project\IMG\center_2026_08_01_20_00_00_726.jpg,D:\DPS 920\DPS920_final_project\IMG\left_2026_08_01_20_00_00_726.jpg,D:\DPS 920\DPS920_final_project\IMG\right_2026_08_01_20_00_00_726.jpg,0.03007519,1.0,0.0,30.19027
D:\DPS 920\DPS920_final_project\IMG\center_2026_08_01_20_00_26_342.jpg,D:\DPS 920\DPS920_final_project\IMG\left_2026_08_01_20_00_26_342.jpg,D:\DPS 920\DPS920_final_project\IMG\right_2026_08_01_20_00_26_342.jpg,0.1052632,1.0,0.0,30.18983
D:\DPS 920\DPS920_final_project\IMG\center_2026_08_01_19_57_53_760.jpg,D:\DPS 920\DPS920_final_project\IMG\left_2026_08_01_19_57_53_760.jpg,D:\DPS 920\DPS920_final_project\IMG\right_2026_08_01_19_57_53_760.jpg,-0.3195489,1.0,0.0,30.17979
D:\DPS 920\DPS920_final_project\IMG\center_2026_08_01_19_59_16_935.jpg,D:\DPS 920\DPS920_final_project\IMG\left_2026_08_01_19_59_16_935.jpg,D:\DPS 920\DPS920_final_project\IMG\right_2026_08_01_19_59_16_935.jpg,-0.2180451,1.0,0.0,30.18752
D:\DPS 920\DPS920_final_project\IMG\center_2026_08_01_19_59_28_303.jpg,D:\DPS 920\DPS920_final_project\IMG\left_2026_08_01_19_59_28_303.jpg,D:\DPS 920\DPS920_final_project\IMG\right_2026_08_01_19_59_28_303.jpg,0.2142857,1.0,0.0,30.1893
D:\DPS 920\DPS920_final_project\IMG\center_2026_08_01_19_54_37_569.jpg,D:\DPS 920\DPS920_final_project\IMG\left_2026_08_01_19_54_37_569.jpg,D:\DPS 920\DPS920_final_project\IMG\right_2026_08_01_19_54_37_569.jpg,-0.1578947,1.0,0.0,30.18957
D:\DPS 920\DPS920_final_project\IMG\center_2026_08_01_19_51_30_850.jpg,D:\DPS 920\DPS920_final_project\IMG\left_2026_08_01_19_51_30_850.jpg,D:\DPS 920\DPS920_final_project\IMG\right_2026_08_01_19_51_30_850.jpg,-0.1992481,1.0,0.0,30.18953
D:\DPS 920\DPS920_final_project\IMG\center_2026_08_01_19_58_36_032.jpg,D:\DPS 920\DPS920_final_project\IMG\left_2026_08_01_19_58_36_032.jpg,D:\DPS 920\DPS920_final_project\IMG\right_2026_08_01_19_58_36_032.jpg,0.03383459,1.0,0.0,30.19027
D:\DPS 920\DPS920_final_project\IMG\center_2026_08_01_19_54_43_691.jpg,D:\DPS 920\DPS920_final_project\IMG\left_2026_08_01_19_54_43_691.jpg,D:\DPS 920\DPS920_final_project\IMG\right_2026_08_01_19_54_43_691.jpg,-0.07142857,1.0,0.0,30.19042
D:\DPS 920\DPS920_final_project\IMG\center_2026_08_01_20_02_14_620.jpg,D:\DPS 920\DPS920_final_project\IMG\left_2026_08_01_20_02_14_620.jpg,D:\DPS 920\DPS920_final_project\IMG\right_2026_08_01_20_02_14_620.jpg,0.1954887,1.0,0.0,30.18801
D:\DPS 920\DPS920_final_project\IMG\center_2026_08_01_19_59_02_057.jpg,D:\DPS 920\DPS920_final_project\IMG\left_2026_08_01_19_59_02_057.jpg,D:\DPS 920\DPS920_final_project\IMG\right_2026_08_01_19_59_02_057.jpg,0.06015037,1.0,0.0,30.19086
D:\DPS 920\DPS920_final_project\IMG\center_2026_08_01_20_01_09_195.jpg,D:\DPS 920\DPS920_final_project\IMG\left_2026_08_01_20_01_09_195.jpg,D:\DPS 920\DPS920_final_project\IMG\right_2026_08_01_20_01_09_195.jpg,0.03007519,1.0,0.0,30.19017
D:\DPS 920\DPS920_final_project\IMG\center_2026_08_01_19_58_04_327.jpg,D:\DPS 920\DPS920_final_project\IMG\left_2026_08_01_19_58_04_327.jpg,D:\DPS 920\DPS920_final_project\IMG\right_2026_08_01_19_58_04_327.jpg,0.2180451,1.0,0.0,30.189
D:\DPS 920\DPS920_final_project\IMG\center_2026_08_01_19_54_28_144.jpg,D:\DPS 920\DPS920_final_project\IMG\left_2026_08_01_19_54_28_144.jpg,D:\DPS 920\DPS920_final_project\IMG\right_2026_08_01_19_54_28_144.jpg,0.08646616,1.0,0.0,30.19141
D:\DPS 920\DPS920_final_project\IMG\center_2026_08_01_19_57_58_471.jpg,D:\DPS 920\DPS920_final_project\IMG\left_2026_08_01_19_57_58_471.jpg,D:\DPS 920\DPS920_final_project\IMG\right_2026_08_01_19_57_58_471.jpg,0.03007519,1.0,0.0,30.1901
D:\DPS 920\DPS920_final_project\IMG\center_2026_08_01_19_59_27_737.jpg,D:\DPS 920\DPS920_final_project\IMG\left_2026_08_01_19_59_27_737.jpg,D:\DPS 920\DPS920_final_project\IMG\right_2026_08_01_19_59_27_737.jpg,0.2142857,1.0,0.0,30.18909
D:\DPS 920\DPS920_final_project\IMG\center_2026_08_01_20_00_40_141.jpg,D:\DPS 920\DPS920_final_project\IMG\left_2026_08_01_20_00_40_141.jpg,D:\DPS 920\DPS920_final_project\IMG\right_2026_08_01_20_00_40_141.jpg,-0.1390978,1.0,0.0,30.18958
D:\DPS 920\DPS920_final_project\IMG\center_2026_08_01_20_01_45_066.jpg,D:\DPS 920\DPS920_final_project\IMG\left_2026_08_01_20_01_45_066.jpg,D:\DPS 920\DPS920_final_project\IMG\right_2026_08_01_20_01_45_066.jpg,0.03383459,1.0,0.0,30.19024
D:\DPS 920\DPS920_final_project\IMG\center_2026_08_01_19_54_10_076.jpg,D:\DPS 920\DPS920_final_project\IMG\left_2026_08_01_19_54_10_076.jpg,D:\DPS 920\DPS920_final_project\IMG\right_2026_08_01_19_54_10_076.jpg,-0.0112782,1.0,0.0,30.18995
D:\DPS 920\DPS920_final_project\IMG\center_2026_08_01_19_50_57_156.jpg,D:\DPS 920\DPS920_final_project\IMG\left_2026_08_01_19_50_57_156.jpg,D:\DPS 920\DPS920_final_project\IMG\right_2026_08_01_19_50_57_156.jpg,-0.03759398,1.0,0.0,30.19024
D:\DPS 920\DPS920_final_project\IMG\center_2026_08_01_19_54_35_417.jpg,D:\DPS 920\DPS920_final_project\IMG\left_2026_08_01_19_54_35_417.jpg,D:\DPS 920\DPS920_final_project\IMG\right_2026_08_01_19_54_35_417.jpg,-0.1165414,1.0,0.0,30.1897
D:\DPS 920\DPS920_final_project\IMG\center_2026_08_01_19_54_41_770.jpg,D:\DPS 920\DPS920_final_project\IMG\left_2026_08_01_19_54_41_770.jpg,D:\DPS 920\DPS920_final_project\IMG\right_2026_08_01_19_54_41_770.jpg,-0.07518797,1.0,0.0,30.1903
D:\DPS 920\DPS920_final_project\IMG\center_2026_08_01_19_53_11_964.jpg,D:\DPS 920\DPS920_final_project\IMG\left_2026_08_01_19_53_11_964.jpg,D:\DPS 920\DPS920_final_project\IMG\right_2026_08_01_19_53_11_964.jpg,-0.1466165,1.0,0.0,30.18971
D:\DPS 920\DPS920_final_project\IMG\center_2026_08_01_19_52_31_337.jpg,D:\DPS 920\DPS920_final_project\IMG\left_2026_08_01_19_52_31_337.jpg,D:\DPS 920\DPS920_final_project\IMG\right_2026_08_01_19_52_31_337.jpg,-0.1015038,1.0,0.0,30.19043
D:\DPS 920\DPS920_final_project\IMG\center_2026_08_01_19_50_27_529.jpg,D:\DPS 920\DPS920_final_project\IMG\left_2026_08_01_19_50_27_529.jpg,D:\DPS 920\DPS920_final_project\IMG\right_2026_08_01_19_50_27_529.jpg,-0.1353384,1.0,0.0,30.18999
D:\DPS 920\DPS920_final_project\IMG\center_2026_08_01_19_51_28_132.jpg,D:\DPS 920\DPS920_final_project\IMG\left_2026_08_01_19_51_28_132.jpg,D:\DPS 920\DPS920_final_project\IMG\right_2026_08_01_19_51_28_132.jpg,-0.1052632,1.0,0.0,30.18929
D:\DPS 920\DPS920_final_project\IMG\center_2026_08_01_19_59_05_040.jpg,D:\DPS 920\DPS920_final_project\IMG\left_2026_08_01_19_59_05_040.jpg,D:\DPS 920\DPS920_final_project\IMG\right_2026_08_01_19_59_05_040.jpg,0.03007519,1.0,0.0,30.18981
D:\DPS 920\DPS920_final_project\IMG\center_2026_08_01_19_59_06_761.jpg,D:\DPS 920\DPS920_final_project\IMG\left_2026_08_01_19_59_06_761.jpg,D:\DPS 920\DPS920_final_project\IMG\right_2026_08_01_19_59_06_761.jpg,0.2105263,1.0,0.0,30.18682
D:\DPS 920\DPS920_final_project\IMG\center_2026_08_01_19_54_12_207.jpg,D:\DPS 920\DPS920_final_project\IMG\left_2026_08_01_19_54_12_207.jpg,D:\DPS 920\DPS920_final_project\IMG\right_2026_08_01_19_54_12_207.jpg,0.0,1.0,0.0,30.49273
D:\DPS 920\DPS920_final_project\IMG\center_2026_08_01_19_58_31_654.jpg,D:\DPS 920\DPS920_final_project\IMG\left_2026_08_01_19_58_31_654.jpg,D:\DPS 920\DPS920_final_project\IMG\right_2026_08_01_19_58_31_654.jpg,0.06766918,1.0,0.0,30.18986
D:\DPS 920\DPS920_final_project\IMG\center_2026_08_01_19_59_52_562.jpg,D:\DPS 920\DPS920_final_project\IMG\left_2026_08_01_19_59_52_562.jpg,D:\DPS 920\DPS920_final_project\IMG\right_2026_08_01_19_59_52_562.jpg,0.09774436,1.0,0.0,30.19011
D:\DPS 920\DPS920_final_project\IMG\center_2026_08_01_19_51_35_541.jpg,D:\DPS 920\DPS920_final_project\IMG\left_2026_08_01_19_51_35_541.jpg,D:\DPS 920\DPS920_final_project\IMG\right_2026_08_01_19_51_35_541.jpg,0.01503759,1.0,0.0,30.19016
D:\DPS 920\DPS920_final_project\IMG\center_2026_08_01_20_02_10_704.jpg,D:\DPS 920\DPS920_final_project\IMG\left_2026_08_01_20_02_10_704.jpg,D:\DPS 920\DPS920_final_project\IMG\right_2026_08_01_20_02_10_704.jpg,0.04887218,1.0,0.0,30.19006
D:\DPS 920\DPS920_final_project\IMG\center_2026_08_01_19_54_18_632.jpg,D:\DPS 920\DPS920_final_project\IMG\left_2026_08_01_19_54_18_632.jpg,D:\DPS 920\DPS920_final_project\IMG\right_2026_08_01_19_54_18_632.jpg,-0.1390978,1.0,0.0,30.1902
D:\DPS 920\DPS920_final_project\IMG\center_2026_08_01_19_52_51_107.jpg,D:\DPS 920\DPS920_final_project\IMG\left_2026_08_01_19_52_51_107.jpg,D:\DPS 920\DPS920_final_project\IMG\right_2026_08_01_19_52_51_107.jpg,-0.08646616,1.0,0.0,30.18966
D:\DPS 920\DPS920_final_project\IMG\center_2026_08_01_20_02_14_254.jpg,D:\DPS 920\DPS920_final_project\IMG\left_2026_08_01_20_02_14_254.jpg,D:\DPS 920\DPS920_final_project\IMG\right_2026_08_01_20_02_14_254.jpg,0.1879699,1.0,0.0,30.1878
D:\DPS 920\DPS920_final_project\IMG\center_2026_08_01_19_57_40_953.jpg,D:\DPS 920\DPS920_final_project\IMG\left_2026_08_01_19_57_40_953.jpg,D:\DPS 920\DPS920_final_project\IMG\right_2026_08_01_19_57_40_953.jpg,0.04887218,1.0,0.0,30.18987
D:\DPS 920\DPS920_final_project\IMG\center_2026_08_01_19_52_29_942.jpg,D:\DPS 920\DPS920_final_project\IMG\left_2026_08_01_19_52_29_942.jpg,D:\DPS 920\DPS920_final_project\IMG\right_2026_08_01_19_52_29_942.jpg,-0.1052632,1.0,0.0,30.18799
D:\DPS 920\DPS920_final_project\IMG\center_2026_08_01_19_54_42_281.jpg,D:\DPS 920\DPS920_final_project\IMG\left_2026_08_01_19_54_42_281.jpg,D:\DPS 920\DPS920_final_project\IMG\right_2026_08_01_19_54_42_281.jpg,-0.1090226,1.0,0.0,30.18989
D:\DPS 920\DPS920_final_project\IMG\center_2026_08_01_19_53_41_146.jpg,D:\DPS 920\DPS920_final_project\IMG\left_2026_08_01_19_53_41_146.jpg,D:\DPS 920\DPS920_final_project\IMG\right_2026_08_01_19_53_41_146.jpg,-0.03007519,1.0,0.0,30.19027
D:\DPS 920\DPS920_final_project\IMG\center_2026_08_01_19_51_32_595.jpg,D:\DPS 920\DPS920_final_project\IMG\left_2026_08_01_19_51_32_595.jpg,D:\DPS 920\DPS920_final_project\IMG\right_2026_08_01_19_51_32_595.jpg,-0.07894737,1.0,0.0,30.19017
D:\DPS 920\DPS920_final_project\IMG\center_2026_08_01_20_01_51_472.jpg,D:\DPS 920\DPS920_final_project\IMG\left_2026_08_01_20_01_51_472.jpg,D:\DPS 920\DPS920_final_project\IMG\right_2026_08_01_20_01_51_472.jpg,0.06390978,1.0,0.0,30.19024
D:\DPS 920\DPS920_final_project\IMG\center_2026_08_01_19_51_49_684.jpg,D:\DPS 920\DPS920_final_project\IMG\left_2026_08_01_19_51_49_684.jpg,D:\DPS 920\DPS920_final_project\IMG\right_2026_08_01_19_51_49_684.jpg,-0.1503759,1.0,0.0,30.19183
D:\DPS 920\DPS920_final_project\IMG\center_2026_08_01_19_54_21_785.jpg,D:\DPS 920\DPS920_final_project\IMG\left_2026_08_01_19_54_21_785.jpg,D:\DPS 920\DPS920_final_project\IMG\right_2026_08_01_19_54_21_785.jpg,0.03007519,1.0,0.0,30.19035
D:\DPS 920\DPS920_final_project\IMG\center_2026_08_01_19_54_15_743.jpg,D:\DPS 920\DPS920_final_project\IMG\left_2026_08_01_19_54_15_743.jpg,D:\DPS 920\DPS920_final_project\IMG\right_2026_08_01_19_54_15_743.jpg,-0.1954887,1.0,0.0,30.18778
D:\DPS 920\DPS920_final_project\IMG\center_2026_08_01_19_54_15_594.jpg,D:\DPS 920\DPS920_final_project\IMG\left_2026_08_01_19_54_15_594.jpg,D:\DPS 920\DPS920_final_project\IMG\right_2026_08_01_19_54_15_594.jpg,-0.1654135,1.0,0.0,30.18757
D:\DPS 920\DPS920_final_project\IMG\center_2026_08_01_19_57_52_852.jpg,D:\DPS 920\DPS920_final_project\IMG\left_2026_08_01_19_57_52_852.jpg,D:\DPS 920\DPS920_final_project\IMG\right_2026_08_01_19_57_52_852.jpg,-0.1879699,1.0,0.0,30.19055
D:\DPS 920\DPS920_final_project\IMG\center_2026_08_01_19_52_21_443.jpg,D:\DPS 920\DPS920_final_project\IMG\left_2026_08_01_19_52_21_443.jpg,D:\DPS 920\DPS920_final_project\IMG\right_2026_08_01_19_52_21_443.jpg,0.01879699,1.0,0.0,30.19023
D:\DPS 920\DPS920_final_project\IMG\center_2026_08_01_19_52_29_598.jpg,D:\DPS 920\DPS920_final_project\IMG\left_2026_08_01_19_52_29_598.jpg,D:\DPS 920\DPS920_final_project\IMG\right_2026_08_01_19_52_29_598.jpg,-0.1052632,1.0,0.0,30.18985
D:\DPS 920\DPS920_final_project\IMG\center_2026_08_01_19_59_17_146.jpg,D:\DPS 920\DPS920_final_project\IMG\left_2026_08_01_19_59_17_146.jpg,D:\DPS 920\DPS920_final_project\IMG\right_2026_08_01_19_59_17_146.jpg,-0.2631579,1.0,0.0,30.18678
D:\DPS 920\DPS920_final_project\IMG\center_2026_08_01_20_01_17_475.jpg,D:\DPS 920\DPS920_final_project\IMG\left_2026_08_01_20_01_17_475.jpg,D:\DPS 920\DPS920_final_project\IMG\right_2026_08_01_20_01_17_475.jpg,0.07142857,1.0,0.0,30.19013
D:\DPS 920\DPS920_final_project\IMG\center_2026_08_01_19_59_15_933.jpg,D:\DPS 920\DPS920_final_project\IMG\left_2026_08_01_19_59_15_933.jpg,D:\DPS 920\DPS920_final_project\IMG\right_2026_08_01_19_59_15_933.jpg,-0.1090226,1.0,0.0,30.18966
D:\DPS 920\DPS920_final_project\IMG\center_2026_08_01_19_58_10_466.jpg,D:\DPS 920\DPS920_final_project\IMG\left_2026_08_01_19_58_10_466.jpg,D:\DPS 920\DPS920_final_project\IMG\right_2026_08_01_19_58_10_466.jpg,0.04135338,1.0,0.0,30.19037
D:\DPS 920\DPS920_final_project\IMG\center_2026_08_01_19_52_52_681.jpg,D:\DPS 920\DPS920_final_project\IMG\left_2026_08_01_19_52_52_681.jpg,D:\DPS 920\DPS920_final_project\IMG\right_2026_08_01_19_52_52_681.jpg,-0.1766917,1.0,0.0,30.18758
D:\DPS 920\DPS920_final_project\IMG\center_2026_08_01_19_51_51_623.jpg,D:\DPS 920\DPS920_final_project\IMG\left_2026_08_01_19_51_51_623.jpg,D:\DPS 920\DPS920_final_project\IMG\right_2026_08_01_19_51_51_623.jpg,-0.1428571,1.0,0.0,30.19017
D:\DPS 920\DPS920_final_project\IMG\center_2026_08_01_19_53_16_585.jpg,D:\DPS 920\DPS920_final_project\IMG\left_2026_08_01_19_53_16_585.jpg,D:\DPS 920\DPS920_final_project\IMG\right_2026_08_01_19_53_16_585.jpg,-0.09022556,1.0,0.0,30.19027
D:\DPS 920\DPS920_final_project\IMG\center_2026_08_01_19_53_14_932.jpg,D:\DPS 920\DPS920_final_project\IMG\left_2026_08_01_19_53_14_932.jpg,D:\DPS 920\DPS920_final_project\IMG\right_2026_08_01_19_53_14_932.jpg,-0.1428571,1.0,0.0,30.19006
D:\DPS 920\DPS920_final_project\IMG\center_2026_08_01_19_50_29_312.jpg,D:\DPS 920\DPS920_final_project\IMG\left_2026_08_01_19_50_29_312.jpg,D:\DPS 920\DPS920_final_project\IMG\right_2026_08_01_19_50_29_312.jpg,-0.01503759,1.0,0.0,30.19024
D:\DPS 920\DPS920_final_project\IMG\center_2026_08_01_20_01_55_134.jpg,D:\DPS 920\DPS920_final_project\IMG\left_2026_08_01_20_01_55_134.jpg,D:\DPS 920\DPS920_final_project\IMG\right_2026_08_01_20_01_55_134.jpg,0.1654135,1.0,0.0,30.18924
D:\DPS 920\DPS920_final_project\IMG\center_2026_08_01_19_58_30_697.jpg,D:\DPS 920\DPS920_final_project\IMG\left_2026_08_01_19_58_30_697.jpg,D:\DPS 920\DPS920_final_project\IMG\right_2026_08_01_19_58_30_697.jpg,0.08270676,1.0,0.0,30.1905
D:\DPS 920\DPS920_final_project\IMG\center_2026_08_01_19_58_23_857.jpg,D:\DPS 920\DPS920_final_project\IMG\left_2026_08_01_19_58_23_857.jpg,D:\DPS 920\DPS920_final_project\IMG\right_2026_08_01_19_58_23_857.jpg,0.05263158,1.0,0.0,30.19016
D:\DPS 920\DPS920_final_project\IMG\center_2026_08_01_19_58_36_103.jpg,D:\DPS 920\DPS920_final_project\IMG\left_2026_08_01_19_58_36_103.jpg,D:\DPS 920\DPS920_final_project\IMG\right_2026_08_01_19_58_36_103.jpg,0.03383459,1.0,0.0,30.19029
D:\DPS 920\DPS920_final_project\IMG\center_2026_08_01_19_51_48_908.jpg,D:\DPS 920\DPS920_final_project\IMG\left_2026_08_01_19_51_48_908.jpg,D:\DPS 920\DPS920_final_project\IMG\right_2026_08_01_19_51_48_908.jpg,-0.1954887,1.0,0.0,30.18936
D:\DPS 920\DPS920_final_project\IMG\center_2026_08_01_19_57_50_962.jpg,D:\DPS 920\DPS920_final_project\IMG\left_2026_08_01_19_57_50_962.jpg,D:\DPS 920\DPS920_final_project\IMG\right_2026_08_01_19_57_50_962.jpg,0.06766918,1.0,0.0,30.18998
D:\DPS 920\DPS920_final_project\IMG\center_2026_08_01_20_02_05_553.jpg,D:\DPS 920\DPS920_final_project\IMG\left_2026_08_01_20_02_05_553.jpg,D:\DPS 920\DPS920_final_project\IMG\right_2026_08_01_20_02_05_553.jpg,-0.04887218,1.0,0.0,30.19094
D:\DPS 920\DPS920_final_project\IMG\center_2026_08_01_19_58_04_691.jpg,D:\DPS 920\DPS920_final_project\IMG\left_2026_08_01_19_58_04_691.jpg,D:\DPS 920\DPS920_final_project\IMG\right_2026_08_01_19_58_04_691.jpg,0.1804511,1.0,0.0,30.19156
D:\DPS 920\DPS920_final_project\IMG\center_2026_08_01_19_54_37_361.jpg,D:\DPS 920\DPS920_final_project\IMG\left_2026_08_01_19_54_37_361.jpg,D:\DPS 920\DPS920_final_project\IMG\right_2026_08_01_19_54_37_361.jpg,-0.1578947,1.0,0.0,30.18991
D:\DPS 920\DPS920_final_project\IMG\center_2026_08_01_19_54_27_642.jpg,D:\DPS 920\DPS920_final_project\IMG\left_2026_08_01_19_54_27_642.jpg,D:\DPS 920\DPS920_final_project\IMG\right_2026_08_01_19_54_27_642.jpg,0.2593985,1.0,0.0,30.19061
D:\DPS 920\DPS920_final_project\IMG\center_2026_08_01_19_51_44_126.jpg,D:\DPS 920\DPS920_final_project\IMG\left_2026_08_01_19_51_44_126.jpg,D:\DPS 920\DPS920_final_project\IMG\right_2026_08_01_19_51_44_126.jpg,0.03759398,1.0,0.0,30.19014
D:\DPS 920\DPS920_final_project\IMG\center_2026_08_01_19_53_21_354.jpg,D:\DPS 920\DPS920_final_project\IMG\left_2026_08_01_19_53_21_354.jpg,D:\DPS 920\DPS920_final_project\IMG\right_2026_08_01_19_53_21_354.jpg,-0.07142857,1.0,0.0,30.19028
D:\DPS 920\DPS920_final_project\IMG\center_2026_08_01_19_59_26_464.jpg,D:\DPS 920\DPS920_final_project\IMG\left_2026_08_01_19_59_26_464.jpg,D:\DPS 920\DPS920_final_project\IMG\right_2026_08_01_19_59_26_464.jpg,0.1503759,1.0,0.0,30.189
D:\DPS 920\DPS920_final_project\IMG\center_2026_08_01_19_57_55_802.jpg,D:\DPS 920\DPS920_final_project\IMG\left_2026_08_01_19_57_55_802.jpg,D:\DPS 920\DPS920_final_project\IMG\right_2026_08_01_19_57_55_802.jpg,-0.09022556,1.0,0.0,30.19122
D:\DPS 920\DPS920_final_project\IMG\center_2026_08_01_19_53_05_830.jpg,D:\DPS 920\DPS920_final_project\IMG\left_2026_08_01_19_53_05_830.jpg,D:\DPS 920\DPS920_final_project\IMG\right_2026_08_01_19_53_05_830.jpg,0.09022556,1.0,0.0,30.19007
D:\DPS 920\DPS920_final_project\IMG\center_2026_08_01_19_52_35_990.jpg,D:\DPS 920\DPS920_final_project\IMG\left_2026_08_01_19_52_35_990.jpg,D:\DPS 920\DPS920_final_project\IMG\right_2026_08_01_19_52_35_990.jpg,-0.03007519,1.0,0.0,30.19027
D:\DPS 920\DPS920_final_project\IMG\center_2026_08_01_19_50_31_717.jpg,D:\DPS 920\DPS920_final_project\IMG\left_2026_08_01_19_50_31_717.jpg,D:\DPS 920\DPS920_final_project\IMG\right_2026_08_01_19_50_31_717.jpg,-0.04887218,1.0,0.0,30.19024
D:\DPS 920\DPS920_final_project\IMG\center_2026_08_01_19_59_03_902.jpg,D:\DPS 920\DPS920_final_project\IMG\left_2026_08_01_19_59_03_902.jpg,D:\DPS 920\DPS920_final_project\IMG\right_2026_08_01_19_59_03_902.jpg,0.131579,1.0,0.0,30.18934
D:\DPS 920\DPS920_final_project\IMG\center_2026_08_01_19_51_36_261.jpg,D:\DPS 920\DPS920_final_project\IMG\left_2026_08_01_19_51_36_261.jpg,D:\DPS 920\DPS920_final_project\IMG\right_2026_08_01_19_51_36_261.jpg,0.02255639,1.0,0.0,30.19028
D:\DPS 920\DPS920_final_project\IMG\center_2026_08_01_19_57_52_185.jpg,D:\DPS 920\DPS920_final_project\IMG\left_2026_08_01_19_57_52_185.jpg,D:\DPS 920\DPS920_final_project\IMG\right_2026_08_01_19_57_52_185.jpg,-0.1278196,1.0,0.0,30.18809
D:\DPS 920\DPS920_final_project\IMG\center_2026_08_01_19_57_51_191.jpg,D:\DPS 920\DPS920_final_project\IMG\left_2026_08_01_19_57_51_191.jpg,D:\DPS 920\DPS920_final_project\IMG\right_2026_08_01_19_57_51_191.jpg,0.06390978,1.0,0.0,30.19016
D:\DPS 920\DPS920_final_project\IMG\center_2026_08_01_19_51_48_840.jpg,D:\DPS 920\DPS920_final_project\IMG\left_2026_08_01_19_51_48_840.jpg,D:\DPS 920\DPS920_final_project\IMG\right_2026_08_01_19_51_48_840.jpg,-0.1954887,1.0,0.0,30.18928
D:\DPS 920\DPS920_final_project\IMG\center_2026_08_01_19_52_31_767.jpg,D:\DPS 920\DPS920_final_project\IMG\left_2026_08_01_19_52_31_767.jpg,D:\DPS 920\DPS920_final_project\IMG\right_2026_08_01_19_52_31_767.jpg,-0.1015038,1.0,0.0,30.19043
D:\DPS 920\DPS920_final_project\IMG\center_2026_08_01_20_01_56_077.jpg,D:\DPS 920\DPS920_final_project\IMG\left_2026_08_01_20_01_56_077.jpg,D:\DPS 920\DPS920_final_project\IMG\right_2026_08_01_20_01_56_077.jpg,0.1879699,1.0,0.0,30.18968
D:\DPS 920\DPS920_final_project\IMG\center_2026_08_01_19_58_01_738.jpg,D:\DPS 920\DPS920_final_project\IMG\left_2026_08_01_19_58_01_738.jpg,D:\DPS 920\DPS920_final_project\IMG\right_2026_08_01_19_58_01_738.jpg,0.09022556,1.0,0.0,30.18998
D:\DPS 920\DPS920_final_project\IMG\center_2026_08_01_19_51_25_659.jpg,D:\DPS 920\DPS920_final_project\IMG\left_2026_08_01_19_51_25_659.jpg,D:\DPS 920\DPS920_final_project\IMG\right_2026_08_01_19_51_25_659.jpg,-0.03759398,1.0,0.0,30.19022
D:\DPS 920\DPS920_final_project\IMG\center_2026_08_01_19_50_52_121.jpg,D:\DPS 920\DPS920_final_project\IMG\left_2026_08_01_19_50_52_121.jpg,D:\DPS 920\DPS920_final_project\IMG\right_2026_08_01_19_50_52_121.jpg,-0.01503759,1.0,0.0,30.19031
D:\DPS 920\DPS920_final_project\IMG\center_2026_08_01_19_57_56_813.jpg,D:\DPS 920\DPS920_final_project\IMG\left_2026_08_01_19_57_56_813.jpg,D:\DPS 920\DPS920_final_project\IMG\right_2026_08_01_19_57_56_813.jpg,-0.04511278,1.0,0.0,30.19057
D:\DPS 920\DPS920_final_project\IMG\center_2026_08_01_19_52_22_159.jpg,D:\DPS 920\DPS920_final_project\IMG\left_2026_08_01_19_52_22_159.jpg,D:\DPS 920\DPS920_final_project\IMG\right_2026_08_01_19_52_22_159.jpg,-0.09398497,1.0,0.0,30.18991
D:\DPS 920\DPS920_final_project\IMG\center_2026_08_01_19_59_29_274.jpg,D:\DPS 920\DPS920_final_project\IMG\left_2026_08_01_19_59_29_274.jpg,D:\DPS 920\DPS920_final_project\IMG\right_2026_08_01_19_59_29_274.jpg,0.112782,1.0,0.0,30.19095
D:\DPS 920\DPS920_final_project\IMG\center_2026_08_01_19_52_39_692.jpg,D:\DPS 920\DPS920_final_project\IMG\left_2026_08_01_19_52_39_692.jpg,D:\DPS 920\DPS920_final_project\IMG\right_2026_08_01_19_52_39_692.jpg,-0.007518797,1.0,0.0,30.19033
D:\DPS 920\DPS920_final_project\IMG\center_2026_08_01_19_59_29_135.jpg,D:\DPS 920\DPS920_final_project\IMG\left_2026_08_01_19_59_29_135.jpg,D:\DPS 920\DPS920_final_project\IMG\right_2026_08_01_19_59_29_135.jpg,0.1541353,1.0,0.0,30.19065
D:\DPS 920\DPS920_final_project\IMG\center_2026_08_01_19_51_49_904.jpg,D:\DPS 920\DPS920_final_project\IMG\left_2026_08_01_19_51_49_904.jpg,D:\DPS 920\DPS920_final_project\IMG\right_2026_08_01_19_51_49_904.jpg,-0.1541353,1.0,0.0,30.18967
D:\DPS 920\DPS920_final_project\IMG\center_2026_08_01_19_51_48_215.jpg,D:\DPS 920\DPS920_final_project\IMG\left_2026_08_01_19_51_48_215.jpg,D:\DPS 920\DPS920_final_project\IMG\right_2026_08_01_19_51_48_215.jpg,-0.1240602,1.0,0.0,30.18969
D:\DPS 920\DPS920_final_project\IMG\center_2026_08_01_19_52_14_277.jpg,D:\DPS 920\DPS920_final_project\IMG\left_2026_08_01_19_52_14_277.jpg,D:\DPS 920\DPS920_final_project\IMG\right_2026_08_01_19_52_14_277.jpg,-0.01879699,1.0,0.0,30.19029
D:\DPS 920\DPS920_final_project\IMG\center_2026_08_01_19_53_01_735.jpg,D:\DPS 920\DPS920_final_project\IMG\left_2026_08_01_19_53_01_735.jpg,D:\DPS 920\DPS920_final_project\IMG\right_2026_08_01_19_53_01_735.jpg,0.07142857,1.0,0.0,30.19049
D:\DPS 920\DPS920_final_project\IMG\center_2026_08_01_19_59_18_286.jpg,D:\DPS 920\DPS920_final_project\IMG\left_2026_08_01_19_59_18_286.jpg,D:\DPS 920\DPS920_final_project\IMG\right_2026_08_01_19_59_18_286.jpg,-0.1954887,1.0,0.0,30.18953
D:\DPS 920\DPS920_final_project\IMG\center_2026_08_01_20_02_18_286.jpg,D:\DPS 920\DPS920_final_project\IMG\left_2026_08_01_20_02_18_286.jpg,D:\DPS 920\DPS920_final_project\IMG\right_2026_08_01_20_02_18_286.jpg,0.04135338,1.0,0.0,30.19026
D:\DPS 920\DPS920_final_project\IMG\center_2026_08_01_19_52_51_810.jpg,D:\DPS 920\DPS920_final_project\IMG\left_2026_08_01_19_52_51_810.jpg,D:\DPS 920\DPS920_final_project\IMG\right_2026_08_01_19_52_51_810.jpg,-0.1954887,1.0,0.0,30.18882
D:\DPS 920\DPS920_final_project\IMG\center_2026_08_01_19_54_36_878.jpg,D:\DPS 920\DPS920_final_project\IMG\left_2026_08_01_19_54_36_878.jpg,D:\DPS 920\DPS920_final_project\IMG\right_2026_08_01_19_54_36_878.jpg,-0.1578947,1.0,0.0,30.19201
D:\DPS 920\DPS920_final_project\IMG\center_2026_08_01_20_00_51_282.jpg,D:\DPS 920\DPS920_final_project\IMG\left_2026_08_01_20_00_51_282.jpg,D:\DPS 920\DPS920_final_project\IMG\right_2026_08_01_20_00_51_282.jpg,0.1992481,1.0,0.0,30.19047
D:\DPS 920\DPS920_final_project\IMG\center_2026_08_01_19_50_26_824.jpg,D:\DPS 920\DPS920_final_project\IMG\left_2026_08_01_19_50_26_824.jpg,D:\DPS 920\DPS920_final_project\IMG\right_2026_08_01_19_50_26_824.jpg,-0.2180451,1.0,0.0,24.14237
D:\DPS 920\DPS920_final_project\IMG\center_2026_08_01_19_51_06_618.jpg,D:\DPS 920\DPS920_final_project\IMG\left_2026_08_01_19_51_06_618.jpg,D:\DPS 920\DPS920_final_project\IMG\right_2026_08_01_19_51_06_618.jpg,-0.09398497,1.0,0.0,30.19003
D:\DPS 920\DPS920_final_project\IMG\center_2026_08_01_19_57_57_845.jpg,D:\DPS 920\DPS920_final_project\IMG\left_2026_08_01_19_57_57_845.jpg,D:\DPS 920\DPS920_final_project\IMG\right_2026_08_01_19_57_57_845.jpg,-0.04511278,1.0,0.0,30.1898
D:\DPS 920\DPS920_final_project\IMG\center_2026_08_01_19_59_03_834.jpg,D:\DPS 920\DPS920_final_project\IMG\left_2026_08_01_19_59_03_834.jpg,D:\DPS 920\DPS920_final_project\IMG\right_2026_08_01_19_59_03_834.jpg,0.1203007,1.0,0.0,30.18929
D:\DPS 920\DPS920_final_project\IMG\center_2026_08_01_19_59_08_619.jpg,D:\DPS 920\DPS920_final_project\IMG\left_2026_08_01_19_59_08_619.jpg,D:\DPS 920\DPS920_final_project\IMG\right_2026_08_01_19_59_08_619.jpg,0.09774436,1.0,0.0,30.18971
D:\DPS 920\DPS920_final_project\IMG\center_2026_08_01_19_52_33_521.jpg,D:\DPS 920\DPS920_final_project\IMG\left_2026_08_01_19_52_33_521.jpg,D:\DPS 920\DPS920_final_project\IMG\right_2026_08_01_19_52_33_521.jpg,-0.07894737,1.0,0.0,30.18993
D:\DPS 920\DPS920_final_project\IMG\center_2026_08_01_20_01_47_962.jpg,D:\DPS 920\DPS920_final_project\IMG\left_2026_08_01_20_01_47_962.jpg,D:\DPS 920\DPS920_final_project\IMG\right_2026_08_01_20_01_47_962.jpg,0.05639098,1.0,0.0,30.19035
D:\DPS 920\DPS920_final_project\IMG\center_2026_08_01_19_57_44_876.jpg,D:\DPS 920\DPS920_final_project\IMG\left_2026_08_01_19_57_44_876.jpg,D:\DPS 920\DPS920_final_project\IMG\right_2026_08_01_19_57_44_876.jpg,0.1729323,1.0,0.0,30.19082
D:\DPS 920\DPS920_final_project\IMG\center_2026_08_01_20_02_01_087.jpg,D:\DPS 920\DPS920_final_project\IMG\left_2026_08_01_20_02_01_087.jpg,D:\DPS 920\DPS920_final_project\IMG\right_2026_08_01_20_02_01_087.jpg,-0.1015038,1.0,0.0,30.19011
D:\DPS 920\DPS920_final_project\IMG\center_2026_08_01_19_59_28_507.jpg,D:\DPS 920\DPS920_final_project\IMG\left_2026_08_01_19_59_28_507.jpg,D:\DPS 920\DPS920_final_project\IMG\right_2026_08_01_19_59_28_507.jpg,0.2142857,1.0,0.0,30.18935
D:\DPS 920\DPS920_final_project\IMG\center_2026_08_01_19_51_30_224.jpg,D:\DPS 920\DPS920_final_project\IMG\left_2026_08_01_19_51_30_224.jpg,D:\DPS 920\DPS920_final_project\IMG\right_2026_08_01_19_51_30_224.jpg,-0.1992481,1.0,0.0,30.18986
D:\DPS 920\DPS920_final_project\IMG\center_2026_08_01_19_51_51_039.jpg,D:\DPS 920\DPS920_final_project\IMG\left_2026_08_01_19_51_51_039.jpg,D:\DPS 920\DPS920_final_project\IMG\right_2026_08_01_19_51_51_039.jpg,-0.1691729,1.0,0.0,30.1897
D:\DPS 920\DPS920_final_project\IMG\center_2026_08_01_20_00_31_873.jpg,D:\DPS 920\DPS920_final_project\IMG\left_2026_08_01_20_00_31_873.jpg,D:\DPS 920\DPS920_final_project\IMG\right_2026_08_01_20_00_31_873.jpg,0.2030075,1.0,0.0,30.18982
D:\DPS 920\DPS920_final_project\IMG\center_2026_08_01_19_52_51_459.jpg,D:\DPS 920\DPS920_final_project\IMG\left_2026_08_01_19_52_51_459.jpg,D:\DPS 920\DPS920_final_project\IMG\right_2026_08_01_19_52_51_459.jpg,-0.1466165,1.0,0.0,30.18801
D:\DPS 920\DPS920_final_project\IMG\center_2026_08_01_19_53_02_154.jpg,D:\DPS 920\DPS920_final_project\IMG\left_2026_08_01_19_53_02_154.jpg,D:\DPS 920\DPS920_final_project\IMG\right_2026_08_01_19_53_02_154.jpg,0.131579,1.0,0.0,30.18872
D:\DPS 920\DPS920_final_project\IMG\center_2026_08_01_20_02_14_897.jpg,D:\DPS 920\DPS920_final_project\IMG\left_2026_08_01_20_02_14_897.jpg,D:\DPS 920\DPS920_final_project\IMG\right_2026_08_01_20_02_14_897.jpg,0.2218045,1.0,0.0,30.18893
D:\DPS 920\DPS920_final_project\IMG\center_2026_08_01_19_50_33_254.jpg,D:\DPS 920\DPS920_final_project\IMG\left_2026_08_01_19_50_33_254.jpg,D:\DPS 920\DPS920_final_project\IMG\right_2026_08_01_19_50_33_254.jpg,-0.06766918,1.0,0.0,30.19023
D:\DPS 920\DPS920_final_project\IMG\center_2026_08_01_20_01_58_340.jpg,D:\DPS 920\DPS920_final_project\IMG\left_2026_08_01_20_01_58_340.jpg,D:\DPS 920\DPS920_final_project\IMG\right_2026_08_01_20_01_58_340.jpg,0.03383459,1.0,0.0,30.19027
D:\DPS 920\DPS920_final_project\IMG\center_2026_08_01_19_54_14_944.jpg,D:\DPS 920\DPS920_final_project\IMG\left_2026_08_01_19_54_14_944.jpg,D:\DPS 920\DPS920_final_project\IMG\right_2026_08_01_19_54_14_944.jpg,-0.07142857,1.0,0.0,30.19014
D:\DPS 920\DPS920_final_project\IMG\center_2026_08_01_19_51_05_305.jpg,D:\DPS 920\DPS920_final_project\IMG\left_2026_08_01_19_51_05_305.jpg,D:\DPS 920\DPS920_final_project\IMG\right_2026_08_01_19_51_05_305.jpg,-0.09398497,1.0,0.0,30.19012
D:\DPS 920\DPS920_final_project\IMG\center_2026_08_01_19_58_25_269.jpg,D:\DPS 920\DPS920_final_project\IMG\left_2026_08_01_19_58_25_269.jpg,D:\DPS 920\DPS920_final_project\IMG\right_2026_08_01_19_58_25_269.jpg,0.09398497,1.0,0.0,30.18992
D:\DPS 920\DPS920_final_project\IMG\center_2026_08_01_19_51_24_042.jpg,D:\DPS 920\DPS920_final_project\IMG\left_2026_08_01_19_51_24_042.jpg,D:\DPS 920\DPS920_final_project\IMG\right_2026_08_01_19_51_24_042.jpg,-0.0112782,1.0,0.0,30.19
D:\DPS 920\DPS920_final_project\IMG\center_2026_08_01_20_00_32_745.jpg,D:\DPS 920\DPS920_final_project\IMG\left_2026_08_01_20_00_32_745.jpg,D:\DPS 920\DPS920_final_project\IMG\right_2026_08_01_20_00_32_745.jpg,0.1466165,1.0,0.0,30.19068
D:\DPS 920\DPS920_final_project\IMG\center_2026_08_01_20_02_08_229.jpg,D:\DPS 920\DPS920_final_project\IMG\left_2026_08_01_20_02_08_229.jpg,D:\DPS 920\DPS920_final_project\IMG\right_2026_08_01_20_02_08_229.jpg,-0.06390978,1.0,0.0,30.19019
D:\DPS 920\DPS920_final_project\IMG\center_2026_08_01_19_57_59_457.jpg,D:\DPS 920\DPS920_final_project\IMG\left_2026_08_01_19_57_59_457.jpg,D:\DPS 920\DPS920_final_project\IMG\right_2026_08_01_19_57_59_457.jpg,0.03007519,1.0,0.0,30.19027
D:\DPS 920\DPS920_final_project\IMG\center_2026_08_01_19_51_39_252.jpg,D:\DPS 920\DPS920_final_project\IMG\left_2026_08_01_19_51_39_252.jpg,D:\DPS 920\DPS920_final_project\IMG\right_2026_08_01_19_51_39_252.jpg,0.3533835,1.0,0.0,30.18461
D:\DPS 920\DPS920_final_project\IMG\center_2026_08_01_19_50_34_296.jpg,D:\DPS 920\DPS920_final_project\IMG\left_2026_08_01_19_50_34_296.jpg,D:\DPS 920\DPS920_final_project\IMG\right_2026_08_01_19_50_34_296.jpg,-0.06766918,1.0,0.0,30.1902
D:\DPS 920\DPS920_final_project\IMG\center_2026_08_01_19_52_20_773.jpg,D:\DPS 920\DPS920_final_project\IMG\left_2026_08_01_19_52_20_773.jpg,D:\DPS 920\DPS920_final_project\IMG\right_2026_08_01_19_52_20_773.jpg,-0.04135338,1.0,0.0,30.19025
D:\DPS 920\DPS920_final_project\IMG\center_2026_08_01_20_01_15_733.jpg,D:\DPS 920\DPS920_final_project\IMG\left_2026_08_01_20_01_15_733.jpg,D:\DPS 920\DPS920_final_project\IMG\right_2026_08_01_20_01_15_733.jpg,0.1165414,1.0,0.0,30.18992
D:\DPS 920\DPS920_final_project\IMG\center_2026_08_01_19_50_48_056.jpg,D:\DPS 920\DPS920_final_project\IMG\left_2026_08_01_19_50_48_056.jpg,D:\DPS 920\DPS920_final_project\IMG\right_2026_08_01_19_50_48_056.jpg,-0.01503759,1.0,0.0,30.19029
D:\DPS 920\DPS920_final_project\IMG\center_2026_08_01_19_59_02_557.jpg,D:\DPS 920\DPS920_final_project\IMG\left_2026_08_01_19_59_02_557.jpg,D:\DPS 920\DPS920_final_project\IMG\right_2026_08_01_19_59_02_557.jpg,0.07518797,1.0,0.0,30.19011
D:\DPS 920\DPS920_final_project\IMG\center_2026_08_01_20_01_57_093.jpg,D:\DPS 920\DPS920_final_project\IMG\left_2026_08_01_20_01_57_093.jpg,D:\DPS 920\DPS920_final_project\IMG\right_2026_08_01_20_01_57_093.jpg,0.0,1.0,0.0,30.19009
D:\DPS 920\DPS920_final_project\IMG\center_2026_08_01_19_54_16_090.jpg,D:\DPS 920\DPS920_final_project\IMG\left_2026_08_01_19_54_16_090.jpg,D:\DPS 920\DPS920_final_project\IMG\right_2026_08_01_19_54_16_090.jpg,-0.2330827,1.0,0.0,30.1891
D:\DPS 920\DPS920_final_project\IMG\center_2026_08_01_19_58_58_284.jpg,D:\DPS 920\DPS920_final_project\IMG\left_2026_08_01_19_58_58_284.jpg,D:\DPS 920\DPS920_final_project\IMG\right_2026_08_01_19_58_58_284.jpg,0.06766918,1.0,0.0,30.19011
D:\DPS 920\DPS920_final_project\IMG\center_2026_08_01_19_54_37_293.jpg,D:\DPS 920\DPS920_final_project\IMG\left_2026_08_01_19_54_37_293.jpg,D:\DPS 920\DPS920_final_project\IMG\right_2026_08_01_19_54_37_293.jpg,-0.1578947,1.0,0.0,30.18893
D:\DPS 920\DPS920_final_project\IMG\center_2026_08_01_19_53_11_821.jpg,D:\DPS 920\DPS920_final_project\IMG\left_2026_08_01_19_53_11_821.jpg,D:\DPS 920\DPS920_final_project\IMG\right_2026_08_01_19_53_11_821.jpg,-0.1428571,1.0,0.0,30.1897
D:\DPS 920\DPS920_final_project\IMG\center_2026_08_01_20_00_39_216.jpg,D:\DPS 920\DPS920_final_project\IMG\left_2026_08_01_20_00_39_216.jpg,D:\DPS 920\DPS920_final_project\IMG\right_2026_08_01_20_00_39_216.jpg,-0.07894737,1.0,0.0,30.19012
D:\DPS 920\DPS920_final_project\IMG\center_2026_08_01_19_52_54_535.jpg,D:\DPS 920\DPS920_final_project\IMG\left_2026_08_01_19_52_54_535.jpg,D:\DPS 920\DPS920_final_project\IMG\right_2026_08_01_19_52_54_535.jpg,-0.1992481,1.0,0.0,30.19038
D:\DPS 920\DPS920_final_project\IMG\center_2026_08_01_19_57_42_746.jpg,D:\DPS 920\DPS920_final_project\IMG\left_2026_08_01_19_57_42_746.jpg,D:\DPS 920\DPS920_final_project\IMG\right_2026_08_01_19_57_42_746.jpg,0.09398497,1.0,0.0,30.19034
D:\DPS 920\DPS920_final_project\IMG\center_2026_08_01_19_51_50_892.jpg,D:\DPS 920\DPS920_final_project\IMG\left_2026_08_01_19_51_50_892.jpg,D:\DPS 920\DPS920_final_project\IMG\right_2026_08_01_19_51_50_892.jpg,-0.1691729,1.0,0.0,30.18969
D:\DPS 920\DPS920_final_project\IMG\center_2026_08_01_19_57_37_280.jpg,D:\DPS 920\DPS920_final_project\IMG\left_2026_08_01_19_57_37_280.jpg,D:\DPS 920\DPS920_final_project\IMG\right_2026_08_01_19_57_37_280.jpg,0.2067669,1.0,0.0,23.97443
D:\DPS 920\DPS920_final_project\IMG\center_2026_08_01_19_53_55_854.jpg,D:\DPS 920\DPS920_final_project\IMG\left_2026_08_01_19_53_55_854.jpg,D:\DPS 920\DPS920_final_project\IMG\right_2026_08_01_19_53_55_854.jpg,-0.07894737,1.0,0.0,30.18998
D:\DPS 920\DPS920_final_project\IMG\center_2026_08_01_19_47_04_130.jpg,D:\DPS 920\DPS920_final_project\IMG\left_2026_08_01_19_47_04_130.jpg,D:\DPS 920\DPS920_final_project\IMG\right_2026_08_01_19_47_04_130.jpg,-0.131579,1.0,0.0,5.876385
D:\DPS 920\DPS920_final_project\IMG\center_2026_08_01_19_52_20_060.jpg,D:\DPS 920\DPS920_final_project\IMG\left_2026_08_01_19_52_20_060.jpg,D:\DPS 920\DPS920_final_project\IMG\right_2026_08_01_19_52_20_060.jpg,-0.03759398,1.0,0.0,30.19026
D:\DPS 920\DPS920_final_project\IMG\center_2026_08_01_19_54_28_285.jpg,D:\DPS 920\DPS920_final_project\IMG\left_2026_08_01_19_54_28_285.jpg,D:\DPS 920\DPS920_final_project\IMG\right_2026_08_01_19_54_28_285.jpg,0.08646616,1.0,0.0,30.1911
D:\DPS 920\DPS920_final_project\IMG\center_2026_08_01_19_54_40_118.jpg,D:\DPS 920\DPS920_final_project\IMG\left_2026_08_01_19_54_40_118.jpg,D:\DPS 920\DPS920_final_project\IMG\right_2026_08_01_19_54_40_118.jpg,-0.05263158,1.0,0.0,30.19018
D:\DPS 920\DPS920_final_project\IMG\center_2026_08_01_20_01_58_183.jpg,D:\DPS 920\DPS920_final_project\IMG\left_2026_08_01_20_01_58_183.jpg,D:\DPS 920\DPS920_final_project\IMG\right_2026_08_01_20_01_58_183.jpg,0.03383459,1.0,0.0,30.19029
D:\DPS 920\DPS920_final_project\IMG\center_2026_08_01_19_54_17_258.jpg,D:\DPS 920\DPS920_final_project\IMG\left_2026_08_01_19_54_17_258.jpg,D:\DPS 920\DPS920_final_project\IMG\right_2026_08_01_19_54_17_258.jpg,-0.1428571,1.0,0.0,30.19066
D:\DPS 920\DPS920_final_project\IMG\center_2026_08_01_20_01_06_914.jpg,D:\DPS 920\DPS920_final_project\IMG\left_2026_08_01_20_01_06_914.jpg,D:\DPS 920\DPS920_final_project\IMG\right_2026_08_01_20_01_06_914.jpg,0.0,1.0,0.0,30.1903
D:\DPS 920\DPS920_final_project\IMG\center_2026_08_01_19_57_43_608.jpg,D:\DPS 920\DPS920_final_project\IMG\left_2026_08_01_19_57_43_608.jpg,D:\DPS 920\DPS920_final_project\IMG\right_2026_08_01_19_57_43_608.jpg,0.1691729,1.0,0.0,30.18931
D:\DPS 920\DPS920_final_project\IMG\center_2026_08_01_19_51_28_933.jpg,D:\DPS 920\DPS920_final_project\IMG\left_2026_08_01_19_51_28_933.jpg,D:\DPS 920\DPS920_final_project\IMG\right_2026_08_01_19_51_28_933.jpg,-0.1992481,1.0,0.0,30.18948
D:\DPS 920\DPS920_final_project\IMG\center_2026_08_01_19_59_03_766.jpg,D:\DPS 920\DPS920_final_project\IMG\left_2026_08_01_19_59_03_766.jpg,D:\DPS 920\DPS920_final_project\IMG\right_2026_08_01_19_59_03_766.jpg,0.1203007,1.0,0.0,30.18946
D:\DPS 920\DPS920_final_project\IMG\center_2026_08_01_20_01_28_752.jpg,D:\DPS 920\DPS920_final_project\IMG\left_2026_08_01_20_01_28_752.jpg,D:\DPS 920\DPS920_final_project\IMG\right_2026_08_01_20_01_28_752.jpg,0.0112782,1.0,0.0,30.19028
D:\DPS 920\DPS920_final_project\IMG\center_2026_08_01_19_51_05_727.jpg,D:\DPS 920\DPS920_final_project\IMG\left_2026_08_01_19_51_05_727.jpg,D:\DPS 920\DPS920_final_project\IMG\right_2026_08_01_19_51_05_727.jpg,-0.09398497,1.0,0.0,30.18849
D:\DPS 920\DPS920_final_project\IMG\center_2026_08_01_19_57_54_979.jpg,D:\DPS 920\DPS920_final_project\IMG\left_2026_08_01_19_57_54_979.jpg,D:\DPS 920\DPS920_final_project\IMG\right_2026_08_01_19_57_54_979.jpg,-0.1390978,1.0,0.0,30.19082
D:\DPS 920\DPS920_final_project\IMG\center_2026_08_01_19_53_33_101.jpg,D:\DPS 920\DPS920_final_project\IMG\left_2026_08_01_19_53_33_101.jpg,D:\DPS 920\DPS920_final_project\IMG\right_2026_08_01_19_53_33_101.jpg,-0.01503759,1.0,0.0,30.1903
D:\DPS 920\DPS920_final_project\IMG\center_2026_08_01_19_47_05_692.jpg,D:\DPS 920\DPS920_final_project\IMG\left_2026_08_01_19_47_05_692.jpg,D:\DPS 920\DPS920_final_project\IMG\right_2026_08_01_19_47_05_692.jpg,-0.02631579,1.0,0.0,18.95464
D:\DPS 920\DPS920_final_project\IMG\center_2026_08_01_19_50_41_025.jpg,D:\DPS 920\DPS920_final_project\IMG\left_2026_08_01_19_50_41_025.jpg,D:\DPS 920\DPS920_final_project\IMG\right_2026_08_01_19_50_41_025.jpg,-0.04135338,1.0,0.0,30.19026
D:\DPS 920\DPS920_final_project\IMG\center_2026_08_01_19_58_27_149.jpg,D:\DPS 920\DPS920_final_project\IMG\left_2026_08_01_19_58_27_149.jpg,D:\DPS 920\DPS920_final_project\IMG\right_2026_08_01_19_58_27_149.jpg,0.1428571,1.0,0.0,30.18928
D:\DPS 920\DPS920_final_project\IMG\center_2026_08_01_19_51_05_236.jpg,D:\DPS 920\DPS920_final_project\IMG\left_2026_08_01_19_51_05_236.jpg,D:\DPS 920\DPS920_final_project\IMG\right_2026_08_01_19_51_05_236.jpg,-0.09398497,1.0,0.0,30.19009
D:\DPS 920\DPS920_final_project\IMG\center_2026_08_01_20_00_30_611.jpg,D:\DPS 920\DPS920_final_project\IMG\left_2026_08_01_20_00_30_611.jpg,D:\DPS 920\DPS920_final_project\IMG\right_2026_08_01_20_00_30_611.jpg,0.1616541,1.0,0.0,30.18887
D:\DPS 920\DPS920_final_project\IMG\center_2026_08_01_19_51_23_284.jpg,D:\DPS 920\DPS920_final_project\IMG\left_2026_08_01_19_51_23_284.jpg,D:\DPS 920\DPS920_final_project\IMG\right_2026_08_01_19_51_23_284.jpg,-0.003759398,1.0,0.0,30.18999
D:\DPS 920\DPS920_final_project\IMG\center_2026_08_01_20_00_29_957.jpg,D:\DPS 920\DPS920_final_project\IMG\left_2026_08_01_20_00_29_957.jpg,D:\DPS 920\DPS920_final_project\IMG\right_2026_08_01_20_00_29_957.jpg,0.1278196,1.0,0.0,30.18968
D:\DPS 920\DPS920_final_project\IMG\center_2026_08_01_19_58_05_041.jpg,D:\DPS 920\DPS920_final_project\IMG\left_2026_08_01_19_58_05_041.jpg,D:\DPS 920\DPS920_final_project\IMG\right_2026_08_01_19_58_05_041.jpg,0.1278196,1.0,0.0,30.19154
D:\DPS 920\DPS920_final_project\IMG\center_2026_08_01_19_57_48_313.jpg,D:\DPS 920\DPS920_final_project\IMG\left_2026_08_01_19_57_48_313.jpg,D:\DPS 920\DPS920_final_project\IMG\right_2026_08_01_19_57_48_313.jpg,0.06015037,1.0,0.0,30.19022
D:\DPS 920\DPS920_final_project\IMG\center_2026_08_01_19_57_41_390.jpg,D:\DPS 920\DPS920_final_project\IMG\left_2026_08_01_19_57_41_390.jpg,D:\DPS 920\DPS920_final_project\IMG\right_2026_08_01_19_57_41_390.jpg,0.1052632,1.0,0.0,30.18976
D:\DPS 920\DPS920_final_project\IMG\center_2026_08_01_19_52_11_988.jpg,D:\DPS 920\DPS920_final_project\IMG\left_2026_08_01_19_52_11_988.jpg,D:\DPS 920\DPS920_final_project\IMG\right_2026_08_01_19_52_11_988.jpg,-0.003759398,1.0,0.0,30.19031
D:\DPS 920\DPS920_final_project\IMG\center_2026_08_01_19_52_30_778.jpg,D:\DPS 920\DPS920_final_project\IMG\left_2026_08_01_19_52_30_778.jpg,D:\DPS 920\DPS920_final_project\IMG\right_2026_08_01_19_52_30_778.jpg,-0.1015038,1.0,0.0,30.18979
D:\DPS 920\DPS920_final_project\IMG\center_2026_08_01_19_57_44_740.jpg,D:\DPS 920\DPS920_final_project\IMG\left_2026_08_01_19_57_44_740.jpg,D:\DPS 920\DPS920_final_project\IMG\right_2026_08_01_19_57_44_740.jpg,0.1842105,1.0,0.0,30.1907
D:\DPS 920\DPS920_final_project\IMG\center_2026_08_01_20_01_53_590.jpg,D:\DPS 920\DPS920_final_project\IMG\left_2026_08_01_20_01_53_590.jpg,D:\DPS 920\DPS920_final_project\IMG\right_2026_08_01_20_01_53_590.jpg,0.1428571,1.0,0.0,30.19006
D:\DPS 920\DPS920_final_project\IMG\center_2026_08_01_19_57_49_903.jpg,D:\DPS 920\DPS920_final_project\IMG\left_2026_08_01_19_57_49_903.jpg,D:\DPS 920\DPS920_final_project\IMG\right_2026_08_01_19_57_49_903.jpg,-0.01879699,1.0,0.0,30.1904
D:\DPS 920\DPS920_final_project\IMG\center_2026_08_01_19_59_16_505.jpg,D:\DPS 920\DPS920_final_project\IMG\left_2026_08_01_19_59_16_505.jpg,D:\DPS 920\DPS920_final_project\IMG\right_2026_08_01_19_59_16_505.jpg,-0.1503759,1.0,0.0,30.18887
D:\DPS 920\DPS920_final_project\IMG\center_2026_08_01_19_54_15_945.jpg,D:\DPS 920\DPS920_final_project\IMG\left_2026_08_01_19_54_15_945.jpg,D:\DPS 920\DPS920_final_project\IMG\right_2026_08_01_19_54_15_945.jpg,-0.2293233,1.0,0.0,30.18557
D:\DPS 920\DPS920_final_project\IMG\center_2026_08_01_19_51_37_907.jpg,D:\DPS 920\DPS920_final_project\IMG\left_2026_08_01_19_51_37_907.jpg,D:\DPS 920\DPS920_final_project\IMG\right_2026_08_01_19_51_37_907.jpg,0.05639098,1.0,0.0,30.18985
D:\DPS 920\DPS920_final_project\IMG\center_2026_08_01_19_51_56_551.jpg,D:\DPS 920\DPS920_final_project\IMG\left_2026_08_01_19_51_56_551.jpg,D:\DPS 920\DPS920_final_project\IMG\right_2026_08_01_19_51_56_551.jpg,-0.07518797,1.0,0.0,30.19014
D:\DPS 920\DPS920_final_project\IMG\center_2026_08_01_19_54_18_855.jpg,D:\DPS 920\DPS920_final_project\IMG\left_2026_08_01_19_54_18_855.jpg,D:\DPS 920\DPS920_final_project\IMG\right_2026_08_01_19_54_18_855.jpg,-0.1390978,1.0,0.0,30.18996
D:\DPS 920\DPS920_final_project\IMG\center_2026_08_01_19_50_41_254.jpg,D:\DPS 920\DPS920_final_project\IMG\left_2026_08_01_19_50_41_254.jpg,D:\DPS 920\DPS920_final_project\IMG\right_2026_08_01_19_50_41_254.jpg,-0.04135338,1.0,0.0,30.19026
D:\DPS 920\DPS920_final_project\IMG\center_2026_08_01_20_01_37_183.jpg,D:\DPS 920\DPS920_final_project\IMG\left_2026_08_01_20_01_37_183.jpg,D:\DPS 920\DPS920_final_project\IMG\right_2026_08_01_20_01_37_183.jpg,0.007518797,1.0,0.0,30.1903
D:\DPS 920\DPS920_final_project\IMG\center_2026_08_01_20_02_00_156.jpg,D:\DPS 920\DPS920_final_project\IMG\left_2026_08_01_20_02_00_156.jpg,D:\DPS 920\DPS920_final_project\IMG\right_2026_08_01_20_02_00_156.jpg,0.05263158,1.0,0.0,30.19027
D:\DPS 920\DPS920_final_project\IMG\center_2026_08_01_19_58_50_653.jpg,D:\DPS 920\DPS920_final_project\IMG\left_2026_08_01_19_58_50_653.jpg,D:\DPS 920\DPS920_final_project\IMG\right_2026_08_01_19_58_50_653.jpg,0.03007519,1.0,0.0,30.19031
D:\DPS 920\DPS920_final_project\IMG\center_2026_08_01_20_02_17_709.jpg,D:\DPS 920\DPS920_final_project\IMG\left_2026_08_01_20_02_17_709.jpg,D:\DPS 920\DPS920_final_project\IMG\right_2026_08_01_20_02_17_709.jpg,0.01879699,1.0,0.0,30.19029
D:\DPS 920\DPS920_final_project\IMG\center_2026_08_01_20_01_56_006.jpg,D:\DPS 920\DPS920_final_project\IMG\left_2026_08_01_20_01_56_006.jpg,D:\DPS 920\DPS920_final_project\IMG\right_2026_08_01_20_01_56_006.jpg,0.1917293,1.0,0.0,30.18943
D:\DPS 920\DPS920_final_project\IMG\center_2026_08_01_20_00_31_192.jpg,D:\DPS 920\DPS920_final_project\IMG\left_2026_08_01_20_00_31_192.jpg,D:\DPS 920\DPS920_final_project\IMG\right_2026_08_01_20_00_31_192.jpg,0.2180451,1.0,0.0,30.18944
D:\DPS 920\DPS920_final_project\IMG\center_2026_08_01_20_01_49_497.jpg,D:\DPS 920\DPS920_final_project\IMG\left_2026_08_01_20_01_49_497.jpg,D:\DPS 920\DPS920_final_project\IMG\right_2026_08_01_20_01_49_497.jpg,0.07142857,1.0,0.0,30.18973
D:\DPS 920\DPS920_final_project\IMG\center_2026_08_01_19_50_59_086.jpg,D:\DPS 920\DPS920_final_project\IMG\left_2026_08_01_19_50_59_086.jpg,D:\DPS 920\DPS920_final_project\IMG\right_2026_08_01_19_50_59_086.jpg,-0.03759398,1.0,0.0,30.19024
D:\DPS 920\DPS920_final_project\IMG\center_2026_08_01_19_52_53_936.jpg,D:\DPS 920\DPS920_final_project\IMG\left_2026_08_01_19_52_53_936.jpg,D:\DPS 920\DPS920_final_project\IMG\right_2026_08_01_19_52_53_936.jpg,-0.1992481,1.0,0.0,30.18785
D:\DPS 920\DPS920_final_project\IMG\center_2026_08_01_19_52_26_794.jpg,D:\DPS 920\DPS920_final_project\IMG\left_2026_08_01_19_52_26_794.jpg,D:\DPS 920\DPS920_final_project\IMG\right_2026_08_01_19_52_26_794.jpg,-0.05639098,1.0,0.0,30.19023
D:\DPS 920\DPS920_final_project\IMG\center_2026_08_01_19_57_58_676.jpg,D:\DPS 920\DPS920_final_project\IMG\left_2026_08_01_19_57_58_676.jpg,D:\DPS 920\DPS920_final_project\IMG\right_2026_08_01_19_57_58_676.jpg,0.03007519,1.0,0.0,30.19021
D:\DPS 920\DPS920_final_project\IMG\center_2026_08_01_19_59_06_907.jpg,D:\DPS 920\DPS920_final_project\IMG\left_2026_08_01_19_59_06_907.jpg,D:\DPS 920\DPS920_final_project\IMG\right_2026_08_01_19_59_06_907.jpg,0.2894737,1.0,0.0,30.18373
D:\DPS 920\DPS920_final_project\IMG\center_2026_08_01_19_52_59_889.jpg,D:\DPS 920\DPS920_final_project\IMG\left_2026_08_01_19_52_59_889.jpg,D:\DPS 920\DPS920_final_project\IMG\right_2026_08_01_19_52_59_889.jpg,0.07142857,1.0,0.0,30.19016
D:\DPS 920\DPS920_final_project\IMG\center_2026_08_01_20_02_13_327.jpg,D:\DPS 920\DPS920_final_project\IMG\left_2026_08_01_20_02_13_327.jpg,D:\DPS 920\DPS920_final_project\IMG\right_2026_08_01_20_02_13_327.jpg,0.1766917,1.0,0.0,30.18871
D:\DPS 920\DPS920_final_project\IMG\center_2026_08_01_19_59_09_169.jpg,D:\DPS 920\DPS920_final_project\IMG\left_2026_08_01_19_59_09_169.jpg,D:\DPS 920\DPS920_final_project\IMG\right_2026_08_01_19_59_09_169.jpg,0.09774436,1.0,0.0,30.19015
D:\DPS 920\DPS920_final_project\IMG\center_2026_08_01_20_02_17_146.jpg,D:\DPS 920\DPS920_final_project\IMG\left_2026_08_01_20_02_17_146.jpg,D:\DPS 920\DPS920_final_project\IMG\right_2026_08_01_20_02_17_146.jpg,0.007518797,1.0,0.0,30.1902
D:\DPS 920\DPS920_final_project\IMG\center_2026_08_01_19_59_06_618.jpg,D:\DPS 920\DPS920_final_project\IMG\left_2026_08_01_19_59_06_618.jpg,D:\DPS 920\DPS920_final_project\IMG\right_2026_08_01_19_59_06_618.jpg,0.1578947,1.0,0.0,30.18909
D:\DPS 920\DPS920_final_project\IMG\center_2026_08_01_19_59_04_250.jpg,D:\DPS 920\DPS920_final_project\IMG\left_2026_08_01_19_59_04_250.jpg,D:\DPS 920\DPS920_final_project\IMG\right_2026_08_01_19_59_04_250.jpg,0.1353384,1.0,0.0,30.18986
D:\DPS 920\DPS920_final_project\IMG\center_2026_08_01_20_02_13_114.jpg,D:\DPS 920\DPS920_final_project\IMG\left_2026_08_01_20_02_13_114.jpg,D:\DPS 920\DPS920_final_project\IMG\right_2026_08_01_20_02_13_114.jpg,0.1541353,1.0,0.0,30.18873
D:\DPS 920\DPS920_final_project\IMG\center_2026_08_01_19_54_38_500.jpg,D:\DPS 920\DPS920_final_project\IMG\left_2026_08_01_19_54_38_500.jpg,D:\DPS 920\DPS920_final_project\IMG\right_2026_08_01_19_54_38_500.jpg,-0.1917293,1.0,0.0,30.18963
D:\DPS 920\DPS920_final_project\IMG\center_2026_08_01_19_51_32_830.jpg,D:\DPS 920\DPS920_final_project\IMG\left_2026_08_01_19_51_32_830.jpg,D:\DPS 920\DPS920_final_project\IMG\right_2026_08_01_19_51_32_830.jpg,-0.07894737,1.0,0.0,30.19012
D:\DPS 920\DPS920_final_project\IMG\center_2026_08_01_20_00_19_440.jpg,D:\DPS 920\DPS920_final_project\IMG\left_2026_08_01_20_00_19_440.jpg,D:\DPS 920\DPS920_final_project\IMG\right_2026_08_01_20_00_19_440.jpg,0.03383459,1.0,0.0,30.19049
D:\DPS 920\DPS920_final_project\IMG\center_2026_08_01_19_59_05_460.jpg,D:\DPS 920\DPS920_final_project\IMG\left_2026_08_01_19_59_05_460.jpg,D:\DPS 920\DPS920_final_project\IMG\right_2026_08_01_19_59_05_460.jpg,0.06390978,1.0,0.0,30.19065
D:\DPS 920\DPS920_final_project\IMG\center_2026_08_01_20_00_33_038.jpg,D:\DPS 920\DPS920_final_project\IMG\left_2026_08_01_20_00_33_038.jpg,D:\DPS 920\DPS920_final_project\IMG\right_2026_08_01_20_00_33_038.jpg,0.1090226,1.0,0.0,30.19047
D:\DPS 920\DPS920_final_project\IMG\center_2026_08_01_19_58_07_465.jpg,D:\DPS 920\DPS920_final_project\IMG\left_2026_08_01_19_58_07_465.jpg,D:\DPS 920\DPS920_final_project\IMG\right_2026_08_01_19_58_07_465.jpg,-0.01879699,1.0,0.0,30.1901
D:\DPS 920\DPS920_final_project\IMG\center_2026_08_01_19_51_49_044.jpg,D:\DPS 920\DPS920_final_project\IMG\left_2026_08_01_19_51_49_044.jpg,D:\DPS 920\DPS920_final_project\IMG\right_2026_08_01_19_51_49_044.jpg,-0.1954887,1.0,0.0,30.18942
D:\DPS 920\DPS920_final_project\IMG\center_2026_08_01_19_52_19_620.jpg,D:\DPS 920\DPS920_final_project\IMG\left_2026_08_01_19_52_19_620.jpg,D:\DPS 920\DPS920_final_project\IMG\right_2026_08_01_19_52_19_620.jpg,-0.03007519,1.0,0.0,30.19027
D:\DPS 920\DPS920_final_project\IMG\center_2026_08_01_20_01_47_891.jpg,D:\DPS 920\DPS920_final_project\IMG\left_2026_08_01_20_01_47_891.jpg,D:\DPS 920\DPS920_final_project\IMG\right_2026_08_01_20_01_47_891.jpg,0.06015037,1.0,0.0,30.19037
D:\DPS 920\DPS920_final_project\IMG\center_2026_08_01_19_51_48_077.jpg,D:\DPS 920\DPS920_final_project\IMG\left_2026_08_01_19_51_48_077.jpg,D:\DPS 920\DPS920_final_project\IMG\right_2026_08_01_19_51_48_077.jpg,-0.1203007,1.0,0.0,30.18953
D:\DPS 920\DPS920_final_project\IMG\center_2026_08_01_19_59_16_004.jpg,D:\DPS 920\DPS920_final_project\IMG\left_2026_08_01_19_59_16_004.jpg,D:\DPS 920\DPS920_final_project\IMG\right_2026_08_01_19_59_16_004.jpg,-0.1090226,1.0,0.0,30.19021
D:\DPS 920\DPS920_final_project\IMG\center_2026_08_01_20_01_51_909.jpg,D:\DPS 920\DPS920_final_project\IMG\left_2026_08_01_20_01_51_909.jpg,D:\DPS 920\DPS920_final_project\IMG\right_2026_08_01_20_01_51_909.jpg,0.08646616,1.0,0.0,30.1902
D:\DPS 920\DPS920_final_project\IMG\center_2026_08_01_19_57_58_127.jpg,D:\DPS 920\DPS920_final_project\IMG\left_2026_08_01_19_57_58_127.jpg,D:\DPS 920\DPS920_final_project\IMG\right_2026_08_01_19_57_58_127.jpg,-0.04511278,1.0,0.0,30.19022
D:\DPS 920\DPS920_final_project\IMG\center_2026_08_01_20_00_15_018.jpg,D:\DPS 920\DPS920_final_project\IMG\left_2026_08_01_20_00_15_018.jpg,D:\DPS 920\DPS920_final_project\IMG\right_2026_08_01_20_00_15_018.jpg,0.02255639,1.0,0.0,30.19027
D:\DPS 920\DPS920_final_project\IMG\center_2026_08_01_19_57_59_971.jpg,D:\DPS 920\DPS920_final_project\IMG\left_2026_08_01_19_57_59_971.jpg,D:\DPS 920\DPS920_final_project\IMG\right_2026_08_01_19_57_59_971.jpg,0.0112782,1.0,0.0,30.18995
D:\DPS 920\DPS920_final_project\IMG\center_2026_08_01_19_58_02_803.jpg,D:\DPS 920\DPS920_final_project\IMG\left_2026_08_01_19_58_02_803.jpg,D:\DPS 920\DPS920_final_project\IMG\right_2026_08_01_19_58_02_803.jpg,0.2030075,1.0,0.0,30.18841
D:\DPS 920\DPS920_final_project\IMG\center_2026_08_01_19_50_59_154.jpg,D:\DPS 920\DPS920_final_project\IMG\left_2026_08_01_19_50_59_154.jpg,D:\DPS 920\DPS920_final_project\IMG\right_2026_08_01_19_50_59_154.jpg,-0.03759398,1.0,0.0,30.19027
D:\DPS 920\DPS920_final_project\IMG\center_2026_08_01_19_58_04_181.jpg,D:\DPS 920\DPS920_final_project\IMG\left_2026_08_01_19_58_04_181.jpg,D:\DPS 920\DPS920_final_project\IMG\right_2026_08_01_19_58_04_181.jpg,0.2180451,1.0,0.0,30.19084
D:\DPS 920\DPS920_final_project\IMG\center_2026_08_01_19_51_30_149.jpg,D:\DPS 920\DPS920_final_project\IMG\left_2026_08_01_19_51_30_149.jpg,D:\DPS 920\DPS920_final_project\IMG\right_2026_08_01_19_51_30_149.jpg,-0.1992481,1.0,0.0,30.19045
D:\DPS 920\DPS920_final_project\IMG\center_2026_08_01_19_54_26_855.jpg,D:\DPS 920\DPS920_final_project\IMG\left_2026_08_01_19_54_26_855.jpg,D:\DPS 920\DPS920_final_project\IMG\right_2026_08_01_19_54_26_855.jpg,0.1917293,1.0,0.0,30.19284
D:\DPS 920\DPS920_final_project\IMG\center_2026_08_01_19_52_19_245.jpg,D:\DPS 920\DPS920_final_project\IMG\left_2026_08_01_19_52_19_245.jpg,D:\DPS 920\DPS920_final_project\IMG\right_2026_08_01_19_52_19_245.jpg,-0.01879699,1.0,0.0,30.19029
D:\DPS 920\DPS920_final_project\IMG\center_2026_08_01_19_52_29_317.jpg,D:\DPS 920\DPS920_final_project\IMG\left_2026_08_01_19_52_29_317.jpg,D:\DPS 920\DPS920_final_project\IMG\right_2026_08_01_19_52_29_317.jpg,-0.1052632,1.0,0.0,30.19047
D:\DPS 920\DPS920_final_project\IMG\center_2026_08_01_19_59_58_586.jpg,D:\DPS 920\DPS920_final_project\IMG\left_2026_08_01_19_59_58_586.jpg,D:\DPS 920\DPS920_final_project\IMG\right_2026_08_01_19_59_58_586.jpg,0.01503759,1.0,0.0,30.19026
D:\DPS 920\DPS920_final_project\IMG\center_2026_08_01_19_51_07_520.jpg,D:\DPS 920\DPS920_final_project\IMG\left_2026_08_01_19_51_07_520.jpg,D:\DPS 920\DPS920_final_project\IMG\right_2026_08_01_19_51_07_520.jpg,-0.112782,1.0,0.0,30.18855
D:\DPS 920\DPS920_final_project\IMG\center_2026_08_01_19_51_46_528.jpg,D:\DPS 920\DPS920_final_project\IMG\left_2026_08_01_19_51_46_528.jpg,D:\DPS 920\DPS920_final_project\IMG\right_2026_08_01_19_51_46_528.jpg,-0.06015037,1.0,0.0,30.1902
D:\DPS 920\DPS920_final_project\IMG\center_2026_08_01_19_59_17_433.jpg,D:\DPS 920\DPS920_final_project\IMG\left_2026_08_01_19_59_17_433.jpg,D:\DPS 920\DPS920_final_project\IMG\right_2026_08_01_19_59_17_433.jpg,-0.2744361,1.0,0.0,30.18905
D:\DPS 920\DPS920_final_project\IMG\center_2026_08_01_19_58_50_444.jpg,D:\DPS 920\DPS920_final_project\IMG\left_2026_08_01_19_58_50_444.jpg,D:\DPS 920\DPS920_final_project\IMG\right_2026_08_01_19_58_50_444.jpg,0.03007519,1.0,0.0,30.19022
D:\DPS 920\DPS920_final_project\IMG\center_2026_08_01_19_58_10_329.jpg,D:\DPS 920\DPS920_final_project\IMG\left_2026_08_01_19_58_10_329.jpg,D:\DPS 920\DPS920_final_project\IMG\right_2026_08_01_19_58_10_329.jpg,0.02631579,1.0,0.0,30.19042
D:\DPS 920\DPS920_final_project\IMG\center_2026_08_01_19_51_31_735.jpg,D:\DPS 920\DPS920_final_project\IMG\left_2026_08_01_19_51_31_735.jpg,D:\DPS 920\DPS920_final_project\IMG\right_2026_08_01_19_51_31_735.jpg,-0.07518797,1.0,0.0,30.19035
D:\DPS 920\DPS920_final_project\IMG\center_2026_08_01_20_00_42_564.jpg,D:\DPS 920\DPS920_final_project\IMG\left_2026_08_01_20_00_42_564.jpg,D:\DPS 920\DPS920_final_project\IMG\right_2026_08_01_20_00_42_564.jpg,-0.1954887,1.0,0.0,30.19143
D:\DPS 920\DPS920_final_project\IMG\center_2026_08_01_19_59_46_593.jpg,D:\DPS 920\DPS920_final_project\IMG\left_2026_08_01_19_59_46_593.jpg,D:\DPS 920\DPS920_final_project\IMG\right_2026_08_01_19_59_46_593.jpg,0.04135338,1.0,0.0,30.19025
D:\DPS 920\DPS920_final_project\IMG\center_2026_08_01_19_51_48_355.jpg,D:\DPS 920\DPS920_final_project\IMG\left_2026_08_01_19_51_48_355.jpg,D:\DPS 920\DPS920_final_project\IMG\right_2026_08_01_19_51_48_355.jpg,-0.1616541,1.0,0.0,30.18849
D:\DPS 920\DPS920_final_project\IMG\center_2026_08_01_20_02_04_124.jpg,D:\DPS 920\DPS920_final_project\IMG\left_2026_08_01_20_02_04_124.jpg,D:\DPS 920\DPS920_final_project\IMG\right_2026_08_01_20_02_04_124.jpg,-0.1578947,1.0,0.0,30.18833
D:\DPS 920\DPS920_final_project\IMG\center_2026_08_01_20_00_30_991.jpg,D:\DPS 920\DPS920_final_project\IMG\left_2026_08_01_20_00_30_991.jpg,D:\DPS 920\DPS920_final_project\IMG\right_2026_08_01_20_00_30_991.jpg,0.2180451,1.0,0.0,30.18845
D:\DPS 920\DPS920_final_project\IMG\center_2026_08_01_19_59_43_915.jpg,D:\DPS 920\DPS920_final_project\IMG\left_2026_08_01_19_59_43_915.jpg,D:\DPS 920\DPS920_final_project\IMG\right_2026_08_01_19_59_43_915.jpg,0.03007519,1.0,0.0,30.19025
D:\DPS 920\DPS920_final_project\IMG\center_2026_08_01_19_52_28_195.jpg,D:\DPS 920\DPS920_final_project\IMG\left_2026_08_01_19_52_28_195.jpg,D:\DPS 920\DPS920_final_project\IMG\right_2026_08_01_19_52_28_195.jpg,-0.06766918,1.0,0.0,30.19002
D:\DPS 920\DPS920_final_project\IMG\center_2026_08_01_20_01_19_034.jpg,D:\DPS 920\DPS920_final_project\IMG\left_2026_08_01_20_01_19_034.jpg,D:\DPS 920\DPS920_final_project\IMG\right_2026_08_01_20_01_19_034.jpg,0.04511278,1.0,0.0,30.1902
D:\DPS 920\DPS920_final_project\IMG\center_2026_08_01_20_00_26_208.jpg,D:\DPS 920\DPS920_final_project\IMG\left_2026_08_01_20_00_26_208.jpg,D:\DPS 920\DPS920_final_project\IMG\right_2026_08_01_20_00_26_208.jpg,0.1052632,1.0,0.0,30.18954
D:\DPS 920\DPS920_final_project\IMG\center_2026_08_01_19_59_16_157.jpg,D:\DPS 920\DPS920_final_project\IMG\left_2026_08_01_19_59_16_157.jpg,D:\DPS 920\DPS920_final_project\IMG\right_2026_08_01_19_59_16_157.jpg,-0.112782,1.0,0.0,30.18874
D:\DPS 920\DPS920_final_project\IMG\center_2026_08_01_19_54_29_941.jpg,D:\DPS 920\DPS920_final_project\IMG\left_2026_08_01_19_54_29_941.jpg,D:\DPS 920\DPS920_final_project\IMG\right_2026_08_01_19_54_29_941.jpg,-0.003759398,1.0,0.0,30.19056
D:\DPS 920\DPS920_final_project\IMG\center_2026_08_01_19_50_47_981.jpg,D:\DPS 920\DPS920_final_project\IMG\left_2026_08_01_19_50_47_981.jpg,D:\DPS 920\DPS920_final_project\IMG\right_2026_08_01_19_50_47_981.jpg,-0.01503759,1.0,0.0,30.19027
D:\DPS 920\DPS920_final_project\IMG\center_2026_08_01_19_57_44_198.jpg,D:\DPS 920\DPS920_final_project\IMG\left_2026_08_01_19_57_44_198.jpg,D:\DPS 920\DPS920_final_project\IMG\right_2026_08_01_19_57_44_198.jpg,0.2330827,1.0,0.0,30.18831
D:\DPS 920\DPS920_final_project\IMG\center_2026_08_01_19_53_48_656.jpg,D:\DPS 920\DPS920_final_project\IMG\left_2026_08_01_19_53_48_656.jpg,D:\DPS 920\DPS920_final_project\IMG\right_2026_08_01_19_53_48_656.jpg,-0.05263158,1.0,0.0,30.19023
D:\DPS 920\DPS920_final_project\IMG\center_2026_08_01_19_51_39_038.jpg,D:\DPS 920\DPS920_final_project\IMG\left_2026_08_01_19_51_39_038.jpg,D:\DPS 920\DPS920_final_project\IMG\right_2026_08_01_19_51_39_038.jpg,0.3496241,1.0,0.0,30.1854
D:\DPS 920\DPS920_final_project\IMG\center_2026_08_01_19_59_03_970.jpg,D:\DPS 920\DPS920_final_project\IMG\left_2026_08_01_19_59_03_970.jpg,D:\DPS 920\DPS920_final_project\IMG\right_2026_08_01_19_59_03_970.jpg,0.1353384,1.0,0.0,30.18945
D:\DPS 920\DPS920_final_project\IMG\center_2026_08_01_19_57_52_638.jpg,D:\DPS 920\DPS920_final_project\IMG\left_2026_08_01_19_57_52_638.jpg,D:\DPS 920\DPS920_final_project\IMG\right_2026_08_01_19_57_52_638.jpg,-0.2330827,1.0,0.0,30.18634
D:\DPS 920\DPS920_final_project\IMG\center_2026_08_01_19_57_47_160.jpg,D:\DPS 920\DPS920_final_project\IMG\left_2026_08_01_19_57_47_160.jpg,D:\DPS 920\DPS920_final_project\IMG\right_2026_08_01_19_57_47_160.jpg,0.09022556,1.0,0.0,30.18992
D:\DPS 920\DPS920_final_project\IMG\center_2026_08_01_19_52_44_057.jpg,D:\DPS 920\DPS920_final_project\IMG\left_2026_08_01_19_52_44_057.jpg,D:\DPS 920\DPS920_final_project\IMG\right_2026_08_01_19_52_44_057.jpg,0.0112782,1.0,0.0,30.18991
D:\DPS 920\DPS920_final_project\IMG\center_2026_08_01_19_53_40_182.jpg,D:\DPS 920\DPS920_final_project\IMG\left_2026_08_01_19_53_40_182.jpg,D:\DPS 920\DPS920_final_project\IMG\right_2026_08_01_19_53_40_182.jpg,-0.01879699,1.0,0.0,30.19028
D:\DPS 920\DPS920_final_project\IMG\center_2026_08_01_19_51_40_614.jpg,D:\DPS 920\DPS920_final_project\IMG\left_2026_08_01_19_51_40_614.jpg,D:\DPS 920\DPS920_final_project\IMG\right_2026_08_01_19_51_40_614.jpg,0.1654135,1.0,0.0,30.18797
D:\DPS 920\DPS920_final_project\IMG\center_2026_08_01_19_57_37_071.jpg,D:\DPS 920\DPS920_final_project\IMG\left_2026_08_01_19_57_37_071.jpg,D:\DPS 920\DPS920_final_project\IMG\right_2026_08_01_19_57_37_071.jpg,0.1428571,1.0,0.0,22.04572
D:\DPS 920\DPS920_final_project\IMG\center_2026_08_01_19_54_32_177.jpg,D:\DPS 920\DPS920_final_project\IMG\left_2026_08_01_19_54_32_177.jpg,D:\DPS 920\DPS920_final_project\IMG\right_2026_08_01_19_54_32_177.jpg,-0.03007519,1.0,0.0,30.19026
D:\DPS 920\DPS920_final_project\IMG\center_2026_08_01_19_59_58_152.jpg,D:\DPS 920\DPS920_final_project\IMG\left_2026_08_01_19_59_58_152.jpg,D:\DPS 920\DPS920_final_project\IMG\right_2026_08_01_19_59_58_152.jpg,0.03759398,1.0,0.0,30.19025
D:\DPS 920\DPS920_final_project\IMG\center_2026_08_01_19_58_46_915.jpg,D:\DPS 920\DPS920_final_project\IMG\left_2026_08_01_19_58_46_915.jpg,D:\DPS 920\DPS920_final_project\IMG\right_2026_08_01_19_58_46_915.jpg,0.07142857,1.0,0.0,30.1901
D:\DPS 920\DPS920_final_project\IMG\center_2026_08_01_20_02_22_898.jpg,D:\DPS 920\DPS920_final_project\IMG\left_2026_08_01_20_02_22_898.jpg,D:\DPS 920\DPS920_final_project\IMG\right_2026_08_01_20_02_22_898.jpg,0.0,1.0,0.0,30.19062
D:\DPS 920\DPS920_final_project\IMG\center_2026_08_01_19_57_44_354.jpg,D:\DPS 920\DPS920_final_project\IMG\left_2026_08_01_19_57_44_354.jpg,D:\DPS 920\DPS920_final_project\IMG\right_2026_08_01_19_57_44_354.jpg,0.2368421,1.0,0.0,30.18993
D:\DPS 920\DPS920_final_project\IMG\center_2026_08_01_19_57_50_738.jpg,D:\DPS 920\DPS920_final_project\IMG\left_2026_08_01_19_57_50_738.jpg,D:\DPS 920\DPS920_final_project\IMG\right_2026_08_01_19_57_50_738.jpg,0.06390978,1.0,0.0,30.18955
D:\DPS 920\DPS920_final_project\IMG\center_2026_08_01_19_59_27_460.jpg,D:\DPS 920\DPS920_final_project\IMG\left_2026_08_01_19_59_27_460.jpg,D:\DPS 920\DPS920_final_project\IMG\right_2026_08_01_19_59_27_460.jpg,0.2142857,1.0,0.0,30.18917
D:\DPS 920\DPS920_final_project\IMG\center_2026_08_01_19_50_59_785.jpg,D:\DPS 920\DPS920_final_project\IMG\left_2026_08_01_19_50_59_785.jpg,D:\DPS 920\DPS920_final_project\IMG\right_2026_08_01_19_50_59_785.jpg,-0.04511278,1.0,0.0,30.19023
D:\DPS 920\DPS920_final_project\IMG\center_2026_08_01_19_58_54_485.jpg,D:\DPS 920\DPS920_final_project\IMG\left_2026_08_01_19_58_54_485.jpg,D:\DPS 920\DPS920_final_project\IMG\right_2026_08_01_19_58_54_485.jpg,0.06015037,1.0,0.0,30.18997
D:\DPS 920\DPS920_final_project\IMG\center_2026_08_01_19_58_01_953.jpg,D:\DPS 920\DPS920_final_project\IMG\left_2026_08_01_19_58_01_953.jpg,D:\DPS 920\DPS920_final_project\IMG\right_2026_08_01_19_58_01_953.jpg,0.131579,1.0,0.0,30.18914
D:\DPS 920\DPS920_final_project\IMG\center_2026_08_01_19_53_04_279.jpg,D:\DPS 920\DPS920_final_project\IMG\left_2026_08_01_19_53_04_279.jpg,D:\DPS 920\DPS920_final_project\IMG\right_2026_08_01_19_53_04_279.jpg,0.1992481,1.0,0.0,30.18775
D:\DPS 920\DPS920_final_project\IMG\center_2026_08_01_19_52_43_262.jpg,D:\DPS 920\DPS920_final_project\IMG\left_2026_08_01_19_52_43_262.jpg,D:\DPS 920\DPS920_final_project\IMG\right_2026_08_01_19_52_43_262.jpg,-0.05639098,1.0,0.0,30.18921
D:\DPS 920\DPS920_final_project\IMG\center_2026_08_01_19_52_44_277.jpg,D:\DPS 920\DPS920_final_project\IMG\left_2026_08_01_19_52_44_277.jpg,D:\DPS 920\DPS920_final_project\IMG\right_2026_08_01_19_52_44_277.jpg,0.007518797,1.0,0.0,30.18997
D:\DPS 920\DPS920_final_project\IMG\center_2026_08_01_20_00_44_583.jpg,D:\DPS 920\DPS920_final_project\IMG\left_2026_08_01_20_00_44_583.jpg,D:\DPS 920\DPS920_final_project\IMG\right_2026_08_01_20_00_44_583.jpg,0.007518797,1.0,0.0,30.19033
D:\DPS 920\DPS920_final_project\IMG\center_2026_08_01_19_54_18_097.jpg,D:\DPS 920\DPS920_final_project\IMG\left_2026_08_01_19_54_18_097.jpg,D:\DPS 920\DPS920_final_project\IMG\right_2026_08_01_19_54_18_097.jpg,-0.1616541,1.0,0.0,30.19001
D:\DPS 920\DPS920_final_project\IMG\center_2026_08_01_19_50_28_110.jpg,D:\DPS 920\DPS920_final_project\IMG\left_2026_08_01_19_50_28_110.jpg,D:\DPS 920\DPS920_final_project\IMG\right_2026_08_01_19_50_28_110.jpg,-0.131579,1.0,0.0,30.19058
D:\DPS 920\DPS920_final_project\IMG\center_2026_08_01_19_59_29_064.jpg,D:\DPS 920\DPS920_final_project\IMG\left_2026_08_01_19_59_29_064.jpg,D:\DPS 920\DPS920_final_project\IMG\right_2026_08_01_19_59_29_064.jpg,0.1654135,1.0,0.0,30.19058
D:\DPS 920\DPS920_final_project\IMG\center_2026_08_01_19_51_47_510.jpg,D:\DPS 920\DPS920_final_project\IMG\left_2026_08_01_19_51_47_510.jpg,D:\DPS 920\DPS920_final_project\IMG\right_2026_08_01_19_51_47_510.jpg,-0.07142857,1.0,0.0,30.19001
D:\DPS 920\DPS920_final_project\IMG\center_2026_08_01_19_51_23_421.jpg,D:\DPS 920\DPS920_final_project\IMG\left_2026_08_01_19_51_23_421.jpg,D:\DPS 920\DPS920_final_project\IMG\right_2026_08_01_19_51_23_421.jpg,-0.003759398,1.0,0.0,30.18998
D:\DPS 920\DPS920_final_project\IMG\center_2026_08_01_19_54_42_127.jpg,D:\DPS 920\DPS920_final_project\IMG\left_2026_08_01_19_54_42_127.jpg,D:\DPS 920\DPS920_final_project\IMG\right_2026_08_01_19_54_42_127.jpg,-0.112782,1.0,0.0,30.19016
D:\DPS 920\DPS920_final_project\IMG\center_2026_08_01_20_02_15_674.jpg,D:\DPS 920\DPS920_final_project\IMG\left_2026_08_01_20_02_15_674.jpg,D:\DPS 920\DPS920_final_project\IMG\right_2026_08_01_20_02_15_674.jpg,0.08270676,1.0,0.0,30.1915
D:\DPS 920\DPS920_final_project\IMG\center_2026_08_01_19_52_57_966.jpg,D:\DPS 920\DPS920_final_project\IMG\left_2026_08_01_19_52_57_966.jpg,D:\DPS 920\DPS920_final_project\IMG\right_2026_08_01_19_52_57_966.jpg,-0.01503759,1.0,0.0,30.19033
D:\DPS 920\DPS920_final_project\IMG\center_2026_08_01_19_54_18_777.jpg,D:\DPS 920\DPS920_final_project\IMG\left_2026_08_01_19_54_18_777.jpg,D:\DPS 920\DPS920_final_project\IMG\right_2026_08_01_19_54_18_777.jpg,-0.1390978,1.0,0.0,30.19027
D:\DPS 920\DPS920_final_project\IMG\center_2026_08_01_20_00_29_192.jpg,D:\DPS 920\DPS920_final_project\IMG\left_2026_08_01_20_00_29_192.jpg,D:\DPS 920\DPS920_final_project\IMG\right_2026_08_01_20_00_29_192.jpg,0.09022556,1.0,0.0,30.19001
D:\DPS 920\DPS920_final_project\IMG\center_2026_08_01_19_59_16_725.jpg,D:\DPS 920\DPS920_final_project\IMG\left_2026_08_01_19_59_16_725.jpg,D:\DPS 920\DPS920_final_project\IMG\right_2026_08_01_19_59_16_725.jpg,-0.1766917,1.0,0.0,30.18859
D:\DPS 920\DPS920_final_project\IMG\center_2026_08_01_19_58_58_787.jpg,D:\DPS 920\DPS920_final_project\IMG\left_2026_08_01_19_58_58_787.jpg,D:\DPS 920\DPS920_final_project\IMG\right_2026_08_01_19_58_58_787.jpg,0.06766918,1.0,0.0,30.19021
D:\DPS 920\DPS920_final_project\IMG\center_2026_08_01_19_54_08_689.jpg,D:\DPS 920\DPS920_final_project\IMG\left_2026_08_01_19_54_08_689.jpg,D:\DPS 920\DPS920_final_project\IMG\right_2026_08_01_19_54_08_689.jpg,-0.003759398,1.0,0.0,30.1899
D:\DPS 920\DPS920_final_project\IMG\center_2026_08_01_20_02_11_262.jpg,D:\DPS 920\DPS920_final_project\IMG\left_2026_08_01_20_02_11_262.jpg,D:\DPS 920\DPS920_final_project\IMG\right_2026_08_01_20_02_11_262.jpg,0.02631579,1.0,0.0,30.19035
D:\DPS 920\DPS920_final_project\IMG\center_2026_08_01_20_01_10_111.jpg,D:\DPS 920\DPS920_final_project\IMG\left_2026_08_01_20_01_10_111.jpg,D:\DPS 920\DPS920_final_project\IMG\right_2026_08_01_20_01_10_111.jpg,0.04887218,1.0,0.0,30.19014
D:\DPS 920\DPS920_final_project\IMG\center_2026_08_01_19_52_57_380.jpg,D:\DPS 920\DPS920_final_project\IMG\left_2026_08_01_19_52_57_380.jpg,D:\DPS 920\DPS920_final_project\IMG\right_2026_08_01_19_52_57_380.jpg,-0.03759398,1.0,0.0,30.19027
D:\DPS 920\DPS920_final_project\IMG\center_2026_08_01_19_51_46_802.jpg,D:\DPS 920\DPS920_final_project\IMG\left_2026_08_01_19_51_46_802.jpg,D:\DPS 920\DPS920_final_project\IMG\right_2026_08_01_19_51_46_802.jpg,-0.06015037,1.0,0.0,30.19024
D:\DPS 920\DPS920_final_project\IMG\center_2026_08_01_20_01_14_646.jpg,D:\DPS 920\DPS920_final_project\IMG\left_2026_08_01_20_01_14_646.jpg,D:\DPS 920\DPS920_final_project\IMG\right_2026_08_01_20_01_14_646.jpg,0.05263158,1.0,0.0,30.19036
D:\DPS 920\DPS920_final_project\IMG\center_2026_08_01_19_52_45_458.jpg,D:\DPS 920\DPS920_final_project\IMG\left_2026_08_01_19_52_45_458.jpg,D:\DPS 920\DPS920_final_project\IMG\right_2026_08_01_19_52_45_458.jpg,0.0,1.0,0.0,30.18996
D:\DPS 920\DPS920_final_project\IMG\center_2026_08_01_20_01_13_303.jpg,D:\DPS 920\DPS920_final_project\IMG\left_2026_08_01_20_01_13_303.jpg,D:\DPS 920\DPS920_final_project\IMG\right_2026_08_01_20_01_13_303.jpg,0.09774436,1.0,0.0,30.1905
D:\DPS 920\DPS920_final_project\IMG\center_2026_08_01_20_01_14_414.jpg,D:\DPS 920\DPS920_final_project\IMG\left_2026_08_01_20_01_14_414.jpg,D:\DPS 920\DPS920_final_project\IMG\right_2026_08_01_20_01_14_414.jpg,0.08270676,1.0,0.0,30.1903
D:\DPS 920\DPS920_final_project\IMG\center_2026_08_01_19_58_24_436.jpg,D:\DPS 920\DPS920_final_project\IMG\left_2026_08_01_19_58_24_436.jpg,D:\DPS 920\DPS920_final_project\IMG\right_2026_08_01_19_58_24_436.jpg,0.09398497,1.0,0.0,30.1902
D:\DPS 920\DPS920_final_project\IMG\center_2026_08_01_19_58_29_422.jpg,D:\DPS 920\DPS920_final_project\IMG\left_2026_08_01_19_58_29_422.jpg,D:\DPS 920\DPS920_final_project\IMG\right_2026_08_01_19_58_29_422.jpg,0.06015037,1.0,0.0,30.19008
D:\DPS 920\DPS920_final_project\IMG\center_2026_08_01_19_58_19_956.jpg,D:\DPS 920\DPS920_final_project\IMG\left_2026_08_01_19_58_19_956.jpg,D:\DPS 920\DPS920_final_project\IMG\right_2026_08_01_19_58_19_956.jpg,0.06015037,1.0,0.0,30.19008
D:\DPS 920\DPS920_final_project\IMG\center_2026_08_01_19_58_35_818.jpg,D:\DPS 920\DPS920_final_project\IMG\left_2026_08_01_19_58_35_818.jpg,D:\DPS 920\DPS920_final_project\IMG\right_2026_08_01_19_58_35_818.jpg,0.03383459,1.0,0.0,30.19023
D:\DPS 920\DPS920_final_project\IMG\center_2026_08_01_19_52_29_669.jpg,D:\DPS 920\DPS920_final_project\IMG\left_2026_08_01_19_52_29_669.jpg,D:\DPS 920\DPS920_final_project\IMG\right_2026_08_01_19_52_29_669.jpg,-0.1052632,1.0,0.0,30.18974
D:\DPS 920\DPS920_final_project\IMG\center_2026_08_01_19_51_14_941.jpg,D:\DPS 920\DPS920_final_project\IMG\left_2026_08_01_19_51_14_941.jpg,D:\DPS 920\DPS920_final_project\IMG\right_2026_08_01_19_51_14_941.jpg,-0.04135338,1.0,0.0,30.19026
D:\DPS 920\DPS920_final_project\IMG\center_2026_08_01_19_51_07_245.jpg,D:\DPS 920\DPS920_final_project\IMG\left_2026_08_01_19_51_07_245.jpg,D:\DPS 920\DPS920_final_project\IMG\right_2026_08_01_19_51_07_245.jpg,-0.112782,1.0,0.0,30.18997
D:\DPS 920\DPS920_final_project\IMG\center_2026_08_01_19_58_59_151.jpg,D:\DPS 920\DPS920_final_project\IMG\left_2026_08_01_19_58_59_151.jpg,D:\DPS 920\DPS920_final_project\IMG\right_2026_08_01_19_58_59_151.jpg,0.07142857,1.0,0.0,30.19016
D:\DPS 920\DPS920_final_project\IMG\center_2026_08_01_19_51_26_348.jpg,D:\DPS 920\DPS920_final_project\IMG\left_2026_08_01_19_51_26_348.jpg,D:\DPS 920\DPS920_final_project\IMG\right_2026_08_01_19_51_26_348.jpg,-0.05639098,1.0,0.0,30.19032
D:\DPS 920\DPS920_final_project\IMG\center_2026_08_01_19_53_20_236.jpg,D:\DPS 920\DPS920_final_project\IMG\left_2026_08_01_19_53_20_236.jpg,D:\DPS 920\DPS920_final_project\IMG\right_2026_08_01_19_53_20_236.jpg,-0.07894737,1.0,0.0,30.19017
D:\DPS 920\DPS920_final_project\IMG\center_2026_08_01_19_53_31_275.jpg,D:\DPS 920\DPS920_final_project\IMG\left_2026_08_01_19_53_31_275.jpg,D:\DPS 920\DPS920_final_project\IMG\right_2026_08_01_19_53_31_275.jpg,-0.01879699,1.0,0.0,30.19031
D:\DPS 920\DPS920_final_project\IMG\center_2026_08_01_19_52_23_643.jpg,D:\DPS 920\DPS920_final_project\IMG\left_2026_08_01_19_52_23_643.jpg,D:\DPS 920\DPS920_final_project\IMG\right_2026_08_01_19_52_23_643.jpg,-0.01879699,1.0,0.0,30.19027
D:\DPS 920\DPS920_final_project\IMG\center_2026_08_01_19_59_37_746.jpg,D:\DPS 920\DPS920_final_project\IMG\left_2026_08_01_19_59_37_746.jpg,D:\DPS 920\DPS920_final_project\IMG\right_2026_08_01_19_59_37_746.jpg,0.0112782,1.0,0.0,30.19062
D:\DPS 920\DPS920_final_project\IMG\center_2026_08_01_19_53_52_785.jpg,D:\DPS 920\DPS920_final_project\IMG\left_2026_08_01_19_53_52_785.jpg,D:\DPS 920\DPS920_final_project\IMG\right_2026_08_01_19_53_52_785.jpg,-0.08646616,1.0,0.0,30.19006
D:\DPS 920\DPS920_final_project\IMG\center_2026_08_01_19_51_05_164.jpg,D:\DPS 920\DPS920_final_project\IMG\left_2026_08_01_19_51_05_164.jpg,D:\DPS 920\DPS920_final_project\IMG\right_2026_08_01_19_51_05_164.jpg,-0.09398497,1.0,0.0,30.19009
D:\DPS 920\DPS920_final_project\IMG\center_2026_08_01_19_58_07_394.jpg,D:\DPS 920\DPS920_final_project\IMG\left_2026_08_01_19_58_07_394.jpg,D:\DPS 920\DPS920_final_project\IMG\right_2026_08_01_19_58_07_394.jpg,-0.007518797,1.0,0.0,30.19018
D:\DPS 920\DPS920_final_project\IMG\center_2026_08_01_20_01_15_502.jpg,D:\DPS 920\DPS920_final_project\IMG\left_2026_08_01_20_01_15_502.jpg,D:\DPS 920\DPS920_final_project\IMG\right_2026_08_01_20_01_15_502.jpg,0.1165414,1.0,0.0,30.18971
D:\DPS 920\DPS920_final_project\IMG\center_2026_08_01_19_53_14_134.jpg,D:\DPS 920\DPS920_final_project\IMG\left_2026_08_01_19_53_14_134.jpg,D:\DPS 920\DPS920_final_project\IMG\right_2026_08_01_19_53_14_134.jpg,-0.2105263,1.0,0.0,30.18863
D:\DPS 920\DPS920_final_project\IMG\center_2026_08_01_19_54_22_139.jpg,D:\DPS 920\DPS920_final_project\IMG\left_2026_08_01_19_54_22_139.jpg,D:\DPS 920\DPS920_final_project\IMG\right_2026_08_01_19_54_22_139.jpg,0.02631579,1.0,0.0,30.19035
D:\DPS 920\DPS920_final_project\IMG\center_2026_08_01_19_58_37_795.jpg,D:\DPS 920\DPS920_final_project\IMG\left_2026_08_01_19_58_37_795.jpg,D:\DPS 920\DPS920_final_project\IMG\right_2026_08_01_19_58_37_795.jpg,0.03383459,1.0,0.0,30.19027
D:\DPS 920\DPS920_final_project\IMG\center_2026_08_01_19_59_50_643.jpg,D:\DPS 920\DPS920_final_project\IMG\left_2026_08_01_19_59_50_643.jpg,D:\DPS 920\DPS920_final_project\IMG\right_2026_08_01_19_59_50_643.jpg,0.09774436,1.0,0.0,30.19018
D:\DPS 920\DPS920_final_project\IMG\center_2026_08_01_19_54_34_926.jpg,D:\DPS 920\DPS920_final_project\IMG\left_2026_08_01_19_54_34_926.jpg,D:\DPS 920\DPS920_final_project\IMG\right_2026_08_01_19_54_34_926.jpg,-0.09774436,1.0,0.0,30.19005
D:\DPS 920\DPS920_final_project\IMG\center_2026_08_01_19_51_31_292.jpg,D:\DPS 920\DPS920_final_project\IMG\left_2026_08_01_19_51_31_292.jpg,D:\DPS 920\DPS920_final_project\IMG\right_2026_08_01_19_51_31_292.jpg,-0.1616541,1.0,0.0,30.19066
D:\DPS 920\DPS920_final_project\IMG\center_2026_08_01_19_59_48_258.jpg,D:\DPS 920\DPS920_final_project\IMG\left_2026_08_01_19_59_48_258.jpg,D:\DPS 920\DPS920_final_project\IMG\right_2026_08_01_19_59_48_258.jpg,0.09774436,1.0,0.0,30.19008
D:\DPS 920\DPS920_final_project\IMG\center_2026_08_01_19_54_18_711.jpg,D:\DPS 920\DPS920_final_project\IMG\left_2026_08_01_19_54_18_711.jpg,D:\DPS 920\DPS920_final_project\IMG\right_2026_08_01_19_54_18_711.jpg,-0.1390978,1.0,0.0,30.1901
D:\DPS 920\DPS920_final_project\IMG\center_2026_08_01_20_01_23_898.jpg,D:\DPS 920\DPS920_final_project\IMG\left_2026_08_01_20_01_23_898.jpg,D:\DPS 920\DPS920_final_project\IMG\right_2026_08_01_20_01_23_898.jpg,0.01879699,1.0,0.0,30.1903
D:\DPS 920\DPS920_final_project\IMG\center_2026_08_01_19_47_03_861.jpg,D:\DPS 920\DPS920_final_project\IMG\left_2026_08_01_19_47_03_861.jpg,D:\DPS 920\DPS920_final_project\IMG\right_2026_08_01_19_47_03_861.jpg,-0.08270676,1.0,0.0,2.840196
D:\DPS 920\DPS920_final_project\IMG\center_2026_08_01_19_53_26_715.jpg,D:\DPS 920\DPS920_final_project\IMG\left_2026_08_01_19_53_26_715.jpg,D:\DPS 920\DPS920_final_project\IMG\right_2026_08_01_19_53_26_715.jpg,-0.04887218,1.0,0.0,30.19032
D:\DPS 920\DPS920_final_project\IMG\center_2026_08_01_19_52_53_338.jpg,D:\DPS 920\DPS920_final_project\IMG\left_2026_08_01_19_52_53_338.jpg,D:\DPS 920\DPS920_final_project\IMG\right_2026_08_01_19_52_53_338.jpg,-0.1428571,1.0,0.0,30.19152
D:\DPS 920\DPS920_final_project\IMG\center_2026_08_01_19_58_04_472.jpg,D:\DPS 920\DPS920_final_project\IMG\left_2026_08_01_19_58_04_472.jpg,D:\DPS 920\DPS920_final_project\IMG\right_2026_08_01_19_58_04_472.jpg,0.2180451,1.0,0.0,30.19118
D:\DPS 920\DPS920_final_project\IMG\center_2026_08_01_19_53_15_284.jpg,D:\DPS 920\DPS920_final_project\IMG\left_2026_08_01_19_53_15_284.jpg,D:\DPS 920\DPS920_final_project\IMG\right_2026_08_01_19_53_15_284.jpg,-0.08646616,1.0,0.0,30.1907
D:\DPS 920\DPS920_final_project\IMG\center_2026_08_01_19_58_57_927.jpg,D:\DPS 920\DPS920_final_project\IMG\left_2026_08_01_19_58_57_927.jpg,D:\DPS 920\DPS920_final_project\IMG\right_2026_08_01_19_58_57_927.jpg,0.04887218,1.0,0.0,30.19019
D:\DPS 920\DPS920_final_project\IMG\center_2026_08_01_19_51_03_964.jpg,D:\DPS 920\DPS920_final_project\IMG\left_2026_08_01_19_51_03_964.jpg,D:\DPS 920\DPS920_final_project\IMG\right_2026_08_01_19_51_03_964.jpg,-0.06766918,1.0,0.0,30.19017
D:\DPS 920\DPS920_final_project\IMG\center_2026_08_01_20_00_00_792.jpg,D:\DPS 920\DPS920_final_project\IMG\left_2026_08_01_20_00_00_792.jpg,D:\DPS 920\DPS920_final_project\IMG\right_2026_08_01_20_00_00_792.jpg,0.03007519,1.0,0.0,30.19029
D:\DPS 920\DPS920_final_project\IMG\center_2026_08_01_20_02_09_210.jpg,D:\DPS 920\DPS920_final_project\IMG\left_2026_08_01_20_02_09_210.jpg,D:\DPS 920\DPS920_final_project\IMG\right_2026_08_01_20_02_09_210.jpg,0.02255639,1.0,0.0,30.19017
D:\DPS 920\DPS920_final_project\IMG\center_2026_08_01_19_53_56_207.jpg,D:\DPS 920\DPS920_final_project\IMG\left_2026_08_01_19_53_56_207.jpg,D:\DPS 920\DPS920_final_project\IMG\right_2026_08_01_19_53_56_207.jpg,-0.05639098,1.0,0.0,30.19012
D:\DPS 920\DPS920_final_project\IMG\center_2026_08_01_19_58_12_306.jpg,D:\DPS 920\DPS920_final_project\IMG\left_2026_08_01_19_58_12_306.jpg,D:\DPS 920\DPS920_final_project\IMG\right_2026_08_01_19_58_12_306.jpg,0.01503759,1.0,0.0,30.19059
D:\DPS 920\DPS920_final_project\IMG\center_2026_08_01_19_58_26_998.jpg,D:\DPS 920\DPS920_final_project\IMG\left_2026_08_01_19_58_26_998.jpg,D:\DPS 920\DPS920_final_project\IMG\right_2026_08_01_19_58_26_998.jpg,0.1240602,1.0,0.0,30.18957
D:\DPS 920\DPS920_final_project\IMG\center_2026_08_01_20_00_51_708.jpg,D:\DPS 920\DPS920_final_project\IMG\left_2026_08_01_20_00_51_708.jpg,D:\DPS 920\DPS920_final_project\IMG\right_2026_08_01_20_00_51_708.jpg,0.1992481,1.0,0.0,30.18961
D:\DPS 920\DPS920_final_project\IMG\center_2026_08_01_20_01_25_296.jpg,D:\DPS 920\DPS920_final_project\IMG\left_2026_08_01_20_01_25_296.jpg,D:\DPS 920\DPS920_final_project\IMG\right_2026_08_01_20_01_25_296.jpg,0.007518797,1.0,0.0,30.19029
D:\DPS 920\DPS920_final_project\IMG\center_2026_08_01_19_59_19_514.jpg,D:\DPS 920\DPS920_final_project\IMG\left_2026_08_01_19_59_19_514.jpg,D:\DPS 920\DPS920_final_project\IMG\right_2026_08_01_19_59_19_514.jpg,-0.08270676,1.0,0.0,30.19053
D:\DPS 920\DPS920_final_project\IMG\center_2026_08_01_19_50_28_532.jpg,D:\DPS 920\DPS920_final_project\IMG\left_2026_08_01_19_50_28_532.jpg,D:\DPS 920\DPS920_final_project\IMG\right_2026_08_01_19_50_28_532.jpg,-0.1240602,1.0,0.0,30.19018
D:\DPS 920\DPS920_final_project\IMG\center_2026_08_01_19_53_53_552.jpg,D:\DPS 920\DPS920_final_project\IMG\left_2026_08_01_19_53_53_552.jpg,D:\DPS 920\DPS920_final_project\IMG\right_2026_08_01_19_53_53_552.jpg,-0.1353384,1.0,0.0,30.19009
D:\DPS 920\DPS920_final_project\IMG\center_2026_08_01_19_58_23_336.jpg,D:\DPS 920\DPS920_final_project\IMG\left_2026_08_01_19_58_23_336.jpg,D:\DPS 920\DPS920_final_project\IMG\right_2026_08_01_19_58_23_336.jpg,0.03383459,1.0,0.0,30.19003
D:\DPS 920\DPS920_final_project\IMG\center_2026_08_01_20_01_54_908.jpg,D:\DPS 920\DPS920_final_project\IMG\left_2026_08_01_20_01_54_908.jpg,D:\DPS 920\DPS920_final_project\IMG\right_2026_08_01_20_01_54_908.jpg,0.1503759,1.0,0.0,30.18961
D:\DPS 920\DPS920_final_project\IMG\center_2026_08_01_20_00_42_491.jpg,D:\DPS 920\DPS920_final_project\IMG\left_2026_08_01_20_00_42_491.jpg,D:\DPS 920\DPS920_final_project\IMG\right_2026_08_01_20_00_42_491.jpg,-0.2330827,1.0,0.0,30.18961
D:\DPS 920\DPS920_final_project\IMG\center_2026_08_01_19_59_19_380.jpg,D:\DPS 920\DPS920_final_project\IMG\left_2026_08_01_19_59_19_380.jpg,D:\DPS 920\DPS920_final_project\IMG\right_2026_08_01_19_59_19_380.jpg,-0.1052632,1.0,0.0,30.19034
D:\DPS 920\DPS920_final_project\IMG\center_2026_08_01_19_52_38_852.jpg,D:\DPS 920\DPS920_final_project\IMG\left_2026_08_01_19_52_38_852.jpg,D:\DPS 920\DPS920_final_project\IMG\right_2026_08_01_19_52_38_852.jpg,-0.01879699,1.0,0.0,30.19016
D:\DPS 920\DPS920_final_project\IMG\center_2026_08_01_19_51_27_852.jpg,D:\DPS 920\DPS920_final_project\IMG\left_2026_08_01_19_51_27_852.jpg,D:\DPS 920\DPS920_final_project\IMG\right_2026_08_01_19_51_27_852.jpg,-0.08270676,1.0,0.0,30.1897
D:\DPS 920\DPS920_final_project\IMG\center_2026_08_01_19_50_42_626.jpg,D:\DPS 920\DPS920_final_project\IMG\left_2026_08_01_19_50_42_626.jpg,D:\DPS 920\DPS920_final_project\IMG\right_2026_08_01_19_50_42_626.jpg,-0.01503759,1.0,0.0,30.1903
D:\DPS 920\DPS920_final_project\IMG\center_2026_08_01_20_00_41_906.jpg,D:\DPS 920\DPS920_final_project\IMG\left_2026_08_01_20_00_41_906.jpg,D:\DPS 920\DPS920_final_project\IMG\right_2026_08_01_20_00_41_906.jpg,-0.2481203,1.0,0.0,30.19002
D:\DPS 920\DPS920_final_project\IMG\center_2026_08_01_19_59_07_970.jpg,D:\DPS 920\DPS920_final_project\IMG\left_2026_08_01_19_59_07_970.jpg,D:\DPS 920\DPS920_final_project\IMG\right_2026_08_01_19_59_07_970.jpg,0.02255639,1.0,0.0,30.1889
D:\DPS 920\DPS920_final_project\IMG\center_2026_08_01_20_00_50_219.jpg,D:\DPS 920\DPS920_final_project\IMG\left_2026_08_01_20_00_50_219.jpg,D:\DPS 920\DPS920_final_project\IMG\right_2026_08_01_20_00_50_219.jpg,0.2105263,1.0,0.0,30.18864
D:\DPS 920\DPS920_final_project\IMG\center_2026_08_01_19_51_14_382.jpg,D:\DPS 920\DPS920_final_project\IMG\left_2026_08_01_19_51_14_382.jpg,D:\DPS 920\DPS920_final_project\IMG\right_2026_08_01_19_51_14_382.jpg,-0.01503759,1.0,0.0,30.19031
D:\DPS 920\DPS920_final_project\IMG\center_2026_08_01_19_57_35_890.jpg,D:\DPS 920\DPS920_final_project\IMG\left_2026_08_01_19_57_35_890.jpg,D:\DPS 920\DPS920_final_project\IMG\right_2026_08_01_19_57_35_890.jpg,0.0,1.0,0.0,9.608378
D:\DPS 920\DPS920_final_project\IMG\center_2026_08_01_19_54_31_957.jpg,D:\DPS 920\DPS920_final_project\IMG\left_2026_08_01_19_54_31_957.jpg,D:\DPS 920\DPS920_final_project\IMG\right_2026_08_01_19_54_31_957.jpg,-0.03759398,1.0,0.0,30.19001
D:\DPS 920\DPS920_final_project\IMG\center_2026_08_01_19_54_25_519.jpg,D:\DPS 920\DPS920_final_project\IMG\left_2026_08_01_19_54_25_519.jpg,D:\DPS 920\DPS920_final_project\IMG\right_2026_08_01_19_54_25_519.jpg,0.131579,1.0,0.0,30.19025
D:\DPS 920\DPS920_final_project\IMG\center_2026_08_01_19_53_28_557.jpg,D:\DPS 920\DPS920_final_project\IMG\left_2026_08_01_19_53_28_557.jpg,D:\DPS 920\DPS920_final_project\IMG\right_2026_08_01_19_53_28_557.jpg,0.0112782,1.0,0.0,30.19031
D:\DPS 920\DPS920_final_project\IMG\center_2026_08_01_19_50_26_483.jpg,D:\DPS 920\DPS920_final_project\IMG\left_2026_08_01_19_50_26_483.jpg,D:\DPS 920\DPS920_final_project\IMG\right_2026_08_01_19_50_26_483.jpg,-0.1616541,1.0,0.0,20.8496
D:\DPS 920\DPS920_final_project\IMG\center_2026_08_01_19_58_05_109.jpg,D:\DPS 920\DPS920_final_project\IMG\left_2026_08_01_19_58_05_109.jpg,D:\DPS 920\DPS920_final_project\IMG\right_2026_08_01_19_58_05_109.jpg,0.1240602,1.0,0.0,30.19055
D:\DPS 920\DPS920_final_project\IMG\center_2026_08_01_20_01_54_174.jpg,D:\DPS 920\DPS920_final_project\IMG\left_2026_08_01_20_01_54_174.jpg,D:\DPS 920\DPS920_final_project\IMG\right_2026_08_01_20_01_54_174.jpg,0.1503759,1.0,0.0,30.19077
D:\DPS 920\DPS920_final_project\IMG\center_2026_08_01_20_01_51_329.jpg,D:\DPS 920\DPS920_final_project\IMG\left_2026_08_01_20_01_51_329.jpg,D:\DPS 920\DPS920_final_project\IMG\right_2026_08_01_20_01_51_329.jpg,0.06390978,1.0,0.0,30.19022
D:\DPS 920\DPS920_final_project\IMG\center_2026_08_01_19_58_04_767.jpg,D:\DPS 920\DPS920_final_project\IMG\left_2026_08_01_19_58_04_767.jpg,D:\DPS 920\DPS920_final_project\IMG\right_2026_08_01_19_58_04_767.jpg,0.1766917,1.0,0.0,30.18977
D:\DPS 920\DPS920_final_project\IMG\center_2026_08_01_19_52_16_016.jpg,D:\DPS 920\DPS920_final_project\IMG\left_2026_08_01_19_52_16_016.jpg,D:\DPS 920\DPS920_final_project\IMG\right_2026_08_01_19_52_16_016.jpg,-0.03383459,1.0,0.0,30.19025
D:\DPS 920\DPS920_final_project\IMG\center_2026_08_01_19_53_12_591.jpg,D:\DPS 920\DPS920_final_project\IMG\left_2026_08_01_19_53_12_591.jpg,D:\DPS 920\DPS920_final_project\IMG\right_2026_08_01_19_53_12_591.jpg,-0.1466165,1.0,0.0,30.19028
D:\DPS 920\DPS920_final_project\IMG\center_2026_08_01_20_01_59_547.jpg,D:\DPS 920\DPS920_final_project\IMG\left_2026_08_01_20_01_59_547.jpg,D:\DPS 920\DPS920_final_project\IMG\right_2026_08_01_20_01_59_547.jpg,0.06015037,1.0,0.0,30.19023
D:\DPS 920\DPS920_final_project\IMG\center_2026_08_01_19_53_28_479.jpg,D:\DPS 920\DPS920_final_project\IMG\left_2026_08_01_19_53_28_479.jpg,D:\DPS 920\DPS920_final_project\IMG\right_2026_08_01_19_53_28_479.jpg,0.0112782,1.0,0.0,30.1903
D:\DPS 920\DPS920_final_project\IMG\center_2026_08_01_19_51_08_837.jpg,D:\DPS 920\DPS920_final_project\IMG\left_2026_08_01_19_51_08_837.jpg,D:\DPS 920\DPS920_final_project\IMG\right_2026_08_01_19_51_08_837.jpg,-0.08646616,1.0,0.0,30.18932
D:\DPS 920\DPS920_final_project\IMG\center_2026_08_01_19_58_25_835.jpg,D:\DPS 920\DPS920_final_project\IMG\left_2026_08_01_19_58_25_835.jpg,D:\DPS 920\DPS920_final_project\IMG\right_2026_08_01_19_58_25_835.jpg,0.09398497,1.0,0.0,30.19009
D:\DPS 920\DPS920_final_project\IMG\center_2026_08_01_19_59_05_605.jpg,D:\DPS 920\DPS920_final_project\IMG\left_2026_08_01_19_59_05_605.jpg,D:\DPS 920\DPS920_final_project\IMG\right_2026_08_01_19_59_05_605.jpg,0.07142857,1.0,0.0,30.19007
D:\DPS 920\DPS920_final_project\IMG\center_2026_08_01_19_47_03_997.jpg,D:\DPS 920\DPS920_final_project\IMG\left_2026_08_01_19_47_03_997.jpg,D:\DPS 920\DPS920_final_project\IMG\right_2026_08_01_19_47_03_997.jpg,-0.1165414,1.0,0.0,4.252328
D:\DPS 920\DPS920_final_project\IMG\center_2026_08_01_20_02_01_319.jpg,D:\DPS 920\DPS920_final_project\IMG\left_2026_08_01_20_02_01_319.jpg,D:\DPS 920\DPS920_final_project\IMG\right_2026_08_01_20_02_01_319.jpg,-0.07894737,1.0,0.0,30.19037
D:\DPS 920\DPS920_final_project\IMG\center_2026_08_01_20_02_16_716.jpg,D:\DPS 920\DPS920_final_project\IMG\left_2026_08_01_20_02_16_716.jpg,D:\DPS 920\DPS920_final_project\IMG\right_2026_08_01_20_02_16_716.jpg,0.06766918,1.0,0.0,30.19098
D:\DPS 920\DPS920_final_project\IMG\center_2026_08_01_19_53_26_644.jpg,D:\DPS 920\DPS920_final_project\IMG\left_2026_08_01_19_53_26_644.jpg,D:\DPS 920\DPS920_final_project\IMG\right_2026_08_01_19_53_26_644.jpg,-0.04887218,1.0,0.0,30.19029
D:\DPS 920\DPS920_final_project\IMG\center_2026_08_01_20_00_23_693.jpg,D:\DPS 920\DPS920_final_project\IMG\left_2026_08_01_20_00_23_693.jpg,D:\DPS 920\DPS920_final_project\IMG\right_2026_08_01_20_00_23_693.jpg,0.06015037,1.0,0.0,30.19029
D:\DPS 920\DPS920_final_project\IMG\center_2026_08_01_19_50_37_761.jpg,D:\DPS 920\DPS920_final_project\IMG\left_2026_08_01_19_50_37_761.jpg,D:\DPS 920\DPS920_final_project\IMG\right_2026_08_01_19_50_37_761.jpg,-0.03759398,1.0,0.0,30.19022
D:\DPS 920\DPS920_final_project\IMG\center_2026_08_01_19_59_26_681.jpg,D:\DPS 920\DPS920_final_project\IMG\left_2026_08_01_19_59_26_681.jpg,D:\DPS 920\DPS920_final_project\IMG\right_2026_08_01_19_59_26_681.jpg,0.1917293,1.0,0.0,30.18636
D:\DPS 920\DPS920_final_project\IMG\center_2026_08_01_19_59_54_669.jpg,D:\DPS 920\DPS920_final_project\IMG\left_2026_08_01_19_59_54_669.jpg,D:\DPS 920\DPS920_final_project\IMG\right_2026_08_01_19_59_54_669.jpg,0.04135338,1.0,0.0,30.19024
D:\DPS 920\DPS920_final_project\IMG\center_2026_08_01_19_59_31_753.jpg,D:\DPS 920\DPS920_final_project\IMG\left_2026_08_01_19_59_31_753.jpg,D:\DPS 920\DPS920_final_project\IMG\right_2026_08_01_19_59_31_753.jpg,0.03383459,1.0,0.0,30.19022
D:\DPS 920\DPS920_final_project\IMG\center_2026_08_01_20_01_54_695.jpg,D:\DPS 920\DPS920_final_project\IMG\left_2026_08_01_20_01_54_695.jpg,D:\DPS 920\DPS920_final_project\IMG\right_2026_08_01_20_01_54_695.jpg,0.1503759,1.0,0.0,30.19163
D:\DPS 920\DPS920_final_project\IMG\center_2026_08_01_19_53_28_106.jpg,D:\DPS 920\DPS920_final_project\IMG\left_2026_08_01_19_53_28_106.jpg,D:\DPS 920\DPS920_final_project\IMG\right_2026_08_01_19_53_28_106.jpg,0.0112782,1.0,0.0,30.19028
D:\DPS 920\DPS920_final_project\IMG\center_2026_08_01_19_50_27_455.jpg,D:\DPS 920\DPS920_final_project\IMG\left_2026_08_01_19_50_27_455.jpg,D:\DPS 920\DPS920_final_project\IMG\right_2026_08_01_19_50_27_455.jpg,-0.1390978,1.0,0.0,30.14611
D:\DPS 920\DPS920_final_project\IMG\center_2026_08_01_20_01_55_798.jpg,D:\DPS 920\DPS920_final_project\IMG\left_2026_08_01_20_01_55_798.jpg,D:\DPS 920\DPS920_final_project\IMG\right_2026_08_01_20_01_55_798.jpg,0.1917293,1.0,0.0,30.18958
D:\DPS 920\DPS920_final_project\IMG\center_2026_08_01_19_52_54_460.jpg,D:\DPS 920\DPS920_final_project\IMG\left_2026_08_01_19_52_54_460.jpg,D:\DPS 920\DPS920_final_project\IMG\right_2026_08_01_19_52_54_460.jpg,-0.1992481,1.0,0.0,30.18972
D:\DPS 920\DPS920_final_project\IMG\center_2026_08_01_20_01_43_213.jpg,D:\DPS 920\DPS920_final_project\IMG\left_2026_08_01_20_01_43_213.jpg,D:\DPS 920\DPS920_final_project\IMG\right_2026_08_01_20_01_43_213.jpg,0.03007519,1.0,0.0,30.19044
D:\DPS 920\DPS920_final_project\IMG\center_2026_08_01_19_51_56_980.jpg,D:\DPS 920\DPS920_final_project\IMG\left_2026_08_01_19_51_56_980.jpg,D:\DPS 920\DPS920_final_project\IMG\right_2026_08_01_19_51_56_980.jpg,-0.08270676,1.0,0.0,30.19011
D:\DPS 920\DPS920_final_project\IMG\center_2026_08_01_20_01_14_033.jpg,D:\DPS 920\DPS920_final_project\IMG\left_2026_08_01_20_01_14_033.jpg,D:\DPS 920\DPS920_final_project\IMG\right_2026_08_01_20_01_14_033.jpg,0.09398497,1.0,0.0,30.19051
D:\DPS 920\DPS920_final_project\IMG\center_2026_08_01_19_59_04_533.jpg,D:\DPS 920\DPS920_final_project\IMG\left_2026_08_01_19_59_04_533.jpg,D:\DPS 920\DPS920_final_project\IMG\right_2026_08_01_19_59_04_533.jpg,0.07894737,1.0,0.0,30.19087
D:\DPS 920\DPS920_final_project\IMG\center_2026_08_01_19_57_57_502.jpg,D:\DPS 920\DPS920_final_project\IMG\left_2026_08_01_19_57_57_502.jpg,D:\DPS 920\DPS920_final_project\IMG\right_2026_08_01_19_57_57_502.jpg,0.05263158,1.0,0.0,30.19
D:\DPS 920\DPS920_final_project\IMG\center_2026_08_01_19_54_16_962.jpg,D:\DPS 920\DPS920_final_project\IMG\left_2026_08_01_19_54_16_962.jpg,D:\DPS 920\DPS920_final_project\IMG\right_2026_08_01_19_54_16_962.jpg,-0.1578947,1.0,0.0,30.19174
D:\DPS 920\DPS920_final_project\IMG\center_2026_08_01_19_59_49_688.jpg,D:\DPS 920\DPS920_final_project\IMG\left_2026_08_01_19_59_49_688.jpg,D:\DPS 920\DPS920_final_project\IMG\right_2026_08_01_19_59_49_688.jpg,0.08646616,1.0,0.0,30.19021
D:\DPS 920\DPS920_final_project\IMG\center_2026_08_01_19_53_14_422.jpg,D:\DPS 920\DPS920_final_project\IMG\left_2026_08_01_19_53_14_422.jpg,D:\DPS 920\DPS920_final_project\IMG\right_2026_08_01_19_53_14_422.jpg,-0.1804511,1.0,0.0,30.19054
D:\DPS 920\DPS920_final_project\IMG\center_2026_08_01_19_54_25_724.jpg,D:\DPS 920\DPS920_final_project\IMG\left_2026_08_01_19_54_25_724.jpg,D:\DPS 920\DPS920_final_project\IMG\right_2026_08_01_19_54_25_724.jpg,0.131579,1.0,0.0,30.18968
D:\DPS 920\DPS920_final_project\IMG\center_2026_08_01_20_00_20_494.jpg,D:\DPS 920\DPS920_final_project\IMG\left_2026_08_01_20_00_20_494.jpg,D:\DPS 920\DPS920_final_project\IMG\right_2026_08_01_20_00_20_494.jpg,0.04135338,1.0,0.0,30.19028
D:\DPS 920\DPS920_final_project\IMG\center_2026_08_01_19_57_37_702.jpg,D:\DPS 920\DPS920_final_project\IMG\left_2026_08_01_19_57_37_702.jpg,D:\DPS 920\DPS920_final_project\IMG\right_2026_08_01_19_57_37_702.jpg,0.2781955,1.0,0.0,27.91632
D:\DPS 920\DPS920_final_project\IMG\center_2026_08_01_19_52_16_158.jpg,D:\DPS 920\DPS920_final_project\IMG\left_2026_08_01_19_52_16_158.jpg,D:\DPS 920\DPS920_final_project\IMG\right_2026_08_01_19_52_16_158.jpg,-0.03383459,1.0,0.0,30.19032
D:\DPS 920\DPS920_final_project\IMG\center_2026_08_01_19_54_16_450.jpg,D:\DPS 920\DPS920_final_project\IMG\left_2026_08_01_19_54_16_450.jpg,D:\DPS 920\DPS920_final_project\IMG\right_2026_08_01_19_54_16_450.jpg,-0.2067669,1.0,0.0,30.18995
D:\DPS 920\DPS920_final_project\IMG\center_2026_08_01_19_58_34_668.jpg,D:\DPS 920\DPS920_final_project\IMG\left_2026_08_01_19_58_34_668.jpg,D:\DPS 920\DPS920_final_project\IMG\right_2026_08_01_19_58_34_668.jpg,0.03383459,1.0,0.0,30.1903
D:\DPS 920\DPS920_final_project\IMG\center_2026_08_01_19_58_59_439.jpg,D:\DPS 920\DPS920_final_project\IMG\left_2026_08_01_19_58_59_439.jpg,D:\DPS 920\DPS920_final_project\IMG\right_2026_08_01_19_58_59_439.jpg,0.07142857,1.0,0.0,30.19019
D:\DPS 920\DPS920_final_project\IMG\center_2026_08_01_19_51_51_899.jpg,D:\DPS 920\DPS920_final_project\IMG\left_2026_08_01_19_51_51_899.jpg,D:\DPS 920\DPS920_final_project\IMG\right_2026_08_01_19_51_51_899.jpg,-0.1428571,1.0,0.0,30.18993
D:\DPS 920\DPS920_final_project\IMG\center_2026_08_01_20_02_05_407.jpg,D:\DPS 920\DPS920_final_project\IMG\left_2026_08_01_20_02_05_407.jpg,D:\DPS 920\DPS920_final_project\IMG\right_2026_08_01_20_02_05_407.jpg,-0.1879699,1.0,0.0,30.19134
D:\DPS 920\DPS920_final_project\IMG\center_2026_08_01_19_50_29_385.jpg,D:\DPS 920\DPS920_final_project\IMG\left_2026_08_01_19_50_29_385.jpg,D:\DPS 920\DPS920_final_project\IMG\right_2026_08_01_19_50_29_385.jpg,-0.04511278,1.0,0.0,30.18975
D:\DPS 920\DPS920_final_project\IMG\center_2026_08_01_19_57_42_184.jpg,D:\DPS 920\DPS920_final_project\IMG\left_2026_08_01_19_57_42_184.jpg,D:\DPS 920\DPS920_final_project\IMG\right_2026_08_01_19_57_42_184.jpg,0.1353384,1.0,0.0,30.18964
D:\DPS 920\DPS920_final_project\IMG\center_2026_08_01_20_01_56_730.jpg,D:\DPS 920\DPS920_final_project\IMG\left_2026_08_01_20_01_56_730.jpg,D:\DPS 920\DPS920_final_project\IMG\right_2026_08_01_20_01_56_730.jpg,0.1428571,1.0,0.0,30.19014
D:\DPS 920\DPS920_final_project\IMG\center_2026_08_01_19_51_04_815.jpg,D:\DPS 920\DPS920_final_project\IMG\left_2026_08_01_19_51_04_815.jpg,D:\DPS 920\DPS920_final_project\IMG\right_2026_08_01_19_51_04_815.jpg,-0.09398497,1.0,0.0,30.18996
D:\DPS 920\DPS920_final_project\IMG\center_2026_08_01_19_59_47_839.jpg,D:\DPS 920\DPS920_final_project\IMG\left_2026_08_01_19_59_47_839.jpg,D:\DPS 920\DPS920_final_project\IMG\right_2026_08_01_19_59_47_839.jpg,0.08646616,1.0,0.0,30.18998
D:\DPS 920\DPS920_final_project\IMG\center_2026_08_01_19_53_53_276.jpg,D:\DPS 920\DPS920_final_project\IMG\left_2026_08_01_19_53_53_276.jpg,D:\DPS 920\DPS920_final_project\IMG\right_2026_08_01_19_53_53_276.jpg,-0.1353384,1.0,0.0,30.18924
D:\DPS 920\DPS920_final_project\IMG\center_2026_08_01_19_58_30_988.jpg,D:\DPS 920\DPS920_final_project\IMG\left_2026_08_01_19_58_30_988.jpg,D:\DPS 920\DPS920_final_project\IMG\right_2026_08_01_19_58_30_988.jpg,0.06390978,1.0,0.0,30.19031
D:\DPS 920\DPS920_final_project\IMG\center_2026_08_01_19_53_34_420.jpg,D:\DPS 920\DPS920_final_project\IMG\left_2026_08_01_19_53_34_420.jpg,D:\DPS 920\DPS920_final_project\IMG\right_2026_08_01_19_53_34_420.jpg,-0.007518797,1.0,0.0,30.19031
D:\DPS 920\DPS920_final_project\IMG\center_2026_08_01_19_59_06_405.jpg,D:\DPS 920\DPS920_final_project\IMG\left_2026_08_01_19_59_06_405.jpg,D:\DPS 920\DPS920_final_project\IMG\right_2026_08_01_19_59_06_405.jpg,0.131579,1.0,0.0,30.18945
D:\DPS 920\DPS920_final_project\IMG\center_2026_08_01_19_54_20_059.jpg,D:\DPS 920\DPS920_final_project\IMG\left_2026_08_01_19_54_20_059.jpg,D:\DPS 920\DPS920_final_project\IMG\right_2026_08_01_19_54_20_059.jpg,-0.09022556,1.0,0.0,30.19026
D:\DPS 920\DPS920_final_project\IMG\center_2026_08_01_19_58_09_415.jpg,D:\DPS 920\DPS920_final_project\IMG\left_2026_08_01_19_58_09_415.jpg,D:\DPS 920\DPS920_final_project\IMG\right_2026_08_01_19_58_09_415.jpg,0.0,1.0,0.0,30.19058
D:\DPS 920\DPS920_final_project\IMG\center_2026_08_01_19_53_49_644.jpg,D:\DPS 920\DPS920_final_project\IMG\left_2026_08_01_19_53_49_644.jpg,D:\DPS 920\DPS920_final_project\IMG\right_2026_08_01_19_53_49_644.jpg,-0.07142857,1.0,0.0,30.19004
D:\DPS 920\DPS920_final_project\IMG\center_2026_08_01_20_01_10_548.jpg,D:\DPS 920\DPS920_final_project\IMG\left_2026_08_01_20_01_10_548.jpg,D:\DPS 920\DPS920_final_project\IMG\right_2026_08_01_20_01_10_548.jpg,0.09398497,1.0,0.0,30.18998
D:\DPS 920\DPS920_final_project\IMG\center_2026_08_01_19_50_26_276.jpg,D:\DPS 920\DPS920_final_project\IMG\left_2026_08_01_19_50_26_276.jpg,D:\DPS 920\DPS920_final_project\IMG\right_2026_08_01_19_50_26_276.jpg,-0.1466165,1.0,0.0,18.85601
D:\DPS 920\DPS920_final_project\IMG\center_2026_08_01_19_54_24_881.jpg,D:\DPS 920\DPS920_final_project\IMG\left_2026_08_01_19_54_24_881.jpg,D:\DPS 920\DPS920_final_project\IMG\right_2026_08_01_19_54_24_881.jpg,0.1240602,1.0,0.0,30.18955
D:\DPS 920\DPS920_final_project\IMG\center_2026_08_01_20_02_06_439.jpg,D:\DPS 920\DPS920_final_project\IMG\left_2026_08_01_20_02_06_439.jpg,D:\DPS 920\DPS920_final_project\IMG\right_2026_08_01_20_02_06_439.jpg,0.0,1.0,0.0,30.19039
D:\DPS 920\DPS920_final_project\IMG\center_2026_08_01_19_52_29_874.jpg,D:\DPS 920\DPS920_final_project\IMG\left_2026_08_01_19_52_29_874.jpg,D:\DPS 920\DPS920_final_project\IMG\right_2026_08_01_19_52_29_874.jpg,-0.1052632,1.0,0.0,30.18995
D:\DPS 920\DPS920_final_project\IMG\center_2026_08_01_20_02_12_606.jpg,D:\DPS 920\DPS920_final_project\IMG\left_2026_08_01_20_02_12_606.jpg,D:\DPS 920\DPS920_final_project\IMG\right_2026_08_01_20_02_12_606.jpg,0.04135338,1.0,0.0,30.19018
D:\DPS 920\DPS920_final_project\IMG\center_2026_08_01_19_57_41_975.jpg,D:\DPS 920\DPS920_final_project\IMG\left_2026_08_01_19_57_41_975.jpg,D:\DPS 920\DPS920_final_project\IMG\right_2026_08_01_19_57_41_975.jpg,0.1353384,1.0,0.0,30.18933
D:\DPS 920\DPS920_final_project\IMG\center_2026_08_01_19_59_27_384.jpg,D:\DPS 920\DPS920_final_project\IMG\left_2026_08_01_19_59_27_384.jpg,D:\DPS 920\DPS920_final_project\IMG\right_2026_08_01_19_59_27_384.jpg,0.2142857,1.0,0.0,30.18944
D:\DPS 920\DPS920_final_project\IMG\center_2026_08_01_19_52_51_883.jpg,D:\DPS 920\DPS920_final_project\IMG\left_2026_08_01_19_52_51_883.jpg,D:\DPS 920\DPS920_final_project\IMG\right_2026_08_01_19_52_51_883.jpg,-0.1992481,1.0,0.0,30.18889
D:\DPS 920\DPS920_final_project\IMG\center_2026_08_01_19_59_03_261.jpg,D:\DPS 920\DPS920_final_project\IMG\left_2026_08_01_19_59_03_261.jpg,D:\DPS 920\DPS920_final_project\IMG\right_2026_08_01_19_59_03_261.jpg,0.08646616,1.0,0.0,30.19008
D:\DPS 920\DPS920_final_project\IMG\center_2026_08_01_20_02_09_960.jpg,D:\DPS 920\DPS920_final_project\IMG\left_2026_08_01_20_02_09_960.jpg,D:\DPS 920\DPS920_final_project\IMG\right_2026_08_01_20_02_09_960.jpg,0.07518797,1.0,0.0,30.19018
D:\DPS 920\DPS920_final_project\IMG\center_2026_08_01_19_54_40_257.jpg,D:\DPS 920\DPS920_final_project\IMG\left_2026_08_01_19_54_40_257.jpg,D:\DPS 920\DPS920_final_project\IMG\right_2026_08_01_19_54_40_257.jpg,-0.03383459,1.0,0.0,30.19024
D:\DPS 920\DPS920_final_project\IMG\center_2026_08_01_19_58_06_179.jpg,D:\DPS 920\DPS920_final_project\IMG\left_2026_08_01_19_58_06_179.jpg,D:\DPS 920\DPS920_final_project\IMG\right_2026_08_01_19_58_06_179.jpg,0.08270676,1.0,0.0,30.19066
D:\DPS 920\DPS920_final_project\IMG\center_2026_08_01_19_53_13_231.jpg,D:\DPS 920\DPS920_final_project\IMG\left_2026_08_01_19_53_13_231.jpg,D:\DPS 920\DPS920_final_project\IMG\right_2026_08_01_19_53_13_231.jpg,-0.1466165,1.0,0.0,30.18651
D:\DPS 920\DPS920_final_project\IMG\center_2026_08_01_19_52_27_901.jpg,D:\DPS 920\DPS920_final_project\IMG\left_2026_08_01_19_52_27_901.jpg,D:\DPS 920\DPS920_final_project\IMG\right_2026_08_01_19_52_27_901.jpg,-0.05639098,1.0,0.0,30.19032
D:\DPS 920\DPS920_final_project\IMG\center_2026_08_01_20_00_41_338.jpg,D:\DPS 920\DPS920_final_project\IMG\left_2026_08_01_20_00_41_338.jpg,D:\DPS 920\DPS920_final_project\IMG\right_2026_08_01_20_00_41_338.jpg,-0.2781955,1.0,0.0,30.18863
D:\DPS 920\DPS920_final_project\IMG\center_2026_08_01_20_02_15_950.jpg,D:\DPS 920\DPS920_final_project\IMG\left_2026_08_01_20_02_15_950.jpg,D:\DPS 920\DPS920_final_project\IMG\right_2026_08_01_20_02_15_950.jpg,0.1240602,1.0,0.0,30.18949
D:\DPS 920\DPS920_final_project\IMG\center_2026_08_01_20_00_41_051.jpg,D:\DPS 920\DPS920_final_project\IMG\left_2026_08_01_20_00_41_051.jpg,D:\DPS 920\DPS920_final_project\IMG\right_2026_08_01_20_00_41_051.jpg,-0.2819549,1.0,0.0,30.18825
D:\DPS 920\DPS920_final_project\IMG\center_2026_08_01_19_53_23_544.jpg,D:\DPS 920\DPS920_final_project\IMG\left_2026_08_01_19_53_23_544.jpg,D:\DPS 920\DPS920_final_project\IMG\right_2026_08_01_19_53_23_544.jpg,-0.04135338,1.0,0.0,30.19005
D:\DPS 920\DPS920_final_project\IMG\center_2026_08_01_20_01_20_898.jpg,D:\DPS 920\DPS920_final_project\IMG\left_2026_08_01_20_01_20_898.jpg,D:\DPS 920\DPS920_final_project\IMG\right_2026_08_01_20_01_20_898.jpg,0.03383459,1.0,0.0,30.19016
D:\DPS 920\DPS920_final_project\IMG\center_2026_08_01_19_50_56_087.jpg,D:\DPS 920\DPS920_final_project\IMG\left_2026_08_01_19_50_56_087.jpg,D:\DPS 920\DPS920_final_project\IMG\right_2026_08_01_19_50_56_087.jpg,-0.03007519,1.0,0.0,30.19025
D:\DPS 920\DPS920_final_project\IMG\center_2026_08_01_19_53_11_608.jpg,D:\DPS 920\DPS920_final_project\IMG\left_2026_08_01_19_53_11_608.jpg,D:\DPS 920\DPS920_final_project\IMG\right_2026_08_01_19_53_11_608.jpg,-0.1390978,1.0,0.0,30.18965
D:\DPS 920\DPS920_final_project\IMG\center_2026_08_01_19_53_33_481.jpg,D:\DPS 920\DPS920_final_project\IMG\left_2026_08_01_19_53_33_481.jpg,D:\DPS 920\DPS920_final_project\IMG\right_2026_08_01_19_53_33_481.jpg,-0.0112782,1.0,0.0,30.19029
D:\DPS 920\DPS920_final_project\IMG\center_2026_08_01_19_53_53_415.jpg,D:\DPS 920\DPS920_final_project\IMG\left_2026_08_01_19_53_53_415.jpg,D:\DPS 920\DPS920_final_project\IMG\right_2026_08_01_19_53_53_415.jpg,-0.1353384,1.0,0.0,30.18969
D:\DPS 920\DPS920_final_project\IMG\center_2026_08_01_19_59_17_216.jpg,D:\DPS 920\DPS920_final_project\IMG\left_2026_08_01_19_59_17_216.jpg,D:\DPS 920\DPS920_final_project\IMG\right_2026_08_01_19_59_17_216.jpg,-0.2669173,1.0,0.0,30.18348
D:\DPS 920\DPS920_final_project\IMG\center_2026_08_01_19_50_26_755.jpg,D:\DPS 920\DPS920_final_project\IMG\left_2026_08_01_19_50_26_755.jpg,D:\DPS 920\DPS920_final_project\IMG\right_2026_08_01_19_50_26_755.jpg,-0.2142857,1.0,0.0,23.57052
D:\DPS 920\DPS920_final_project\IMG\center_2026_08_01_19_53_03_346.jpg,D:\DPS 920\DPS920_final_project\IMG\left_2026_08_01_19_53_03_346.jpg,D:\DPS 920\DPS920_final_project\IMG\right_2026_08_01_19_53_03_346.jpg,0.2406015,1.0,0.0,30.1915
D:\DPS 920\DPS920_final_project\IMG\center_2026_08_01_19_53_27_734.jpg,D:\DPS 920\DPS920_final_project\IMG\left_2026_08_01_19_53_27_734.jpg,D:\DPS 920\DPS920_final_project\IMG\right_2026_08_01_19_53_27_734.jpg,-0.02255639,1.0,0.0,30.19008
D:\DPS 920\DPS920_final_project\IMG\center_2026_08_01_19_51_51_253.jpg,D:\DPS 920\DPS920_final_project\IMG\left_2026_08_01_19_51_51_253.jpg,D:\DPS 920\DPS920_final_project\IMG\right_2026_08_01_19_51_51_253.jpg,-0.1691729,1.0,0.0,30.18971
D:\DPS 920\DPS920_final_project\IMG\center_2026_08_01_19_54_34_496.jpg,D:\DPS 920\DPS920_final_project\IMG\left_2026_08_01_19_54_34_496.jpg,D:\DPS 920\DPS920_final_project\IMG\right_2026_08_01_19_54_34_496.jpg,-0.09774436,1.0,0.0,30.19002
D:\DPS 920\DPS920_final_project\IMG\center_2026_08_01_20_00_31_578.jpg,D:\DPS 920\DPS920_final_project\IMG\left_2026_08_01_20_00_31_578.jpg,D:\DPS 920\DPS920_final_project\IMG\right_2026_08_01_20_00_31_578.jpg,0.2030075,1.0,0.0,30.18997
D:\DPS 920\DPS920_final_project\IMG\center_2026_08_01_20_00_52_703.jpg,D:\DPS 920\DPS920_final_project\IMG\left_2026_08_01_20_00_52_703.jpg,D:\DPS 920\DPS920_final_project\IMG\right_2026_08_01_20_00_52_703.jpg,0.09022556,1.0,0.0,30.19144
D:\DPS 920\DPS920_final_project\IMG\center_2026_08_01_19_59_28_780.jpg,D:\DPS 920\DPS920_final_project\IMG\left_2026_08_01_19_59_28_780.jpg,D:\DPS 920\DPS920_final_project\IMG\right_2026_08_01_19_59_28_780.jpg,0.2142857,1.0,0.0,30.18932
D:\DPS 920\DPS920_final_project\IMG\center_2026_08_01_20_02_02_348.jpg,D:\DPS 920\DPS920_final_project\IMG\left_2026_08_01_20_02_02_348.jpg,D:\DPS 920\DPS920_final_project\IMG\right_2026_08_01_20_02_02_348.jpg,-0.08270676,1.0,0.0,30.1892
D:\DPS 920\DPS920_final_project\IMG\center_2026_08_01_19_53_10_612.jpg,D:\DPS 920\DPS920_final_project\IMG\left_2026_08_01_19_53_10_612.jpg,D:\DPS 920\DPS920_final_project\IMG\right_2026_08_01_19_53_10_612.jpg,-0.1165414,1.0,0.0,30.18983
D:\DPS 920\DPS920_final_project\IMG\center_2026_08_01_19_57_45_387.jpg,D:\DPS 920\DPS920_final_project\IMG\left_2026_08_01_19_57_45_387.jpg,D:\DPS 920\DPS920_final_project\IMG\right_2026_08_01_19_57_45_387.jpg,0.1766917,1.0,0.0,30.18976
D:\DPS 920\DPS920_final_project\IMG\center_2026_08_01_19_58_26_847.jpg,D:\DPS 920\DPS920_final_project\IMG\left_2026_08_01_19_58_26_847.jpg,D:\DPS 920\DPS920_final_project\IMG\right_2026_08_01_19_58_26_847.jpg,0.1090226,1.0,0.0,30.18995
D:\DPS 920\DPS920_final_project\IMG\center_2026_08_01_20_01_56_799.jpg,D:\DPS 920\DPS920_final_project\IMG\left_2026_08_01_20_01_56_799.jpg,D:\DPS 920\DPS920_final_project\IMG\right_2026_08_01_20_01_56_799.jpg,0.1353384,1.0,0.0,30.19027
D:\DPS 920\DPS920_final_project\IMG\center_2026_08_01_19_59_29_341.jpg,D:\DPS 920\DPS920_final_project\IMG\left_2026_08_01_19_59_29_341.jpg,D:\DPS 920\DPS920_final_project\IMG\right_2026_08_01_19_59_29_341.jpg,0.09774436,1.0,0.0,30.19093
D:\DPS 920\DPS920_final_project\IMG\center_2026_08_01_20_01_56_866.jpg,D:\DPS 920\DPS920_final_project\IMG\left_2026_08_01_20_01_56_866.jpg,D:\DPS 920\DPS920_final_project\IMG\right_2026_08_01_20_01_56_866.jpg,0.131579,1.0,0.0,30.19021
D:\DPS 920\DPS920_final_project\IMG\center_2026_08_01_19_52_21_881.jpg,D:\DPS 920\DPS920_final_project\IMG\left_2026_08_01_19_52_21_881.jpg,D:\DPS 920\DPS920_final_project\IMG\right_2026_08_01_19_52_21_881.jpg,-0.08646616,1.0,0.0,30.18884
D:\DPS 920\DPS920_final_project\IMG\center_2026_08_01_20_00_51_561.jpg,D:\DPS 920\DPS920_final_project\IMG\left_2026_08_01_20_00_51_561.jpg,D:\DPS 920\DPS920_final_project\IMG\right_2026_08_01_20_00_51_561.jpg,0.1992481,1.0,0.0,30.18971
D:\DPS 920\DPS920_final_project\IMG\center_2026_08_01_19_53_49_432.jpg,D:\DPS 920\DPS920_final_project\IMG\left_2026_08_01_19_53_49_432.jpg,D:\DPS 920\DPS920_final_project\IMG\right_2026_08_01_19_53_49_432.jpg,-0.06390978,1.0,0.0,30.19012
D:\DPS 920\DPS920_final_project\IMG\center_2026_08_01_20_00_18_897.jpg,D:\DPS 920\DPS920_final_project\IMG\left_2026_08_01_20_00_18_897.jpg,D:\DPS 920\DPS920_final_project\IMG\right_2026_08_01_20_00_18_897.jpg,0.03007519,1.0,0.0,30.19024
D:\DPS 920\DPS920_final_project\IMG\center_2026_08_01_19_52_37_365.jpg,D:\DPS 920\DPS920_final_project\IMG\left_2026_08_01_19_52_37_365.jpg,D:\DPS 920\DPS920_final_project\IMG\right_2026_08_01_19_52_37_365.jpg,-0.03007519,1.0,0.0,30.19024
D:\DPS 920\DPS920_final_project\IMG\center_2026_08_01_19_50_56_727.jpg,D:\DPS 920\DPS920_final_project\IMG\left_2026_08_01_19_50_56_727.jpg,D:\DPS 920\DPS920_final_project\IMG\right_2026_08_01_19_50_56_727.jpg,-0.03007519,1.0,0.0,30.19043
D:\DPS 920\DPS920_final_project\IMG\center_2026_08_01_19_54_25_793.jpg,D:\DPS 920\DPS920_final_project\IMG\left_2026_08_01_19_54_25_793.jpg,D:\DPS 920\DPS920_final_project\IMG\right_2026_08_01_19_54_25_793.jpg,0.1503759,1.0,0.0,30.18853
D:\DPS 920\DPS920_final_project\IMG\center_2026_08_01_20_00_49_724.jpg,D:\DPS 920\DPS920_final_project\IMG\left_2026_08_01_20_00_49_724.jpg,D:\DPS 920\DPS920_final_project\IMG\right_2026_08_01_20_00_49_724.jpg,0.1917293,1.0,0.0,30.18745
D:\DPS 920\DPS920_final_project\IMG\center_2026_08_01_20_01_07_642.jpg,D:\DPS 920\DPS920_final_project\IMG\left_2026_08_01_20_01_07_642.jpg,D:\DPS 920\DPS920_final_project\IMG\right_2026_08_01_20_01_07_642.jpg,0.0112782,1.0,0.0,30.19031
D:\DPS 920\DPS920_final_project\IMG\center_2026_08_01_19_52_52_400.jpg,D:\DPS 920\DPS920_final_project\IMG\left_2026_08_01_19_52_52_400.jpg,D:\DPS 920\DPS920_final_project\IMG\right_2026_08_01_19_52_52_400.jpg,-0.1842105,1.0,0.0,30.18933
D:\DPS 920\DPS920_final_project\IMG\center_2026_08_01_19_52_28_478.jpg,D:\DPS 920\DPS920_final_project\IMG\left_2026_08_01_19_52_28_478.jpg,D:\DPS 920\DPS920_final_project\IMG\right_2026_08_01_19_52_28_478.jpg,-0.1203007,1.0,0.0,30.18894
D:\DPS 920\DPS920_final_project\IMG\center_2026_08_01_19_50_40_291.jpg,D:\DPS 920\DPS920_final_project\IMG\left_2026_08_01_19_50_40_291.jpg,D:\DPS 920\DPS920_final_project\IMG\right_2026_08_01_19_50_40_291.jpg,-0.02255639,1.0,0.0,30.19029
D:\DPS 920\DPS920_final_project\IMG\center_2026_08_01_20_01_49_423.jpg,D:\DPS 920\DPS920_final_project\IMG\left_2026_08_01_20_01_49_423.jpg,D:\DPS 920\DPS920_final_project\IMG\right_2026_08_01_20_01_49_423.jpg,0.07142857,1.0,0.0,30.18998
D:\DPS 920\DPS920_final_project\IMG\center_2026_08_01_20_00_32_590.jpg,D:\DPS 920\DPS920_final_project\IMG\left_2026_08_01_20_00_32_590.jpg,D:\DPS 920\DPS920_final_project\IMG\right_2026_08_01_20_00_32_590.jpg,0.1766917,1.0,0.0,30.19032
D:\DPS 920\DPS920_final_project\IMG\center_2026_08_01_19_54_14_065.jpg,D:\DPS 920\DPS920_final_project\IMG\left_2026_08_01_19_54_14_065.jpg,D:\DPS 920\DPS920_final_project\IMG\right_2026_08_01_19_54_14_065.jpg,-0.06015037,1.0,0.0,30.19018
D:\DPS 920\DPS920_final_project\IMG\center_2026_08_01_19_57_39_193.jpg,D:\DPS 920\DPS920_final_project\IMG\left_2026_08_01_19_57_39_193.jpg,D:\DPS 920\DPS920_final_project\IMG\right_2026_08_01_19_57_39_193.jpg,0.06766918,1.0,0.0,30.18981
D:\DPS 920\DPS920_final_project\IMG\center_2026_08_01_20_00_32_515.jpg,D:\DPS 920\DPS920_final_project\IMG\left_2026_08_01_20_00_32_515.jpg,D:\DPS 920\DPS920_final_project\IMG\right_2026_08_01_20_00_32_515.jpg,0.1879699,1.0,0.0,30.19009
D:\DPS 920\DPS920_final_project\IMG\center_2026_08_01_19_51_05_656.jpg,D:\DPS 920\DPS920_final_project\IMG\left_2026_08_01_19_51_05_656.jpg,D:\DPS 920\DPS920_final_project\IMG\right_2026_08_01_19_51_05_656.jpg,-0.09398497,1.0,0.0,30.18968
D:\DPS 920\DPS920_final_project\IMG\center_2026_08_01_20_00_01_367.jpg,D:\DPS 920\DPS920_final_project\IMG\left_2026_08_01_20_00_01_367.jpg,D:\DPS 920\DPS920_final_project\IMG\right_2026_08_01_20_00_01_367.jpg,0.04135338,1.0,0.0,30.19021
D:\DPS 920\DPS920_final_project\IMG\center_2026_08_01_19_53_50_493.jpg,D:\DPS 920\DPS920_final_project\IMG\left_2026_08_01_19_53_50_493.jpg,D:\DPS 920\DPS920_final_project\IMG\right_2026_08_01_19_53_50_493.jpg,-0.07894737,1.0,0.0,30.19028
D:\DPS 920\DPS920_final_project\IMG\center_2026_08_01_19_57_51_756.jpg,D:\DPS 920\DPS920_final_project\IMG\left_2026_08_01_19_57_51_756.jpg,D:\DPS 920\DPS920_final_project\IMG\right_2026_08_01_19_57_51_756.jpg,0.01879699,1.0,0.0,30.19049
D:\DPS 920\DPS920_final_project\IMG\center_2026_08_01_19_57_53_060.jpg,D:\DPS 920\DPS920_final_project\IMG\left_2026_08_01_19_57_53_060.jpg,D:\DPS 920\DPS920_final_project\IMG\right_2026_08_01_19_57_53_060.jpg,-0.1654135,1.0,0.0,30.19012
D:\DPS 920\DPS920_final_project\IMG\center_2026_08_01_19_53_11_114.jpg,D:\DPS 920\DPS920_final_project\IMG\left_2026_08_01_19_53_11_114.jpg,D:\DPS 920\DPS920_final_project\IMG\right_2026_08_01_19_53_11_114.jpg,-0.1278196,1.0,0.0,30.18991
D:\DPS 920\DPS920_final_project\IMG\center_2026_08_01_19_59_02_130.jpg,D:\DPS 920\DPS920_final_project\IMG\left_2026_08_01_19_59_02_130.jpg,D:\DPS 920\DPS920_final_project\IMG\right_2026_08_01_19_59_02_130.jpg,0.06390978,1.0,0.0,30.19011
D:\DPS 920\DPS920_final_project\IMG\center_2026_08_01_20_01_49_571.jpg,D:\DPS 920\DPS920_final_project\IMG\left_2026_08_01_20_01_49_571.jpg,D:\DPS 920\DPS920_final_project\IMG\right_2026_08_01_20_01_49_571.jpg,0.07142857,1.0,0.0,30.1901
D:\DPS 920\DPS920_final_project\IMG\center_2026_08_01_19_54_33_654.jpg,D:\DPS 920\DPS920_final_project\IMG\left_2026_08_01_19_54_33_654.jpg,D:\DPS 920\DPS920_final_project\IMG\right_2026_08_01_19_54_33_654.jpg,-0.04511278,1.0,0.0,30.19014
D:\DPS 920\DPS920_final_project\IMG\center_2026_08_01_19_59_50_795.jpg,D:\DPS 920\DPS920_final_project\IMG\left_2026_08_01_19_59_50_795.jpg,D:\DPS 920\DPS920_final_project\IMG\right_2026_08_01_19_59_50_795.jpg,0.09774436,1.0,0.0,30.19011
D:\DPS 920\DPS920_final_project\IMG\center_2026_08_01_19_57_53_414.jpg,D:\DPS 920\DPS920_final_project\IMG\left_2026_08_01_19_57_53_414.jpg,D:\DPS 920\DPS920_final_project\IMG\right_2026_08_01_19_57_53_414.jpg,-0.1541353,1.0,0.0,30.19005
D:\DPS 920\DPS920_final_project\IMG\center_2026_08_01_20_01_13_153.jpg,D:\DPS 920\DPS920_final_project\IMG\left_2026_08_01_20_01_13_153.jpg,D:\DPS 920\DPS920_final_project\IMG\right_2026_08_01_20_01_13_153.jpg,0.1240602,1.0,0.0,30.19038
D:\DPS 920\DPS920_final_project\IMG\center_2026_08_01_19_57_45_691.jpg,D:\DPS 920\DPS920_final_project\IMG\left_2026_08_01_19_57_45_691.jpg,D:\DPS 920\DPS920_final_project\IMG\right_2026_08_01_19_57_45_691.jpg,0.131579,1.0,0.0,30.19091
D:\DPS 920\DPS920_final_project\IMG\center_2026_08_01_20_01_10_620.jpg,D:\DPS 920\DPS920_final_project\IMG\left_2026_08_01_20_01_10_620.jpg,D:\DPS 920\DPS920_final_project\IMG\right_2026_08_01_20_01_10_620.jpg,0.09398497,1.0,0.0,30.1901
D:\DPS 920\DPS920_final_project\IMG\center_2026_08_01_19_58_02_664.jpg,D:\DPS 920\DPS920_final_project\IMG\left_2026_08_01_19_58_02_664.jpg,D:\DPS 920\DPS920_final_project\IMG\right_2026_08_01_19_58_02_664.jpg,0.1917293,1.0,0.0,30.18883
D:\DPS 920\DPS920_final_project\IMG\center_2026_08_01_19_58_02_244.jpg,D:\DPS 920\DPS920_final_project\IMG\left_2026_08_01_19_58_02_244.jpg,D:\DPS 920\DPS920_final_project\IMG\right_2026_08_01_19_58_02_244.jpg,0.1428571,1.0,0.0,30.18933
D:\DPS 920\DPS920_final_project\IMG\center_2026_08_01_19_57_36_657.jpg,D:\DPS 920\DPS920_final_project\IMG\left_2026_08_01_19_57_36_657.jpg,D:\DPS 920\DPS920_final_project\IMG\right_2026_08_01_19_57_36_657.jpg,0.06390978,1.0,0.0,17.67759
D:\DPS 920\DPS920_final_project\IMG\center_2026_08_01_19_50_57_083.jpg,D:\DPS 920\DPS920_final_project\IMG\left_2026_08_01_19_50_57_083.jpg,D:\DPS 920\DPS920_final_project\IMG\right_2026_08_01_19_50_57_083.jpg,-0.03759398,1.0,0.0,30.19025
D:\DPS 920\DPS920_final_project\IMG\center_2026_08_01_19_58_27_687.jpg,D:\DPS 920\DPS920_final_project\IMG\left_2026_08_01_19_58_27_687.jpg,D:\DPS 920\DPS920_final_project\IMG\right_2026_08_01_19_58_27_687.jpg,0.1428571,1.0,0.0,30.19068
D:\DPS 920\DPS920_final_project\IMG\center_2026_08_01_19_50_57_011.jpg,D:\DPS 920\DPS920_final_project\IMG\left_2026_08_01_19_50_57_011.jpg,D:\DPS 920\DPS920_final_project\IMG\right_2026_08_01_19_50_57_011.jpg,-0.03759398,1.0,0.0,30.19019
D:\DPS 920\DPS920_final_project\IMG\center_2026_08_01_19_52_54_093.jpg,D:\DPS 920\DPS920_final_project\IMG\left_2026_08_01_19_52_54_093.jpg,D:\DPS 920\DPS920_final_project\IMG\right_2026_08_01_19_52_54_093.jpg,-0.1992481,1.0,0.0,30.18958
D:\DPS 920\DPS920_final_project\IMG\center_2026_08_01_19_53_22_463.jpg,D:\DPS 920\DPS920_final_project\IMG\left_2026_08_01_19_53_22_463.jpg,D:\DPS 920\DPS920_final_project\IMG\right_2026_08_01_19_53_22_463.jpg,-0.007518797,1.0,0.0,30.19033
D:\DPS 920\DPS920_final_project\IMG\center_2026_08_01_19_57_35_960.jpg,D:\DPS 920\DPS920_final_project\IMG\left_2026_08_01_19_57_35_960.jpg,D:\DPS 920\DPS920_final_project\IMG\right_2026_08_01_19_57_35_960.jpg,0.0,1.0,0.0,10.2764
D:\DPS 920\DPS920_final_project\IMG\center_2026_08_01_20_01_25_091.jpg,D:\DPS 920\DPS920_final_project\IMG\left_2026_08_01_20_01_25_091.jpg,D:\DPS 920\DPS920_final_project\IMG\right_2026_08_01_20_01_25_091.jpg,0.007518797,1.0,0.0,30.19031
D:\DPS 920\DPS920_final_project\IMG\center_2026_08_01_19_57_51_031.jpg,D:\DPS 920\DPS920_final_project\IMG\left_2026_08_01_19_57_51_031.jpg,D:\DPS 920\DPS920_final_project\IMG\right_2026_08_01_19_57_51_031.jpg,0.06766918,1.0,0.0,30.18998
D:\DPS 920\DPS920_final_project\IMG\center_2026_08_01_19_53_38_743.jpg,D:\DPS 920\DPS920_final_project\IMG\left_2026_08_01_19_53_38_743.jpg,D:\DPS 920\DPS920_final_project\IMG\right_2026_08_01_19_53_38_743.jpg,-0.003759398,1.0,0.0,30.19041
D:\DPS 920\DPS920_final_project\IMG\center_2026_08_01_19_54_29_501.jpg,D:\DPS 920\DPS920_final_project\IMG\left_2026_08_01_19_54_29_501.jpg,D:\DPS 920\DPS920_final_project\IMG\right_2026_08_01_19_54_29_501.jpg,-0.003759398,1.0,0.0,30.19036
D:\DPS 920\DPS920_final_project\IMG\center_2026_08_01_19_59_49_833.jpg,D:\DPS 920\DPS920_final_project\IMG\left_2026_08_01_19_59_49_833.jpg,D:\DPS 920\DPS920_final_project\IMG\right_2026_08_01_19_59_49_833.jpg,0.08646616,1.0,0.0,30.18996
D:\DPS 920\DPS920_final_project\IMG\center_2026_08_01_19_51_08_285.jpg,D:\DPS 920\DPS920_final_project\IMG\left_2026_08_01_19_51_08_285.jpg,D:\DPS 920\DPS920_final_project\IMG\right_2026_08_01_19_51_08_285.jpg,-0.06015037,1.0,0.0,30.1904
D:\DPS 920\DPS920_final_project\IMG\center_2026_08_01_20_00_40_210.jpg,D:\DPS 920\DPS920_final_project\IMG\left_2026_08_01_20_00_40_210.jpg,D:\DPS 920\DPS920_final_project\IMG\right_2026_08_01_20_00_40_210.jpg,-0.1466165,1.0,0.0,30.18941
D:\DPS 920\DPS920_final_project\IMG\center_2026_08_01_20_00_39_504.jpg,D:\DPS 920\DPS920_final_project\IMG\left_2026_08_01_20_00_39_504.jpg,D:\DPS 920\DPS920_final_project\IMG\right_2026_08_01_20_00_39_504.jpg,-0.07894737,1.0,0.0,30.19016
D:\DPS 920\DPS920_final_project\IMG\center_2026_08_01_20_01_52_964.jpg,D:\DPS 920\DPS920_final_project\IMG\left_2026_08_01_20_01_52_964.jpg,D:\DPS 920\DPS920_final_project\IMG\right_2026_08_01_20_01_52_964.jpg,0.1240602,1.0,0.0,30.18973
D:\DPS 920\DPS920_final_project\IMG\center_2026_08_01_20_02_07_025.jpg,D:\DPS 920\DPS920_final_project\IMG\left_2026_08_01_20_02_07_025.jpg,D:\DPS 920\DPS920_final_project\IMG\right_2026_08_01_20_02_07_025.jpg,-0.04135338,1.0,0.0,30.18997
D:\DPS 920\DPS920_final_project\IMG\center_2026_08_01_19_53_46_512.jpg,D:\DPS 920\DPS920_final_project\IMG\left_2026_08_01_19_53_46_512.jpg,D:\DPS 920\DPS920_final_project\IMG\right_2026_08_01_19_53_46_512.jpg,-0.01879699,1.0,0.0,30.19048
D:\DPS 920\DPS920_final_project\IMG\center_2026_08_01_19_54_35_835.jpg,D:\DPS 920\DPS920_final_project\IMG\left_2026_08_01_19_54_35_835.jpg,D:\DPS 920\DPS920_final_project\IMG\right_2026_08_01_19_54_35_835.jpg,-0.1541353,1.0,0.0,30.18903
D:\DPS 920\DPS920_final_project\IMG\center_2026_08_01_19_54_40_989.jpg,D:\DPS 920\DPS920_final_project\IMG\left_2026_08_01_19_54_40_989.jpg,D:\DPS 920\DPS920_final_project\IMG\right_2026_08_01_19_54_40_989.jpg,-0.04887218,1.0,0.0,30.19036
D:\DPS 920\DPS920_final_project\IMG\center_2026_08_01_19_58_48_916.jpg,D:\DPS 920\DPS920_final_project\IMG\left_2026_08_01_19_58_48_916.jpg,D:\DPS 920\DPS920_final_project\IMG\right_2026_08_01_19_58_48_916.jpg,0.03383459,1.0,0.0,30.19034
D:\DPS 920\DPS920_final_project\IMG\center_2026_08_01_19_54_44_474.jpg,D:\DPS 920\DPS920_final_project\IMG\left_2026_08_01_19_54_44_474.jpg,D:\DPS 920\DPS920_final_project\IMG\right_2026_08_01_19_54_44_474.jpg,-0.07142857,1.0,0.0,30.19027
D:\DPS 920\DPS920_final_project\IMG\center_2026_08_01_19_59_54_152.jpg,D:\DPS 920\DPS920_final_project\IMG\left_2026_08_01_19_59_54_152.jpg,D:\DPS 920\DPS920_final_project\IMG\right_2026_08_01_19_59_54_152.jpg,0.04511278,1.0,0.0,30.19032
D:\DPS 920\DPS920_final_project\IMG\center_2026_08_01_19_57_45_246.jpg,D:\DPS 920\DPS920_final_project\IMG\left_2026_08_01_19_57_45_246.jpg,D:\DPS 920\DPS920_final_project\IMG\right_2026_08_01_19_57_45_246.jpg,0.1766917,1.0,0.0,30.18943
D:\DPS 920\DPS920_final_project\IMG\center_2026_08_01_19_59_08_695.jpg,D:\DPS 920\DPS920_final_project\IMG\left_2026_08_01_19_59_08_695.jpg,D:\DPS 920\DPS920_final_project\IMG\right_2026_08_01_19_59_08_695.jpg,0.09774436,1.0,0.0,30.18967
D:\DPS 920\DPS920_final_project\IMG\center_2026_08_01_19_54_35_486.jpg,D:\DPS 920\DPS920_final_project\IMG\left_2026_08_01_19_54_35_486.jpg,D:\DPS 920\DPS920_final_project\IMG\right_2026_08_01_19_54_35_486.jpg,-0.1240602,1.0,0.0,30.18951
D:\DPS 920\DPS920_final_project\IMG\center_2026_08_01_19_58_40_832.jpg,D:\DPS 920\DPS920_final_project\IMG\left_2026_08_01_19_58_40_832.jpg,D:\DPS 920\DPS920_final_project\IMG\right_2026_08_01_19_58_40_832.jpg,0.02255639,1.0,0.0,30.19028
D:\DPS 920\DPS920_final_project\IMG\center_2026_08_01_19_52_52_471.jpg,D:\DPS 920\DPS920_final_project\IMG\left_2026_08_01_19_52_52_471.jpg,D:\DPS 920\DPS920_final_project\IMG\right_2026_08_01_19_52_52_471.jpg,-0.1842105,1.0,0.0,30.18857
D:\DPS 920\DPS920_final_project\IMG\center_2026_08_01_19_53_51_523.jpg,D:\DPS 920\DPS920_final_project\IMG\left_2026_08_01_19_53_51_523.jpg,D:\DPS 920\DPS920_final_project\IMG\right_2026_08_01_19_53_51_523.jpg,-0.08646616,1.0,0.0,30.19009
D:\DPS 920\DPS920_final_project\IMG\center_2026_08_01_19_50_57_523.jpg,D:\DPS 920\DPS920_final_project\IMG\left_2026_08_01_19_50_57_523.jpg,D:\DPS 920\DPS920_final_project\IMG\right_2026_08_01_19_50_57_523.jpg,-0.04135338,1.0,0.0,30.19026
D:\DPS 920\DPS920_final_project\IMG\center_2026_08_01_19_52_54_841.jpg,D:\DPS 920\DPS920_final_project\IMG\left_2026_08_01_19_52_54_841.jpg,D:\DPS 920\DPS920_final_project\IMG\right_2026_08_01_19_52_54_841.jpg,-0.1804511,1.0,0.0,30.18969
D:\DPS 920\DPS920_final_project\IMG\center_2026_08_01_19_57_52_262.jpg,D:\DPS 920\DPS920_final_project\IMG\left_2026_08_01_19_57_52_262.jpg,D:\DPS 920\DPS920_final_project\IMG\right_2026_08_01_19_57_52_262.jpg,-0.1466165,1.0,0.0,30.18792
D:\DPS 920\DPS920_final_project\IMG\center_2026_08_01_20_02_16_647.jpg,D:\DPS 920\DPS920_final_project\IMG\left_2026_08_01_20_02_16_647.jpg,D:\DPS 920\DPS920_final_project\IMG\right_2026_08_01_20_02_16_647.jpg,0.1390978,1.0,0.0,30.19055
D:\DPS 920\DPS920_final_project\IMG\center_2026_08_01_19_59_19_734.jpg,D:\DPS 920\DPS920_final_project\IMG\left_2026_08_01_19_59_19_734.jpg,D:\DPS 920\DPS920_final_project\IMG\right_2026_08_01_19_59_19_734.jpg,-0.04135338,1.0,0.0,30.1905
D:\DPS 920\DPS920_final_project\IMG\center_2026_08_01_19_57_47_937.jpg,D:\DPS 920\DPS920_final_project\IMG\left_2026_08_01_19_57_47_937.jpg,D:\DPS 920\DPS920_final_project\IMG\right_2026_08_01_19_57_47_937.jpg,0.06015037,1.0,0.0,30.19025
D:\DPS 920\DPS920_final_project\IMG\center_2026_08_01_20_00_31_725.jpg,D:\DPS 920\DPS920_final_project\IMG\left_2026_08_01_20_00_31_725.jpg,D:\DPS 920\DPS920_final_project\IMG\right_2026_08_01_20_00_31_725.jpg,0.2030075,1.0,0.0,30.1896
D:\DPS 920\DPS920_final_project\IMG\center_2026_08_01_20_01_43_419.jpg,D:\DPS 920\DPS920_final_project\IMG\left_2026_08_01_20_01_43_419.jpg,D:\DPS 920\DPS920_final_project\IMG\right_2026_08_01_20_01_43_419.jpg,0.03007519,1.0,0.0,30.19027
D:\DPS 920\DPS920_final_project\IMG\center_2026_08_01_19_51_51_549.jpg,D:\DPS 920\DPS920_final_project\IMG\left_2026_08_01_19_51_51_549.jpg,D:\DPS 920\DPS920_final_project\IMG\right_2026_08_01_19_51_51_549.jpg,-0.1428571,1.0,0.0,30.19033
D:\DPS 920\DPS920_final_project\IMG\center_2026_08_01_19_57_41_623.jpg,D:\DPS 920\DPS920_final_project\IMG\left_2026_08_01_19_57_41_623.jpg,D:\DPS 920\DPS920_final_project\IMG\right_2026_08_01_19_57_41_623.jpg,0.1278196,1.0,0.0,30.18927
D:\DPS 920\DPS920_final_project\IMG\center_2026_08_01_19_51_10_653.jpg,D:\DPS 920\DPS920_final_project\IMG\left_2026_08_01_19_51_10_653.jpg,D:\DPS 920\DPS920_final_project\IMG\right_2026_08_01_19_51_10_653.jpg,-0.05263158,1.0,0.0,30.1901
D:\DPS 920\DPS920_final_project\IMG\center_2026_08_01_19_51_08_975.jpg,D:\DPS 920\DPS920_final_project\IMG\left_2026_08_01_19_51_08_975.jpg,D:\DPS 920\DPS920_final_project\IMG\right_2026_08_01_19_51_08_975.jpg,-0.08646616,1.0,0.0,30.19007
D:\DPS 920\DPS920_final_project\IMG\center_2026_08_01_20_01_52_475.jpg,D:\DPS 920\DPS920_final_project\IMG\left_2026_08_01_20_01_52_475.jpg,D:\DPS 920\DPS920_final_project\IMG\right_2026_08_01_20_01_52_475.jpg,0.1015038,1.0,0.0,30.19008
D:\DPS 920\DPS920_final_project\IMG\center_2026_08_01_20_00_26_546.jpg,D:\DPS 920\DPS920_final_project\IMG\left_2026_08_01_20_00_26_546.jpg,D:\DPS 920\DPS920_final_project\IMG\right_2026_08_01_20_00_26_546.jpg,0.1052632,1.0,0.0,30.19002
D:\DPS 920\DPS920_final_project\IMG\center_2026_08_01_19_52_12_440.jpg,D:\DPS 920\DPS920_final_project\IMG\left_2026_08_01_19_52_12_440.jpg,D:\DPS 920\DPS920_final_project\IMG\right_2026_08_01_19_52_12_440.jpg,-0.003759398,1.0,0.0,30.19027
D:\DPS 920\DPS920_final_project\IMG\center_2026_08_01_20_02_04_550.jpg,D:\DPS 920\DPS920_final_project\IMG\left_2026_08_01_20_02_04_550.jpg,D:\DPS 920\DPS920_final_project\IMG\right_2026_08_01_20_02_04_550.jpg,-0.368421,1.0,0.0,30.17897
D:\DPS 920\DPS920_final_project\IMG\center_2026_08_01_19_54_27_717.jpg,D:\DPS 920\DPS920_final_project\IMG\left_2026_08_01_19_54_27_717.jpg,D:\DPS 920\DPS920_final_project\IMG\right_2026_08_01_19_54_27_717.jpg,0.2067669,1.0,0.0,30.19191
D:\DPS 920\DPS920_final_project\IMG\center_2026_08_01_19_58_02_873.jpg,D:\DPS 920\DPS920_final_project\IMG\left_2026_08_01_19_58_02_873.jpg,D:\DPS 920\DPS920_final_project\IMG\right_2026_08_01_19_58_02_873.jpg,0.2030075,1.0,0.0,30.18923
D:\DPS 920\DPS920_final_project\IMG\center_2026_08_01_19_59_05_527.jpg,D:\DPS 920\DPS920_final_project\IMG\left_2026_08_01_19_59_05_527.jpg,D:\DPS 920\DPS920_final_project\IMG\right_2026_08_01_19_59_05_527.jpg,0.06390978,1.0,0.0,30.19031
D:\DPS 920\DPS920_final_project\IMG\center_2026_08_01_19_54_19_210.jpg,D:\DPS 920\DPS920_final_project\IMG\left_2026_08_01_19_54_19_210.jpg,D:\DPS 920\DPS920_final_project\IMG\right_2026_08_01_19_54_19_210.jpg,-0.1390978,1.0,0.0,30.1899
D:\DPS 920\DPS920_final_project\IMG\center_2026_08_01_20_01_48_033.jpg,D:\DPS 920\DPS920_final_project\IMG\left_2026_08_01_20_01_48_033.jpg,D:\DPS 920\DPS920_final_project\IMG\right_2026_08_01_20_01_48_033.jpg,0.05639098,1.0,0.0,30.19033
D:\DPS 920\DPS920_final_project\IMG\center_2026_08_01_19_50_37_394.jpg,D:\DPS 920\DPS920_final_project\IMG\left_2026_08_01_19_50_37_394.jpg,D:\DPS 920\DPS920_final_project\IMG\right_2026_08_01_19_50_37_394.jpg,-0.01503759,1.0,0.0,30.19029
D:\DPS 920\DPS920_final_project\IMG\center_2026_08_01_19_59_37_397.jpg,D:\DPS 920\DPS920_final_project\IMG\left_2026_08_01_19_59_37_397.jpg,D:\DPS 920\DPS920_final_project\IMG\right_2026_08_01_19_59_37_397.jpg,0.007518797,1.0,0.0,30.19062
D:\DPS 920\DPS920_final_project\IMG\center_2026_08_01_19_51_57_049.jpg,D:\DPS 920\DPS920_final_project\IMG\left_2026_08_01_19_51_57_049.jpg,D:\DPS 920\DPS920_final_project\IMG\right_2026_08_01_19_51_57_049.jpg,-0.08270676,1.0,0.0,30.19016
D:\DPS 920\DPS920_final_project\IMG\center_2026_08_01_19_51_49_114.jpg,D:\DPS 920\DPS920_final_project\IMG\left_2026_08_01_19_51_49_114.jpg,D:\DPS 920\DPS920_final_project\IMG\right_2026_08_01_19_51_49_114.jpg,-0.1917293,1.0,0.0,30.18966
D:\DPS 920\DPS920_final_project\IMG\center_2026_08_01_19_59_18_575.jpg,D:\DPS 920\DPS920_final_project\IMG\left_2026_08_01_19_59_18_575.jpg,D:\DPS 920\DPS920_final_project\IMG\right_2026_08_01_19_59_18_575.jpg,-0.1654135,1.0,0.0,30.19027
D:\DPS 920\DPS920_final_project\IMG\center_2026_08_01_19_52_53_635.jpg,D:\DPS 920\DPS920_final_project\IMG\left_2026_08_01_19_52_53_635.jpg,D:\DPS 920\DPS920_final_project\IMG\right_2026_08_01_19_52_53_635.jpg,-0.1804511,1.0,0.0,30.18889
D:\DPS 920\DPS920_final_project\IMG\center_2026_08_01_20_00_51_633.jpg,D:\DPS 920\DPS920_final_project\IMG\left_2026_08_01_20_00_51_633.jpg,D:\DPS 920\DPS920_final_project\IMG\right_2026_08_01_20_00_51_633.jpg,0.1992481,1.0,0.0,30.19076
D:\DPS 920\DPS920_final_project\IMG\center_2026_08_01_20_00_12_131.jpg,D:\DPS 920\DPS920_final_project\IMG\left_2026_08_01_20_00_12_131.jpg,D:\DPS 920\DPS920_final_project\IMG\right_2026_08_01_20_00_12_131.jpg,0.003759398,1.0,0.0,30.19029
D:\DPS 920\DPS920_final_project\IMG\center_2026_08_01_19_54_16_522.jpg,D:\DPS 920\DPS920_final_project\IMG\left_2026_08_01_19_54_16_522.jpg,D:\DPS 920\DPS920_final_project\IMG\right_2026_08_01_19_54_16_522.jpg,-0.2067669,1.0,0.0,30.18948
D:\DPS 920\DPS920_final_project\IMG\center_2026_08_01_19_53_35_536.jpg,D:\DPS 920\DPS920_final_project\IMG\left_2026_08_01_19_53_35_536.jpg,D:\DPS 920\DPS920_final_project\IMG\right_2026_08_01_19_53_35_536.jpg,-0.0112782,1.0,0.0,30.19029
D:\DPS 920\DPS920_final_project\IMG\center_2026_08_01_20_01_56_934.jpg,D:\DPS 920\DPS920_final_project\IMG\left_2026_08_01_20_01_56_934.jpg,D:\DPS 920\DPS920_final_project\IMG\right_2026_08_01_20_01_56_934.jpg,0.131579,1.0,0.0,30.19011
D:\DPS 920\DPS920_final_project\IMG\center_2026_08_01_19_53_35_304.jpg,D:\DPS 920\DPS920_final_project\IMG\left_2026_08_01_19_53_35_304.jpg,D:\DPS 920\DPS920_final_project\IMG\right_2026_08_01_19_53_35_304.jpg,-0.007518797,1.0,0.0,30.19029
D:\DPS 920\DPS920_final_project\IMG\center_2026_08_01_19_59_50_568.jpg,D:\DPS 920\DPS920_final_project\IMG\left_2026_08_01_19_59_50_568.jpg,D:\DPS 920\DPS920_final_project\IMG\right_2026_08_01_19_59_50_568.jpg,0.09774436,1.0,0.0,30.19051
D:\DPS 920\DPS920_final_project\IMG\center_2026_08_01_19_50_31_125.jpg,D:\DPS 920\DPS920_final_project\IMG\left_2026_08_01_19_50_31_125.jpg,D:\DPS 920\DPS920_final_project\IMG\right_2026_08_01_19_50_31_125.jpg,-0.04511278,1.0,0.0,30.19033
D:\DPS 920\DPS920_final_project\IMG\center_2026_08_01_19_50_33_325.jpg,D:\DPS 920\DPS920_final_project\IMG\left_2026_08_01_19_50_33_325.jpg,D:\DPS 920\DPS920_final_project\IMG\right_2026_08_01_19_50_33_325.jpg,-0.06766918,1.0,0.0,30.19022
D:\DPS 920\DPS920_final_project\IMG\center_2026_08_01_19_58_03_593.jpg,D:\DPS 920\DPS920_final_project\IMG\left_2026_08_01_19_58_03_593.jpg,D:\DPS 920\DPS920_final_project\IMG\right_2026_08_01_19_58_03_593.jpg,0.2142857,1.0,0.0,30.18989
D:\DPS 920\DPS920_final_project\IMG\center_2026_08_01_20_00_30_534.jpg,D:\DPS 920\DPS920_final_project\IMG\left_2026_08_01_20_00_30_534.jpg,D:\DPS 920\DPS920_final_project\IMG\right_2026_08_01_20_00_30_534.jpg,0.1466165,1.0,0.0,30.18936
D:\DPS 920\DPS920_final_project\IMG\center_2026_08_01_19_52_11_908.jpg,D:\DPS 920\DPS920_final_project\IMG\left_2026_08_01_19_52_11_908.jpg,D:\DPS 920\DPS920_final_project\IMG\right_2026_08_01_19_52_11_908.jpg,-0.003759398,1.0,0.0,30.19029
D:\DPS 920\DPS920_final_project\IMG\center_2026_08_01_19_53_37_386.jpg,D:\DPS 920\DPS920_final_project\IMG\left_2026_08_01_19_53_37_386.jpg,D:\DPS 920\DPS920_final_project\IMG\right_2026_08_01_19_53_37_386.jpg,-0.0112782,1.0,0.0,30.19027
D:\DPS 920\DPS920_final_project\IMG\center_2026_08_01_19_59_17_786.jpg,D:\DPS 920\DPS920_final_project\IMG\left_2026_08_01_19_59_17_786.jpg,D:\DPS 920\DPS920_final_project\IMG\right_2026_08_01_19_59_17_786.jpg,-0.2067669,1.0,0.0,30.19183
D:\DPS 920\DPS920_final_project\IMG\center_2026_08_01_19_57_39_263.jpg,D:\DPS 920\DPS920_final_project\IMG\left_2026_08_01_19_57_39_263.jpg,D:\DPS 920\DPS920_final_project\IMG\right_2026_08_01_19_57_39_263.jpg,0.08270676,1.0,0.0,30.1896
D:\DPS 920\DPS920_final_project\IMG\center_2026_08_01_19_52_24_586.jpg,D:\DPS 920\DPS920_final_project\IMG\left_2026_08_01_19_52_24_586.jpg,D:\DPS 920\DPS920_final_project\IMG\right_2026_08_01_19_52_24_586.jpg,-0.04511278,1.0,0.0,30.19044
D:\DPS 920\DPS920_final_project\IMG\center_2026_08_01_19_59_51_173.jpg,D:\DPS 920\DPS920_final_project\IMG\left_2026_08_01_19_59_51_173.jpg,D:\DPS 920\DPS920_final_project\IMG\right_2026_08_01_19_59_51_173.jpg,0.09774436,1.0,0.0,30.18741
D:\DPS 920\DPS920_final_project\IMG\center_2026_08_01_20_02_03_345.jpg,D:\DPS 920\DPS920_final_project\IMG\left_2026_08_01_20_02_03_345.jpg,D:\DPS 920\DPS920_final_project\IMG\right_2026_08_01_20_02_03_345.jpg,-0.05263158,1.0,0.0,30.19028
D:\DPS 920\DPS920_final_project\IMG\center_2026_08_01_20_01_17_924.jpg,D:\DPS 920\DPS920_final_project\IMG\left_2026_08_01_20_01_17_924.jpg,D:\DPS 920\DPS920_final_project\IMG\right_2026_08_01_20_01_17_924.jpg,0.06390978,1.0,0.0,30.19027
D:\DPS 920\DPS920_final_project\IMG\center_2026_08_01_20_00_36_158.jpg,D:\DPS 920\DPS920_final_project\IMG\left_2026_08_01_20_00_36_158.jpg,D:\DPS 920\DPS920_final_project\IMG\right_2026_08_01_20_00_36_158.jpg,-0.007518797,1.0,0.0,30.19028
D:\DPS 920\DPS920_final_project\IMG\center_2026_08_01_20_00_52_846.jpg,D:\DPS 920\DPS920_final_project\IMG\left_2026_08_01_20_00_52_846.jpg,D:\DPS 920\DPS920_final_project\IMG\right_2026_08_01_20_00_52_846.jpg,0.09022556,1.0,0.0,30.19022
D:\DPS 920\DPS920_final_project\IMG\center_2026_08_01_19_50_27_178.jpg,D:\DPS 920\DPS920_final_project\IMG\left_2026_08_01_19_50_27_178.jpg,D:\DPS 920\DPS920_final_project\IMG\right_2026_08_01_19_50_27_178.jpg,-0.1804511,1.0,0.0,27.55998
D:\DPS 920\DPS920_final_project\IMG\center_2026_08_01_19_53_57_379.jpg,D:\DPS 920\DPS920_final_project\IMG\left_2026_08_01_19_53_57_379.jpg,D:\DPS 920\DPS920_final_project\IMG\right_2026_08_01_19_53_57_379.jpg,-0.04887218,1.0,0.0,30.19013
D:\DPS 920\DPS920_final_project\IMG\center_2026_08_01_20_00_32_672.jpg,D:\DPS 920\DPS920_final_project\IMG\left_2026_08_01_20_00_32_672.jpg,D:\DPS 920\DPS920_final_project\IMG\right_2026_08_01_20_00_32_672.jpg,0.1654135,1.0,0.0,30.19057
D:\DPS 920\DPS920_final_project\IMG\center_2026_08_01_20_01_37_398.jpg,D:\DPS 920\DPS920_final_project\IMG\left_2026_08_01_20_01_37_398.jpg,D:\DPS 920\DPS920_final_project\IMG\right_2026_08_01_20_01_37_398.jpg,0.0112782,1.0,0.0,30.19029
D:\DPS 920\DPS920_final_project\IMG\center_2026_08_01_19_53_05_694.jpg,D:\DPS 920\DPS920_final_project\IMG\left_2026_08_01_19_53_05_694.jpg,D:\DPS 920\DPS920_final_project\IMG\right_2026_08_01_19_53_05_694.jpg,0.1165414,1.0,0.0,30.18839
D:\DPS 920\DPS920_final_project\IMG\center_2026_08_01_20_02_13_971.jpg,D:\DPS 920\DPS920_final_project\IMG\left_2026_08_01_20_02_13_971.jpg,D:\DPS 920\DPS920_final_project\IMG\right_2026_08_01_20_02_13_971.jpg,0.2443609,1.0,0.0,30.19064
D:\DPS 920\DPS920_final_project\IMG\center_2026_08_01_20_00_15_504.jpg,D:\DPS 920\DPS920_final_project\IMG\left_2026_08_01_20_00_15_504.jpg,D:\DPS 920\DPS920_final_project\IMG\right_2026_08_01_20_00_15_504.jpg,0.02255639,1.0,0.0,30.19028
D:\DPS 920\DPS920_final_project\IMG\center_2026_08_01_19_59_33_524.jpg,D:\DPS 920\DPS920_final_project\IMG\left_2026_08_01_19_59_33_524.jpg,D:\DPS 920\DPS920_final_project\IMG\right_2026_08_01_19_59_33_524.jpg,0.0,1.0,0.0,30.19061
D:\DPS 920\DPS920_final_project\IMG\center_2026_08_01_19_50_59_715.jpg,D:\DPS 920\DPS920_final_project\IMG\left_2026_08_01_19_50_59_715.jpg,D:\DPS 920\DPS920_final_project\IMG\right_2026_08_01_19_50_59_715.jpg,-0.04511278,1.0,0.0,30.19027
D:\DPS 920\DPS920_final_project\IMG\center_2026_08_01_20_01_16_858.jpg,D:\DPS 920\DPS920_final_project\IMG\left_2026_08_01_20_01_16_858.jpg,D:\DPS 920\DPS920_final_project\IMG\right_2026_08_01_20_01_16_858.jpg,0.09398497,1.0,0.0,30.19024
D:\DPS 920\DPS920_final_project\IMG\center_2026_08_01_19_58_37_161.jpg,D:\DPS 920\DPS920_final_project\IMG\left_2026_08_01_19_58_37_161.jpg,D:\DPS 920\DPS920_final_project\IMG\right_2026_08_01_19_58_37_161.jpg,0.03383459,1.0,0.0,30.19031
D:\DPS 920\DPS920_final_project\IMG\center_2026_08_01_19_51_48_285.jpg,D:\DPS 920\DPS920_final_project\IMG\left_2026_08_01_19_51_48_285.jpg,D:\DPS 920\DPS920_final_project\IMG\right_2026_08_01_19_51_48_285.jpg,-0.1353384,1.0,0.0,30.1894
D:\DPS 920\DPS920_final_project\IMG\center_2026_08_01_20_00_03_129.jpg,D:\DPS 920\DPS920_final_project\IMG\left_2026_08_01_20_00_03_129.jpg,D:\DPS 920\DPS920_final_project\IMG\right_2026_08_01_20_00_03_129.jpg,0.0112782,1.0,0.0,30.19028
D:\DPS 920\DPS920_final_project\IMG\center_2026_08_01_20_00_50_001.jpg,D:\DPS 920\DPS920_final_project\IMG\left_2026_08_01_20_00_50_001.jpg,D:\DPS 920\DPS920_final_project\IMG\right_2026_08_01_20_00_50_001.jpg,0.1954887,1.0,0.0,30.18974
D:\DPS 920\DPS920_final_project\IMG\center_2026_08_01_20_02_16_438.jpg,D:\DPS 920\DPS920_final_project\IMG\left_2026_08_01_20_02_16_438.jpg,D:\DPS 920\DPS920_final_project\IMG\right_2026_08_01_20_02_16_438.jpg,0.1766917,1.0,0.0,30.18936
D:\DPS 920\DPS920_final_project\IMG\center_2026_08_01_19_52_22_092.jpg,D:\DPS 920\DPS920_final_project\IMG\left_2026_08_01_19_52_22_092.jpg,D:\DPS 920\DPS920_final_project\IMG\right_2026_08_01_19_52_22_092.jpg,-0.09398497,1.0,0.0,30.1897
D:\DPS 920\DPS920_final_project\IMG\center_2026_08_01_20_00_50_145.jpg,D:\DPS 920\DPS920_final_project\IMG\left_2026_08_01_20_00_50_145.jpg,D:\DPS 920\DPS920_final_project\IMG\right_2026_08_01_20_00_50_145.jpg,0.2067669,1.0,0.0,30.18958
D:\DPS 920\DPS920_final_project\IMG\center_2026_08_01_19_59_06_334.jpg,D:\DPS 920\DPS920_final_project\IMG\left_2026_08_01_19_59_06_334.jpg,D:\DPS 920\DPS920_final_project\IMG\right_2026_08_01_19_59_06_334.jpg,0.1240602,1.0,0.0,30.19019
D:\DPS 920\DPS920_final_project\IMG\center_2026_08_01_19_51_49_185.jpg,D:\DPS 920\DPS920_final_project\IMG\left_2026_08_01_19_51_49_185.jpg,D:\DPS 920\DPS920_final_project\IMG\right_2026_08_01_19_51_49_185.jpg,-0.1879699,1.0,0.0,30.18977
D:\DPS 920\DPS920_final_project\IMG\center_2026_08_01_20_02_04_483.jpg,D:\DPS 920\DPS920_final_project\IMG\left_2026_08_01_20_02_04_483.jpg,D:\DPS 920\DPS920_final_project\IMG\right_2026_08_01_20_02_04_483.jpg,-0.3233083,1.0,0.0,30.18221
D:\DPS 920\DPS920_final_project\IMG\center_2026_08_01_19_58_03_954.jpg,D:\DPS 920\DPS920_final_project\IMG\left_2026_08_01_19_58_03_954.jpg,D:\DPS 920\DPS920_final_project\IMG\right_2026_08_01_19_58_03_954.jpg,0.2180451,1.0,0.0,30.18934
D:\DPS 920\DPS920_final_project\IMG\center_2026_08_01_19_53_11_681.jpg,D:\DPS 920\DPS920_final_project\IMG\left_2026_08_01_19_53_11_681.jpg,D:\DPS 920\DPS920_final_project\IMG\right_2026_08_01_19_53_11_681.jpg,-0.1390978,1.0,0.0,30.18975
D:\DPS 920\DPS920_final_project\IMG\center_2026_08_01_19_51_40_465.jpg,D:\DPS 920\DPS920_final_project\IMG\left_2026_08_01_19_51_40_465.jpg,D:\DPS 920\DPS920_final_project\IMG\right_2026_08_01_19_51_40_465.jpg,0.1804511,1.0,0.0,30.19181
D:\DPS 920\DPS920_final_project\IMG\center_2026_08_01_19_52_26_862.jpg,D:\DPS 920\DPS920_final_project\IMG\left_2026_08_01_19_52_26_862.jpg,D:\DPS 920\DPS920_final_project\IMG\right_2026_08_01_19_52_26_862.jpg,-0.05639098,1.0,0.0,30.19015
D:\DPS 920\DPS920_final_project\IMG\center_2026_08_01_20_00_20_994.jpg,D:\DPS 920\DPS920_final_project\IMG\left_2026_08_01_20_00_20_994.jpg,D:\DPS 920\DPS920_final_project\IMG\right_2026_08_01_20_00_20_994.jpg,0.04135338,1.0,0.0,30.19026
D:\DPS 920\DPS920_final_project\IMG\center_2026_08_01_20_00_52_207.jpg,D:\DPS 920\DPS920_final_project\IMG\left_2026_08_01_20_00_52_207.jpg,D:\DPS 920\DPS920_final_project\IMG\right_2026_08_01_20_00_52_207.jpg,0.1578947,1.0,0.0,30.19088
D:\DPS 920\DPS920_final_project\IMG\center_2026_08_01_20_01_54_986.jpg,D:\DPS 920\DPS920_final_project\IMG\left_2026_08_01_20_01_54_986.jpg,D:\DPS 920\DPS920_final_project\IMG\right_2026_08_01_20_01_54_986.jpg,0.1503759,1.0,0.0,30.19024
D:\DPS 920\DPS920_final_project\IMG\center_2026_08_01_20_01_42_668.jpg,D:\DPS 920\DPS920_final_project\IMG\left_2026_08_01_20_01_42_668.jpg,D:\DPS 920\DPS920_final_project\IMG\right_2026_08_01_20_01_42_668.jpg,0.03007519,1.0,0.0,30.19027
D:\DPS 920\DPS920_final_project\IMG\center_2026_08_01_19_53_03_839.jpg,D:\DPS 920\DPS920_final_project\IMG\left_2026_08_01_19_53_03_839.jpg,D:\DPS 920\DPS920_final_project\IMG\right_2026_08_01_19_53_03_839.jpg,0.1203007,1.0,0.0,30.19502
D:\DPS 920\DPS920_final_project\IMG\center_2026_08_01_19_59_24_669.jpg,D:\DPS 920\DPS920_final_project\IMG\left_2026_08_01_19_59_24_669.jpg,D:\DPS 920\DPS920_final_project\IMG\right_2026_08_01_19_59_24_669.jpg,0.09022556,1.0,0.0,30.18993
D:\DPS 920\DPS920_final_project\IMG\center_2026_08_01_19_59_13_250.jpg,D:\DPS 920\DPS920_final_project\IMG\left_2026_08_01_19_59_13_250.jpg,D:\DPS 920\DPS920_final_project\IMG\right_2026_08_01_19_59_13_250.jpg,0.01879699,1.0,0.0,30.19031
D:\DPS 920\DPS920_final_project\IMG\center_2026_08_01_19_52_28_825.jpg,D:\DPS 920\DPS920_final_project\IMG\left_2026_08_01_19_52_28_825.jpg,D:\DPS 920\DPS920_final_project\IMG\right_2026_08_01_19_52_28_825.jpg,-0.1240602,1.0,0.0,30.18989
D:\DPS 920\DPS920_final_project\IMG\center_2026_08_01_19_52_30_080.jpg,D:\DPS 920\DPS920_final_project\IMG\left_2026_08_01_19_52_30_080.jpg,D:\DPS 920\DPS920_final_project\IMG\right_2026_08_01_19_52_30_080.jpg,-0.1015038,1.0,0.0,30.19014
D:\DPS 920\DPS920_final_project\IMG\center_2026_08_01_20_02_00_791.jpg,D:\DPS 920\DPS920_final_project\IMG\left_2026_08_01_20_02_00_791.jpg,D:\DPS 920\DPS920_final_project\IMG\right_2026_08_01_20_02_00_791.jpg,-0.1090226,1.0,0.0,30.18905
D:\DPS 920\DPS920_final_project\IMG\center_2026_08_01_19_51_27_572.jpg,D:\DPS 920\DPS920_final_project\IMG\left_2026_08_01_19_51_27_572.jpg,D:\DPS 920\DPS920_final_project\IMG\right_2026_08_01_19_51_27_572.jpg,-0.06015037,1.0,0.0,30.19001
D:\DPS 920\DPS920_final_project\IMG\center_2026_08_01_19_57_49_528.jpg,D:\DPS 920\DPS920_final_project\IMG\left_2026_08_01_19_57_49_528.jpg,D:\DPS 920\DPS920_final_project\IMG\right_2026_08_01_19_57_49_528.jpg,-0.07894737,1.0,0.0,30.19016
D:\DPS 920\DPS920_final_project\IMG\center_2026_08_01_19_54_32_810.jpg,D:\DPS 920\DPS920_final_project\IMG\left_2026_08_01_19_54_32_810.jpg,D:\DPS 920\DPS920_final_project\IMG\right_2026_08_01_19_54_32_810.jpg,-0.02631579,1.0,0.0,30.19024
D:\DPS 920\DPS920_final_project\IMG\center_2026_08_01_19_58_03_311.jpg,D:\DPS 920\DPS920_final_project\IMG\left_2026_08_01_19_58_03_311.jpg,D:\DPS 920\DPS920_final_project\IMG\right_2026_08_01_19_58_03_311.jpg,0.2067669,1.0,0.0,30.18928
D:\DPS 920\DPS920_final_project\IMG\center_2026_08_01_19_53_10_968.jpg,D:\DPS 920\DPS920_final_project\IMG\left_2026_08_01_19_53_10_968.jpg,D:\DPS 920\DPS920_final_project\IMG\right_2026_08_01_19_53_10_968.jpg,-0.1278196,1.0,0.0,30.18975
D:\DPS 920\DPS920_final_project\IMG\center_2026_08_01_20_00_50_716.jpg,D:\DPS 920\DPS920_final_project\IMG\left_2026_08_01_20_00_50_716.jpg,D:\DPS 920\DPS920_final_project\IMG\right_2026_08_01_20_00_50_716.jpg,0.2105263,1.0,0.0,30.18926
D:\DPS 920\DPS920_final_project\IMG\center_2026_08_01_19_52_29_176.jpg,D:\DPS 920\DPS920_final_project\IMG\left_2026_08_01_19_52_29_176.jpg,D:\DPS 920\DPS920_final_project\IMG\right_2026_08_01_19_52_29_176.jpg,-0.1052632,1.0,0.0,30.18994
D:\DPS 920\DPS920_final_project\IMG\center_2026_08_01_19_54_26_291.jpg,D:\DPS 920\DPS920_final_project\IMG\left_2026_08_01_19_54_26_291.jpg,D:\DPS 920\DPS920_final_project\IMG\right_2026_08_01_19_54_26_291.jpg,0.1879699,1.0,0.0,30.18968
D:\DPS 920\DPS920_final_project\IMG\center_2026_08_01_19_58_07_685.jpg,D:\DPS 920\DPS920_final_project\IMG\left_2026_08_01_19_58_07_685.jpg,D:\DPS 920\DPS920_final_project\IMG\right_2026_08_01_19_58_07_685.jpg,-0.03759398,1.0,0.0,30.18998
D:\DPS 920\DPS920_final_project\IMG\center_2026_08_01_20_00_48_596.jpg,D:\DPS 920\DPS920_final_project\IMG\left_2026_08_01_20_00_48_596.jpg,D:\DPS 920\DPS920_final_project\IMG\right_2026_08_01_20_00_48_596.jpg,0.06015037,1.0,0.0,30.19007
D:\DPS 920\DPS920_final_project\IMG\center_2026_08_01_19_53_15_792.jpg,D:\DPS 920\DPS920_final_project\IMG\left_2026_08_01_19_53_15_792.jpg,D:\DPS 920\DPS920_final_project\IMG\right_2026_08_01_19_53_15_792.jpg,-0.09398497,1.0,0.0,30.18982
D:\DPS 920\DPS920_final_project\IMG\center_2026_08_01_19_50_55_643.jpg,D:\DPS 920\DPS920_final_project\IMG\left_2026_08_01_19_50_55_643.jpg,D:\DPS 920\DPS920_final_project\IMG\right_2026_08_01_19_50_55_643.jpg,-0.02631579,1.0,0.0,30.1901
D:\DPS 920\DPS920_final_project\IMG\center_2026_08_01_20_02_13_608.jpg,D:\DPS 920\DPS920_final_project\IMG\left_2026_08_01_20_02_13_608.jpg,D:\DPS 920\DPS920_final_project\IMG\right_2026_08_01_20_02_13_608.jpg,0.2518797,1.0,0.0,30.18714
D:\DPS 920\DPS920_final_project\IMG\center_2026_08_01_19_59_18_144.jpg,D:\DPS 920\DPS920_final_project\IMG\left_2026_08_01_19_59_18_144.jpg,D:\DPS 920\DPS920_final_project\IMG\right_2026_08_01_19_59_18_144.jpg,-0.2030075,1.0,0.0,30.1894
D:\DPS 920\DPS920_final_project\IMG\center_2026_08_01_19_53_25_686.jpg,D:\DPS 920\DPS920_final_project\IMG\left_2026_08_01_19_53_25_686.jpg,D:\DPS 920\DPS920_final_project\IMG\right_2026_08_01_19_53_25_686.jpg,-0.03007519,1.0,0.0,30.19031
D:\DPS 920\DPS920_final_project\IMG\center_2026_08_01_19_54_16_667.jpg,D:\DPS 920\DPS920_final_project\IMG\left_2026_08_01_19_54_16_667.jpg,D:\DPS 920\DPS920_final_project\IMG\right_2026_08_01_19_54_16_667.jpg,-0.1879699,1.0,0.0,30.19069
D:\DPS 920\DPS920_final_project\IMG\center_2026_08_01_19_51_39_678.jpg,D:\DPS 920\DPS920_final_project\IMG\left_2026_08_01_19_51_39_678.jpg,D:\DPS 920\DPS920_final_project\IMG\right_2026_08_01_19_51_39_678.jpg,0.2293233,1.0,0.0,30.18996
D:\DPS 920\DPS920_final_project\IMG\center_2026_08_01_19_51_49_831.jpg,D:\DPS 920\DPS920_final_project\IMG\left_2026_08_01_19_51_49_831.jpg,D:\DPS 920\DPS920_final_project\IMG\right_2026_08_01_19_51_49_831.jpg,-0.1503759,1.0,0.0,30.18984
D:\DPS 920\DPS920_final_project\IMG\center_2026_08_01_19_52_00_213.jpg,D:\DPS 920\DPS920_final_project\IMG\left_2026_08_01_19_52_00_213.jpg,D:\DPS 920\DPS920_final_project\IMG\right_2026_08_01_19_52_00_213.jpg,-0.02255639,1.0,0.0,30.19031
D:\DPS 920\DPS920_final_project\IMG\center_2026_08_01_19_58_54_039.jpg,D:\DPS 920\DPS920_final_project\IMG\left_2026_08_01_19_58_54_039.jpg,D:\DPS 920\DPS920_final_project\IMG\right_2026_08_01_19_58_54_039.jpg,0.03759398,1.0,0.0,30.19024
D:\DPS 920\DPS920_final_project\IMG\center_2026_08_01_20_01_26_925.jpg,D:\DPS 920\DPS920_final_project\IMG\left_2026_08_01_20_01_26_925.jpg,D:\DPS 920\DPS920_final_project\IMG\right_2026_08_01_20_01_26_925.jpg,0.01503759,1.0,0.0,30.19029
D:\DPS 920\DPS920_final_project\IMG\center_2026_08_01_19_51_50_684.jpg,D:\DPS 920\DPS920_final_project\IMG\left_2026_08_01_19_51_50_684.jpg,D:\DPS 920\DPS920_final_project\IMG\right_2026_08_01_19_51_50_684.jpg,-0.1691729,1.0,0.0,30.18964
D:\DPS 920\DPS920_final_project\IMG\center_2026_08_01_20_00_49_793.jpg,D:\DPS 920\DPS920_final_project\IMG\left_2026_08_01_20_00_49_793.jpg,D:\DPS 920\DPS920_final_project\IMG\right_2026_08_01_20_00_49_793.jpg,0.1954887,1.0,0.0,30.18792
D:\DPS 920\DPS920_final_project\IMG\center_2026_08_01_20_02_17_435.jpg,D:\DPS 920\DPS920_final_project\IMG\left_2026_08_01_20_02_17_435.jpg,D:\DPS 920\DPS920_final_project\IMG\right_2026_08_01_20_02_17_435.jpg,0.01879699,1.0,0.0,30.19025
D:\DPS 920\DPS920_final_project\IMG\center_2026_08_01_19_57_39_897.jpg,D:\DPS 920\DPS920_final_project\IMG\left_2026_08_01_19_57_39_897.jpg,D:\DPS 920\DPS920_final_project\IMG\right_2026_08_01_19_57_39_897.jpg,0.1015038,1.0,0.0,30.19033
D:\DPS 920\DPS920_final_project\IMG\center_2026_08_01_19_57_48_160.jpg,D:\DPS 920\DPS920_final_project\IMG\left_2026_08_01_19_57_48_160.jpg,D:\DPS 920\DPS920_final_project\IMG\right_2026_08_01_19_57_48_160.jpg,0.06015037,1.0,0.0,30.19019
D:\DPS 920\DPS920_final_project\IMG\center_2026_08_01_19_52_25_234.jpg,D:\DPS 920\DPS920_final_project\IMG\left_2026_08_01_19_52_25_234.jpg,D:\DPS 920\DPS920_final_project\IMG\right_2026_08_01_19_52_25_234.jpg,-0.04887218,1.0,0.0,30.19019
D:\DPS 920\DPS920_final_project\IMG\center_2026_08_01_20_01_05_940.jpg,D:\DPS 920\DPS920_final_project\IMG\left_2026_08_01_20_01_05_940.jpg,D:\DPS 920\DPS920_final_project\IMG\right_2026_08_01_20_01_05_940.jpg,0.1052632,1.0,0.0,30.18917
D:\DPS 920\DPS920_final_project\IMG\center_2026_08_01_19_52_23_933.jpg,D:\DPS 920\DPS920_final_project\IMG\left_2026_08_01_19_52_23_933.jpg,D:\DPS 920\DPS920_final_project\IMG\right_2026_08_01_19_52_23_933.jpg,-0.03759398,1.0,0.0,30.19015
D:\DPS 920\DPS920_final_project\IMG\center_2026_08_01_20_02_09_738.jpg,D:\DPS 920\DPS920_final_project\IMG\left_2026_08_01_20_02_09_738.jpg,D:\DPS 920\DPS920_final_project\IMG\right_2026_08_01_20_02_09_738.jpg,0.07518797,1.0,0.0,30.19016
D:\DPS 920\DPS920_final_project\IMG\center_2026_08_01_19_53_20_660.jpg,D:\DPS 920\DPS920_final_project\IMG\left_2026_08_01_19_53_20_660.jpg,D:\DPS 920\DPS920_final_project\IMG\right_2026_08_01_19_53_20_660.jpg,-0.07894737,1.0,0.0,30.19015
D:\DPS 920\DPS920_final_project\IMG\center_2026_08_01_19_54_26_149.jpg,D:\DPS 920\DPS920_final_project\IMG\left_2026_08_01_19_54_26_149.jpg,D:\DPS 920\DPS920_final_project\IMG\right_2026_08_01_19_54_26_149.jpg,0.1804511,1.0,0.0,30.18892
D:\DPS 920\DPS920_final_project\IMG\center_2026_08_01_19_58_24_844.jpg,D:\DPS 920\DPS920_final_project\IMG\left_2026_08_01_19_58_24_844.jpg,D:\DPS 920\DPS920_final_project\IMG\right_2026_08_01_19_58_24_844.jpg,0.09398497,1.0,0.0,30.19058
D:\DPS 920\DPS920_final_project\IMG\center_2026_08_01_19_50_27_677.jpg,D:\DPS 920\DPS920_final_project\IMG\left_2026_08_01_19_50_27_677.jpg,D:\DPS 920\DPS920_final_project\IMG\right_2026_08_01_19_50_27_677.jpg,-0.1353384,1.0,0.0,30.19041
D:\DPS 920\DPS920_final_project\IMG\center_2026_08_01_19_53_53_206.jpg,D:\DPS 920\DPS920_final_project\IMG\left_2026_08_01_19_53_53_206.jpg,D:\DPS 920\DPS920_final_project\IMG\right_2026_08_01_19_53_53_206.jpg,-0.1353384,1.0,0.0,30.18869
D:\DPS 920\DPS920_final_project\IMG\center_2026_08_01_19_51_39_893.jpg,D:\DPS 920\DPS920_final_project\IMG\left_2026_08_01_19_51_39_893.jpg,D:\DPS 920\DPS920_final_project\IMG\right_2026_08_01_19_51_39_893.jpg,0.2481203,1.0,0.0,30.18638
D:\DPS 920\DPS920_final_project\IMG\center_2026_08_01_20_00_03_471.jpg,D:\DPS 920\DPS920_final_project\IMG\left_2026_08_01_20_00_03_471.jpg,D:\DPS 920\DPS920_final_project\IMG\right_2026_08_01_20_00_03_471.jpg,0.0112782,1.0,0.0,30.19032
D:\DPS 920\DPS920_final_project\IMG\center_2026_08_01_20_00_25_643.jpg,D:\DPS 920\DPS920_final_project\IMG\left_2026_08_01_20_00_25_643.jpg,D:\DPS 920\DPS920_final_project\IMG\right_2026_08_01_20_00_25_643.jpg,0.06015037,1.0,0.0,30.19018
D:\DPS 920\DPS920_final_project\IMG\center_2026_08_01_19_50_26_139.jpg,D:\DPS 920\DPS920_final_project\IMG\left_2026_08_01_19_50_26_139.jpg,D:\DPS 920\DPS920_final_project\IMG\right_2026_08_01_19_50_26_139.jpg,-0.1466165,1.0,0.0,17.21853
D:\DPS 920\DPS920_final_project\IMG\center_2026_08_01_19_53_58_017.jpg,D:\DPS 920\DPS920_final_project\IMG\left_2026_08_01_19_53_58_017.jpg,D:\DPS 920\DPS920_final_project\IMG\right_2026_08_01_19_53_58_017.jpg,-0.03007519,1.0,0.0,30.19028
D:\DPS 920\DPS920_final_project\IMG\center_2026_08_01_20_01_09_333.jpg,D:\DPS 920\DPS920_final_project\IMG\left_2026_08_01_20_01_09_333.jpg,D:\DPS 920\DPS920_final_project\IMG\right_2026_08_01_20_01_09_333.jpg,0.03007519,1.0,0.0,30.19023
D:\DPS 920\DPS920_final_project\IMG\center_2026_08_01_19_53_51_385.jpg,D:\DPS 920\DPS920_final_project\IMG\left_2026_08_01_19_53_51_385.jpg,D:\DPS 920\DPS920_final_project\IMG\right_2026_08_01_19_53_51_385.jpg,-0.08646616,1.0,0.0,30.19011
D:\DPS 920\DPS920_final_project\IMG\center_2026_08_01_19_53_31_202.jpg,D:\DPS 920\DPS920_final_project\IMG\left_2026_08_01_19_53_31_202.jpg,D:\DPS 920\DPS920_final_project\IMG\right_2026_08_01_19_53_31_202.jpg,-0.01879699,1.0,0.0,30.19029
D:\DPS 920\DPS920_final_project\IMG\center_2026_08_01_19_59_23_474.jpg,D:\DPS 920\DPS920_final_project\IMG\left_2026_08_01_19_59_23_474.jpg,D:\DPS 920\DPS920_final_project\IMG\right_2026_08_01_19_59_23_474.jpg,-0.04135338,1.0,0.0,30.18941
D:\DPS 920\DPS920_final_project\IMG\center_2026_08_01_19_51_23_491.jpg,D:\DPS 920\DPS920_final_project\IMG\left_2026_08_01_19_51_23_491.jpg,D:\DPS 920\DPS920_final_project\IMG\right_2026_08_01_19_51_23_491.jpg,-0.003759398,1.0,0.0,30.18996
D:\DPS 920\DPS920_final_project\IMG\center_2026_08_01_19_58_59_864.jpg,D:\DPS 920\DPS920_final_project\IMG\left_2026_08_01_19_58_59_864.jpg,D:\DPS 920\DPS920_final_project\IMG\right_2026_08_01_19_58_59_864.jpg,0.05639098,1.0,0.0,30.19023
D:\DPS 920\DPS920_final_project\IMG\center_2026_08_01_20_00_18_461.jpg,D:\DPS 920\DPS920_final_project\IMG\left_2026_08_01_20_00_18_461.jpg,D:\DPS 920\DPS920_final_project\IMG\right_2026_08_01_20_00_18_461.jpg,0.02255639,1.0,0.0,30.19026
D:\DPS 920\DPS920_final_project\IMG\center_2026_08_01_19_57_44_589.jpg,D:\DPS 920\DPS920_final_project\IMG\left_2026_08_01_19_57_44_589.jpg,D:\DPS 920\DPS920_final_project\IMG\right_2026_08_01_19_57_44_589.jpg,0.2218045,1.0,0.0,30.19069
D:\DPS 920\DPS920_final_project\IMG\center_2026_08_01_19_51_46_875.jpg,D:\DPS 920\DPS920_final_project\IMG\left_2026_08_01_19_51_46_875.jpg,D:\DPS 920\DPS920_final_project\IMG\right_2026_08_01_19_51_46_875.jpg,-0.06015037,1.0,0.0,30.19027
D:\DPS 920\DPS920_final_project\IMG\center_2026_08_01_19_57_38_475.jpg,D:\DPS 920\DPS920_final_project\IMG\left_2026_08_01_19_57_38_475.jpg,D:\DPS 920\DPS920_final_project\IMG\right_2026_08_01_19_57_38_475.jpg,-0.04887218,1.0,0.0,30.19028
D:\DPS 920\DPS920_final_project\IMG\center_2026_08_01_19_54_07_673.jpg,D:\DPS 920\DPS920_final_project\IMG\left_2026_08_01_19_54_07_673.jpg,D:\DPS 920\DPS920_final_project\IMG\right_2026_08_01_19_54_07_673.jpg,-0.003759398,1.0,0.0,30.18991
D:\DPS 920\DPS920_final_project\IMG\center_2026_08_01_19_59_51_638.jpg,D:\DPS 920\DPS920_final_project\IMG\left_2026_08_01_19_59_51_638.jpg,D:\DPS 920\DPS920_final_project\IMG\right_2026_08_01_19_59_51_638.jpg,0.09774436,1.0,0.0,30.19012
D:\DPS 920\DPS920_final_project\IMG\center_2026_08_01_19_57_44_277.jpg,D:\DPS 920\DPS920_final_project\IMG\left_2026_08_01_19_57_44_277.jpg,D:\DPS 920\DPS920_final_project\IMG\right_2026_08_01_19_57_44_277.jpg,0.2368421,1.0,0.0,30.18817
D:\DPS 920\DPS920_final_project\IMG\center_2026_08_01_19_51_39_750.jpg,D:\DPS 920\DPS920_final_project\IMG\left_2026_08_01_19_51_39_750.jpg,D:\DPS 920\DPS920_final_project\IMG\right_2026_08_01_19_51_39_750.jpg,0.2481203,1.0,0.0,30.18699
D:\DPS 920\DPS920_final_project\IMG\center_2026_08_01_19_57_38_124.jpg,D:\DPS 920\DPS920_final_project\IMG\left_2026_08_01_19_57_38_124.jpg,D:\DPS 920\DPS920_final_project\IMG\right_2026_08_01_19_57_38_124.jpg,-0.03007519,1.0,0.0,30.1888
D:\DPS 920\DPS920_final_project\IMG\center_2026_08_01_19_53_10_680.jpg,D:\DPS 920\DPS920_final_project\IMG\left_2026_08_01_19_53_10_680.jpg,D:\DPS 920\DPS920_final_project\IMG\right_2026_08_01_19_53_10_680.jpg,-0.1203007,1.0,0.0,30.18946
D:\DPS 920\DPS920_final_project\IMG\center_2026_08_01_19_59_51_329.jpg,D:\DPS 920\DPS920_final_project\IMG\left_2026_08_01_19_59_51_329.jpg,D:\DPS 920\DPS920_final_project\IMG\right_2026_08_01_19_59_51_329.jpg,0.09774436,1.0,0.0,30.1898
D:\DPS 920\DPS920_final_project\IMG\center_2026_08_01_19_53_34_713.jpg,D:\DPS 920\DPS920_final_project\IMG\left_2026_08_01_19_53_34_713.jpg,D:\DPS 920\DPS920_final_project\IMG\right_2026_08_01_19_53_34_713.jpg,-0.007518797,1.0,0.0,30.1903
D:\DPS 920\DPS920_final_project\IMG\center_2026_08_01_19_54_00_785.jpg,D:\DPS 920\DPS920_final_project\IMG\left_2026_08_01_19_54_00_785.jpg,D:\DPS 920\DPS920_final_project\IMG\right_2026_08_01_19_54_00_785.jpg,-0.03007519,1.0,0.0,30.19014
D:\DPS 920\DPS920_final_project\IMG\center_2026_08_01_19_59_56_985.jpg,D:\DPS 920\DPS920_final_project\IMG\left_2026_08_01_19_59_56_985.jpg,D:\DPS 920\DPS920_final_project\IMG\right_2026_08_01_19_59_56_985.jpg,0.03759398,1.0,0.0,30.19021
D:\DPS 920\DPS920_final_project\IMG\center_2026_08_01_20_02_09_893.jpg,D:\DPS 920\DPS920_final_project\IMG\left_2026_08_01_20_02_09_893.jpg,D:\DPS 920\DPS920_final_project\IMG\right_2026_08_01_20_02_09_893.jpg,0.07518797,1.0,0.0,30.19025
D:\DPS 920\DPS920_final_project\IMG\center_2026_08_01_20_02_22_397.jpg,D:\DPS 920\DPS920_final_project\IMG\left_2026_08_01_20_02_22_397.jpg,D:\DPS 920\DPS920_final_project\IMG\right_2026_08_01_20_02_22_397.jpg,0.1052632,1.0,0.0,30.18894
D:\DPS 920\DPS920_final_project\IMG\center_2026_08_01_20_01_37_250.jpg,D:\DPS 920\DPS920_final_project\IMG\left_2026_08_01_20_01_37_250.jpg,D:\DPS 920\DPS920_final_project\IMG\right_2026_08_01_20_01_37_250.jpg,0.0112782,1.0,0.0,30.19029
D:\DPS 920\DPS920_final_project\IMG\center_2026_08_01_19_53_35_379.jpg,D:\DPS 920\DPS920_final_project\IMG\left_2026_08_01_19_53_35_379.jpg,D:\DPS 920\DPS920_final_project\IMG\right_2026_08_01_19_53_35_379.jpg,-0.0112782,1.0,0.0,30.19029
D:\DPS 920\DPS920_final_project\IMG\center_2026_08_01_19_53_51_247.jpg,D:\DPS 920\DPS920_final_project\IMG\left_2026_08_01_19_53_51_247.jpg,D:\DPS 920\DPS920_final_project\IMG\right_2026_08_01_19_53_51_247.jpg,-0.08270676,1.0,0.0,30.19014
D:\DPS 920\DPS920_final_project\IMG\center_2026_08_01_19_53_04_430.jpg,D:\DPS 920\DPS920_final_project\IMG\left_2026_08_01_19_53_04_430.jpg,D:\DPS 920\DPS920_final_project\IMG\right_2026_08_01_19_53_04_430.jpg,0.2218045,1.0,0.0,30.18803
D:\DPS 920\DPS920_final_project\IMG\center_2026_08_01_20_01_42_297.jpg,D:\DPS 920\DPS920_final_project\IMG\left_2026_08_01_20_01_42_297.jpg,D:\DPS 920\DPS920_final_project\IMG\right_2026_08_01_20_01_42_297.jpg,0.03007519,1.0,0.0,30.19026
D:\DPS 920\DPS920_final_project\IMG\center_2026_08_01_19_50_53_727.jpg,D:\DPS 920\DPS920_final_project\IMG\left_2026_08_01_19_50_53_727.jpg,D:\DPS 920\DPS920_final_project\IMG\right_2026_08_01_19_50_53_727.jpg,-0.01503759,1.0,0.0,30.19028
D:\DPS 920\DPS920_final_project\IMG\center_2026_08_01_20_00_26_616.jpg,D:\DPS 920\DPS920_final_project\IMG\left_2026_08_01_20_00_26_616.jpg,D:\DPS 920\DPS920_final_project\IMG\right_2026_08_01_20_00_26_616.jpg,0.1052632,1.0,0.0,30.18991
D:\DPS 920\DPS920_final_project\IMG\center_2026_08_01_19_58_46_229.jpg,D:\DPS 920\DPS920_final_project\IMG\left_2026_08_01_19_58_46_229.jpg,D:\DPS 920\DPS920_final_project\IMG\right_2026_08_01_19_58_46_229.jpg,0.02255639,1.0,0.0,30.19023
D:\DPS 920\DPS920_final_project\IMG\center_2026_08_01_19_57_57_299.jpg,D:\DPS 920\DPS920_final_project\IMG\left_2026_08_01_19_57_57_299.jpg,D:\DPS 920\DPS920_final_project\IMG\right_2026_08_01_19_57_57_299.jpg,0.02255639,1.0,0.0,30.19014
D:\DPS 920\DPS920_final_project\IMG\center_2026_08_01_19_53_14_785.jpg,D:\DPS 920\DPS920_final_project\IMG\left_2026_08_01_19_53_14_785.jpg,D:\DPS 920\DPS920_final_project\IMG\right_2026_08_01_19_53_14_785.jpg,-0.1428571,1.0,0.0,30.19014
D:\DPS 920\DPS920_final_project\IMG\center_2026_08_01_19_59_40_532.jpg,D:\DPS 920\DPS920_final_project\IMG\left_2026_08_01_19_59_40_532.jpg,D:\DPS 920\DPS920_final_project\IMG\right_2026_08_01_19_59_40_532.jpg,0.04511278,1.0,0.0,30.17048
D:\DPS 920\DPS920_final_project\IMG\center_2026_08_01_19_52_51_597.jpg,D:\DPS 920\DPS920_final_project\IMG\left_2026_08_01_19_52_51_597.jpg,D:\DPS 920\DPS920_final_project\IMG\right_2026_08_01_19_52_51_597.jpg,-0.1729323,1.0,0.0,30.1881
D:\DPS 920\DPS920_final_project\IMG\center_2026_08_01_19_59_02_911.jpg,D:\DPS 920\DPS920_final_project\IMG\left_2026_08_01_19_59_02_911.jpg,D:\DPS 920\DPS920_final_project\IMG\right_2026_08_01_19_59_02_911.jpg,0.08270676,1.0,0.0,30.19002
D:\DPS 920\DPS920_final_project\IMG\center_2026_08_01_19_54_36_184.jpg,D:\DPS 920\DPS920_final_project\IMG\left_2026_08_01_19_54_36_184.jpg,D:\DPS 920\DPS920_final_project\IMG\right_2026_08_01_19_54_36_184.jpg,-0.2067669,1.0,0.0,30.18863
D:\DPS 920\DPS920_final_project\IMG\center_2026_08_01_19_58_54_834.jpg,D:\DPS 920\DPS920_final_project\IMG\left_2026_08_01_19_58_54_834.jpg,D:\DPS 920\DPS920_final_project\IMG\right_2026_08_01_19_58_54_834.jpg,0.06390978,1.0,0.0,30.19018
D:\DPS 920\DPS920_final_project\IMG\center_2026_08_01_19_51_29_205.jpg,D:\DPS 920\DPS920_final_project\IMG\left_2026_08_01_19_51_29_205.jpg,D:\DPS 920\DPS920_final_project\IMG\right_2026_08_01_19_51_29_205.jpg,-0.1992481,1.0,0.0,30.18946
D:\DPS 920\DPS920_final_project\IMG\center_2026_08_01_19_54_36_809.jpg,D:\DPS 920\DPS920_final_project\IMG\left_2026_08_01_19_54_36_809.jpg,D:\DPS 920\DPS920_final_project\IMG\right_2026_08_01_19_54_36_809.jpg,-0.1616541,1.0,0.0,30.19064
D:\DPS 920\DPS920_final_project\IMG\center_2026_08_01_19_54_37_855.jpg,D:\DPS 920\DPS920_final_project\IMG\left_2026_08_01_19_54_37_855.jpg,D:\DPS 920\DPS920_final_project\IMG\right_2026_08_01_19_54_37_855.jpg,-0.1691729,1.0,0.0,30.18909
D:\DPS 920\DPS920_final_project\IMG\center_2026_08_01_19_57_40_181.jpg,D:\DPS 920\DPS920_final_project\IMG\left_2026_08_01_19_57_40_181.jpg,D:\DPS 920\DPS920_final_project\IMG\right_2026_08_01_19_57_40_181.jpg,0.05639098,1.0,0.0,30.19022
D:\DPS 920\DPS920_final_project\IMG\center_2026_08_01_20_00_05_840.jpg,D:\DPS 920\DPS920_final_project\IMG\left_2026_08_01_20_00_05_840.jpg,D:\DPS 920\DPS920_final_project\IMG\right_2026_08_01_20_00_05_840.jpg,0.02255639,1.0,0.0,30.19029
D:\DPS 920\DPS920_final_project\IMG\center_2026_08_01_19_53_51_733.jpg,D:\DPS 920\DPS920_final_project\IMG\left_2026_08_01_19_53_51_733.jpg,D:\DPS 920\DPS920_final_project\IMG\right_2026_08_01_19_53_51_733.jpg,-0.08646616,1.0,0.0,30.19012
D:\DPS 920\DPS920_final_project\IMG\center_2026_08_01_19_51_39_820.jpg,D:\DPS 920\DPS920_final_project\IMG\left_2026_08_01_19_51_39_820.jpg,D:\DPS 920\DPS920_final_project\IMG\right_2026_08_01_19_51_39_820.jpg,0.2481203,1.0,0.0,30.18657
D:\DPS 920\DPS920_final_project\IMG\center_2026_08_01_19_51_15_430.jpg,D:\DPS 920\DPS920_final_project\IMG\left_2026_08_01_19_51_15_430.jpg,D:\DPS 920\DPS920_final_project\IMG\right_2026_08_01_19_51_15_430.jpg,-0.02255639,1.0,0.0,30.1903
D:\DPS 920\DPS920_final_project\IMG\center_2026_08_01_19_58_03_089.jpg,D:\DPS 920\DPS920_final_project\IMG\left_2026_08_01_19_58_03_089.jpg,D:\DPS 920\DPS920_final_project\IMG\right_2026_08_01_19_58_03_089.jpg,0.2067669,1.0,0.0,30.18888
D:\DPS 920\DPS920_final_project\IMG\center_2026_08_01_19_52_33_731.jpg,D:\DPS 920\DPS920_final_project\IMG\left_2026_08_01_19_52_33_731.jpg,D:\DPS 920\DPS920_final_project\IMG\right_2026_08_01_19_52_33_731.jpg,-0.07894737,1.0,0.0,30.19023
D:\DPS 920\DPS920_final_project\IMG\center_2026_08_01_19_59_24_446.jpg,D:\DPS 920\DPS920_final_project\IMG\left_2026_08_01_19_59_24_446.jpg,D:\DPS 920\DPS920_final_project\IMG\right_2026_08_01_19_59_24_446.jpg,0.07894737,1.0,0.0,30.18992
D:\DPS 920\DPS920_final_project\IMG\center_2026_08_01_19_53_04_581.jpg,D:\DPS 920\DPS920_final_project\IMG\left_2026_08_01_19_53_04_581.jpg,D:\DPS 920\DPS920_final_project\IMG\right_2026_08_01_19_53_04_581.jpg,0.2781955,1.0,0.0,30.18534
D:\DPS 920\DPS920_final_project\IMG\center_2026_08_01_19_53_26_924.jpg,D:\DPS 920\DPS920_final_project\IMG\left_2026_08_01_19_53_26_924.jpg,D:\DPS 920\DPS920_final_project\IMG\right_2026_08_01_19_53_26_924.jpg,-0.04887218,1.0,0.0,30.19041
D:\DPS 920\DPS920_final_project\IMG\center_2026_08_01_20_02_07_745.jpg,D:\DPS 920\DPS920_final_project\IMG\left_2026_08_01_20_02_07_745.jpg,D:\DPS 920\DPS920_final_project\IMG\right_2026_08_01_20_02_07_745.jpg,-0.06390978,1.0,0.0,30.19018
D:\DPS 920\DPS920_final_project\IMG\center_2026_08_01_20_02_10_103.jpg,D:\DPS 920\DPS920_final_project\IMG\left_2026_08_01_20_02_10_103.jpg,D:\DPS 920\DPS920_final_project\IMG\right_2026_08_01_20_02_10_103.jpg,0.07142857,1.0,0.0,30.19024
D:\DPS 920\DPS920_final_project\IMG\center_2026_08_01_19_59_53_769.jpg,D:\DPS 920\DPS920_final_project\IMG\left_2026_08_01_19_59_53_769.jpg,D:\DPS 920\DPS920_final_project\IMG\right_2026_08_01_19_59_53_769.jpg,0.07142857,1.0,0.0,30.19021
D:\DPS 920\DPS920_final_project\IMG\center_2026_08_01_19_51_18_356.jpg,D:\DPS 920\DPS920_final_project\IMG\left_2026_08_01_19_51_18_356.jpg,D:\DPS 920\DPS920_final_project\IMG\right_2026_08_01_19_51_18_356.jpg,0.0,1.0,0.0,30.1899
D:\DPS 920\DPS920_final_project\IMG\center_2026_08_01_19_59_48_822.jpg,D:\DPS 920\DPS920_final_project\IMG\left_2026_08_01_19_59_48_822.jpg,D:\DPS 920\DPS920_final_project\IMG\right_2026_08_01_19_59_48_822.jpg,0.09774436,1.0,0.0,30.19073
D:\DPS 920\DPS920_final_project\IMG\center_2026_08_01_19_50_27_825.jpg,D:\DPS 920\DPS920_final_project\IMG\left_2026_08_01_19_50_27_825.jpg,D:\DPS 920\DPS920_final_project\IMG\right_2026_08_01_19_50_27_825.jpg,-0.131579,1.0,0.0,30.19005
D:\DPS 920\DPS920_final_project\IMG\center_2026_08_01_19_59_07_618.jpg,D:\DPS 920\DPS920_final_project\IMG\left_2026_08_01_19_59_07_618.jpg,D:\DPS 920\DPS920_final_project\IMG\right_2026_08_01_19_59_07_618.jpg,0.3947369,1.0,0.0,30.18579
D:\DPS 920\DPS920_final_project\IMG\center_2026_08_01_19_59_08_477.jpg,D:\DPS 920\DPS920_final_project\IMG\left_2026_08_01_19_59_08_477.jpg,D:\DPS 920\DPS920_final_project\IMG\right_2026_08_01_19_59_08_477.jpg,0.07894737,1.0,0.0,30.189
D:\DPS 920\DPS920_final_project\IMG\center_2026_08_01_19_54_36_115.jpg,D:\DPS 920\DPS920_final_project\IMG\left_2026_08_01_19_54_36_115.jpg,D:\DPS 920\DPS920_final_project\IMG\right_2026_08_01_19_54_36_115.jpg,-0.2030075,1.0,0.0,30.18756
D:\DPS 920\DPS920_final_project\IMG\center_2026_08_01_20_01_49_138.jpg,D:\DPS 920\DPS920_final_project\IMG\left_2026_08_01_20_01_49_138.jpg,D:\DPS 920\DPS920_final_project\IMG\right_2026_08_01_20_01_49_138.jpg,0.04887218,1.0,0.0,30.19018
D:\DPS 920\DPS920_final_project\IMG\center_2026_08_01_20_01_52_755.jpg,D:\DPS 920\DPS920_final_project\IMG\left_2026_08_01_20_01_52_755.jpg,D:\DPS 920\DPS920_final_project\IMG\right_2026_08_01_20_01_52_755.jpg,0.112782,1.0,0.0,30.1897
D:\DPS 920\DPS920_final_project\IMG\center_2026_08_01_19_53_54_952.jpg,D:\DPS 920\DPS920_final_project\IMG\left_2026_08_01_19_53_54_952.jpg,D:\DPS 920\DPS920_final_project\IMG\right_2026_08_01_19_53_54_952.jpg,-0.09398497,1.0,0.0,30.19021
D:\DPS 920\DPS920_final_project\IMG\center_2026_08_01_20_00_12_930.jpg,D:\DPS 920\DPS920_final_project\IMG\left_2026_08_01_20_00_12_930.jpg,D:\DPS 920\DPS920_final_project\IMG\right_2026_08_01_20_00_12_930.jpg,0.02631579,1.0,0.0,30.19027
D:\DPS 920\DPS920_final_project\IMG\center_2026_08_01_19_58_27_531.jpg,D:\DPS 920\DPS920_final_project\IMG\left_2026_08_01_19_58_27_531.jpg,D:\DPS 920\DPS920_final_project\IMG\right_2026_08_01_19_58_27_531.jpg,0.1428571,1.0,0.0,30.18973
D:\DPS 920\DPS920_final_project\IMG\center_2026_08_01_19_51_49_256.jpg,D:\DPS 920\DPS920_final_project\IMG\left_2026_08_01_19_51_49_256.jpg,D:\DPS 920\DPS920_final_project\IMG\right_2026_08_01_19_51_49_256.jpg,-0.1766917,1.0,0.0,30.19017
D:\DPS 920\DPS920_final_project\IMG\center_2026_08_01_19_53_54_330.jpg,D:\DPS 920\DPS920_final_project\IMG\left_2026_08_01_19_53_54_330.jpg,D:\DPS 920\DPS920_final_project\IMG\right_2026_08_01_19_53_54_330.jpg,-0.07142857,1.0,0.0,30.19022
D:\DPS 920\DPS920_final_project\IMG\center_2026_08_01_19_50_47_253.jpg,D:\DPS 920\DPS920_final_project\IMG\left_2026_08_01_19_50_47_253.jpg,D:\DPS 920\DPS920_final_project\IMG\right_2026_08_01_19_50_47_253.jpg,-0.007518797,1.0,0.0,30.19029
D:\DPS 920\DPS920_final_project\IMG\center_2026_08_01_19_53_00_104.jpg,D:\DPS 920\DPS920_final_project\IMG\left_2026_08_01_19_53_00_104.jpg,D:\DPS 920\DPS920_final_project\IMG\right_2026_08_01_19_53_00_104.jpg,0.06015037,1.0,0.0,30.1903
D:\DPS 920\DPS920_final_project\IMG\center_2026_08_01_19_59_18_000.jpg,D:\DPS 920\DPS920_final_project\IMG\left_2026_08_01_19_59_18_000.jpg,D:\DPS 920\DPS920_final_project\IMG\right_2026_08_01_19_59_18_000.jpg,-0.2067669,1.0,0.0,30.18968
D:\DPS 920\DPS920_final_project\IMG\center_2026_08_01_19_51_28_493.jpg,D:\DPS 920\DPS920_final_project\IMG\left_2026_08_01_19_51_28_493.jpg,D:\DPS 920\DPS920_final_project\IMG\right_2026_08_01_19_51_28_493.jpg,-0.1578947,1.0,0.0,30.18876
D:\DPS 920\DPS920_final_project\IMG\center_2026_08_01_20_02_08_093.jpg,D:\DPS 920\DPS920_final_project\IMG\left_2026_08_01_20_02_08_093.jpg,D:\DPS 920\DPS920_final_project\IMG\right_2026_08_01_20_02_08_093.jpg,-0.06390978,1.0,0.0,30.19022
D:\DPS 920\DPS920_final_project\IMG\center_2026_08_01_19_59_30_052.jpg,D:\DPS 920\DPS920_final_project\IMG\left_2026_08_01_19_59_30_052.jpg,D:\DPS 920\DPS920_final_project\IMG\right_2026_08_01_19_59_30_052.jpg,0.05639098,1.0,0.0,30.19027
D:\DPS 920\DPS920_final_project\IMG\center_2026_08_01_20_00_50_439.jpg,D:\DPS 920\DPS920_final_project\IMG\left_2026_08_01_20_00_50_439.jpg,D:\DPS 920\DPS920_final_project\IMG\right_2026_08_01_20_00_50_439.jpg,0.2105263,1.0,0.0,30.18849
D:\DPS 920\DPS920_final_project\IMG\center_2026_08_01_20_02_12_969.jpg,D:\DPS 920\DPS920_final_project\IMG\left_2026_08_01_20_02_12_969.jpg,D:\DPS 920\DPS920_final_project\IMG\right_2026_08_01_20_02_12_969.jpg,0.112782,1.0,0.0,30.18941
D:\DPS 920\DPS920_final_project\IMG\center_2026_08_01_19_51_50_965.jpg,D:\DPS 920\DPS920_final_project\IMG\left_2026_08_01_19_51_50_965.jpg,D:\DPS 920\DPS920_final_project\IMG\right_2026_08_01_19_51_50_965.jpg,-0.1691729,1.0,0.0,30.1897
D:\DPS 920\DPS920_final_project\IMG\center_2026_08_01_19_59_15_005.jpg,D:\DPS 920\DPS920_final_project\IMG\left_2026_08_01_19_59_15_005.jpg,D:\DPS 920\DPS920_final_project\IMG\right_2026_08_01_19_59_15_005.jpg,-0.07142857,1.0,0.0,30.19005
D:\DPS 920\DPS920_final_project\IMG\center_2026_08_01_20_00_51_417.jpg,D:\DPS 920\DPS920_final_project\IMG\left_2026_08_01_20_00_51_417.jpg,D:\DPS 920\DPS920_final_project\IMG\right_2026_08_01_20_00_51_417.jpg,0.1992481,1.0,0.0,30.18957
D:\DPS 920\DPS920_final_project\IMG\center_2026_08_01_19_51_48_637.jpg,D:\DPS 920\DPS920_final_project\IMG\left_2026_08_01_19_51_48_637.jpg,D:\DPS 920\DPS920_final_project\IMG\right_2026_08_01_19_51_48_637.jpg,-0.1954887,1.0,0.0,30.18863
D:\DPS 920\DPS920_final_project\IMG\center_2026_08_01_20_01_22_413.jpg,D:\DPS 920\DPS920_final_project\IMG\left_2026_08_01_20_01_22_413.jpg,D:\DPS 920\DPS920_final_project\IMG\right_2026_08_01_20_01_22_413.jpg,0.03759398,1.0,0.0,30.19027
D:\DPS 920\DPS920_final_project\IMG\center_2026_08_01_19_51_55_372.jpg,D:\DPS 920\DPS920_final_project\IMG\left_2026_08_01_19_51_55_372.jpg,D:\DPS 920\DPS920_final_project\IMG\right_2026_08_01_19_51_55_372.jpg,-0.04887218,1.0,0.0,30.19028
D:\DPS 920\DPS920_final_project\IMG\center_2026_08_01_19_57_44_808.jpg,D:\DPS 920\DPS920_final_project\IMG\left_2026_08_01_19_57_44_808.jpg,D:\DPS 920\DPS920_final_project\IMG\right_2026_08_01_19_57_44_808.jpg,0.1729323,1.0,0.0,30.19127
D:\DPS 920\DPS920_final_project\IMG\center_2026_08_01_19_51_48_977.jpg,D:\DPS 920\DPS920_final_project\IMG\left_2026_08_01_19_51_48_977.jpg,D:\DPS 920\DPS920_final_project\IMG\right_2026_08_01_19_51_48_977.jpg,-0.1954887,1.0,0.0,30.18957
D:\DPS 920\DPS920_final_project\IMG\center_2026_08_01_20_00_52_569.jpg,D:\DPS 920\DPS920_final_project\IMG\left_2026_08_01_20_00_52_569.jpg,D:\DPS 920\DPS920_final_project\IMG\right_2026_08_01_20_00_52_569.jpg,0.09398497,1.0,0.0,30.19095
D:\DPS 920\DPS920_final_project\IMG\center_2026_08_01_19_52_21_664.jpg,D:\DPS 920\DPS920_final_project\IMG\left_2026_08_01_19_52_21_664.jpg,D:\DPS 920\DPS920_final_project\IMG\right_2026_08_01_19_52_21_664.jpg,-0.003759398,1.0,0.0,30.19029
D:\DPS 920\DPS920_final_project\IMG\center_2026_08_01_20_01_54_829.jpg,D:\DPS 920\DPS920_final_project\IMG\left_2026_08_01_20_01_54_829.jpg,D:\DPS 920\DPS920_final_project\IMG\right_2026_08_01_20_01_54_829.jpg,0.1503759,1.0,0.0,30.18969
D:\DPS 920\DPS920_final_project\IMG\center_2026_08_01_19_54_17_485.jpg,D:\DPS 920\DPS920_final_project\IMG\left_2026_08_01_19_54_17_485.jpg,D:\DPS 920\DPS920_final_project\IMG\right_2026_08_01_19_54_17_485.jpg,-0.1503759,1.0,0.0,30.18817
D:\DPS 920\DPS920_final_project\IMG\center_2026_08_01_19_54_33_513.jpg,D:\DPS 920\DPS920_final_project\IMG\left_2026_08_01_19_54_33_513.jpg,D:\DPS 920\DPS920_final_project\IMG\right_2026_08_01_19_54_33_513.jpg,-0.04135338,1.0,0.0,30.19014
D:\DPS 920\DPS920_final_project\IMG\center_2026_08_01_19_54_24_675.jpg,D:\DPS 920\DPS920_final_project\IMG\left_2026_08_01_19_54_24_675.jpg,D:\DPS 920\DPS920_final_project\IMG\right_2026_08_01_19_54_24_675.jpg,0.1090226,1.0,0.0,30.18908
D:\DPS 920\DPS920_final_project\IMG\center_2026_08_01_19_53_50_840.jpg,D:\DPS 920\DPS920_final_project\IMG\left_2026_08_01_19_53_50_840.jpg,D:\DPS 920\DPS920_final_project\IMG\right_2026_08_01_19_53_50_840.jpg,-0.08270676,1.0,0.0,30.1901
D:\DPS 920\DPS920_final_project\IMG\center_2026_08_01_19_50_36_755.jpg,D:\DPS 920\DPS920_final_project\IMG\left_2026_08_01_19_50_36_755.jpg,D:\DPS 920\DPS920_final_project\IMG\right_2026_08_01_19_50_36_755.jpg,-0.04135338,1.0,0.0,30.19025
D:\DPS 920\DPS920_final_project\IMG\center_2026_08_01_19_57_55_418.jpg,D:\DPS 920\DPS920_final_project\IMG\left_2026_08_01_19_57_55_418.jpg,D:\DPS 920\DPS920_final_project\IMG\right_2026_08_01_19_57_55_418.jpg,-0.1015038,1.0,0.0,30.1902
D:\DPS 920\DPS920_final_project\IMG\center_2026_08_01_19_57_55_271.jpg,D:\DPS 920\DPS920_final_project\IMG\left_2026_08_01_19_57_55_271.jpg,D:\DPS 920\DPS920_final_project\IMG\right_2026_08_01_19_57_55_271.jpg,-0.131579,1.0,0.0,30.19043
D:\DPS 920\DPS920_final_project\IMG\center_2026_08_01_19_57_49_216.jpg,D:\DPS 920\DPS920_final_project\IMG\left_2026_08_01_19_57_49_216.jpg,D:\DPS 920\DPS920_final_project\IMG\right_2026_08_01_19_57_49_216.jpg,-0.07894737,1.0,0.0,30.18999
D:\DPS 920\DPS920_final_project\IMG\center_2026_08_01_20_01_47_819.jpg,D:\DPS 920\DPS920_final_project\IMG\left_2026_08_01_20_01_47_819.jpg,D:\DPS 920\DPS920_final_project\IMG\right_2026_08_01_20_01_47_819.jpg,0.07142857,1.0,0.0,30.19023
D:\DPS 920\DPS920_final_project\IMG\center_2026_08_01_19_52_35_712.jpg,D:\DPS 920\DPS920_final_project\IMG\left_2026_08_01_19_52_35_712.jpg,D:\DPS 920\DPS920_final_project\IMG\right_2026_08_01_19_52_35_712.jpg,-0.03007519,1.0,0.0,30.19031
D:\DPS 920\DPS920_final_project\IMG\center_2026_08_01_19_58_51_222.jpg,D:\DPS 920\DPS920_final_project\IMG\left_2026_08_01_19_58_51_222.jpg,D:\DPS 920\DPS920_final_project\IMG\right_2026_08_01_19_58_51_222.jpg,0.03007519,1.0,0.0,30.19028
D:\DPS 920\DPS920_final_project\IMG\center_2026_08_01_20_00_48_940.jpg,D:\DPS 920\DPS920_final_project\IMG\left_2026_08_01_20_00_48_940.jpg,D:\DPS 920\DPS920_final_project\IMG\right_2026_08_01_20_00_48_940.jpg,0.112782,1.0,0.0,30.1898
D:\DPS 920\DPS920_final_project\IMG\center_2026_08_01_19_54_42_204.jpg,D:\DPS 920\DPS920_final_project\IMG\left_2026_08_01_19_54_42_204.jpg,D:\DPS 920\DPS920_final_project\IMG\right_2026_08_01_19_54_42_204.jpg,-0.112782,1.0,0.0,30.18944
D:\DPS 920\DPS920_final_project\IMG\center_2026_08_01_20_00_31_058.jpg,D:\DPS 920\DPS920_final_project\IMG\left_2026_08_01_20_00_31_058.jpg,D:\DPS 920\DPS920_final_project\IMG\right_2026_08_01_20_00_31_058.jpg,0.2180451,1.0,0.0,30.18833
D:\DPS 920\DPS920_final_project\IMG\center_2026_08_01_19_51_57_120.jpg,D:\DPS 920\DPS920_final_project\IMG\left_2026_08_01_19_51_57_120.jpg,D:\DPS 920\DPS920_final_project\IMG\right_2026_08_01_19_51_57_120.jpg,-0.08270676,1.0,0.0,30.19011
D:\DPS 920\DPS920_final_project\IMG\center_2026_08_01_19_51_38_544.jpg,D:\DPS 920\DPS920_final_project\IMG\left_2026_08_01_19_51_38_544.jpg,D:\DPS 920\DPS920_final_project\IMG\right_2026_08_01_19_51_38_544.jpg,0.1804511,1.0,0.0,30.18774
D:\DPS 920\DPS920_final_project\IMG\center_2026_08_01_19_59_00_502.jpg,D:\DPS 920\DPS920_final_project\IMG\left_2026_08_01_19_59_00_502.jpg,D:\DPS 920\DPS920_final_project\IMG\right_2026_08_01_19_59_00_502.jpg,0.04887218,1.0,0.0,30.19023
D:\DPS 920\DPS920_final_project\IMG\center_2026_08_01_19_53_52_994.jpg,D:\DPS 920\DPS920_final_project\IMG\left_2026_08_01_19_53_52_994.jpg,D:\DPS 920\DPS920_final_project\IMG\right_2026_08_01_19_53_52_994.jpg,-0.08646616,1.0,0.0,30.19019
D:\DPS 920\DPS920_final_project\IMG\center_2026_08_01_20_00_26_477.jpg,D:\DPS 920\DPS920_final_project\IMG\left_2026_08_01_20_00_26_477.jpg,D:\DPS 920\DPS920_final_project\IMG\right_2026_08_01_20_00_26_477.jpg,0.1052632,1.0,0.0,30.19006
D:\DPS 920\DPS920_final_project\IMG\center_2026_08_01_19_58_49_545.jpg,D:\DPS 920\DPS920_final_project\IMG\left_2026_08_01_19_58_49_545.jpg,D:\DPS 920\DPS920_final_project\IMG\right_2026_08_01_19_58_49_545.jpg,0.03007519,1.0,0.0,30.19031
D:\DPS 920\DPS920_final_project\IMG\center_2026_08_01_19_52_14_353.jpg,D:\DPS 920\DPS920_final_project\IMG\left_2026_08_01_19_52_14_353.jpg,D:\DPS 920\DPS920_final_project\IMG\right_2026_08_01_19_52_14_353.jpg,-0.01879699,1.0,0.0,30.19032
D:\DPS 920\DPS920_final_project\IMG\center_2026_08_01_19_54_42_793.jpg,D:\DPS 920\DPS920_final_project\IMG\left_2026_08_01_19_54_42_793.jpg,D:\DPS 920\DPS920_final_project\IMG\right_2026_08_01_19_54_42_793.jpg,-0.06766918,1.0,0.0,30.19029
D:\DPS 920\DPS920_final_project\IMG\center_2026_08_01_19_52_59_263.jpg,D:\DPS 920\DPS920_final_project\IMG\left_2026_08_01_19_52_59_263.jpg,D:\DPS 920\DPS920_final_project\IMG\right_2026_08_01_19_52_59_263.jpg,0.05263158,1.0,0.0,30.18986
D:\DPS 920\DPS920_final_project\IMG\center_2026_08_01_19_59_15_075.jpg,D:\DPS 920\DPS920_final_project\IMG\left_2026_08_01_19_59_15_075.jpg,D:\DPS 920\DPS920_final_project\IMG\right_2026_08_01_19_59_15_075.jpg,-0.07142857,1.0,0.0,30.1901
D:\DPS 920\DPS920_final_project\IMG\center_2026_08_01_19_58_46_847.jpg,D:\DPS 920\DPS920_final_project\IMG\left_2026_08_01_19_58_46_847.jpg,D:\DPS 920\DPS920_final_project\IMG\right_2026_08_01_19_58_46_847.jpg,0.07142857,1.0,0.0,30.19007
D:\DPS 920\DPS920_final_project\IMG\center_2026_08_01_19_50_25_010.jpg,D:\DPS 920\DPS920_final_project\IMG\left_2026_08_01_19_50_25_010.jpg,D:\DPS 920\DPS920_final_project\IMG\right_2026_08_01_19_50_25_010.jpg,-0.05263158,1.0,0.0,5.022333
D:\DPS 920\DPS920_final_project\IMG\center_2026_08_01_19_57_52_921.jpg,D:\DPS 920\DPS920_final_project\IMG\left_2026_08_01_19_57_52_921.jpg,D:\DPS 920\DPS920_final_project\IMG\right_2026_08_01_19_57_52_921.jpg,-0.1766917,1.0,0.0,30.18896
D:\DPS 920\DPS920_final_project\IMG\center_2026_08_01_20_00_27_528.jpg,D:\DPS 920\DPS920_final_project\IMG\left_2026_08_01_20_00_27_528.jpg,D:\DPS 920\DPS920_final_project\IMG\right_2026_08_01_20_00_27_528.jpg,0.07142857,1.0,0.0,30.19039
D:\DPS 920\DPS920_final_project\IMG\center_2026_08_01_19_54_26_501.jpg,D:\DPS 920\DPS920_final_project\IMG\left_2026_08_01_19_54_26_501.jpg,D:\DPS 920\DPS920_final_project\IMG\right_2026_08_01_19_54_26_501.jpg,0.1917293,1.0,0.0,30.19058
D:\DPS 920\DPS920_final_project\IMG\center_2026_08_01_20_02_14_184.jpg,D:\DPS 920\DPS920_final_project\IMG\left_2026_08_01_20_02_14_184.jpg,D:\DPS 920\DPS920_final_project\IMG\right_2026_08_01_20_02_14_184.jpg,0.1879699,1.0,0.0,30.19011
D:\DPS 920\DPS920_final_project\IMG\center_2026_08_01_19_54_35_136.jpg,D:\DPS 920\DPS920_final_project\IMG\left_2026_08_01_19_54_35_136.jpg,D:\DPS 920\DPS920_final_project\IMG\right_2026_08_01_19_54_35_136.jpg,-0.1015038,1.0,0.0,30.18956
D:\DPS 920\DPS920_final_project\IMG\center_2026_08_01_19_57_53_343.jpg,D:\DPS 920\DPS920_final_project\IMG\left_2026_08_01_19_57_53_343.jpg,D:\DPS 920\DPS920_final_project\IMG\right_2026_08_01_19_57_53_343.jpg,-0.1541353,1.0,0.0,30.18707
D:\DPS 920\DPS920_final_project\IMG\center_2026_08_01_19_51_51_400.jpg,D:\DPS 920\DPS920_final_project\IMG\left_2026_08_01_19_51_51_400.jpg,D:\DPS 920\DPS920_final_project\IMG\right_2026_08_01_19_51_51_400.jpg,-0.1654135,1.0,0.0,30.18981
D:\DPS 920\DPS920_final_project\IMG\center_2026_08_01_20_00_19_372.jpg,D:\DPS 920\DPS920_final_project\IMG\left_2026_08_01_20_00_19_372.jpg,D:\DPS 920\DPS920_final_project\IMG\right_2026_08_01_20_00_19_372.jpg,0.03383459,1.0,0.0,30.19027
D:\DPS 920\DPS920_final_project\IMG\center_2026_08_01_20_00_52_634.jpg,D:\DPS 920\DPS920_final_project\IMG\left_2026_08_01_20_00_52_634.jpg,D:\DPS 920\DPS920_final_project\IMG\right_2026_08_01_20_00_52_634.jpg,0.09398497,1.0,0.0,30.19046
D:\DPS 920\DPS920_final_project\IMG\center_2026_08_01_19_53_16_295.jpg,D:\DPS 920\DPS920_final_project\IMG\left_2026_08_01_19_53_16_295.jpg,D:\DPS 920\DPS920_final_project\IMG\right_2026_08_01_19_53_16_295.jpg,-0.09774436,1.0,0.0,30.19007
D:\DPS 920\DPS920_final_project\IMG\center_2026_08_01_19_57_42_815.jpg,D:\DPS 920\DPS920_final_project\IMG\left_2026_08_01_19_57_42_815.jpg,D:\DPS 920\DPS920_final_project\IMG\right_2026_08_01_19_57_42_815.jpg,0.09398497,1.0,0.0,30.19008
D:\DPS 920\DPS920_final_project\IMG\center_2026_08_01_19_51_53_915.jpg,D:\DPS 920\DPS920_final_project\IMG\left_2026_08_01_19_51_53_915.jpg,D:\DPS 920\DPS920_final_project\IMG\right_2026_08_01_19_51_53_915.jpg,-0.06766918,1.0,0.0,30.19007
D:\DPS 920\DPS920_final_project\IMG\center_2026_08_01_20_01_54_104.jpg,D:\DPS 920\DPS920_final_project\IMG\left_2026_08_01_20_01_54_104.jpg,D:\DPS 920\DPS920_final_project\IMG\right_2026_08_01_20_01_54_104.jpg,0.1503759,1.0,0.0,30.18926
D:\DPS 920\DPS920_final_project\IMG\center_2026_08_01_19_58_27_452.jpg,D:\DPS 920\DPS920_final_project\IMG\left_2026_08_01_19_58_27_452.jpg,D:\DPS 920\DPS920_final_project\IMG\right_2026_08_01_19_58_27_452.jpg,0.1428571,1.0,0.0,30.19023
D:\DPS 920\DPS920_final_project\IMG\center_2026_08_01_19_58_59_721.jpg,D:\DPS 920\DPS920_final_project\IMG\left_2026_08_01_19_58_59_721.jpg,D:\DPS 920\DPS920_final_project\IMG\right_2026_08_01_19_58_59_721.jpg,0.07142857,1.0,0.0,30.19022
D:\DPS 920\DPS920_final_project\IMG\center_2026_08_01_19_59_04_391.jpg,D:\DPS 920\DPS920_final_project\IMG\left_2026_08_01_19_59_04_391.jpg,D:\DPS 920\DPS920_final_project\IMG\right_2026_08_01_19_59_04_391.jpg,0.131579,1.0,0.0,30.19001
D:\DPS 920\DPS920_final_project\IMG\center_2026_08_01_19_51_46_386.jpg,D:\DPS 920\DPS920_final_project\IMG\left_2026_08_01_19_51_46_386.jpg,D:\DPS 920\DPS920_final_project\IMG\right_2026_08_01_19_51_46_386.jpg,-0.06015037,1.0,0.0,30.1902
D:\DPS 920\DPS920_final_project\IMG\center_2026_08_01_19_50_36_051.jpg,D:\DPS 920\DPS920_final_project\IMG\left_2026_08_01_19_50_36_051.jpg,D:\DPS 920\DPS920_final_project\IMG\right_2026_08_01_19_50_36_051.jpg,-0.04887218,1.0,0.0,30.1902
D:\DPS 920\DPS920_final_project\IMG\center_2026_08_01_19_53_14_711.jpg,D:\DPS 920\DPS920_final_project\IMG\left_2026_08_01_19_53_14_711.jpg,D:\DPS 920\DPS920_final_project\IMG\right_2026_08_01_19_53_14_711.jpg,-0.1428571,1.0,0.0,30.19047
D:\DPS 920\DPS920_final_project\IMG\center_2026_08_01_19_52_31_264.jpg,D:\DPS 920\DPS920_final_project\IMG\left_2026_08_01_19_52_31_264.jpg,D:\DPS 920\DPS920_final_project\IMG\right_2026_08_01_19_52_31_264.jpg,-0.1015038,1.0,0.0,30.18809
D:\DPS 920\DPS920_final_project\IMG\center_2026_08_01_19_54_33_297.jpg,D:\DPS 920\DPS920_final_project\IMG\left_2026_08_01_19_54_33_297.jpg,D:\DPS 920\DPS920_final_project\IMG\right_2026_08_01_19_54_33_297.jpg,-0.02631579,1.0,0.0,30.19028
D:\DPS 920\DPS920_final_project\IMG\center_2026_08_01_19_58_27_766.jpg,D:\DPS 920\DPS920_final_project\IMG\left_2026_08_01_19_58_27_766.jpg,D:\DPS 920\DPS920_final_project\IMG\right_2026_08_01_19_58_27_766.jpg,0.1203007,1.0,0.0,30.19011
D:\DPS 920\DPS920_final_project\IMG\center_2026_08_01_20_01_12_791.jpg,D:\DPS 920\DPS920_final_project\IMG\left_2026_08_01_20_01_12_791.jpg,D:\DPS 920\DPS920_final_project\IMG\right_2026_08_01_20_01_12_791.jpg,0.1428571,1.0,0.0,30.18909
D:\DPS 920\DPS920_final_project\IMG\center_2026_08_01_19_54_13_683.jpg,D:\DPS 920\DPS920_final_project\IMG\left_2026_08_01_19_54_13_683.jpg,D:\DPS 920\DPS920_final_project\IMG\right_2026_08_01_19_54_13_683.jpg,-0.03759398,1.0,0.0,30.19024
D:\DPS 920\DPS920_final_project\IMG\center_2026_08_01_20_00_03_616.jpg,D:\DPS 920\DPS920_final_project\IMG\left_2026_08_01_20_00_03_616.jpg,D:\DPS 920\DPS920_final_project\IMG\right_2026_08_01_20_00_03_616.jpg,0.007518797,1.0,0.0,30.19028
D:\DPS 920\DPS920_final_project\IMG\center_2026_08_01_20_00_39_067.jpg,D:\DPS 920\DPS920_final_project\IMG\left_2026_08_01_20_00_39_067.jpg,D:\DPS 920\DPS920_final_project\IMG\right_2026_08_01_20_00_39_067.jpg,-0.07894737,1.0,0.0,30.19028
D:\DPS 920\DPS920_final_project\IMG\center_2026_08_01_19_59_04_181.jpg,D:\DPS 920\DPS920_final_project\IMG\left_2026_08_01_19_59_04_181.jpg,D:\DPS 920\DPS920_final_project\IMG\right_2026_08_01_19_59_04_181.jpg,0.1353384,1.0,0.0,30.18977
D:\DPS 920\DPS920_final_project\IMG\center_2026_08_01_19_51_06_829.jpg,D:\DPS 920\DPS920_final_project\IMG\left_2026_08_01_19_51_06_829.jpg,D:\DPS 920\DPS920_final_project\IMG\right_2026_08_01_19_51_06_829.jpg,-0.112782,1.0,0.0,30.18935
D:\DPS 920\DPS920_final_project\IMG\center_2026_08_01_20_02_10_329.jpg,D:\DPS 920\DPS920_final_project\IMG\left_2026_08_01_20_02_10_329.jpg,D:\DPS 920\DPS920_final_project\IMG\right_2026_08_01_20_02_10_329.jpg,0.03383459,1.0,0.0,30.1904
D:\DPS 920\DPS920_final_project\IMG\center_2026_08_01_19_58_06_112.jpg,D:\DPS 920\DPS920_final_project\IMG\left_2026_08_01_19_58_06_112.jpg,D:\DPS 920\DPS920_final_project\IMG\right_2026_08_01_19_58_06_112.jpg,0.09398497,1.0,0.0,30.1907
D:\DPS 920\DPS920_final_project\IMG\center_2026_08_01_20_00_23_834.jpg,D:\DPS 920\DPS920_final_project\IMG\left_2026_08_01_20_00_23_834.jpg,D:\DPS 920\DPS920_final_project\IMG\right_2026_08_01_20_00_23_834.jpg,0.06015037,1.0,0.0,30.19026
D:\DPS 920\DPS920_final_project\IMG\center_2026_08_01_19_59_16_653.jpg,D:\DPS 920\DPS920_final_project\IMG\left_2026_08_01_19_59_16_653.jpg,D:\DPS 920\DPS920_final_project\IMG\right_2026_08_01_19_59_16_653.jpg,-0.1654135,1.0,0.0,30.18933
D:\DPS 920\DPS920_final_project\IMG\center_2026_08_01_19_51_59_993.jpg,D:\DPS 920\DPS920_final_project\IMG\left_2026_08_01_19_51_59_993.jpg,D:\DPS 920\DPS920_final_project\IMG\right_2026_08_01_19_51_59_993.jpg,-0.02255639,1.0,0.0,30.19032
D:\DPS 920\DPS920_final_project\IMG\center_2026_08_01_20_01_05_867.jpg,D:\DPS 920\DPS920_final_project\IMG\left_2026_08_01_20_01_05_867.jpg,D:\DPS 920\DPS920_final_project\IMG\right_2026_08_01_20_01_05_867.jpg,0.09774436,1.0,0.0,30.18864
D:\DPS 920\DPS920_final_project\IMG\center_2026_08_01_19_59_07_348.jpg,D:\DPS 920\DPS920_final_project\IMG\left_2026_08_01_19_59_07_348.jpg,D:\DPS 920\DPS920_final_project\IMG\right_2026_08_01_19_59_07_348.jpg,0.3383459,1.0,0.0,30.18705
D:\DPS 920\DPS920_final_project\IMG\center_2026_08_01_19_57_53_132.jpg,D:\DPS 920\DPS920_final_project\IMG\left_2026_08_01_19_57_53_132.jpg,D:\DPS 920\DPS920_final_project\IMG\right_2026_08_01_19_57_53_132.jpg,-0.1541353,1.0,0.0,30.18802
D:\DPS 920\DPS920_final_project\IMG\center_2026_08_01_19_52_24_369.jpg,D:\DPS 920\DPS920_final_project\IMG\left_2026_08_01_19_52_24_369.jpg,D:\DPS 920\DPS920_final_project\IMG\right_2026_08_01_19_52_24_369.jpg,-0.06766918,1.0,0.0,30.19018
D:\DPS 920\DPS920_final_project\IMG\center_2026_08_01_19_52_54_762.jpg,D:\DPS 920\DPS920_final_project\IMG\left_2026_08_01_19_52_54_762.jpg,D:\DPS 920\DPS920_final_project\IMG\right_2026_08_01_19_52_54_762.jpg,-0.1879699,1.0,0.0,30.18937
D:\DPS 920\DPS920_final_project\IMG\center_2026_08_01_19_52_31_699.jpg,D:\DPS 920\DPS920_final_project\IMG\left_2026_08_01_19_52_31_699.jpg,D:\DPS 920\DPS920_final_project\IMG\right_2026_08_01_19_52_31_699.jpg,-0.1015038,1.0,0.0,30.18811
D:\DPS 920\DPS920_final_project\IMG\center_2026_08_01_19_51_59_142.jpg,D:\DPS 920\DPS920_final_project\IMG\left_2026_08_01_19_51_59_142.jpg,D:\DPS 920\DPS920_final_project\IMG\right_2026_08_01_19_51_59_142.jpg,-0.06766918,1.0,0.0,30.19019
D:\DPS 920\DPS920_final_project\IMG\center_2026_08_01_19_50_32_169.jpg,D:\DPS 920\DPS920_final_project\IMG\left_2026_08_01_19_50_32_169.jpg,D:\DPS 920\DPS920_final_project\IMG\right_2026_08_01_19_50_32_169.jpg,-0.05263158,1.0,0.0,30.19024
D:\DPS 920\DPS920_final_project\IMG\center_2026_08_01_20_00_11_403.jpg,D:\DPS 920\DPS920_final_project\IMG\left_2026_08_01_20_00_11_403.jpg,D:\DPS 920\DPS920_final_project\IMG\right_2026_08_01_20_00_11_403.jpg,0.003759398,1.0,0.0,30.19029
D:\DPS 920\DPS920_final_project\IMG\center_2026_08_01_19_50_59_020.jpg,D:\DPS 920\DPS920_final_project\IMG\left_2026_08_01_19_50_59_020.jpg,D:\DPS 920\DPS920_final_project\IMG\right_2026_08_01_19_50_59_020.jpg,-0.03759398,1.0,0.0,30.19023
D:\DPS 920\DPS920_final_project\IMG\center_2026_08_01_20_00_03_403.jpg,D:\DPS 920\DPS920_final_project\IMG\left_2026_08_01_20_00_03_403.jpg,D:\DPS 920\DPS920_final_project\IMG\right_2026_08_01_20_00_03_403.jpg,0.0112782,1.0,0.0,30.19029
D:\DPS 920\DPS920_final_project\IMG\center_2026_08_01_20_02_13_186.jpg,D:\DPS 920\DPS920_final_project\IMG\left_2026_08_01_20_02_13_186.jpg,D:\DPS 920\DPS920_final_project\IMG\right_2026_08_01_20_02_13_186.jpg,0.1578947,1.0,0.0,30.18874
D:\DPS 920\DPS920_final_project\IMG\center_2026_08_01_20_01_28_115.jpg,D:\DPS 920\DPS920_final_project\IMG\left_2026_08_01_20_01_28_115.jpg,D:\DPS 920\DPS920_final_project\IMG\right_2026_08_01_20_01_28_115.jpg,0.007518797,1.0,0.0,30.19029
D:\DPS 920\DPS920_final_project\IMG\center_2026_08_01_19_47_05_402.jpg,D:\DPS 920\DPS920_final_project\IMG\left_2026_08_01_19_47_05_402.jpg,D:\DPS 920\DPS920_final_project\IMG\right_2026_08_01_19_47_05_402.jpg,-0.2481203,1.0,0.0,16.03742
D:\DPS 920\DPS920_final_project\IMG\center_2026_08_01_19_50_40_514.jpg,D:\DPS 920\DPS920_final_project\IMG\left_2026_08_01_19_50_40_514.jpg,D:\DPS 920\DPS920_final_project\IMG\right_2026_08_01_19_50_40_514.jpg,-0.03007519,1.0,0.0,30.19023
D:\DPS 920\DPS920_final_project\IMG\center_2026_08_01_19_50_30_172.jpg,D:\DPS 920\DPS920_final_project\IMG\left_2026_08_01_19_50_30_172.jpg,D:\DPS 920\DPS920_final_project\IMG\right_2026_08_01_19_50_30_172.jpg,-0.07894737,1.0,0.0,30.19014
D:\DPS 920\DPS920_final_project\IMG\center_2026_08_01_19_59_05_758.jpg,D:\DPS 920\DPS920_final_project\IMG\left_2026_08_01_19_59_05_758.jpg,D:\DPS 920\DPS920_final_project\IMG\right_2026_08_01_19_59_05_758.jpg,0.07518797,1.0,0.0,30.19003
D:\DPS 920\DPS920_final_project\IMG\center_2026_08_01_19_51_07_111.jpg,D:\DPS 920\DPS920_final_project\IMG\left_2026_08_01_19_51_07_111.jpg,D:\DPS 920\DPS920_final_project\IMG\right_2026_08_01_19_51_07_111.jpg,-0.112782,1.0,0.0,30.1906
D:\DPS 920\DPS920_final_project\IMG\center_2026_08_01_19_59_22_807.jpg,D:\DPS 920\DPS920_final_project\IMG\left_2026_08_01_19_59_22_807.jpg,D:\DPS 920\DPS920_final_project\IMG\right_2026_08_01_19_59_22_807.jpg,0.1090226,1.0,0.0,30.1899
D:\DPS 920\DPS920_final_project\IMG\center_2026_08_01_20_00_40_427.jpg,D:\DPS 920\DPS920_final_project\IMG\left_2026_08_01_20_00_40_427.jpg,D:\DPS 920\DPS920_final_project\IMG\right_2026_08_01_20_00_40_427.jpg,-0.1804511,1.0,0.0,30.18839
D:\DPS 920\DPS920_final_project\IMG\center_2026_08_01_19_58_05_314.jpg,D:\DPS 920\DPS920_final_project\IMG\left_2026_08_01_19_58_05_314.jpg,D:\DPS 920\DPS920_final_project\IMG\right_2026_08_01_19_58_05_314.jpg,0.1240602,1.0,0.0,30.19007
D:\DPS 920\DPS920_final_project\IMG\center_2026_08_01_19_54_25_451.jpg,D:\DPS 920\DPS920_final_project\IMG\left_2026_08_01_19_54_25_451.jpg,D:\DPS 920\DPS920_final_project\IMG\right_2026_08_01_19_54_25_451.jpg,0.131579,1.0,0.0,30.19031
D:\DPS 920\DPS920_final_project\IMG\center_2026_08_01_19_54_40_913.jpg,D:\DPS 920\DPS920_final_project\IMG\left_2026_08_01_19_54_40_913.jpg,D:\DPS 920\DPS920_final_project\IMG\right_2026_08_01_19_54_40_913.jpg,-0.04887218,1.0,0.0,30.1904
D:\DPS 920\DPS920_final_project\IMG\center_2026_08_01_19_51_28_204.jpg,D:\DPS 920\DPS920_final_project\IMG\left_2026_08_01_19_51_28_204.jpg,D:\DPS 920\DPS920_final_project\IMG\right_2026_08_01_19_51_28_204.jpg,-0.1165414,1.0,0.0,30.18948
D:\DPS 920\DPS920_final_project\IMG\center_2026_08_01_19_59_54_889.jpg,D:\DPS 920\DPS920_final_project\IMG\left_2026_08_01_19_59_54_889.jpg,D:\DPS 920\DPS920_final_project\IMG\right_2026_08_01_19_59_54_889.jpg,0.04135338,1.0,0.0,30.1902
D:\DPS 920\DPS920_final_project\IMG\center_2026_08_01_19_58_58_149.jpg,D:\DPS 920\DPS920_final_project\IMG\left_2026_08_01_19_58_58_149.jpg,D:\DPS 920\DPS920_final_project\IMG\right_2026_08_01_19_58_58_149.jpg,0.06390978,1.0,0.0,30.19002
D:\DPS 920\DPS920_final_project\IMG\center_2026_08_01_20_00_50_930.jpg,D:\DPS 920\DPS920_final_project\IMG\left_2026_08_01_20_00_50_930.jpg,D:\DPS 920\DPS920_final_project\IMG\right_2026_08_01_20_00_50_930.jpg,0.1992481,1.0,0.0,30.18876
D:\DPS 920\DPS920_final_project\IMG\center_2026_08_01_19_53_24_345.jpg,D:\DPS 920\DPS920_final_project\IMG\left_2026_08_01_19_53_24_345.jpg,D:\DPS 920\DPS920_final_project\IMG\right_2026_08_01_19_53_24_345.jpg,-0.04135338,1.0,0.0,30.19027
D:\DPS 920\DPS920_final_project\IMG\center_2026_08_01_19_51_10_788.jpg,D:\DPS 920\DPS920_final_project\IMG\left_2026_08_01_19_51_10_788.jpg,D:\DPS 920\DPS920_final_project\IMG\right_2026_08_01_19_51_10_788.jpg,-0.05639098,1.0,0.0,30.19016
D:\DPS 920\DPS920_final_project\IMG\center_2026_08_01_19_53_24_493.jpg,D:\DPS 920\DPS920_final_project\IMG\left_2026_08_01_19_53_24_493.jpg,D:\DPS 920\DPS920_final_project\IMG\right_2026_08_01_19_53_24_493.jpg,-0.04511278,1.0,0.0,30.1902
D:\DPS 920\DPS920_final_project\IMG\center_2026_08_01_19_51_52_048.jpg,D:\DPS 920\DPS920_final_project\IMG\left_2026_08_01_19_51_52_048.jpg,D:\DPS 920\DPS920_final_project\IMG\right_2026_08_01_19_51_52_048.jpg,-0.09398497,1.0,0.0,30.19038
D:\DPS 920\DPS920_final_project\IMG\center_2026_08_01_19_54_19_143.jpg,D:\DPS 920\DPS920_final_project\IMG\left_2026_08_01_19_54_19_143.jpg,D:\DPS 920\DPS920_final_project\IMG\right_2026_08_01_19_54_19_143.jpg,-0.1390978,1.0,0.0,30.18987
D:\DPS 920\DPS920_final_project\IMG\center_2026_08_01_19_54_16_022.jpg,D:\DPS 920\DPS920_final_project\IMG\left_2026_08_01_19_54_16_022.jpg,D:\DPS 920\DPS920_final_project\IMG\right_2026_08_01_19_54_16_022.jpg,-0.2330827,1.0,0.0,30.18777
D:\DPS 920\DPS920_final_project\IMG\center_2026_08_01_19_50_36_120.jpg,D:\DPS 920\DPS920_final_project\IMG\left_2026_08_01_19_50_36_120.jpg,D:\DPS 920\DPS920_final_project\IMG\right_2026_08_01_19_50_36_120.jpg,-0.04887218,1.0,0.0,30.19021
D:\DPS 920\DPS920_final_project\IMG\center_2026_08_01_19_59_10_661.jpg,D:\DPS 920\DPS920_final_project\IMG\left_2026_08_01_19_59_10_661.jpg,D:\DPS 920\DPS920_final_project\IMG\right_2026_08_01_19_59_10_661.jpg,-0.003759398,1.0,0.0,30.19031
D:\DPS 920\DPS920_final_project\IMG\center_2026_08_01_19_54_34_997.jpg,D:\DPS 920\DPS920_final_project\IMG\left_2026_08_01_19_54_34_997.jpg,D:\DPS 920\DPS920_final_project\IMG\right_2026_08_01_19_54_34_997.jpg,-0.09774436,1.0,0.0,30.19008
D:\DPS 920\DPS920_final_project\IMG\center_2026_08_01_19_58_03_880.jpg,D:\DPS 920\DPS920_final_project\IMG\left_2026_08_01_19_58_03_880.jpg,D:\DPS 920\DPS920_final_project\IMG\right_2026_08_01_19_58_03_880.jpg,0.2180451,1.0,0.0,30.1913
D:\DPS 920\DPS920_final_project\IMG\center_2026_08_01_19_50_58_468.jpg,D:\DPS 920\DPS920_final_project\IMG\left_2026_08_01_19_50_58_468.jpg,D:\DPS 920\DPS920_final_project\IMG\right_2026_08_01_19_50_58_468.jpg,-0.007518797,1.0,0.0,30.1903
D:\DPS 920\DPS920_final_project\IMG\center_2026_08_01_19_52_26_930.jpg,D:\DPS 920\DPS920_final_project\IMG\left_2026_08_01_19_52_26_930.jpg,D:\DPS 920\DPS920_final_project\IMG\right_2026_08_01_19_52_26_930.jpg,-0.05639098,1.0,0.0,30.19075
D:\DPS 920\DPS920_final_project\IMG\center_2026_08_01_19_51_12_904.jpg,D:\DPS 920\DPS920_final_project\IMG\left_2026_08_01_19_51_12_904.jpg,D:\DPS 920\DPS920_final_project\IMG\right_2026_08_01_19_51_12_904.jpg,-0.03383459,1.0,0.0,30.19029
D:\DPS 920\DPS920_final_project\IMG\center_2026_08_01_19_54_25_305.jpg,D:\DPS 920\DPS920_final_project\IMG\left_2026_08_01_19_54_25_305.jpg,D:\DPS 920\DPS920_final_project\IMG\right_2026_08_01_19_54_25_305.jpg,0.1466165,1.0,0.0,30.18952
D:\DPS 920\DPS920_final_project\IMG\center_2026_08_01_19_50_57_373.jpg,D:\DPS 920\DPS920_final_project\IMG\left_2026_08_01_19_50_57_373.jpg,D:\DPS 920\DPS920_final_project\IMG\right_2026_08_01_19_50_57_373.jpg,-0.04135338,1.0,0.0,30.19022
D:\DPS 920\DPS920_final_project\IMG\center_2026_08_01_19_53_06_263.jpg,D:\DPS 920\DPS920_final_project\IMG\left_2026_08_01_19_53_06_263.jpg,D:\DPS 920\DPS920_final_project\IMG\right_2026_08_01_19_53_06_263.jpg,-0.04887218,1.0,0.0,30.19016
D:\DPS 920\DPS920_final_project\IMG\center_2026_08_01_19_54_38_989.jpg,D:\DPS 920\DPS920_final_project\IMG\left_2026_08_01_19_54_38_989.jpg,D:\DPS 920\DPS920_final_project\IMG\right_2026_08_01_19_54_38_989.jpg,-0.09774436,1.0,0.0,30.18962
D:\DPS 920\DPS920_final_project\IMG\center_2026_08_01_19_54_42_872.jpg,D:\DPS 920\DPS920_final_project\IMG\left_2026_08_01_19_54_42_872.jpg,D:\DPS 920\DPS920_final_project\IMG\right_2026_08_01_19_54_42_872.jpg,-0.06766918,1.0,0.0,30.19023
D:\DPS 920\DPS920_final_project\IMG\center_2026_08_01_20_00_31_349.jpg,D:\DPS 920\DPS920_final_project\IMG\left_2026_08_01_20_00_31_349.jpg,D:\DPS 920\DPS920_final_project\IMG\right_2026_08_01_20_00_31_349.jpg,0.2180451,1.0,0.0,30.18923
D:\DPS 920\DPS920_final_project\IMG\center_2026_08_01_19_59_53_004.jpg,D:\DPS 920\DPS920_final_project\IMG\left_2026_08_01_19_59_53_004.jpg,D:\DPS 920\DPS920_final_project\IMG\right_2026_08_01_19_59_53_004.jpg,0.07894737,1.0,0.0,30.1904
D:\DPS 920\DPS920_final_project\IMG\center_2026_08_01_20_00_53_638.jpg,D:\DPS 920\DPS920_final_project\IMG\left_2026_08_01_20_00_53_638.jpg,D:\DPS 920\DPS920_final_project\IMG\right_2026_08_01_20_00_53_638.jpg,0.08270676,1.0,0.0,30.18938
D:\DPS 920\DPS920_final_project\IMG\center_2026_08_01_20_01_28_460.jpg,D:\DPS 920\DPS920_final_project\IMG\left_2026_08_01_20_01_28_460.jpg,D:\DPS 920\DPS920_final_project\IMG\right_2026_08_01_20_01_28_460.jpg,0.0112782,1.0,0.0,30.19027
D:\DPS 920\DPS920_final_project\IMG\center_2026_08_01_19_58_16_686.jpg,D:\DPS 920\DPS920_final_project\IMG\left_2026_08_01_19_58_16_686.jpg,D:\DPS 920\DPS920_final_project\IMG\right_2026_08_01_19_58_16_686.jpg,0.02631579,1.0,0.0,30.19072
D:\DPS 920\DPS920_final_project\IMG\center_2026_08_01_19_52_02_083.jpg,D:\DPS 920\DPS920_final_project\IMG\left_2026_08_01_19_52_02_083.jpg,D:\DPS 920\DPS920_final_project\IMG\right_2026_08_01_19_52_02_083.jpg,-0.02631579,1.0,0.0,30.19029
D:\DPS 920\DPS920_final_project\IMG\center_2026_08_01_20_00_52_140.jpg,D:\DPS 920\DPS920_final_project\IMG\left_2026_08_01_20_00_52_140.jpg,D:\DPS 920\DPS920_final_project\IMG\right_2026_08_01_20_00_52_140.jpg,0.1691729,1.0,0.0,30.18994
D:\DPS 920\DPS920_final_project\IMG\center_2026_08_01_19_59_20_355.jpg,D:\DPS 920\DPS920_final_project\IMG\left_2026_08_01_19_59_20_355.jpg,D:\DPS 920\DPS920_final_project\IMG\right_2026_08_01_19_59_20_355.jpg,-0.003759398,1.0,0.0,30.19025
D:\DPS 920\DPS920_final_project\IMG\center_2026_08_01_19_51_51_112.jpg,D:\DPS 920\DPS920_final_project\IMG\left_2026_08_01_19_51_51_112.jpg,D:\DPS 920\DPS920_final_project\IMG\right_2026_08_01_19_51_51_112.jpg,-0.1691729,1.0,0.0,30.18985
D:\DPS 920\DPS920_final_project\IMG\center_2026_08_01_19_50_38_598.jpg,D:\DPS 920\DPS920_final_project\IMG\left_2026_08_01_19_50_38_598.jpg,D:\DPS 920\DPS920_final_project\IMG\right_2026_08_01_19_50_38_598.jpg,-0.02631579,1.0,0.0,30.19028
D:\DPS 920\DPS920_final_project\IMG\center_2026_08_01_19_58_39_007.jpg,D:\DPS 920\DPS920_final_project\IMG\left_2026_08_01_19_58_39_007.jpg,D:\DPS 920\DPS920_final_project\IMG\right_2026_08_01_19_58_39_007.jpg,0.0112782,1.0,0.0,30.19028
D:\DPS 920\DPS920_final_project\IMG\center_2026_08_01_19_54_07_818.jpg,D:\DPS 920\DPS920_final_project\IMG\left_2026_08_01_19_54_07_818.jpg,D:\DPS 920\DPS920_final_project\IMG\right_2026_08_01_19_54_07_818.jpg,-0.003759398,1.0,0.0,30.18993
D:\DPS 920\DPS920_final_project\IMG\center_2026_08_01_20_01_56_226.jpg,D:\DPS 920\DPS920_final_project\IMG\left_2026_08_01_20_01_56_226.jpg,D:\DPS 920\DPS920_final_project\IMG\right_2026_08_01_20_01_56_226.jpg,0.1804511,1.0,0.0,30.18991
D:\DPS 920\DPS920_final_project\IMG\center_2026_08_01_19_59_39_970.jpg,D:\DPS 920\DPS920_final_project\IMG\left_2026_08_01_19_59_39_970.jpg,D:\DPS 920\DPS920_final_project\IMG\right_2026_08_01_19_59_39_970.jpg,0.02631579,1.0,0.0,30.19061
D:\DPS 920\DPS920_final_project\IMG\center_2026_08_01_19_51_07_591.jpg,D:\DPS 920\DPS920_final_project\IMG\left_2026_08_01_19_51_07_591.jpg,D:\DPS 920\DPS920_final_project\IMG\right_2026_08_01_19_51_07_591.jpg,-0.112782,1.0,0.0,30.19011
D:\DPS 920\DPS920_final_project\IMG\center_2026_08_01_19_53_53_974.jpg,D:\DPS 920\DPS920_final_project\IMG\left_2026_08_01_19_53_53_974.jpg,D:\DPS 920\DPS920_final_project\IMG\right_2026_08_01_19_53_53_974.jpg,-0.07518797,1.0,0.0,30.19077
D:\DPS 920\DPS920_final_project\IMG\center_2026_08_01_19_53_15_209.jpg,D:\DPS 920\DPS920_final_project\IMG\left_2026_08_01_19_53_15_209.jpg,D:\DPS 920\DPS920_final_project\IMG\right_2026_08_01_19_53_15_209.jpg,-0.09774436,1.0,0.0,30.19075
D:\DPS 920\DPS920_final_project\IMG\center_2026_08_01_19_51_07_798.jpg,D:\DPS 920\DPS920_final_project\IMG\left_2026_08_01_19_51_07_798.jpg,D:\DPS 920\DPS920_final_project\IMG\right_2026_08_01_19_51_07_798.jpg,-0.1052632,1.0,0.0,30.19056
D:\DPS 920\DPS920_final_project\IMG\center_2026_08_01_20_00_49_862.jpg,D:\DPS 920\DPS920_final_project\IMG\left_2026_08_01_20_00_49_862.jpg,D:\DPS 920\DPS920_final_project\IMG\right_2026_08_01_20_00_49_862.jpg,0.1954887,1.0,0.0,30.18855
D:\DPS 920\DPS920_final_project\IMG\center_2026_08_01_19_50_32_764.jpg,D:\DPS 920\DPS920_final_project\IMG\left_2026_08_01_19_50_32_764.jpg,D:\DPS 920\DPS920_final_project\IMG\right_2026_08_01_19_50_32_764.jpg,-0.07894737,1.0,0.0,30.19009
D:\DPS 920\DPS920_final_project\IMG\center_2026_08_01_19_53_02_437.jpg,D:\DPS 920\DPS920_final_project\IMG\left_2026_08_01_19_53_02_437.jpg,D:\DPS 920\DPS920_final_project\IMG\right_2026_08_01_19_53_02_437.jpg,0.2180451,1.0,0.0,30.18697
D:\DPS 920\DPS920_final_project\IMG\center_2026_08_01_19_59_07_760.jpg,D:\DPS 920\DPS920_final_project\IMG\left_2026_08_01_19_59_07_760.jpg,D:\DPS 920\DPS920_final_project\IMG\right_2026_08_01_19_59_07_760.jpg,0.3308271,1.0,0.0,30.19472
D:\DPS 920\DPS920_final_project\IMG\center_2026_08_01_19_58_17_429.jpg,D:\DPS 920\DPS920_final_project\IMG\left_2026_08_01_19_58_17_429.jpg,D:\DPS 920\DPS920_final_project\IMG\right_2026_08_01_19_58_17_429.jpg,0.003759398,1.0,0.0,30.19087
D:\DPS 920\DPS920_final_project\IMG\center_2026_08_01_20_02_14_328.jpg,D:\DPS 920\DPS920_final_project\IMG\left_2026_08_01_20_02_14_328.jpg,D:\DPS 920\DPS920_final_project\IMG\right_2026_08_01_20_02_14_328.jpg,0.1879699,1.0,0.0,30.18743
D:\DPS 920\DPS920_final_project\IMG\center_2026_08_01_19_57_55_198.jpg,D:\DPS 920\DPS920_final_project\IMG\left_2026_08_01_19_57_55_198.jpg,D:\DPS 920\DPS920_final_project\IMG\right_2026_08_01_19_57_55_198.jpg,-0.1390978,1.0,0.0,30.19076
D:\DPS 920\DPS920_final_project\IMG\center_2026_08_01_19_52_52_899.jpg,D:\DPS 920\DPS920_final_project\IMG\left_2026_08_01_19_52_52_899.jpg,D:\DPS 920\DPS920_final_project\IMG\right_2026_08_01_19_52_52_899.jpg,-0.1278196,1.0,0.0,30.19038
D:\DPS 920\DPS920_final_project\IMG\center_2026_08_01_19_50_27_032.jpg,D:\DPS 920\DPS920_final_project\IMG\left_2026_08_01_19_50_27_032.jpg,D:\DPS 920\DPS920_final_project\IMG\right_2026_08_01_19_50_27_032.jpg,-0.2255639,1.0,0.0,26.24406
D:\DPS 920\DPS920_final_project\IMG\center_2026_08_01_20_01_59_918.jpg,D:\DPS 920\DPS920_final_project\IMG\left_2026_08_01_20_01_59_918.jpg,D:\DPS 920\DPS920_final_project\IMG\right_2026_08_01_20_01_59_918.jpg,0.05263158,1.0,0.0,30.19028
D:\DPS 920\DPS920_final_project\IMG\center_2026_08_01_19_54_19_743.jpg,D:\DPS 920\DPS920_final_project\IMG\left_2026_08_01_19_54_19_743.jpg,D:\DPS 920\DPS920_final_project\IMG\right_2026_08_01_19_54_19_743.jpg,-0.1015038,1.0,0.0,30.1901
D:\DPS 920\DPS920_final_project\IMG\center_2026_08_01_20_00_39_927.jpg,D:\DPS 920\DPS920_final_project\IMG\left_2026_08_01_20_00_39_927.jpg,D:\DPS 920\DPS920_final_project\IMG\right_2026_08_01_20_00_39_927.jpg,-0.1240602,1.0,0.0,30.18927
D:\DPS 920\DPS920_final_project\IMG\center_2026_08_01_19_54_24_235.jpg,D:\DPS 920\DPS920_final_project\IMG\left_2026_08_01_19_54_24_235.jpg,D:\DPS 920\DPS920_final_project\IMG\right_2026_08_01_19_54_24_235.jpg,0.04511278,1.0,0.0,30.19017
D:\DPS 920\DPS920_final_project\IMG\center_2026_08_01_19_50_41_332.jpg,D:\DPS 920\DPS920_final_project\IMG\left_2026_08_01_19_50_41_332.jpg,D:\DPS 920\DPS920_final_project\IMG\right_2026_08_01_19_50_41_332.jpg,-0.04135338,1.0,0.0,30.19026
D:\DPS 920\DPS920_final_project\IMG\center_2026_08_01_19_58_47_620.jpg,D:\DPS 920\DPS920_final_project\IMG\left_2026_08_01_19_58_47_620.jpg,D:\DPS 920\DPS920_final_project\IMG\right_2026_08_01_19_58_47_620.jpg,0.003759398,1.0,0.0,30.19025
D:\DPS 920\DPS920_final_project\IMG\center_2026_08_01_19_54_34_080.jpg,D:\DPS 920\DPS920_final_project\IMG\left_2026_08_01_19_54_34_080.jpg,D:\DPS 920\DPS920_final_project\IMG\right_2026_08_01_19_54_34_080.jpg,-0.09774436,1.0,0.0,30.18971
D:\DPS 920\DPS920_final_project\IMG\center_2026_08_01_19_50_56_303.jpg,D:\DPS 920\DPS920_final_project\IMG\left_2026_08_01_19_50_56_303.jpg,D:\DPS 920\DPS920_final_project\IMG\right_2026_08_01_19_50_56_303.jpg,-0.03007519,1.0,0.0,30.19026
D:\DPS 920\DPS920_final_project\IMG\center_2026_08_01_19_58_00_459.jpg,D:\DPS 920\DPS920_final_project\IMG\left_2026_08_01_19_58_00_459.jpg,D:\DPS 920\DPS920_final_project\IMG\right_2026_08_01_19_58_00_459.jpg,0.0112782,1.0,0.0,30.19022
D:\DPS 920\DPS920_final_project\IMG\center_2026_08_01_19_58_39_285.jpg,D:\DPS 920\DPS920_final_project\IMG\left_2026_08_01_19_58_39_285.jpg,D:\DPS 920\DPS920_final_project\IMG\right_2026_08_01_19_58_39_285.jpg,-0.003759398,1.0,0.0,30.19031
D:\DPS 920\DPS920_final_project\IMG\center_2026_08_01_19_59_05_910.jpg,D:\DPS 920\DPS920_final_project\IMG\left_2026_08_01_19_59_05_910.jpg,D:\DPS 920\DPS920_final_project\IMG\right_2026_08_01_19_59_05_910.jpg,0.08646616,1.0,0.0,30.19062
D:\DPS 920\DPS920_final_project\IMG\center_2026_08_01_19_54_34_154.jpg,D:\DPS 920\DPS920_final_project\IMG\left_2026_08_01_19_54_34_154.jpg,D:\DPS 920\DPS920_final_project\IMG\right_2026_08_01_19_54_34_154.jpg,-0.09774436,1.0,0.0,30.18979
D:\DPS 920\DPS920_final_project\IMG\center_2026_08_01_19_53_36_133.jpg,D:\DPS 920\DPS920_final_project\IMG\left_2026_08_01_19_53_36_133.jpg,D:\DPS 920\DPS920_final_project\IMG\right_2026_08_01_19_53_36_133.jpg,-0.02255639,1.0,0.0,30.19027
D:\DPS 920\DPS920_final_project\IMG\center_2026_08_01_19_59_37_678.jpg,D:\DPS 920\DPS920_final_project\IMG\left_2026_08_01_19_59_37_678.jpg,D:\DPS 920\DPS920_final_project\IMG\right_2026_08_01_19_59_37_678.jpg,0.0112782,1.0,0.0,30.19065
D:\DPS 920\DPS920_final_project\IMG\center_2026_08_01_20_00_16_122.jpg,D:\DPS 920\DPS920_final_project\IMG\left_2026_08_01_20_00_16_122.jpg,D:\DPS 920\DPS920_final_project\IMG\right_2026_08_01_20_00_16_122.jpg,0.02631579,1.0,0.0,30.19027
D:\DPS 920\DPS920_final_project\IMG\center_2026_08_01_19_54_35_624.jpg,D:\DPS 920\DPS920_final_project\IMG\left_2026_08_01_19_54_35_624.jpg,D:\DPS 920\DPS920_final_project\IMG\right_2026_08_01_19_54_35_624.jpg,-0.131579,1.0,0.0,30.1891
D:\DPS 920\DPS920_final_project\IMG\center_2026_08_01_20_00_26_275.jpg,D:\DPS 920\DPS920_final_project\IMG\left_2026_08_01_20_00_26_275.jpg,D:\DPS 920\DPS920_final_project\IMG\right_2026_08_01_20_00_26_275.jpg,0.1052632,1.0,0.0,30.18969
D:\DPS 920\DPS920_final_project\IMG\center_2026_08_01_19_54_27_003.jpg,D:\DPS 920\DPS920_final_project\IMG\left_2026_08_01_19_54_27_003.jpg,D:\DPS 920\DPS920_final_project\IMG\right_2026_08_01_19_54_27_003.jpg,0.2180451,1.0,0.0,30.18782
D:\DPS 920\DPS920_final_project\IMG\center_2026_08_01_20_00_49_511.jpg,D:\DPS 920\DPS920_final_project\IMG\left_2026_08_01_20_00_49_511.jpg,D:\DPS 920\DPS920_final_project\IMG\right_2026_08_01_20_00_49_511.jpg,0.1353384,1.0,0.0,30.18952
D:\DPS 920\DPS920_final_project\IMG\center_2026_08_01_20_01_01_121.jpg,D:\DPS 920\DPS920_final_project\IMG\left_2026_08_01_20_01_01_121.jpg,D:\DPS 920\DPS920_final_project\IMG\right_2026_08_01_20_01_01_121.jpg,0.0,1.0,0.0,30.19063
D:\DPS 920\DPS920_final_project\IMG\center_2026_08_01_19_54_19_076.jpg,D:\DPS 920\DPS920_final_project\IMG\left_2026_08_01_19_54_19_076.jpg,D:\DPS 920\DPS920_final_project\IMG\right_2026_08_01_19_54_19_076.jpg,-0.1390978,1.0,0.0,30.18992
D:\DPS 920\DPS920_final_project\IMG\center_2026_08_01_19_58_37_229.jpg,D:\DPS 920\DPS920_final_project\IMG\left_2026_08_01_19_58_37_229.jpg,D:\DPS 920\DPS920_final_project\IMG\right_2026_08_01_19_58_37_229.jpg,0.03383459,1.0,0.0,30.19024
D:\DPS 920\DPS920_final_project\IMG\center_2026_08_01_20_01_45_581.jpg,D:\DPS 920\DPS920_final_project\IMG\left_2026_08_01_20_01_45_581.jpg,D:\DPS 920\DPS920_final_project\IMG\right_2026_08_01_20_01_45_581.jpg,0.04887218,1.0,0.0,30.19023
D:\DPS 920\DPS920_final_project\IMG\center_2026_08_01_19_59_49_466.jpg,D:\DPS 920\DPS920_final_project\IMG\left_2026_08_01_19_59_49_466.jpg,D:\DPS 920\DPS920_final_project\IMG\right_2026_08_01_19_59_49_466.jpg,0.07518797,1.0,0.0,30.18999
D:\DPS 920\DPS920_final_project\IMG\center_2026_08_01_19_51_56_337.jpg,D:\DPS 920\DPS920_final_project\IMG\left_2026_08_01_19_51_56_337.jpg,D:\DPS 920\DPS920_final_project\IMG\right_2026_08_01_19_51_56_337.jpg,-0.07142857,1.0,0.0,30.19014
D:\DPS 920\DPS920_final_project\IMG\center_2026_08_01_19_58_46_989.jpg,D:\DPS 920\DPS920_final_project\IMG\left_2026_08_01_19_58_46_989.jpg,D:\DPS 920\DPS920_final_project\IMG\right_2026_08_01_19_58_46_989.jpg,0.05639098,1.0,0.0,30.19034
D:\DPS 920\DPS920_final_project\IMG\center_2026_08_01_19_51_30_771.jpg,D:\DPS 920\DPS920_final_project\IMG\left_2026_08_01_19_51_30_771.jpg,D:\DPS 920\DPS920_final_project\IMG\right_2026_08_01_19_51_30_771.jpg,-0.1992481,1.0,0.0,30.19021
D:\DPS 920\DPS920_final_project\IMG\center_2026_08_01_19_57_53_555.jpg,D:\DPS 920\DPS920_final_project\IMG\left_2026_08_01_19_57_53_555.jpg,D:\DPS 920\DPS920_final_project\IMG\right_2026_08_01_19_57_53_555.jpg,-0.2406015,1.0,0.0,30.18415
D:\DPS 920\DPS920_final_project\IMG\center_2026_08_01_19_52_30_711.jpg,D:\DPS 920\DPS920_final_project\IMG\left_2026_08_01_19_52_30_711.jpg,D:\DPS 920\DPS920_final_project\IMG\right_2026_08_01_19_52_30_711.jpg,-0.09774436,1.0,0.0,30.18998
D:\DPS 920\DPS920_final_project\IMG\center_2026_08_01_19_50_28_601.jpg,D:\DPS 920\DPS920_final_project\IMG\left_2026_08_01_19_50_28_601.jpg,D:\DPS 920\DPS920_final_project\IMG\right_2026_08_01_19_50_28_601.jpg,-0.1203007,1.0,0.0,30.1902
D:\DPS 920\DPS920_final_project\IMG\center_2026_08_01_19_59_41_474.jpg,D:\DPS 920\DPS920_final_project\IMG\left_2026_08_01_19_59_41_474.jpg,D:\DPS 920\DPS920_final_project\IMG\right_2026_08_01_19_59_41_474.jpg,0.03007519,1.0,0.0,30.19035
D:\DPS 920\DPS920_final_project\IMG\center_2026_08_01_20_02_06_067.jpg,D:\DPS 920\DPS920_final_project\IMG\left_2026_08_01_20_02_06_067.jpg,D:\DPS 920\DPS920_final_project\IMG\right_2026_08_01_20_02_06_067.jpg,-0.2631579,1.0,0.0,30.18612
D:\DPS 920\DPS920_final_project\IMG\center_2026_08_01_19_58_47_549.jpg,D:\DPS 920\DPS920_final_project\IMG\left_2026_08_01_19_58_47_549.jpg,D:\DPS 920\DPS920_final_project\IMG\right_2026_08_01_19_58_47_549.jpg,0.0,1.0,0.0,30.19029
D:\DPS 920\DPS920_final_project\IMG\center_2026_08_01_20_00_52_426.jpg,D:\DPS 920\DPS920_final_project\IMG\left_2026_08_01_20_00_52_426.jpg,D:\DPS 920\DPS920_final_project\IMG\right_2026_08_01_20_00_52_426.jpg,0.1090226,1.0,0.0,30.19089
D:\DPS 920\DPS920_final_project\IMG\center_2026_08_01_19_50_29_673.jpg,D:\DPS 920\DPS920_final_project\IMG\left_2026_08_01_19_50_29_673.jpg,D:\DPS 920\DPS920_final_project\IMG\right_2026_08_01_19_50_29_673.jpg,-0.07142857,1.0,0.0,30.18992
D:\DPS 920\DPS920_final_project\IMG\center_2026_08_01_19_59_31_682.jpg,D:\DPS 920\DPS920_final_project\IMG\left_2026_08_01_19_59_31_682.jpg,D:\DPS 920\DPS920_final_project\IMG\right_2026_08_01_19_59_31_682.jpg,0.03007519,1.0,0.0,30.19025
D:\DPS 920\DPS920_final_project\IMG\center_2026_08_01_20_00_41_835.jpg,D:\DPS 920\DPS920_final_project\IMG\left_2026_08_01_20_00_41_835.jpg,D:\DPS 920\DPS920_final_project\IMG\right_2026_08_01_20_00_41_835.jpg,-0.2631579,1.0,0.0,30.18935
D:\DPS 920\DPS920_final_project\IMG\center_2026_08_01_19_52_22_020.jpg,D:\DPS 920\DPS920_final_project\IMG\left_2026_08_01_19_52_22_020.jpg,D:\DPS 920\DPS920_final_project\IMG\right_2026_08_01_19_52_22_020.jpg,-0.09398497,1.0,0.0,30.18954
D:\DPS 920\DPS920_final_project\IMG\center_2026_08_01_20_00_47_770.jpg,D:\DPS 920\DPS920_final_project\IMG\left_2026_08_01_20_00_47_770.jpg,D:\DPS 920\DPS920_final_project\IMG\right_2026_08_01_20_00_47_770.jpg,0.02255639,1.0,0.0,30.19022
D:\DPS 920\DPS920_final_project\IMG\center_2026_08_01_19_51_45_402.jpg,D:\DPS 920\DPS920_final_project\IMG\left_2026_08_01_19_51_45_402.jpg,D:\DPS 920\DPS920_final_project\IMG\right_2026_08_01_19_51_45_402.jpg,-0.01503759,1.0,0.0,30.19029
D:\DPS 920\DPS920_final_project\IMG\center_2026_08_01_20_01_12_437.jpg,D:\DPS 920\DPS920_final_project\IMG\left_2026_08_01_20_01_12_437.jpg,D:\DPS 920\DPS920_final_project\IMG\right_2026_08_01_20_01_12_437.jpg,0.08646616,1.0,0.0,30.1897
D:\DPS 920\DPS920_final_project\IMG\center_2026_08_01_19_59_21_457.jpg,D:\DPS 920\DPS920_final_project\IMG\left_2026_08_01_19_59_21_457.jpg,D:\DPS 920\DPS920_final_project\IMG\right_2026_08_01_19_59_21_457.jpg,-0.03007519,1.0,0.0,30.1903
D:\DPS 920\DPS920_final_project\IMG\center_2026_08_01_19_52_30_919.jpg,D:\DPS 920\DPS920_final_project\IMG\left_2026_08_01_19_52_30_919.jpg,D:\DPS 920\DPS920_final_project\IMG\right_2026_08_01_19_52_30_919.jpg,-0.1015038,1.0,0.0,30.18986
D:\DPS 920\DPS920_final_project\IMG\center_2026_08_01_20_01_53_104.jpg,D:\DPS 920\DPS920_final_project\IMG\left_2026_08_01_20_01_53_104.jpg,D:\DPS 920\DPS920_final_project\IMG\right_2026_08_01_20_01_53_104.jpg,0.1353384,1.0,0.0,30.18933
D:\DPS 920\DPS920_final_project\IMG\center_2026_08_01_19_58_18_947.jpg,D:\DPS 920\DPS920_final_project\IMG\left_2026_08_01_19_58_18_947.jpg,D:\DPS 920\DPS920_final_project\IMG\right_2026_08_01_19_58_18_947.jpg,0.01879699,1.0,0.0,30.19027
D:\DPS 920\DPS920_final_project\IMG\center_2026_08_01_20_00_28_082.jpg,D:\DPS 920\DPS920_final_project\IMG\left_2026_08_01_20_00_28_082.jpg,D:\DPS 920\DPS920_final_project\IMG\right_2026_08_01_20_00_28_082.jpg,0.07518797,1.0,0.0,30.18913
D:\DPS 920\DPS920_final_project\IMG\center_2026_08_01_19_52_57_450.jpg,D:\DPS 920\DPS920_final_project\IMG\left_2026_08_01_19_52_57_450.jpg,D:\DPS 920\DPS920_final_project\IMG\right_2026_08_01_19_52_57_450.jpg,-0.03759398,1.0,0.0,30.19027
D:\DPS 920\DPS920_final_project\IMG\center_2026_08_01_19_51_13_964.jpg,D:\DPS 920\DPS920_final_project\IMG\left_2026_08_01_19_51_13_964.jpg,D:\DPS 920\DPS920_final_project\IMG\right_2026_08_01_19_51_13_964.jpg,-0.01503759,1.0,0.0,30.19027
D:\DPS 920\DPS920_final_project\IMG\center_2026_08_01_20_00_41_269.jpg,D:\DPS 920\DPS920_final_project\IMG\left_2026_08_01_20_00_41_269.jpg,D:\DPS 920\DPS920_final_project\IMG\right_2026_08_01_20_00_41_269.jpg,-0.2819549,1.0,0.0,30.18819
D:\DPS 920\DPS920_final_project\IMG\center_2026_08_01_19_59_45_651.jpg,D:\DPS 920\DPS920_final_project\IMG\left_2026_08_01_19_59_45_651.jpg,D:\DPS 920\DPS920_final_project\IMG\right_2026_08_01_19_59_45_651.jpg,0.03759398,1.0,0.0,30.19045
D:\DPS 920\DPS920_final_project\IMG\center_2026_08_01_19_52_52_178.jpg,D:\DPS 920\DPS920_final_project\IMG\left_2026_08_01_19_52_52_178.jpg,D:\DPS 920\DPS920_final_project\IMG\right_2026_08_01_19_52_52_178.jpg,-0.1879699,1.0,0.0,30.18932
D:\DPS 920\DPS920_final_project\IMG\center_2026_08_01_19_58_53_815.jpg,D:\DPS 920\DPS920_final_project\IMG\left_2026_08_01_19_58_53_815.jpg,D:\DPS 920\DPS920_final_project\IMG\right_2026_08_01_19_58_53_815.jpg,0.03007519,1.0,0.0,30.19026
D:\DPS 920\DPS920_final_project\IMG\center_2026_08_01_19_57_52_989.jpg,D:\DPS 920\DPS920_final_project\IMG\left_2026_08_01_19_57_52_989.jpg,D:\DPS 920\DPS920_final_project\IMG\right_2026_08_01_19_57_52_989.jpg,-0.1691729,1.0,0.0,30.19046
D:\DPS 920\DPS920_final_project\IMG\center_2026_08_01_20_00_28_568.jpg,D:\DPS 920\DPS920_final_project\IMG\left_2026_08_01_20_00_28_568.jpg,D:\DPS 920\DPS920_final_project\IMG\right_2026_08_01_20_00_28_568.jpg,0.07518797,1.0,0.0,30.18999
D:\DPS 920\DPS920_final_project\IMG\center_2026_08_01_19_52_02_458.jpg,D:\DPS 920\DPS920_final_project\IMG\left_2026_08_01_19_52_02_458.jpg,D:\DPS 920\DPS920_final_project\IMG\right_2026_08_01_19_52_02_458.jpg,-0.02255639,1.0,0.0,30.19038
D:\DPS 920\DPS920_final_project\IMG\center_2026_08_01_19_52_01_724.jpg,D:\DPS 920\DPS920_final_project\IMG\left_2026_08_01_19_52_01_724.jpg,D:\DPS 920\DPS920_final_project\IMG\right_2026_08_01_19_52_01_724.jpg,-0.02631579,1.0,0.0,30.18971
D:\DPS 920\DPS920_final_project\IMG\center_2026_08_01_20_02_09_671.jpg,D:\DPS 920\DPS920_final_project\IMG\left_2026_08_01_20_02_09_671.jpg,D:\DPS 920\DPS920_final_project\IMG\right_2026_08_01_20_02_09_671.jpg,0.07518797,1.0,0.0,30.19011
D:\DPS 920\DPS920_final_project\IMG\center_2026_08_01_19_51_39_610.jpg,D:\DPS 920\DPS920_final_project\IMG\left_2026_08_01_19_51_39_610.jpg,D:\DPS 920\DPS920_final_project\IMG\right_2026_08_01_19_51_39_610.jpg,0.2105263,1.0,0.0,30.18792
D:\DPS 920\DPS920_final_project\IMG\center_2026_08_01_19_51_39_180.jpg,D:\DPS 920\DPS920_final_project\IMG\left_2026_08_01_19_51_39_180.jpg,D:\DPS 920\DPS920_final_project\IMG\right_2026_08_01_19_51_39_180.jpg,0.3533835,1.0,0.0,30.18666
D:\DPS 920\DPS920_final_project\IMG\center_2026_08_01_19_53_12_383.jpg,D:\DPS 920\DPS920_final_project\IMG\left_2026_08_01_19_53_12_383.jpg,D:\DPS 920\DPS920_final_project\IMG\right_2026_08_01_19_53_12_383.jpg,-0.1466165,1.0,0.0,30.18987
D:\DPS 920\DPS920_final_project\IMG\center_2026_08_01_20_01_30_901.jpg,D:\DPS 920\DPS920_final_project\IMG\left_2026_08_01_20_01_30_901.jpg,D:\DPS 920\DPS920_final_project\IMG\right_2026_08_01_20_01_30_901.jpg,0.02255639,1.0,0.0,30.1903
D:\DPS 920\DPS920_final_project\IMG\center_2026_08_01_20_02_09_439.jpg,D:\DPS 920\DPS920_final_project\IMG\left_2026_08_01_20_02_09_439.jpg,D:\DPS 920\DPS920_final_project\IMG\right_2026_08_01_20_02_09_439.jpg,0.07894737,1.0,0.0,30.1895
D:\DPS 920\DPS920_final_project\IMG\center_2026_08_01_20_01_39_691.jpg,D:\DPS 920\DPS920_final_project\IMG\left_2026_08_01_20_01_39_691.jpg,D:\DPS 920\DPS920_final_project\IMG\right_2026_08_01_20_01_39_691.jpg,0.02255639,1.0,0.0,30.19029
D:\DPS 920\DPS920_final_project\IMG\center_2026_08_01_19_59_24_812.jpg,D:\DPS 920\DPS920_final_project\IMG\left_2026_08_01_19_59_24_812.jpg,D:\DPS 920\DPS920_final_project\IMG\right_2026_08_01_19_59_24_812.jpg,0.09398497,1.0,0.0,30.18999
D:\DPS 920\DPS920_final_project\IMG\center_2026_08_01_19_50_36_459.jpg,D:\DPS 920\DPS920_final_project\IMG\left_2026_08_01_19_50_36_459.jpg,D:\DPS 920\DPS920_final_project\IMG\right_2026_08_01_19_50_36_459.jpg,-0.04135338,1.0,0.0,30.19029
D:\DPS 920\DPS920_final_project\IMG\center_2026_08_01_19_58_21_039.jpg,D:\DPS 920\DPS920_final_project\IMG\left_2026_08_01_19_58_21_039.jpg,D:\DPS 920\DPS920_final_project\IMG\right_2026_08_01_19_58_21_039.jpg,0.05263158,1.0,0.0,30.19022
D:\DPS 920\DPS920_final_project\IMG\center_2026_08_01_20_01_37_818.jpg,D:\DPS 920\DPS920_final_project\IMG\left_2026_08_01_20_01_37_818.jpg,D:\DPS 920\DPS920_final_project\IMG\right_2026_08_01_20_01_37_818.jpg,0.0112782,1.0,0.0,30.19029
D:\DPS 920\DPS920_final_project\IMG\center_2026_08_01_19_59_55_186.jpg,D:\DPS 920\DPS920_final_project\IMG\left_2026_08_01_19_59_55_186.jpg,D:\DPS 920\DPS920_final_project\IMG\right_2026_08_01_19_59_55_186.jpg,0.04135338,1.0,0.0,30.19025
D:\DPS 920\DPS920_final_project\IMG\center_2026_08_01_19_58_53_309.jpg,D:\DPS 920\DPS920_final_project\IMG\left_2026_08_01_19_58_53_309.jpg,D:\DPS 920\DPS920_final_project\IMG\right_2026_08_01_19_58_53_309.jpg,0.01879699,1.0,0.0,30.19039
D:\DPS 920\DPS920_final_project\IMG\center_2026_08_01_19_57_35_471.jpg,D:\DPS 920\DPS920_final_project\IMG\left_2026_08_01_19_57_35_471.jpg,D:\DPS 920\DPS920_final_project\IMG\right_2026_08_01_19_57_35_471.jpg,0.15,1.0,0.0,4.839816
D:\DPS 920\DPS920_final_project\IMG\center_2026_08_01_19_59_36_302.jpg,D:\DPS 920\DPS920_final_project\IMG\left_2026_08_01_19_59_36_302.jpg,D:\DPS 920\DPS920_final_project\IMG\right_2026_08_01_19_59_36_302.jpg,0.0,1.0,0.0,30.19062
D:\DPS 920\DPS920_final_project\IMG\center_2026_08_01_19_52_52_754.jpg,D:\DPS 920\DPS920_final_project\IMG\left_2026_08_01_19_52_52_754.jpg,D:\DPS 920\DPS920_final_project\IMG\right_2026_08_01_19_52_52_754.jpg,-0.1616541,1.0,0.0,30.19
D:\DPS 920\DPS920_final_project\IMG\center_2026_08_01_19_59_23_035.jpg,D:\DPS 920\DPS920_final_project\IMG\left_2026_08_01_19_59_23_035.jpg,D:\DPS 920\DPS920_final_project\IMG\right_2026_08_01_19_59_23_035.jpg,0.1090226,1.0,0.0,30.18999
D:\DPS 920\DPS920_final_project\IMG\center_2026_08_01_19_51_57_606.jpg,D:\DPS 920\DPS920_final_project\IMG\left_2026_08_01_19_51_57_606.jpg,D:\DPS 920\DPS920_final_project\IMG\right_2026_08_01_19_51_57_606.jpg,-0.06390978,1.0,0.0,30.19043
D:\DPS 920\DPS920_final_project\IMG\center_2026_08_01_20_02_04_197.jpg,D:\DPS 920\DPS920_final_project\IMG\left_2026_08_01_20_02_04_197.jpg,D:\DPS 920\DPS920_final_project\IMG\right_2026_08_01_20_02_04_197.jpg,-0.1729323,1.0,0.0,30.18791
D:\DPS 920\DPS920_final_project\IMG\center_2026_08_01_19_52_32_894.jpg,D:\DPS 920\DPS920_final_project\IMG\left_2026_08_01_19_52_32_894.jpg,D:\DPS 920\DPS920_final_project\IMG\right_2026_08_01_19_52_32_894.jpg,-0.03007519,1.0,0.0,30.19027
D:\DPS 920\DPS920_final_project\IMG\center_2026_08_01_19_53_15_571.jpg,D:\DPS 920\DPS920_final_project\IMG\left_2026_08_01_19_53_15_571.jpg,D:\DPS 920\DPS920_final_project\IMG\right_2026_08_01_19_53_15_571.jpg,-0.06015037,1.0,0.0,30.19077
D:\DPS 920\DPS920_final_project\IMG\center_2026_08_01_19_58_05_894.jpg,D:\DPS 920\DPS920_final_project\IMG\left_2026_08_01_19_58_05_894.jpg,D:\DPS 920\DPS920_final_project\IMG\right_2026_08_01_19_58_05_894.jpg,0.1390978,1.0,0.0,30.18983
D:\DPS 920\DPS920_final_project\IMG\center_2026_08_01_19_59_55_261.jpg,D:\DPS 920\DPS920_final_project\IMG\left_2026_08_01_19_59_55_261.jpg,D:\DPS 920\DPS920_final_project\IMG\right_2026_08_01_19_59_55_261.jpg,0.04135338,1.0,0.0,30.19029
D:\DPS 920\DPS920_final_project\IMG\center_2026_08_01_19_59_18_720.jpg,D:\DPS 920\DPS920_final_project\IMG\left_2026_08_01_19_59_18_720.jpg,D:\DPS 920\DPS920_final_project\IMG\right_2026_08_01_19_59_18_720.jpg,-0.1541353,1.0,0.0,30.19028
D:\DPS 920\DPS920_final_project\IMG\center_2026_08_01_19_53_22_396.jpg,D:\DPS 920\DPS920_final_project\IMG\left_2026_08_01_19_53_22_396.jpg,D:\DPS 920\DPS920_final_project\IMG\right_2026_08_01_19_53_22_396.jpg,-0.0112782,1.0,0.0,30.19034
D:\DPS 920\DPS920_final_project\IMG\center_2026_08_01_19_54_34_639.jpg,D:\DPS 920\DPS920_final_project\IMG\left_2026_08_01_19_54_34_639.jpg,D:\DPS 920\DPS920_final_project\IMG\right_2026_08_01_19_54_34_639.jpg,-0.09774436,1.0,0.0,30.18984
D:\DPS 920\DPS920_final_project\IMG\center_2026_08_01_19_57_46_699.jpg,D:\DPS 920\DPS920_final_project\IMG\left_2026_08_01_19_57_46_699.jpg,D:\DPS 920\DPS920_final_project\IMG\right_2026_08_01_19_57_46_699.jpg,0.06015037,1.0,0.0,30.19014
D:\DPS 920\DPS920_final_project\IMG\center_2026_08_01_19_51_38_829.jpg,D:\DPS 920\DPS920_final_project\IMG\left_2026_08_01_19_51_38_829.jpg,D:\DPS 920\DPS920_final_project\IMG\right_2026_08_01_19_51_38_829.jpg,0.3270677,1.0,0.0,30.18256
D:\DPS 920\DPS920_final_project\IMG\center_2026_08_01_20_00_25_299.jpg,D:\DPS 920\DPS920_final_project\IMG\left_2026_08_01_20_00_25_299.jpg,D:\DPS 920\DPS920_final_project\IMG\right_2026_08_01_20_00_25_299.jpg,0.05263158,1.0,0.0,30.19024
D:\DPS 920\DPS920_final_project\IMG\center_2026_08_01_19_51_26_984.jpg,D:\DPS 920\DPS920_final_project\IMG\left_2026_08_01_19_51_26_984.jpg,D:\DPS 920\DPS920_final_project\IMG\right_2026_08_01_19_51_26_984.jpg,-0.02255639,1.0,0.0,30.19031
D:\DPS 920\DPS920_final_project\IMG\center_2026_08_01_19_50_59_996.jpg,D:\DPS 920\DPS920_final_project\IMG\left_2026_08_01_19_50_59_996.jpg,D:\DPS 920\DPS920_final_project\IMG\right_2026_08_01_19_50_59_996.jpg,-0.04511278,1.0,0.0,30.19026
D:\DPS 920\DPS920_final_project\IMG\center_2026_08_01_20_01_41_592.jpg,D:\DPS 920\DPS920_final_project\IMG\left_2026_08_01_20_01_41_592.jpg,D:\DPS 920\DPS920_final_project\IMG\right_2026_08_01_20_01_41_592.jpg,0.03007519,1.0,0.0,30.19026
D:\DPS 920\DPS920_final_project\IMG\center_2026_08_01_19_59_07_417.jpg,D:\DPS 920\DPS920_final_project\IMG\left_2026_08_01_19_59_07_417.jpg,D:\DPS 920\DPS920_final_project\IMG\right_2026_08_01_19_59_07_417.jpg,0.3872181,1.0,0.0,30.18246
D:\DPS 920\DPS920_final_project\IMG\center_2026_08_01_19_57_40_042.jpg,D:\DPS 920\DPS920_final_project\IMG\left_2026_08_01_19_57_40_042.jpg,D:\DPS 920\DPS920_final_project\IMG\right_2026_08_01_19_57_40_042.jpg,0.1015038,1.0,0.0,30.18978
D:\DPS 920\DPS920_final_project\IMG\center_2026_08_01_19_52_39_976.jpg,D:\DPS 920\DPS920_final_project\IMG\left_2026_08_01_19_52_39_976.jpg,D:\DPS 920\DPS920_final_project\IMG\right_2026_08_01_19_52_39_976.jpg,-0.003759398,1.0,0.0,30.1903
D:\DPS 920\DPS920_final_project\IMG\center_2026_08_01_19_58_49_269.jpg,D:\DPS 920\DPS920_final_project\IMG\left_2026_08_01_19_58_49_269.jpg,D:\DPS 920\DPS920_final_project\IMG\right_2026_08_01_19_58_49_269.jpg,0.02631579,1.0,0.0,30.19072
D:\DPS 920\DPS920_final_project\IMG\center_2026_08_01_19_54_20_137.jpg,D:\DPS 920\DPS920_final_project\IMG\left_2026_08_01_19_54_20_137.jpg,D:\DPS 920\DPS920_final_project\IMG\right_2026_08_01_19_54_20_137.jpg,-0.08270676,1.0,0.0,30.19036
D:\DPS 920\DPS920_final_project\IMG\center_2026_08_01_19_59_27_310.jpg,D:\DPS 920\DPS920_final_project\IMG\left_2026_08_01_19_59_27_310.jpg,D:\DPS 920\DPS920_final_project\IMG\right_2026_08_01_19_59_27_310.jpg,0.2142857,1.0,0.0,30.18984
D:\DPS 920\DPS920_final_project\IMG\center_2026_08_01_19_51_30_926.jpg,D:\DPS 920\DPS920_final_project\IMG\left_2026_08_01_19_51_30_926.jpg,D:\DPS 920\DPS920_final_project\IMG\right_2026_08_01_19_51_30_926.jpg,-0.1992481,1.0,0.0,30.18889
D:\DPS 920\DPS920_final_project\IMG\center_2026_08_01_19_51_04_671.jpg,D:\DPS 920\DPS920_final_project\IMG\left_2026_08_01_19_51_04_671.jpg,D:\DPS 920\DPS920_final_project\IMG\right_2026_08_01_19_51_04_671.jpg,-0.08646616,1.0,0.0,30.18987
D:\DPS 920\DPS920_final_project\IMG\center_2026_08_01_19_53_04_927.jpg,D:\DPS 920\DPS920_final_project\IMG\left_2026_08_01_19_53_04_927.jpg,D:\DPS 920\DPS920_final_project\IMG\right_2026_08_01_19_53_04_927.jpg,0.08270676,1.0,0.0,30.19177
D:\DPS 920\DPS920_final_project\IMG\center_2026_08_01_20_02_13_678.jpg,D:\DPS 920\DPS920_final_project\IMG\left_2026_08_01_20_02_13_678.jpg,D:\DPS 920\DPS920_final_project\IMG\right_2026_08_01_20_02_13_678.jpg,0.2781955,1.0,0.0,30.18608
D:\DPS 920\DPS920_final_project\IMG\center_2026_08_01_19_53_16_017.jpg,D:\DPS 920\DPS920_final_project\IMG\left_2026_08_01_19_53_16_017.jpg,D:\DPS 920\DPS920_final_project\IMG\right_2026_08_01_19_53_16_017.jpg,-0.09398497,1.0,0.0,30.19003
D:\DPS 920\DPS920_final_project\IMG\center_2026_08_01_19_59_22_882.jpg,D:\DPS 920\DPS920_final_project\IMG\left_2026_08_01_19_59_22_882.jpg,D:\DPS 920\DPS920_final_project\IMG\right_2026_08_01_19_59_22_882.jpg,0.1090226,1.0,0.0,30.18994
D:\DPS 920\DPS920_final_project\IMG\center_2026_08_01_20_00_50_293.jpg,D:\DPS 920\DPS920_final_project\IMG\left_2026_08_01_20_00_50_293.jpg,D:\DPS 920\DPS920_final_project\IMG\right_2026_08_01_20_00_50_293.jpg,0.2105263,1.0,0.0,30.18861
D:\DPS 920\DPS920_final_project\IMG\center_2026_08_01_19_53_07_800.jpg,D:\DPS 920\DPS920_final_project\IMG\left_2026_08_01_19_53_07_800.jpg,D:\DPS 920\DPS920_final_project\IMG\right_2026_08_01_19_53_07_800.jpg,-0.003759398,1.0,0.0,30.19051
D:\DPS 920\DPS920_final_project\IMG\center_2026_08_01_19_52_49_781.jpg,D:\DPS 920\DPS920_final_project\IMG\left_2026_08_01_19_52_49_781.jpg,D:\DPS 920\DPS920_final_project\IMG\right_2026_08_01_19_52_49_781.jpg,-0.007518797,1.0,0.0,30.19029
D:\DPS 920\DPS920_final_project\IMG\center_2026_08_01_19_54_19_360.jpg,D:\DPS 920\DPS920_final_project\IMG\left_2026_08_01_19_54_19_360.jpg,D:\DPS 920\DPS920_final_project\IMG\right_2026_08_01_19_54_19_360.jpg,-0.1015038,1.0,0.0,30.19073
D:\DPS 920\DPS920_final_project\IMG\center_2026_08_01_20_00_40_066.jpg,D:\DPS 920\DPS920_final_project\IMG\left_2026_08_01_20_00_40_066.jpg,D:\DPS 920\DPS920_final_project\IMG\right_2026_08_01_20_00_40_066.jpg,-0.1390978,1.0,0.0,30.18935
D:\DPS 920\DPS920_final_project\IMG\center_2026_08_01_20_01_15_809.jpg,D:\DPS 920\DPS920_final_project\IMG\left_2026_08_01_20_01_15_809.jpg,D:\DPS 920\DPS920_final_project\IMG\right_2026_08_01_20_01_15_809.jpg,0.1165414,1.0,0.0,30.18996
D:\DPS 920\DPS920_final_project\IMG\center_2026_08_01_19_52_37_156.jpg,D:\DPS 920\DPS920_final_project\IMG\left_2026_08_01_19_52_37_156.jpg,D:\DPS 920\DPS920_final_project\IMG\right_2026_08_01_19_52_37_156.jpg,-0.03007519,1.0,0.0,30.19032
D:\DPS 920\DPS920_final_project\IMG\center_2026_08_01_19_53_23_764.jpg,D:\DPS 920\DPS920_final_project\IMG\left_2026_08_01_19_53_23_764.jpg,D:\DPS 920\DPS920_final_project\IMG\right_2026_08_01_19_53_23_764.jpg,-0.04135338,1.0,0.0,30.19022
D:\DPS 920\DPS920_final_project\IMG\center_2026_08_01_19_57_48_083.jpg,D:\DPS 920\DPS920_final_project\IMG\left_2026_08_01_19_57_48_083.jpg,D:\DPS 920\DPS920_final_project\IMG\right_2026_08_01_19_57_48_083.jpg,0.06015037,1.0,0.0,30.19022
D:\DPS 920\DPS920_final_project\IMG\center_2026_08_01_20_00_17_818.jpg,D:\DPS 920\DPS920_final_project\IMG\left_2026_08_01_20_00_17_818.jpg,D:\DPS 920\DPS920_final_project\IMG\right_2026_08_01_20_00_17_818.jpg,0.01879699,1.0,0.0,30.1903
D:\DPS 920\DPS920_final_project\IMG\center_2026_08_01_19_52_28_618.jpg,D:\DPS 920\DPS920_final_project\IMG\left_2026_08_01_19_52_28_618.jpg,D:\DPS 920\DPS920_final_project\IMG\right_2026_08_01_19_52_28_618.jpg,-0.1240602,1.0,0.0,30.18967
D:\DPS 920\DPS920_final_project\IMG\center_2026_08_01_19_51_28_419.jpg,D:\DPS 920\DPS920_final_project\IMG\left_2026_08_01_19_51_28_419.jpg,D:\DPS 920\DPS920_final_project\IMG\right_2026_08_01_19_51_28_419.jpg,-0.1503759,1.0,0.0,30.18913
D:\DPS 920\DPS920_final_project\IMG\center_2026_08_01_19_59_12_467.jpg,D:\DPS 920\DPS920_final_project\IMG\left_2026_08_01_19_59_12_467.jpg,D:\DPS 920\DPS920_final_project\IMG\right_2026_08_01_19_59_12_467.jpg,0.04135338,1.0,0.0,30.19025
D:\DPS 920\DPS920_final_project\IMG\center_2026_08_01_20_01_15_193.jpg,D:\DPS 920\DPS920_final_project\IMG\left_2026_08_01_20_01_15_193.jpg,D:\DPS 920\DPS920_final_project\IMG\right_2026_08_01_20_01_15_193.jpg,0.08646616,1.0,0.0,30.18991
D:\DPS 920\DPS920_final_project\IMG\center_2026_08_01_19_53_52_574.jpg,D:\DPS 920\DPS920_final_project\IMG\left_2026_08_01_19_53_52_574.jpg,D:\DPS 920\DPS920_final_project\IMG\right_2026_08_01_19_53_52_574.jpg,-0.08270676,1.0,0.0,30.1901
D:\DPS 920\DPS920_final_project\IMG\center_2026_08_01_20_00_29_599.jpg,D:\DPS 920\DPS920_final_project\IMG\left_2026_08_01_20_00_29_599.jpg,D:\DPS 920\DPS920_final_project\IMG\right_2026_08_01_20_00_29_599.jpg,0.1090226,1.0,0.0,30.19008
D:\DPS 920\DPS920_final_project\IMG\center_2026_08_01_19_59_18_645.jpg,D:\DPS 920\DPS920_final_project\IMG\left_2026_08_01_19_59_18_645.jpg,D:\DPS 920\DPS920_final_project\IMG\right_2026_08_01_19_59_18_645.jpg,-0.1578947,1.0,0.0,30.19034
D:\DPS 920\DPS920_final_project\IMG\center_2026_08_01_19_58_19_522.jpg,D:\DPS 920\DPS920_final_project\IMG\left_2026_08_01_19_58_19_522.jpg,D:\DPS 920\DPS920_final_project\IMG\right_2026_08_01_19_58_19_522.jpg,0.02631579,1.0,0.0,30.1903
D:\DPS 920\DPS920_final_project\IMG\center_2026_08_01_19_54_19_822.jpg,D:\DPS 920\DPS920_final_project\IMG\left_2026_08_01_19_54_19_822.jpg,D:\DPS 920\DPS920_final_project\IMG\right_2026_08_01_19_54_19_822.jpg,-0.09774436,1.0,0.0,30.19019
D:\DPS 920\DPS920_final_project\IMG\center_2026_08_01_20_01_38_375.jpg,D:\DPS 920\DPS920_final_project\IMG\left_2026_08_01_20_01_38_375.jpg,D:\DPS 920\DPS920_final_project\IMG\right_2026_08_01_20_01_38_375.jpg,0.02255639,1.0,0.0,30.19027
D:\DPS 920\DPS920_final_project\IMG\center_2026_08_01_19_54_44_890.jpg,D:\DPS 920\DPS920_final_project\IMG\left_2026_08_01_19_54_44_890.jpg,D:\DPS 920\DPS920_final_project\IMG\right_2026_08_01_19_54_44_890.jpg,0.0,1.0,0.0,30.18982
D:\DPS 920\DPS920_final_project\IMG\center_2026_08_01_19_57_45_461.jpg,D:\DPS 920\DPS920_final_project\IMG\left_2026_08_01_19_57_45_461.jpg,D:\DPS 920\DPS920_final_project\IMG\right_2026_08_01_19_57_45_461.jpg,0.1766917,1.0,0.0,30.18959
D:\DPS 920\DPS920_final_project\IMG\center_2026_08_01_19_54_23_726.jpg,D:\DPS 920\DPS920_final_project\IMG\left_2026_08_01_19_54_23_726.jpg,D:\DPS 920\DPS920_final_project\IMG\right_2026_08_01_19_54_23_726.jpg,0.003759398,1.0,0.0,30.19032
D:\DPS 920\DPS920_final_project\IMG\center_2026_08_01_19_50_26_895.jpg,D:\DPS 920\DPS920_final_project\IMG\left_2026_08_01_19_50_26_895.jpg,D:\DPS 920\DPS920_final_project\IMG\right_2026_08_01_19_50_26_895.jpg,-0.2218045,1.0,0.0,24.91128
D:\DPS 920\DPS920_final_project\IMG\center_2026_08_01_20_01_46_818.jpg,D:\DPS 920\DPS920_final_project\IMG\left_2026_08_01_20_01_46_818.jpg,D:\DPS 920\DPS920_final_project\IMG\right_2026_08_01_20_01_46_818.jpg,0.07894737,1.0,0.0,30.1902
D:\DPS 920\DPS920_final_project\IMG\center_2026_08_01_19_51_53_838.jpg,D:\DPS 920\DPS920_final_project\IMG\left_2026_08_01_19_51_53_838.jpg,D:\DPS 920\DPS920_final_project\IMG\right_2026_08_01_19_51_53_838.jpg,-0.06766918,1.0,0.0,30.18997
D:\DPS 920\DPS920_final_project\IMG\center_2026_08_01_19_52_43_553.jpg,D:\DPS 920\DPS920_final_project\IMG\left_2026_08_01_19_52_43_553.jpg,D:\DPS 920\DPS920_final_project\IMG\right_2026_08_01_19_52_43_553.jpg,-0.06015037,1.0,0.0,30.18977
D:\DPS 920\DPS920_final_project\IMG\center_2026_08_01_19_53_21_150.jpg,D:\DPS 920\DPS920_final_project\IMG\left_2026_08_01_19_53_21_150.jpg,D:\DPS 920\DPS920_final_project\IMG\right_2026_08_01_19_53_21_150.jpg,-0.07894737,1.0,0.0,30.1902
D:\DPS 920\DPS920_final_project\IMG\center_2026_08_01_19_50_43_737.jpg,D:\DPS 920\DPS920_final_project\IMG\left_2026_08_01_19_50_43_737.jpg,D:\DPS 920\DPS920_final_project\IMG\right_2026_08_01_19_50_43_737.jpg,-0.0112782,1.0,0.0,30.19028
D:\DPS 920\DPS920_final_project\IMG\center_2026_08_01_19_59_48_752.jpg,D:\DPS 920\DPS920_final_project\IMG\left_2026_08_01_19_59_48_752.jpg,D:\DPS 920\DPS920_final_project\IMG\right_2026_08_01_19_59_48_752.jpg,0.09774436,1.0,0.0,30.19011
D:\DPS 920\DPS920_final_project\IMG\center_2026_08_01_19_54_03_490.jpg,D:\DPS 920\DPS920_final_project\IMG\left_2026_08_01_19_54_03_490.jpg,D:\DPS 920\DPS920_final_project\IMG\right_2026_08_01_19_54_03_490.jpg,-0.03383459,1.0,0.0,30.19029
D:\DPS 920\DPS920_final_project\IMG\center_2026_08_01_19_59_05_250.jpg,D:\DPS 920\DPS920_final_project\IMG\left_2026_08_01_19_59_05_250.jpg,D:\DPS 920\DPS920_final_project\IMG\right_2026_08_01_19_59_05_250.jpg,0.06390978,1.0,0.0,30.19015
D:\DPS 920\DPS920_final_project\IMG\center_2026_08_01_19_54_37_639.jpg,D:\DPS 920\DPS920_final_project\IMG\left_2026_08_01_19_54_37_639.jpg,D:\DPS 920\DPS920_final_project\IMG\right_2026_08_01_19_54_37_639.jpg,-0.1578947,1.0,0.0,30.18952
D:\DPS 920\DPS920_final_project\IMG\center_2026_08_01_19_53_05_626.jpg,D:\DPS 920\DPS920_final_project\IMG\left_2026_08_01_19_53_05_626.jpg,D:\DPS 920\DPS920_final_project\IMG\right_2026_08_01_19_53_05_626.jpg,0.112782,1.0,0.0,30.18609
D:\DPS 920\DPS920_final_project\IMG\center_2026_08_01_20_00_27_597.jpg,D:\DPS 920\DPS920_final_project\IMG\left_2026_08_01_20_00_27_597.jpg,D:\DPS 920\DPS920_final_project\IMG\right_2026_08_01_20_00_27_597.jpg,0.07142857,1.0,0.0,30.1901
D:\DPS 920\DPS920_final_project\IMG\center_2026_08_01_19_51_53_174.jpg,D:\DPS 920\DPS920_final_project\IMG\left_2026_08_01_19_51_53_174.jpg,D:\DPS 920\DPS920_final_project\IMG\right_2026_08_01_19_51_53_174.jpg,-0.1052632,1.0,0.0,30.1899
D:\DPS 920\DPS920_final_project\IMG\center_2026_08_01_20_01_49_349.jpg,D:\DPS 920\DPS920_final_project\IMG\left_2026_08_01_20_01_49_349.jpg,D:\DPS 920\DPS920_final_project\IMG\right_2026_08_01_20_01_49_349.jpg,0.06390978,1.0,0.0,30.19007
D:\DPS 920\DPS920_final_project\IMG\center_2026_08_01_19_51_08_698.jpg,D:\DPS 920\DPS920_final_project\IMG\left_2026_08_01_19_51_08_698.jpg,D:\DPS 920\DPS920_final_project\IMG\right_2026_08_01_19_51_08_698.jpg,-0.06766918,1.0,0.0,30.1901
D:\DPS 920\DPS920_final_project\IMG\center_2026_08_01_20_01_54_760.jpg,D:\DPS 920\DPS920_final_project\IMG\left_2026_08_01_20_01_54_760.jpg,D:\DPS 920\DPS920_final_project\IMG\right_2026_08_01_20_01_54_760.jpg,0.1503759,1.0,0.0,30.19025
D:\DPS 920\DPS920_final_project\IMG\center_2026_08_01_20_00_33_657.jpg,D:\DPS 920\DPS920_final_project\IMG\left_2026_08_01_20_00_33_657.jpg,D:\DPS 920\DPS920_final_project\IMG\right_2026_08_01_20_00_33_657.jpg,0.06390978,1.0,0.0,30.19025
D:\DPS 920\DPS920_final_project\IMG\center_2026_08_01_19_57_36_729.jpg,D:\DPS 920\DPS920_final_project\IMG\left_2026_08_01_19_57_36_729.jpg,D:\DPS 920\DPS920_final_project\IMG\right_2026_08_01_19_57_36_729.jpg,0.07142857,1.0,0.0,18.52066
D:\DPS 920\DPS920_final_project\IMG\center_2026_08_01_20_01_46_530.jpg,D:\DPS 920\DPS920_final_project\IMG\left_2026_08_01_20_01_46_530.jpg,D:\DPS 920\DPS920_final_project\IMG\right_2026_08_01_20_01_46_530.jpg,0.08270676,1.0,0.0,30.18985
D:\DPS 920\DPS920_final_project\IMG\center_2026_08_01_19_54_44_754.jpg,D:\DPS 920\DPS920_final_project\IMG\left_2026_08_01_19_54_44_754.jpg,D:\DPS 920\DPS920_final_project\IMG\right_2026_08_01_19_54_44_754.jpg,-0.07518797,1.0,0.0,30.19013
D:\DPS 920\DPS920_final_project\IMG\center_2026_08_01_19_57_39_402.jpg,D:\DPS 920\DPS920_final_project\IMG\left_2026_08_01_19_57_39_402.jpg,D:\DPS 920\DPS920_final_project\IMG\right_2026_08_01_19_57_39_402.jpg,0.1165414,1.0,0.0,30.18891
D:\DPS 920\DPS920_final_project\IMG\center_2026_08_01_19_52_27_144.jpg,D:\DPS 920\DPS920_final_project\IMG\left_2026_08_01_19_52_27_144.jpg,D:\DPS 920\DPS920_final_project\IMG\right_2026_08_01_19_52_27_144.jpg,-0.05639098,1.0,0.0,30.19008
D:\DPS 920\DPS920_final_project\IMG\center_2026_08_01_19_59_06_130.jpg,D:\DPS 920\DPS920_final_project\IMG\left_2026_08_01_19_59_06_130.jpg,D:\DPS 920\DPS920_final_project\IMG\right_2026_08_01_19_59_06_130.jpg,0.1165414,1.0,0.0,30.18995
D:\DPS 920\DPS920_final_project\IMG\center_2026_08_01_19_57_53_693.jpg,D:\DPS 920\DPS920_final_project\IMG\left_2026_08_01_19_57_53_693.jpg,D:\DPS 920\DPS920_final_project\IMG\right_2026_08_01_19_57_53_693.jpg,-0.3045113,1.0,0.0,30.18242
D:\DPS 920\DPS920_final_project\IMG\center_2026_08_01_19_51_41_315.jpg,D:\DPS 920\DPS920_final_project\IMG\left_2026_08_01_19_51_41_315.jpg,D:\DPS 920\DPS920_final_project\IMG\right_2026_08_01_19_51_41_315.jpg,0.03383459,1.0,0.0,30.18904
D:\DPS 920\DPS920_final_project\IMG\center_2026_08_01_19_54_10_990.jpg,D:\DPS 920\DPS920_final_project\IMG\left_2026_08_01_19_54_10_990.jpg,D:\DPS 920\DPS920_final_project\IMG\right_2026_08_01_19_54_10_990.jpg,-0.02631579,1.0,0.0,30.19
D:\DPS 920\DPS920_final_project\IMG\center_2026_08_01_19_54_31_048.jpg,D:\DPS 920\DPS920_final_project\IMG\left_2026_08_01_19_54_31_048.jpg,D:\DPS 920\DPS920_final_project\IMG\right_2026_08_01_19_54_31_048.jpg,0.02631579,1.0,0.0,30.19029
D:\DPS 920\DPS920_final_project\IMG\center_2026_08_01_19_59_28_991.jpg,D:\DPS 920\DPS920_final_project\IMG\left_2026_08_01_19_59_28_991.jpg,D:\DPS 920\DPS920_final_project\IMG\right_2026_08_01_19_59_28_991.jpg,0.1766917,1.0,0.0,30.19065
D:\DPS 920\DPS920_final_project\IMG\center_2026_08_01_19_59_37_540.jpg,D:\DPS 920\DPS920_final_project\IMG\left_2026_08_01_19_59_37_540.jpg,D:\DPS 920\DPS920_final_project\IMG\right_2026_08_01_19_59_37_540.jpg,0.0112782,1.0,0.0,30.19063
D:\DPS 920\DPS920_final_project\IMG\center_2026_08_01_19_59_27_882.jpg,D:\DPS 920\DPS920_final_project\IMG\left_2026_08_01_19_59_27_882.jpg,D:\DPS 920\DPS920_final_project\IMG\right_2026_08_01_19_59_27_882.jpg,0.2142857,1.0,0.0,30.18944
D:\DPS 920\DPS920_final_project\IMG\center_2026_08_01_19_59_07_201.jpg,D:\DPS 920\DPS920_final_project\IMG\left_2026_08_01_19_59_07_201.jpg,D:\DPS 920\DPS920_final_project\IMG\right_2026_08_01_19_59_07_201.jpg,0.3345865,1.0,0.0,30.18617
D:\DPS 920\DPS920_final_project\IMG\center_2026_08_01_20_01_12_223.jpg,D:\DPS 920\DPS920_final_project\IMG\left_2026_08_01_20_01_12_223.jpg,D:\DPS 920\DPS920_final_project\IMG\right_2026_08_01_20_01_12_223.jpg,0.05639098,1.0,0.0,30.19031
D:\DPS 920\DPS920_final_project\IMG\center_2026_08_01_19_51_24_251.jpg,D:\DPS 920\DPS920_final_project\IMG\left_2026_08_01_19_51_24_251.jpg,D:\DPS 920\DPS920_final_project\IMG\right_2026_08_01_19_51_24_251.jpg,-0.0112782,1.0,0.0,30.18999
D:\DPS 920\DPS920_final_project\IMG\center_2026_08_01_20_00_23_480.jpg,D:\DPS 920\DPS920_final_project\IMG\left_2026_08_01_20_00_23_480.jpg,D:\DPS 920\DPS920_final_project\IMG\right_2026_08_01_20_00_23_480.jpg,0.07142857,1.0,0.0,30.19036
D:\DPS 920\DPS920_final_project\IMG\center_2026_08_01_19_53_12_452.jpg,D:\DPS 920\DPS920_final_project\IMG\left_2026_08_01_19_53_12_452.jpg,D:\DPS 920\DPS920_final_project\IMG\right_2026_08_01_19_53_12_452.jpg,-0.1466165,1.0,0.0,30.18813
D:\DPS 920\DPS920_final_project\IMG\center_2026_08_01_19_57_42_045.jpg,D:\DPS 920\DPS920_final_project\IMG\left_2026_08_01_19_57_42_045.jpg,D:\DPS 920\DPS920_final_project\IMG\right_2026_08_01_19_57_42_045.jpg,0.1353384,1.0,0.0,30.19017
D:\DPS 920\DPS920_final_project\IMG\center_2026_08_01_19_59_53_072.jpg,D:\DPS 920\DPS920_final_project\IMG\left_2026_08_01_19_59_53_072.jpg,D:\DPS 920\DPS920_final_project\IMG\right_2026_08_01_19_59_53_072.jpg,0.07894737,1.0,0.0,30.19029
D:\DPS 920\DPS920_final_project\IMG\center_2026_08_01_19_54_28_501.jpg,D:\DPS 920\DPS920_final_project\IMG\left_2026_08_01_19_54_28_501.jpg,D:\DPS 920\DPS920_final_project\IMG\right_2026_08_01_19_54_28_501.jpg,0.08646616,1.0,0.0,30.18954
D:\DPS 920\DPS920_final_project\IMG\center_2026_08_01_20_01_23_051.jpg,D:\DPS 920\DPS920_final_project\IMG\left_2026_08_01_20_01_23_051.jpg,D:\DPS 920\DPS920_final_project\IMG\right_2026_08_01_20_01_23_051.jpg,0.03759398,1.0,0.0,30.19026
D:\DPS 920\DPS920_final_project\IMG\center_2026_08_01_19_58_57_627.jpg,D:\DPS 920\DPS920_final_project\IMG\left_2026_08_01_19_58_57_627.jpg,D:\DPS 920\DPS920_final_project\IMG\right_2026_08_01_19_58_57_627.jpg,0.04135338,1.0,0.0,30.19021
D:\DPS 920\DPS920_final_project\IMG\center_2026_08_01_19_51_49_758.jpg,D:\DPS 920\DPS920_final_project\IMG\left_2026_08_01_19_51_49_758.jpg,D:\DPS 920\DPS920_final_project\IMG\right_2026_08_01_19_51_49_758.jpg,-0.1503759,1.0,0.0,30.18975
D:\DPS 920\DPS920_final_project\IMG\center_2026_08_01_19_51_46_172.jpg,D:\DPS 920\DPS920_final_project\IMG\left_2026_08_01_19_51_46_172.jpg,D:\DPS 920\DPS920_final_project\IMG\right_2026_08_01_19_51_46_172.jpg,-0.06015037,1.0,0.0,30.19008
D:\DPS 920\DPS920_final_project\IMG\center_2026_08_01_19_52_06_081.jpg,D:\DPS 920\DPS920_final_project\IMG\left_2026_08_01_19_52_06_081.jpg,D:\DPS 920\DPS920_final_project\IMG\right_2026_08_01_19_52_06_081.jpg,-0.02631579,1.0,0.0,30.19027
D:\DPS 920\DPS920_final_project\IMG\center_2026_08_01_19_59_40_181.jpg,D:\DPS 920\DPS920_final_project\IMG\left_2026_08_01_19_59_40_181.jpg,D:\DPS 920\DPS920_final_project\IMG\right_2026_08_01_19_59_40_181.jpg,0.03007519,1.0,0.0,30.19063
D:\DPS 920\DPS920_final_project\IMG\center_2026_08_01_19_51_10_098.jpg,D:\DPS 920\DPS920_final_project\IMG\left_2026_08_01_19_51_10_098.jpg,D:\DPS 920\DPS920_final_project\IMG\right_2026_08_01_19_51_10_098.jpg,-0.01879699,1.0,0.0,30.19033
D:\DPS 920\DPS920_final_project\IMG\center_2026_08_01_19_59_46_961.jpg,D:\DPS 920\DPS920_final_project\IMG\left_2026_08_01_19_59_46_961.jpg,D:\DPS 920\DPS920_final_project\IMG\right_2026_08_01_19_59_46_961.jpg,0.05263158,1.0,0.0,30.19031
D:\DPS 920\DPS920_final_project\IMG\center_2026_08_01_19_58_48_839.jpg,D:\DPS 920\DPS920_final_project\IMG\left_2026_08_01_19_58_48_839.jpg,D:\DPS 920\DPS920_final_project\IMG\right_2026_08_01_19_58_48_839.jpg,0.03383459,1.0,0.0,30.19031
D:\DPS 920\DPS920_final_project\IMG\center_2026_08_01_19_59_07_690.jpg,D:\DPS 920\DPS920_final_project\IMG\left_2026_08_01_19_59_07_690.jpg,D:\DPS 920\DPS920_final_project\IMG\right_2026_08_01_19_59_07_690.jpg,0.3872181,1.0,0.0,30.18718
D:\DPS 920\DPS920_final_project\IMG\center_2026_08_01_19_54_15_877.jpg,D:\DPS 920\DPS920_final_project\IMG\left_2026_08_01_19_54_15_877.jpg,D:\DPS 920\DPS920_final_project\IMG\right_2026_08_01_19_54_15_877.jpg,-0.2218045,1.0,0.0,30.18703
D:\DPS 920\DPS920_final_project\IMG\center_2026_08_01_19_58_58_712.jpg,D:\DPS 920\DPS920_final_project\IMG\left_2026_08_01_19_58_58_712.jpg,D:\DPS 920\DPS920_final_project\IMG\right_2026_08_01_19_58_58_712.jpg,0.06766918,1.0,0.0,30.19022
D:\DPS 920\DPS920_final_project\IMG\center_2026_08_01_19_51_07_865.jpg,D:\DPS 920\DPS920_final_project\IMG\left_2026_08_01_19_51_07_865.jpg,D:\DPS 920\DPS920_final_project\IMG\right_2026_08_01_19_51_07_865.jpg,-0.09774436,1.0,0.0,30.19033
D:\DPS 920\DPS920_final_project\IMG\center_2026_08_01_19_53_56_279.jpg,D:\DPS 920\DPS920_final_project\IMG\left_2026_08_01_19_53_56_279.jpg,D:\DPS 920\DPS920_final_project\IMG\right_2026_08_01_19_53_56_279.jpg,-0.05263158,1.0,0.0,30.19088
D:\DPS 920\DPS920_final_project\IMG\center_2026_08_01_19_51_30_616.jpg,D:\DPS 920\DPS920_final_project\IMG\left_2026_08_01_19_51_30_616.jpg,D:\DPS 920\DPS920_final_project\IMG\right_2026_08_01_19_51_30_616.jpg,-0.1992481,1.0,0.0,30.18949
D:\DPS 920\DPS920_final_project\IMG\center_2026_08_01_20_01_11_736.jpg,D:\DPS 920\DPS920_final_project\IMG\left_2026_08_01_20_01_11_736.jpg,D:\DPS 920\DPS920_final_project\IMG\right_2026_08_01_20_01_11_736.jpg,0.05263158,1.0,0.0,30.19018
D:\DPS 920\DPS920_final_project\IMG\center_2026_08_01_19_53_03_990.jpg,D:\DPS 920\DPS920_final_project\IMG\left_2026_08_01_19_53_03_990.jpg,D:\DPS 920\DPS920_final_project\IMG\right_2026_08_01_19_53_03_990.jpg,0.1203007,1.0,0.0,30.19127
D:\DPS 920\DPS920_final_project\IMG\center_2026_08_01_19_51_02_933.jpg,D:\DPS 920\DPS920_final_project\IMG\left_2026_08_01_19_51_02_933.jpg,D:\DPS 920\DPS920_final_project\IMG\right_2026_08_01_19_51_02_933.jpg,-0.06390978,1.0,0.0,30.19024
D:\DPS 920\DPS920_final_project\IMG\center_2026_08_01_20_01_19_543.jpg,D:\DPS 920\DPS920_final_project\IMG\left_2026_08_01_20_01_19_543.jpg,D:\DPS 920\DPS920_final_project\IMG\right_2026_08_01_20_01_19_543.jpg,0.04135338,1.0,0.0,30.19028
D:\DPS 920\DPS920_final_project\IMG\center_2026_08_01_19_54_37_223.jpg,D:\DPS 920\DPS920_final_project\IMG\left_2026_08_01_19_54_37_223.jpg,D:\DPS 920\DPS920_final_project\IMG\right_2026_08_01_19_54_37_223.jpg,-0.1578947,1.0,0.0,30.19003
D:\DPS 920\DPS920_final_project\IMG\center_2026_08_01_19_53_12_805.jpg,D:\DPS 920\DPS920_final_project\IMG\left_2026_08_01_19_53_12_805.jpg,D:\DPS 920\DPS920_final_project\IMG\right_2026_08_01_19_53_12_805.jpg,-0.1466165,1.0,0.0,30.1905
D:\DPS 920\DPS920_final_project\IMG\center_2026_08_01_20_02_13_896.jpg,D:\DPS 920\DPS920_final_project\IMG\left_2026_08_01_20_02_13_896.jpg,D:\DPS 920\DPS920_final_project\IMG\right_2026_08_01_20_02_13_896.jpg,0.2819549,1.0,0.0,30.18733
D:\DPS 920\DPS920_final_project\IMG\center_2026_08_01_19_50_37_991.jpg,D:\DPS 920\DPS920_final_project\IMG\left_2026_08_01_19_50_37_991.jpg,D:\DPS 920\DPS920_final_project\IMG\right_2026_08_01_19_50_37_991.jpg,-0.03759398,1.0,0.0,30.19026
D:\DPS 920\DPS920_final_project\IMG\center_2026_08_01_19_52_53_264.jpg,D:\DPS 920\DPS920_final_project\IMG\left_2026_08_01_19_52_53_264.jpg,D:\DPS 920\DPS920_final_project\IMG\right_2026_08_01_19_52_53_264.jpg,-0.1390978,1.0,0.0,30.18891
D:\DPS 920\DPS920_final_project\IMG\center_2026_08_01_19_53_11_041.jpg,D:\DPS 920\DPS920_final_project\IMG\left_2026_08_01_19_53_11_041.jpg,D:\DPS 920\DPS920_final_project\IMG\right_2026_08_01_19_53_11_041.jpg,-0.1278196,1.0,0.0,30.18991
D:\DPS 920\DPS920_final_project\IMG\center_2026_08_01_19_58_12_521.jpg,D:\DPS 920\DPS920_final_project\IMG\left_2026_08_01_19_58_12_521.jpg,D:\DPS 920\DPS920_final_project\IMG\right_2026_08_01_19_58_12_521.jpg,0.01503759,1.0,0.0,30.19059
D:\DPS 920\DPS920_final_project\IMG\center_2026_08_01_19_59_04_462.jpg,D:\DPS 920\DPS920_final_project\IMG\left_2026_08_01_19_59_04_462.jpg,D:\DPS 920\DPS920_final_project\IMG\right_2026_08_01_19_59_04_462.jpg,0.112782,1.0,0.0,30.19103
D:\DPS 920\DPS920_final_project\IMG\center_2026_08_01_19_59_49_251.jpg,D:\DPS 920\DPS920_final_project\IMG\left_2026_08_01_19_59_49_251.jpg,D:\DPS 920\DPS920_final_project\IMG\right_2026_08_01_19_59_49_251.jpg,0.07518797,1.0,0.0,30.19077
D:\DPS 920\DPS920_final_project\IMG\center_2026_08_01_20_01_10_692.jpg,D:\DPS 920\DPS920_final_project\IMG\left_2026_08_01_20_01_10_692.jpg,D:\DPS 920\DPS920_final_project\IMG\right_2026_08_01_20_01_10_692.jpg,0.09398497,1.0,0.0,30.19002
D:\DPS 920\DPS920_final_project\IMG\center_2026_08_01_19_59_22_957.jpg,D:\DPS 920\DPS920_final_project\IMG\left_2026_08_01_19_59_22_957.jpg,D:\DPS 920\DPS920_final_project\IMG\right_2026_08_01_19_59_22_957.jpg,0.1090226,1.0,0.0,30.18998
D:\DPS 920\DPS920_final_project\IMG\center_2026_08_01_19_52_55_077.jpg,D:\DPS 920\DPS920_final_project\IMG\left_2026_08_01_19_52_55_077.jpg,D:\DPS 920\DPS920_final_project\IMG\right_2026_08_01_19_52_55_077.jpg,-0.1654135,1.0,0.0,30.19011
D:\DPS 920\DPS920_final_project\IMG\center_2026_08_01_19_50_27_898.jpg,D:\DPS 920\DPS920_final_project\IMG\left_2026_08_01_19_50_27_898.jpg,D:\DPS 920\DPS920_final_project\IMG\right_2026_08_01_19_50_27_898.jpg,-0.131579,1.0,0.0,30.19026
D:\DPS 920\DPS920_final_project\IMG\center_2026_08_01_19_51_39_465.jpg,D:\DPS 920\DPS920_final_project\IMG\left_2026_08_01_19_51_39_465.jpg,D:\DPS 920\DPS920_final_project\IMG\right_2026_08_01_19_51_39_465.jpg,0.1954887,1.0,0.0,30.19077
D:\DPS 920\DPS920_final_project\IMG\center_2026_08_01_19_54_43_470.jpg,D:\DPS 920\DPS920_final_project\IMG\left_2026_08_01_19_54_43_470.jpg,D:\DPS 920\DPS920_final_project\IMG\right_2026_08_01_19_54_43_470.jpg,-0.09398497,1.0,0.0,30.18977
D:\DPS 920\DPS920_final_project\IMG\center_2026_08_01_19_54_12_771.jpg,D:\DPS 920\DPS920_final_project\IMG\left_2026_08_01_19_54_12_771.jpg,D:\DPS 920\DPS920_final_project\IMG\right_2026_08_01_19_54_12_771.jpg,-0.01879699,1.0,0.0,30.19029
D:\DPS 920\DPS920_final_project\IMG\center_2026_08_01_19_54_00_858.jpg,D:\DPS 920\DPS920_final_project\IMG\left_2026_08_01_19_54_00_858.jpg,D:\DPS 920\DPS920_final_project\IMG\right_2026_08_01_19_54_00_858.jpg,-0.03383459,1.0,0.0,30.19016
D:\DPS 920\DPS920_final_project\IMG\center_2026_08_01_19_51_00_639.jpg,D:\DPS 920\DPS920_final_project\IMG\left_2026_08_01_19_51_00_639.jpg,D:\DPS 920\DPS920_final_project\IMG\right_2026_08_01_19_51_00_639.jpg,-0.03383459,1.0,0.0,30.19027
D:\DPS 920\DPS920_final_project\IMG\center_2026_08_01_20_00_28_497.jpg,D:\DPS 920\DPS920_final_project\IMG\left_2026_08_01_20_00_28_497.jpg,D:\DPS 920\DPS920_final_project\IMG\right_2026_08_01_20_00_28_497.jpg,0.07518797,1.0,0.0,30.19006
D:\DPS 920\DPS920_final_project\IMG\center_2026_08_01_19_58_58_421.jpg,D:\DPS 920\DPS920_final_project\IMG\left_2026_08_01_19_58_58_421.jpg,D:\DPS 920\DPS920_final_project\IMG\right_2026_08_01_19_58_58_421.jpg,0.06766918,1.0,0.0,30.19015
D:\DPS 920\DPS920_final_project\IMG\center_2026_08_01_20_02_07_092.jpg,D:\DPS 920\DPS920_final_project\IMG\left_2026_08_01_20_02_07_092.jpg,D:\DPS 920\DPS920_final_project\IMG\right_2026_08_01_20_02_07_092.jpg,-0.05263158,1.0,0.0,30.18987
D:\DPS 920\DPS920_final_project\IMG\center_2026_08_01_19_54_16_595.jpg,D:\DPS 920\DPS920_final_project\IMG\left_2026_08_01_19_54_16_595.jpg,D:\DPS 920\DPS920_final_project\IMG\right_2026_08_01_19_54_16_595.jpg,-0.1992481,1.0,0.0,30.1894
D:\DPS 920\DPS920_final_project\IMG\center_2026_08_01_19_52_25_304.jpg,D:\DPS 920\DPS920_final_project\IMG\left_2026_08_01_19_52_25_304.jpg,D:\DPS 920\DPS920_final_project\IMG\right_2026_08_01_19_52_25_304.jpg,-0.04887218,1.0,0.0,30.19022
D:\DPS 920\DPS920_final_project\IMG\center_2026_08_01_19_59_40_111.jpg,D:\DPS 920\DPS920_final_project\IMG\left_2026_08_01_19_59_40_111.jpg,D:\DPS 920\DPS920_final_project\IMG\right_2026_08_01_19_59_40_111.jpg,0.03007519,1.0,0.0,30.19061
D:\DPS 920\DPS920_final_project\IMG\center_2026_08_01_19_51_50_258.jpg,D:\DPS 920\DPS920_final_project\IMG\left_2026_08_01_19_51_50_258.jpg,D:\DPS 920\DPS920_final_project\IMG\right_2026_08_01_19_51_50_258.jpg,-0.1691729,1.0,0.0,30.18914
D:\DPS 920\DPS920_final_project\IMG\center_2026_08_01_19_59_55_483.jpg,D:\DPS 920\DPS920_final_project\IMG\left_2026_08_01_19_59_55_483.jpg,D:\DPS 920\DPS920_final_project\IMG\right_2026_08_01_19_59_55_483.jpg,0.04135338,1.0,0.0,30.19026
D:\DPS 920\DPS920_final_project\IMG\center_2026_08_01_19_59_25_678.jpg,D:\DPS 920\DPS920_final_project\IMG\left_2026_08_01_19_59_25_678.jpg,D:\DPS 920\DPS920_final_project\IMG\right_2026_08_01_19_59_25_678.jpg,0.09398497,1.0,0.0,30.19011
D:\DPS 920\DPS920_final_project\IMG\center_2026_08_01_19_51_47_223.jpg,D:\DPS 920\DPS920_final_project\IMG\left_2026_08_01_19_51_47_223.jpg,D:\DPS 920\DPS920_final_project\IMG\right_2026_08_01_19_51_47_223.jpg,-0.06015037,1.0,0.0,30.1902
D:\DPS 920\DPS920_final_project\IMG\center_2026_08_01_19_50_58_817.jpg,D:\DPS 920\DPS920_final_project\IMG\left_2026_08_01_19_50_58_817.jpg,D:\DPS 920\DPS920_final_project\IMG\right_2026_08_01_19_50_58_817.jpg,-0.03383459,1.0,0.0,30.19019
D:\DPS 920\DPS920_final_project\IMG\center_2026_08_01_19_54_03_276.jpg,D:\DPS 920\DPS920_final_project\IMG\left_2026_08_01_19_54_03_276.jpg,D:\DPS 920\DPS920_final_project\IMG\right_2026_08_01_19_54_03_276.jpg,-0.03383459,1.0,0.0,30.19027
D:\DPS 920\DPS920_final_project\IMG\center_2026_08_01_19_58_43_466.jpg,D:\DPS 920\DPS920_final_project\IMG\left_2026_08_01_19_58_43_466.jpg,D:\DPS 920\DPS920_final_project\IMG\right_2026_08_01_19_58_43_466.jpg,0.01503759,1.0,0.0,30.19018
D:\DPS 920\DPS920_final_project\IMG\center_2026_08_01_19_52_59_543.jpg,D:\DPS 920\DPS920_final_project\IMG\left_2026_08_01_19_52_59_543.jpg,D:\DPS 920\DPS920_final_project\IMG\right_2026_08_01_19_52_59_543.jpg,0.05639098,1.0,0.0,30.19015
D:\DPS 920\DPS920_final_project\IMG\center_2026_08_01_19_54_17_870.jpg,D:\DPS 920\DPS920_final_project\IMG\left_2026_08_01_19_54_17_870.jpg,D:\DPS 920\DPS920_final_project\IMG\right_2026_08_01_19_54_17_870.jpg,-0.1616541,1.0,0.0,30.19037
D:\DPS 920\DPS920_final_project\IMG\center_2026_08_01_20_00_20_214.jpg,D:\DPS 920\DPS920_final_project\IMG\left_2026_08_01_20_00_20_214.jpg,D:\DPS 920\DPS920_final_project\IMG\right_2026_08_01_20_00_20_214.jpg,0.04135338,1.0,0.0,30.19023
D:\DPS 920\DPS920_final_project\IMG\center_2026_08_01_20_00_37_304.jpg,D:\DPS 920\DPS920_final_project\IMG\left_2026_08_01_20_00_37_304.jpg,D:\DPS 920\DPS920_final_project\IMG\right_2026_08_01_20_00_37_304.jpg,-0.0112782,1.0,0.0,30.19028
D:\DPS 920\DPS920_final_project\IMG\center_2026_08_01_19_51_38_902.jpg,D:\DPS 920\DPS920_final_project\IMG\left_2026_08_01_19_51_38_902.jpg,D:\DPS 920\DPS920_final_project\IMG\right_2026_08_01_19_51_38_902.jpg,0.3458647,1.0,0.0,30.18235
D:\DPS 920\DPS920_final_project\IMG\center_2026_08_01_19_59_03_047.jpg,D:\DPS 920\DPS920_final_project\IMG\left_2026_08_01_19_59_03_047.jpg,D:\DPS 920\DPS920_final_project\IMG\right_2026_08_01_19_59_03_047.jpg,0.08270676,1.0,0.0,30.19008
D:\DPS 920\DPS920_final_project\IMG\center_2026_08_01_19_58_10_533.jpg,D:\DPS 920\DPS920_final_project\IMG\left_2026_08_01_19_58_10_533.jpg,D:\DPS 920\DPS920_final_project\IMG\right_2026_08_01_19_58_10_533.jpg,0.04135338,1.0,0.0,30.19044
D:\DPS 920\DPS920_final_project\IMG\center_2026_08_01_19_53_53_905.jpg,D:\DPS 920\DPS920_final_project\IMG\left_2026_08_01_19_53_53_905.jpg,D:\DPS 920\DPS920_final_project\IMG\right_2026_08_01_19_53_53_905.jpg,-0.1052632,1.0,0.0,30.19065
D:\DPS 920\DPS920_final_project\IMG\center_2026_08_01_20_00_24_815.jpg,D:\DPS 920\DPS920_final_project\IMG\left_2026_08_01_20_00_24_815.jpg,D:\DPS 920\DPS920_final_project\IMG\right_2026_08_01_20_00_24_815.jpg,0.04887218,1.0,0.0,30.19023
D:\DPS 920\DPS920_final_project\IMG\center_2026_08_01_19_57_42_254.jpg,D:\DPS 920\DPS920_final_project\IMG\left_2026_08_01_19_57_42_254.jpg,D:\DPS 920\DPS920_final_project\IMG\right_2026_08_01_19_57_42_254.jpg,0.1353384,1.0,0.0,30.18918
D:\DPS 920\DPS920_final_project\IMG\center_2026_08_01_19_59_28_370.jpg,D:\DPS 920\DPS920_final_project\IMG\left_2026_08_01_19_59_28_370.jpg,D:\DPS 920\DPS920_final_project\IMG\right_2026_08_01_19_59_28_370.jpg,0.2142857,1.0,0.0,30.18934
D:\DPS 920\DPS920_final_project\IMG\center_2026_08_01_19_54_31_755.jpg,D:\DPS 920\DPS920_final_project\IMG\left_2026_08_01_19_54_31_755.jpg,D:\DPS 920\DPS920_final_project\IMG\right_2026_08_01_19_54_31_755.jpg,-0.003759398,1.0,0.0,30.19029
D:\DPS 920\DPS920_final_project\IMG\center_2026_08_01_20_00_27_741.jpg,D:\DPS 920\DPS920_final_project\IMG\left_2026_08_01_20_00_27_741.jpg,D:\DPS 920\DPS920_final_project\IMG\right_2026_08_01_20_00_27_741.jpg,0.07142857,1.0,0.0,30.19003
D:\DPS 920\DPS920_final_project\IMG\center_2026_08_01_19_51_32_080.jpg,D:\DPS 920\DPS920_final_project\IMG\left_2026_08_01_19_51_32_080.jpg,D:\DPS 920\DPS920_final_project\IMG\right_2026_08_01_19_51_32_080.jpg,-0.07518797,1.0,0.0,30.19018
D:\DPS 920\DPS920_final_project\IMG\center_2026_08_01_19_58_34_887.jpg,D:\DPS 920\DPS920_final_project\IMG\left_2026_08_01_19_58_34_887.jpg,D:\DPS 920\DPS920_final_project\IMG\right_2026_08_01_19_58_34_887.jpg,0.03383459,1.0,0.0,30.1903
D:\DPS 920\DPS920_final_project\IMG\center_2026_08_01_19_51_50_617.jpg,D:\DPS 920\DPS920_final_project\IMG\left_2026_08_01_19_51_50_617.jpg,D:\DPS 920\DPS920_final_project\IMG\right_2026_08_01_19_51_50_617.jpg,-0.1691729,1.0,0.0,30.18963
D:\DPS 920\DPS920_final_project\IMG\center_2026_08_01_19_54_19_589.jpg,D:\DPS 920\DPS920_final_project\IMG\left_2026_08_01_19_54_19_589.jpg,D:\DPS 920\DPS920_final_project\IMG\right_2026_08_01_19_54_19_589.jpg,-0.1015038,1.0,0.0,30.19022
D:\DPS 920\DPS920_final_project\IMG\center_2026_08_01_19_54_41_358.jpg,D:\DPS 920\DPS920_final_project\IMG\left_2026_08_01_19_54_41_358.jpg,D:\DPS 920\DPS920_final_project\IMG\right_2026_08_01_19_54_41_358.jpg,-0.05263158,1.0,0.0,30.1902
D:\DPS 920\DPS920_final_project\IMG\center_2026_08_01_19_54_37_998.jpg,D:\DPS 920\DPS920_final_project\IMG\left_2026_08_01_19_54_37_998.jpg,D:\DPS 920\DPS920_final_project\IMG\right_2026_08_01_19_54_37_998.jpg,-0.1691729,1.0,0.0,30.18925
D:\DPS 920\DPS920_final_project\IMG\center_2026_08_01_19_59_02_776.jpg,D:\DPS 920\DPS920_final_project\IMG\left_2026_08_01_19_59_02_776.jpg,D:\DPS 920\DPS920_final_project\IMG\right_2026_08_01_19_59_02_776.jpg,0.07518797,1.0,0.0,30.19035
D:\DPS 920\DPS920_final_project\IMG\center_2026_08_01_19_54_18_169.jpg,D:\DPS 920\DPS920_final_project\IMG\left_2026_08_01_19_54_18_169.jpg,D:\DPS 920\DPS920_final_project\IMG\right_2026_08_01_19_54_18_169.jpg,-0.1616541,1.0,0.0,30.19028
D:\DPS 920\DPS920_final_project\IMG\center_2026_08_01_19_51_40_756.jpg,D:\DPS 920\DPS920_final_project\IMG\left_2026_08_01_19_51_40_756.jpg,D:\DPS 920\DPS920_final_project\IMG\right_2026_08_01_19_51_40_756.jpg,0.1616541,1.0,0.0,30.19006
D:\DPS 920\DPS920_final_project\IMG\center_2026_08_01_19_57_48_392.jpg,D:\DPS 920\DPS920_final_project\IMG\left_2026_08_01_19_57_48_392.jpg,D:\DPS 920\DPS920_final_project\IMG\right_2026_08_01_19_57_48_392.jpg,0.04135338,1.0,0.0,30.19039
D:\DPS 920\DPS920_final_project\IMG\center_2026_08_01_20_00_42_416.jpg,D:\DPS 920\DPS920_final_project\IMG\left_2026_08_01_20_00_42_416.jpg,D:\DPS 920\DPS920_final_project\IMG\right_2026_08_01_20_00_42_416.jpg,-0.2406015,1.0,0.0,30.18875
D:\DPS 920\DPS920_final_project\IMG\center_2026_08_01_19_51_38_261.jpg,D:\DPS 920\DPS920_final_project\IMG\left_2026_08_01_19_51_38_261.jpg,D:\DPS 920\DPS920_final_project\IMG\right_2026_08_01_19_51_38_261.jpg,0.08646616,1.0,0.0,30.18984
D:\DPS 920\DPS920_final_project\IMG\center_2026_08_01_19_52_34_568.jpg,D:\DPS 920\DPS920_final_project\IMG\left_2026_08_01_19_52_34_568.jpg,D:\DPS 920\DPS920_final_project\IMG\right_2026_08_01_19_52_34_568.jpg,-0.06766918,1.0,0.0,30.19027
D:\DPS 920\DPS920_final_project\IMG\center_2026_08_01_19_58_06_620.jpg,D:\DPS 920\DPS920_final_project\IMG\left_2026_08_01_19_58_06_620.jpg,D:\DPS 920\DPS920_final_project\IMG\right_2026_08_01_19_58_06_620.jpg,0.06390978,1.0,0.0,30.19044
D:\DPS 920\DPS920_final_project\IMG\center_2026_08_01_19_58_48_196.jpg,D:\DPS 920\DPS920_final_project\IMG\left_2026_08_01_19_58_48_196.jpg,D:\DPS 920\DPS920_final_project\IMG\right_2026_08_01_19_58_48_196.jpg,0.03383459,1.0,0.0,30.19008
D:\DPS 920\DPS920_final_project\IMG\center_2026_08_01_19_57_59_086.jpg,D:\DPS 920\DPS920_final_project\IMG\left_2026_08_01_19_57_59_086.jpg,D:\DPS 920\DPS920_final_project\IMG\right_2026_08_01_19_57_59_086.jpg,0.03007519,1.0,0.0,30.19027
D:\DPS 920\DPS920_final_project\IMG\center_2026_08_01_19_52_00_774.jpg,D:\DPS 920\DPS920_final_project\IMG\left_2026_08_01_19_52_00_774.jpg,D:\DPS 920\DPS920_final_project\IMG\right_2026_08_01_19_52_00_774.jpg,-0.02255639,1.0,0.0,30.19027
D:\DPS 920\DPS920_final_project\IMG\center_2026_08_01_19_50_27_245.jpg,D:\DPS 920\DPS920_final_project\IMG\left_2026_08_01_19_50_27_245.jpg,D:\DPS 920\DPS920_final_project\IMG\right_2026_08_01_19_50_27_245.jpg,-0.1804511,1.0,0.0,28.1203
D:\DPS 920\DPS920_final_project\IMG\center_2026_08_01_19_47_04_063.jpg,D:\DPS 920\DPS920_final_project\IMG\left_2026_08_01_19_47_04_063.jpg,D:\DPS 920\DPS920_final_project\IMG\right_2026_08_01_19_47_04_063.jpg,-0.1278196,1.0,0.0,5.182895
D:\DPS 920\DPS920_final_project\IMG\center_2026_08_01_20_01_52_616.jpg,D:\DPS 920\DPS920_final_project\IMG\left_2026_08_01_20_01_52_616.jpg,D:\DPS 920\DPS920_final_project\IMG\right_2026_08_01_20_01_52_616.jpg,0.1015038,1.0,0.0,30.18947
D:\DPS 920\DPS920_final_project\IMG\center_2026_08_01_19_51_23_902.jpg,D:\DPS 920\DPS920_final_project\IMG\left_2026_08_01_19_51_23_902.jpg,D:\DPS 920\DPS920_final_project\IMG\right_2026_08_01_19_51_23_902.jpg,-0.0112782,1.0,0.0,30.18999
D:\DPS 920\DPS920_final_project\IMG\center_2026_08_01_20_02_22_972.jpg,D:\DPS 920\DPS920_final_project\IMG\left_2026_08_01_20_02_22_972.jpg,D:\DPS 920\DPS920_final_project\IMG\right_2026_08_01_20_02_22_972.jpg,0.0,1.0,0.0,30.19061
D:\DPS 920\DPS920_final_project\IMG\center_2026_08_01_19_59_51_794.jpg,D:\DPS 920\DPS920_final_project\IMG\left_2026_08_01_19_59_51_794.jpg,D:\DPS 920\DPS920_final_project\IMG\right_2026_08_01_19_59_51_794.jpg,0.09774436,1.0,0.0,30.19009
D:\DPS 920\DPS920_final_project\IMG\center_2026_08_01_19_51_11_424.jpg,D:\DPS 920\DPS920_final_project\IMG\left_2026_08_01_19_51_11_424.jpg,D:\DPS 920\DPS920_final_project\IMG\right_2026_08_01_19_51_11_424.jpg,-0.05639098,1.0,0.0,30.19019
D:\DPS 920\DPS920_final_project\IMG\center_2026_08_01_19_52_33_588.jpg,D:\DPS 920\DPS920_final_project\IMG\left_2026_08_01_19_52_33_588.jpg,D:\DPS 920\DPS920_final_project\IMG\right_2026_08_01_19_52_33_588.jpg,-0.07894737,1.0,0.0,30.18996
D:\DPS 920\DPS920_final_project\IMG\center_2026_08_01_20_00_02_647.jpg,D:\DPS 920\DPS920_final_project\IMG\left_2026_08_01_20_00_02_647.jpg,D:\DPS 920\DPS920_final_project\IMG\right_2026_08_01_20_00_02_647.jpg,0.0112782,1.0,0.0,30.19032
D:\DPS 920\DPS920_final_project\IMG\center_2026_08_01_19_53_11_893.jpg,D:\DPS 920\DPS920_final_project\IMG\left_2026_08_01_19_53_11_893.jpg,D:\DPS 920\DPS920_final_project\IMG\right_2026_08_01_19_53_11_893.jpg,-0.1466165,1.0,0.0,30.18967
D:\DPS 920\DPS920_final_project\IMG\center_2026_08_01_19_58_36_597.jpg,D:\DPS 920\DPS920_final_project\IMG\left_2026_08_01_19_58_36_597.jpg,D:\DPS 920\DPS920_final_project\IMG\right_2026_08_01_19_58_36_597.jpg,0.03383459,1.0,0.0,30.19027
D:\DPS 920\DPS920_final_project\IMG\center_2026_08_01_19_53_02_509.jpg,D:\DPS 920\DPS920_final_project\IMG\left_2026_08_01_19_53_02_509.jpg,D:\DPS 920\DPS920_final_project\IMG\right_2026_08_01_19_53_02_509.jpg,0.2631579,1.0,0.0,30.18433
D:\DPS 920\DPS920_final_project\IMG\center_2026_08_01_19_58_01_813.jpg,D:\DPS 920\DPS920_final_project\IMG\left_2026_08_01_19_58_01_813.jpg,D:\DPS 920\DPS920_final_project\IMG\right_2026_08_01_19_58_01_813.jpg,0.09774436,1.0,0.0,30.18966
D:\DPS 920\DPS920_final_project\IMG\center_2026_08_01_20_00_19_238.jpg,D:\DPS 920\DPS920_final_project\IMG\left_2026_08_01_20_00_19_238.jpg,D:\DPS 920\DPS920_final_project\IMG\right_2026_08_01_20_00_19_238.jpg,0.03383459,1.0,0.0,30.19017
D:\DPS 920\DPS920_final_project\IMG\center_2026_08_01_19_57_37_140.jpg,D:\DPS 920\DPS920_final_project\IMG\left_2026_08_01_19_57_37_140.jpg,D:\DPS 920\DPS920_final_project\IMG\right_2026_08_01_19_57_37_140.jpg,0.1616541,1.0,0.0,22.60048
D:\DPS 920\DPS920_final_project\IMG\center_2026_08_01_19_52_32_043.jpg,D:\DPS 920\DPS920_final_project\IMG\left_2026_08_01_19_52_32_043.jpg,D:\DPS 920\DPS920_final_project\IMG\right_2026_08_01_19_52_32_043.jpg,-0.08646616,1.0,0.0,30.19036
D:\DPS 920\DPS920_final_project\IMG\center_2026_08_01_19_53_14_348.jpg,D:\DPS 920\DPS920_final_project\IMG\left_2026_08_01_19_53_14_348.jpg,D:\DPS 920\DPS920_final_project\IMG\right_2026_08_01_19_53_14_348.jpg,-0.2067669,1.0,0.0,30.18937
D:\DPS 920\DPS920_final_project\IMG\center_2026_08_01_20_01_55_866.jpg,D:\DPS 920\DPS920_final_project\IMG\left_2026_08_01_20_01_55_866.jpg,D:\DPS 920\DPS920_final_project\IMG\right_2026_08_01_20_01_55_866.jpg,0.1917293,1.0,0.0,30.19043
D:\DPS 920\DPS920_final_project\IMG\center_2026_08_01_19_51_09_407.jpg,D:\DPS 920\DPS920_final_project\IMG\left_2026_08_01_19_51_09_407.jpg,D:\DPS 920\DPS920_final_project\IMG\right_2026_08_01_19_51_09_407.jpg,-0.07142857,1.0,0.0,30.19037
D:\DPS 920\DPS920_final_project\IMG\center_2026_08_01_19_53_18_741.jpg,D:\DPS 920\DPS920_final_project\IMG\left_2026_08_01_19_53_18_741.jpg,D:\DPS 920\DPS920_final_project\IMG\right_2026_08_01_19_53_18_741.jpg,-0.06390978,1.0,0.0,30.19011
D:\DPS 920\DPS920_final_project\IMG\center_2026_08_01_19_52_07_986.jpg,D:\DPS 920\DPS920_final_project\IMG\left_2026_08_01_19_52_07_986.jpg,D:\DPS 920\DPS920_final_project\IMG\right_2026_08_01_19_52_07_986.jpg,-0.01503759,1.0,0.0,30.19025
D:\DPS 920\DPS920_final_project\IMG\center_2026_08_01_19_53_11_325.jpg,D:\DPS 920\DPS920_final_project\IMG\left_2026_08_01_19_53_11_325.jpg,D:\DPS 920\DPS920_final_project\IMG\right_2026_08_01_19_53_11_325.jpg,-0.1203007,1.0,0.0,30.19004
D:\DPS 920\DPS920_final_project\IMG\center_2026_08_01_19_54_34_356.jpg,D:\DPS 920\DPS920_final_project\IMG\left_2026_08_01_19_54_34_356.jpg,D:\DPS 920\DPS920_final_project\IMG\right_2026_08_01_19_54_34_356.jpg,-0.09774436,1.0,0.0,30.19002
D:\DPS 920\DPS920_final_project\IMG\center_2026_08_01_19_51_28_789.jpg,D:\DPS 920\DPS920_final_project\IMG\left_2026_08_01_19_51_28_789.jpg,D:\DPS 920\DPS920_final_project\IMG\right_2026_08_01_19_51_28_789.jpg,-0.1917293,1.0,0.0,30.1892
D:\DPS 920\DPS920_final_project\IMG\center_2026_08_01_20_01_57_940.jpg,D:\DPS 920\DPS920_final_project\IMG\left_2026_08_01_20_01_57_940.jpg,D:\DPS 920\DPS920_final_project\IMG\right_2026_08_01_20_01_57_940.jpg,0.02631579,1.0,0.0,30.19027
D:\DPS 920\DPS920_final_project\IMG\center_2026_08_01_19_53_38_593.jpg,D:\DPS 920\DPS920_final_project\IMG\left_2026_08_01_19_53_38_593.jpg,D:\DPS 920\DPS920_final_project\IMG\right_2026_08_01_19_53_38_593.jpg,-0.003759398,1.0,0.0,30.19027
D:\DPS 920\DPS920_final_project\IMG\center_2026_08_01_19_57_56_328.jpg,D:\DPS 920\DPS920_final_project\IMG\left_2026_08_01_19_57_56_328.jpg,D:\DPS 920\DPS920_final_project\IMG\right_2026_08_01_19_57_56_328.jpg,-0.06766918,1.0,0.0,30.19053
D:\DPS 920\DPS920_final_project\IMG\center_2026_08_01_19_52_13_269.jpg,D:\DPS 920\DPS920_final_project\IMG\left_2026_08_01_19_52_13_269.jpg,D:\DPS 920\DPS920_final_project\IMG\right_2026_08_01_19_52_13_269.jpg,-0.0112782,1.0,0.0,30.19031
D:\DPS 920\DPS920_final_project\IMG\center_2026_08_01_20_01_13_883.jpg,D:\DPS 920\DPS920_final_project\IMG\left_2026_08_01_20_01_13_883.jpg,D:\DPS 920\DPS920_final_project\IMG\right_2026_08_01_20_01_13_883.jpg,0.09398497,1.0,0.0,30.19013
D:\DPS 920\DPS920_final_project\IMG\center_2026_08_01_19_58_18_586.jpg,D:\DPS 920\DPS920_final_project\IMG\left_2026_08_01_19_58_18_586.jpg,D:\DPS 920\DPS920_final_project\IMG\right_2026_08_01_19_58_18_586.jpg,0.007518797,1.0,0.0,30.19027
D:\DPS 920\DPS920_final_project\IMG\center_2026_08_01_19_59_03_692.jpg,D:\DPS 920\DPS920_final_project\IMG\left_2026_08_01_19_59_03_692.jpg,D:\DPS 920\DPS920_final_project\IMG\right_2026_08_01_19_59_03_692.jpg,0.1052632,1.0,0.0,30.1898
D:\DPS 920\DPS920_final_project\IMG\center_2026_08_01_19_57_46_930.jpg,D:\DPS 920\DPS920_final_project\IMG\left_2026_08_01_19_57_46_930.jpg,D:\DPS 920\DPS920_final_project\IMG\right_2026_08_01_19_57_46_930.jpg,0.06766918,1.0,0.0,30.19006
D:\DPS 920\DPS920_final_project\IMG\center_2026_08_01_20_02_01_010.jpg,D:\DPS 920\DPS920_final_project\IMG\left_2026_08_01_20_02_01_010.jpg,D:\DPS 920\DPS920_final_project\IMG\right_2026_08_01_20_02_01_010.jpg,-0.1090226,1.0,0.0,30.18982
D:\DPS 920\DPS920_final_project\IMG\center_2026_08_01_19_53_34_785.jpg,D:\DPS 920\DPS920_final_project\IMG\left_2026_08_01_19_53_34_785.jpg,D:\DPS 920\DPS920_final_project\IMG\right_2026_08_01_19_53_34_785.jpg,-0.007518797,1.0,0.0,30.19027
D:\DPS 920\DPS920_final_project\IMG\center_2026_08_01_19_50_26_687.jpg,D:\DPS 920\DPS920_final_project\IMG\left_2026_08_01_19_50_26_687.jpg,D:\DPS 920\DPS920_final_project\IMG\right_2026_08_01_19_50_26_687.jpg,-0.2030075,1.0,0.0,22.79783
D:\DPS 920\DPS920_final_project\IMG\center_2026_08_01_19_51_24_465.jpg,D:\DPS 920\DPS920_final_project\IMG\left_2026_08_01_19_51_24_465.jpg,D:\DPS 920\DPS920_final_project\IMG\right_2026_08_01_19_51_24_465.jpg,-0.01503759,1.0,0.0,30.19001
D:\DPS 920\DPS920_final_project\IMG\center_2026_08_01_20_00_27_947.jpg,D:\DPS 920\DPS920_final_project\IMG\left_2026_08_01_20_00_27_947.jpg,D:\DPS 920\DPS920_final_project\IMG\right_2026_08_01_20_00_27_947.jpg,0.07142857,1.0,0.0,30.18991
D:\DPS 920\DPS920_final_project\IMG\center_2026_08_01_19_53_54_677.jpg,D:\DPS 920\DPS920_final_project\IMG\left_2026_08_01_19_53_54_677.jpg,D:\DPS 920\DPS920_final_project\IMG\right_2026_08_01_19_53_54_677.jpg,-0.09398497,1.0,0.0,30.1892
D:\DPS 920\DPS920_final_project\IMG\center_2026_08_01_19_52_15_197.jpg,D:\DPS 920\DPS920_final_project\IMG\left_2026_08_01_19_52_15_197.jpg,D:\DPS 920\DPS920_final_project\IMG\right_2026_08_01_19_52_15_197.jpg,-0.007518797,1.0,0.0,30.19029
D:\DPS 920\DPS920_final_project\IMG\center_2026_08_01_20_00_31_657.jpg,D:\DPS 920\DPS920_final_project\IMG\left_2026_08_01_20_00_31_657.jpg,D:\DPS 920\DPS920_final_project\IMG\right_2026_08_01_20_00_31_657.jpg,0.2030075,1.0,0.0,30.18948
D:\DPS 920\DPS920_final_project\IMG\center_2026_08_01_19_53_04_205.jpg,D:\DPS 920\DPS920_final_project\IMG\left_2026_08_01_19_53_04_205.jpg,D:\DPS 920\DPS920_final_project\IMG\right_2026_08_01_19_53_04_205.jpg,0.1842105,1.0,0.0,30.18842
D:\DPS 920\DPS920_final_project\IMG\center_2026_08_01_20_02_04_413.jpg,D:\DPS 920\DPS920_final_project\IMG\left_2026_08_01_20_02_04_413.jpg,D:\DPS 920\DPS920_final_project\IMG\right_2026_08_01_20_02_04_413.jpg,-0.2819549,1.0,0.0,30.18268
D:\DPS 920\DPS920_final_project\IMG\center_2026_08_01_19_58_22_377.jpg,D:\DPS 920\DPS920_final_project\IMG\left_2026_08_01_19_58_22_377.jpg,D:\DPS 920\DPS920_final_project\IMG\right_2026_08_01_19_58_22_377.jpg,0.02255639,1.0,0.0,30.19002
D:\DPS 920\DPS920_final_project\IMG\center_2026_08_01_19_51_29_418.jpg,D:\DPS 920\DPS920_final_project\IMG\left_2026_08_01_19_51_29_418.jpg,D:\DPS 920\DPS920_final_project\IMG\right_2026_08_01_19_51_29_418.jpg,-0.1992481,1.0,0.0,30.18912
D:\DPS 920\DPS920_final_project\IMG\center_2026_08_01_19_52_33_446.jpg,D:\DPS 920\DPS920_final_project\IMG\left_2026_08_01_19_52_33_446.jpg,D:\DPS 920\DPS920_final_project\IMG\right_2026_08_01_19_52_33_446.jpg,-0.07142857,1.0,0.0,30.18999
D:\DPS 920\DPS920_final_project\IMG\center_2026_08_01_19_50_33_956.jpg,D:\DPS 920\DPS920_final_project\IMG\left_2026_08_01_19_50_33_956.jpg,D:\DPS 920\DPS920_final_project\IMG\right_2026_08_01_19_50_33_956.jpg,-0.06766918,1.0,0.0,30.19019
D:\DPS 920\DPS920_final_project\IMG\center_2026_08_01_19_54_00_353.jpg,D:\DPS 920\DPS920_final_project\IMG\left_2026_08_01_19_54_00_353.jpg,D:\DPS 920\DPS920_final_project\IMG\right_2026_08_01_19_54_00_353.jpg,-0.003759398,1.0,0.0,30.19026
D:\DPS 920\DPS920_final_project\IMG\center_2026_08_01_19_52_47_527.jpg,D:\DPS 920\DPS920_final_project\IMG\left_2026_08_01_19_52_47_527.jpg,D:\DPS 920\DPS920_final_project\IMG\right_2026_08_01_19_52_47_527.jpg,-0.03007519,1.0,0.0,30.18999
D:\DPS 920\DPS920_final_project\IMG\center_2026_08_01_19_54_28_363.jpg,D:\DPS 920\DPS920_final_project\IMG\left_2026_08_01_19_54_28_363.jpg,D:\DPS 920\DPS920_final_project\IMG\right_2026_08_01_19_54_28_363.jpg,0.08646616,1.0,0.0,30.19048
D:\DPS 920\DPS920_final_project\IMG\center_2026_08_01_20_02_04_051.jpg,D:\DPS 920\DPS920_final_project\IMG\left_2026_08_01_20_02_04_051.jpg,D:\DPS 920\DPS920_final_project\IMG\right_2026_08_01_20_02_04_051.jpg,-0.1428571,1.0,0.0,30.18835
D:\DPS 920\DPS920_final_project\IMG\center_2026_08_01_19_51_40_027.jpg,D:\DPS 920\DPS920_final_project\IMG\left_2026_08_01_19_51_40_027.jpg,D:\DPS 920\DPS920_final_project\IMG\right_2026_08_01_19_51_40_027.jpg,0.2481203,1.0,0.0,30.18365
D:\DPS 920\DPS920_final_project\IMG\center_2026_08_01_19_53_51_454.jpg,D:\DPS 920\DPS920_final_project\IMG\left_2026_08_01_19_53_51_454.jpg,D:\DPS 920\DPS920_final_project\IMG\right_2026_08_01_19_53_51_454.jpg,-0.08646616,1.0,0.0,30.19007
D:\DPS 920\DPS920_final_project\IMG\center_2026_08_01_20_02_02_271.jpg,D:\DPS 920\DPS920_final_project\IMG\left_2026_08_01_20_02_02_271.jpg,D:\DPS 920\DPS920_final_project\IMG\right_2026_08_01_20_02_02_271.jpg,-0.06766918,1.0,0.0,30.18914
D:\DPS 920\DPS920_final_project\IMG\center_2026_08_01_19_51_39_324.jpg,D:\DPS 920\DPS920_final_project\IMG\left_2026_08_01_19_51_39_324.jpg,D:\DPS 920\DPS920_final_project\IMG\right_2026_08_01_19_51_39_324.jpg,0.2932331,1.0,0.0,30.19221
D:\DPS 920\DPS920_final_project\IMG\center_2026_08_01_20_00_27_878.jpg,D:\DPS 920\DPS920_final_project\IMG\left_2026_08_01_20_00_27_878.jpg,D:\DPS 920\DPS920_final_project\IMG\right_2026_08_01_20_00_27_878.jpg,0.07142857,1.0,0.0,30.18994
D:\DPS 920\DPS920_final_project\IMG\center_2026_08_01_20_00_40_355.jpg,D:\DPS 920\DPS920_final_project\IMG\left_2026_08_01_20_00_40_355.jpg,D:\DPS 920\DPS920_final_project\IMG\right_2026_08_01_20_00_40_355.jpg,-0.1578947,1.0,0.0,30.18992
D:\DPS 920\DPS920_final_project\IMG\center_2026_08_01_19_59_16_080.jpg,D:\DPS 920\DPS920_final_project\IMG\left_2026_08_01_19_59_16_080.jpg,D:\DPS 920\DPS920_final_project\IMG\right_2026_08_01_19_59_16_080.jpg,-0.112782,1.0,0.0,30.18906
D:\DPS 920\DPS920_final_project\IMG\center_2026_08_01_19_57_48_236.jpg,D:\DPS 920\DPS920_final_project\IMG\left_2026_08_01_19_57_48_236.jpg,D:\DPS 920\DPS920_final_project\IMG\right_2026_08_01_19_57_48_236.jpg,0.06015037,1.0,0.0,30.19021
D:\DPS 920\DPS920_final_project\IMG\center_2026_08_01_20_01_42_448.jpg,D:\DPS 920\DPS920_final_project\IMG\left_2026_08_01_20_01_42_448.jpg,D:\DPS 920\DPS920_final_project\IMG\right_2026_08_01_20_01_42_448.jpg,0.03007519,1.0,0.0,30.19028
D:\DPS 920\DPS920_final_project\IMG\center_2026_08_01_19_54_17_948.jpg,D:\DPS 920\DPS920_final_project\IMG\left_2026_08_01_19_54_17_948.jpg,D:\DPS 920\DPS920_final_project\IMG\right_2026_08_01_19_54_17_948.jpg,-0.1616541,1.0,0.0,30.19044
D:\DPS 920\DPS920_final_project\IMG\center_2026_08_01_19_54_37_711.jpg,D:\DPS 920\DPS920_final_project\IMG\left_2026_08_01_19_54_37_711.jpg,D:\DPS 920\DPS920_final_project\IMG\right_2026_08_01_19_54_37_711.jpg,-0.1578947,1.0,0.0,30.18983
D:\DPS 920\DPS920_final_project\IMG\center_2026_08_01_19_51_28_060.jpg,D:\DPS 920\DPS920_final_project\IMG\left_2026_08_01_19_51_28_060.jpg,D:\DPS 920\DPS920_final_project\IMG\right_2026_08_01_19_51_28_060.jpg,-0.09398497,1.0,0.0,30.18975
D:\DPS 920\DPS920_final_project\IMG\center_2026_08_01_19_54_36_948.jpg,D:\DPS 920\DPS920_final_project\IMG\left_2026_08_01_19_54_36_948.jpg,D:\DPS 920\DPS920_final_project\IMG\right_2026_08_01_19_54_36_948.jpg,-0.1578947,1.0,0.0,30.19037
D:\DPS 920\DPS920_final_project\IMG\center_2026_08_01_19_59_47_985.jpg,D:\DPS 920\DPS920_final_project\IMG\left_2026_08_01_19_59_47_985.jpg,D:\DPS 920\DPS920_final_project\IMG\right_2026_08_01_19_59_47_985.jpg,0.09398497,1.0,0.0,30.18996
D:\DPS 920\DPS920_final_project\IMG\center_2026_08_01_19_53_52_504.jpg,D:\DPS 920\DPS920_final_project\IMG\left_2026_08_01_19_53_52_504.jpg,D:\DPS 920\DPS920_final_project\IMG\right_2026_08_01_19_53_52_504.jpg,-0.08270676,1.0,0.0,30.1901
D:\DPS 920\DPS920_final_project\IMG\center_2026_08_01_19_57_46_775.jpg,D:\DPS 920\DPS920_final_project\IMG\left_2026_08_01_19_57_46_775.jpg,D:\DPS 920\DPS920_final_project\IMG\right_2026_08_01_19_57_46_775.jpg,0.06015037,1.0,0.0,30.19014
D:\DPS 920\DPS920_final_project\IMG\center_2026_08_01_19_52_47_042.jpg,D:\DPS 920\DPS920_final_project\IMG\left_2026_08_01_19_52_47_042.jpg,D:\DPS 920\DPS920_final_project\IMG\right_2026_08_01_19_52_47_042.jpg,-0.02255639,1.0,0.0,30.18992
D:\DPS 920\DPS920_final_project\IMG\center_2026_08_01_19_57_52_047.jpg,D:\DPS 920\DPS920_final_project\IMG\left_2026_08_01_19_57_52_047.jpg,D:\DPS 920\DPS920_final_project\IMG\right_2026_08_01_19_57_52_047.jpg,-0.06766918,1.0,0.0,30.1893
D:\DPS 920\DPS920_final_project\IMG\center_2026_08_01_20_00_29_465.jpg,D:\DPS 920\DPS920_final_project\IMG\left_2026_08_01_20_00_29_465.jpg,D:\DPS 920\DPS920_final_project\IMG\right_2026_08_01_20_00_29_465.jpg,0.1015038,1.0,0.0,30.18966
D:\DPS 920\DPS920_final_project\IMG\center_2026_08_01_20_01_16_427.jpg,D:\DPS 920\DPS920_final_project\IMG\left_2026_08_01_20_01_16_427.jpg,D:\DPS 920\DPS920_final_project\IMG\right_2026_08_01_20_01_16_427.jpg,0.09774436,1.0,0.0,30.1901
D:\DPS 920\DPS920_final_project\IMG\center_2026_08_01_19_50_45_928.jpg,D:\DPS 920\DPS920_final_project\IMG\left_2026_08_01_19_50_45_928.jpg,D:\DPS 920\DPS920_final_project\IMG\right_2026_08_01_19_50_45_928.jpg,-0.01879699,1.0,0.0,30.1903
D:\DPS 920\DPS920_final_project\IMG\center_2026_08_01_19_58_05_450.jpg,D:\DPS 920\DPS920_final_project\IMG\left_2026_08_01_19_58_05_450.jpg,D:\DPS 920\DPS920_final_project\IMG\right_2026_08_01_19_58_05_450.jpg,0.1278196,1.0,0.0,30.18984
D:\DPS 920\DPS920_final_project\IMG\center_2026_08_01_19_52_27_488.jpg,D:\DPS 920\DPS920_final_project\IMG\left_2026_08_01_19_52_27_488.jpg,D:\DPS 920\DPS920_final_project\IMG\right_2026_08_01_19_52_27_488.jpg,-0.05639098,1.0,0.0,30.18995
D:\DPS 920\DPS920_final_project\IMG\center_2026_08_01_19_57_54_039.jpg,D:\DPS 920\DPS920_final_project\IMG\left_2026_08_01_19_57_54_039.jpg,D:\DPS 920\DPS920_final_project\IMG\right_2026_08_01_19_57_54_039.jpg,-0.3233083,1.0,0.0,30.18852
D:\DPS 920\DPS920_final_project\IMG\center_2026_08_01_19_54_44_544.jpg,D:\DPS 920\DPS920_final_project\IMG\left_2026_08_01_19_54_44_544.jpg,D:\DPS 920\DPS920_final_project\IMG\right_2026_08_01_19_54_44_544.jpg,-0.07142857,1.0,0.0,30.19019
D:\DPS 920\DPS920_final_project\IMG\center_2026_08_01_19_53_49_852.jpg,D:\DPS 920\DPS920_final_project\IMG\left_2026_08_01_19_53_49_852.jpg,D:\DPS 920\DPS920_final_project\IMG\right_2026_08_01_19_53_49_852.jpg,-0.07894737,1.0,0.0,30.19
D:\DPS 920\DPS920_final_project\IMG\center_2026_08_01_20_00_49_581.jpg,D:\DPS 920\DPS920_final_project\IMG\left_2026_08_01_20_00_49_581.jpg,D:\DPS 920\DPS920_final_project\IMG\right_2026_08_01_20_00_49_581.jpg,0.1390978,1.0,0.0,30.18954
D:\DPS 920\DPS920_final_project\IMG\center_2026_08_01_19_59_16_293.jpg,D:\DPS 920\DPS920_final_project\IMG\left_2026_08_01_19_59_16_293.jpg,D:\DPS 920\DPS920_final_project\IMG\right_2026_08_01_19_59_16_293.jpg,-0.1240602,1.0,0.0,30.18919
D:\DPS 920\DPS920_final_project\IMG\center_2026_08_01_20_00_30_172.jpg,D:\DPS 920\DPS920_final_project\IMG\left_2026_08_01_20_00_30_172.jpg,D:\DPS 920\DPS920_final_project\IMG\right_2026_08_01_20_00_30_172.jpg,0.1278196,1.0,0.0,30.19051
D:\DPS 920\DPS920_final_project\IMG\center_2026_08_01_19_52_55_214.jpg,D:\DPS 920\DPS920_final_project\IMG\left_2026_08_01_19_52_55_214.jpg,D:\DPS 920\DPS920_final_project\IMG\right_2026_08_01_19_52_55_214.jpg,-0.1390978,1.0,0.0,30.19061
D:\DPS 920\DPS920_final_project\IMG\center_2026_08_01_20_00_54_828.jpg,D:\DPS 920\DPS920_final_project\IMG\left_2026_08_01_20_00_54_828.jpg,D:\DPS 920\DPS920_final_project\IMG\right_2026_08_01_20_00_54_828.jpg,0.03007519,1.0,0.0,30.19033
D:\DPS 920\DPS920_final_project\IMG\center_2026_08_01_19_59_52_936.jpg,D:\DPS 920\DPS920_final_project\IMG\left_2026_08_01_19_59_52_936.jpg,D:\DPS 920\DPS920_final_project\IMG\right_2026_08_01_19_59_52_936.jpg,0.08646616,1.0,0.0,30.19028
D:\DPS 920\DPS920_final_project\IMG\center_2026_08_01_19_53_29_476.jpg,D:\DPS 920\DPS920_final_project\IMG\left_2026_08_01_19_53_29_476.jpg,D:\DPS 920\DPS920_final_project\IMG\right_2026_08_01_19_53_29_476.jpg,-0.01879699,1.0,0.0,30.19028
D:\DPS 920\DPS920_final_project\IMG\center_2026_08_01_19_52_06_460.jpg,D:\DPS 920\DPS920_final_project\IMG\left_2026_08_01_19_52_06_460.jpg,D:\DPS 920\DPS920_final_project\IMG\right_2026_08_01_19_52_06_460.jpg,-0.02631579,1.0,0.0,30.19028
D:\DPS 920\DPS920_final_project\IMG\center_2026_08_01_19_57_45_771.jpg,D:\DPS 920\DPS920_final_project\IMG\left_2026_08_01_19_57_45_771.jpg,D:\DPS 920\DPS920_final_project\IMG\right_2026_08_01_19_57_45_771.jpg,0.1015038,1.0,0.0,30.1907
D:\DPS 920\DPS920_final_project\IMG\center_2026_08_01_20_00_54_548.jpg,D:\DPS 920\DPS920_final_project\IMG\left_2026_08_01_20_00_54_548.jpg,D:\DPS 920\DPS920_final_project\IMG\right_2026_08_01_20_00_54_548.jpg,-0.003759398,1.0,0.0,30.19044
D:\DPS 920\DPS920_final_project\IMG\center_2026_08_01_19_53_13_368.jpg,D:\DPS 920\DPS920_final_project\IMG\left_2026_08_01_19_53_13_368.jpg,D:\DPS 920\DPS920_final_project\IMG\right_2026_08_01_19_53_13_368.jpg,-0.1466165,1.0,0.0,30.18996
D:\DPS 920\DPS920_final_project\IMG\center_2026_08_01_19_58_26_416.jpg,D:\DPS 920\DPS920_final_project\IMG\left_2026_08_01_19_58_26_416.jpg,D:\DPS 920\DPS920_final_project\IMG\right_2026_08_01_19_58_26_416.jpg,0.09398497,1.0,0.0,30.19044
D:\DPS 920\DPS920_final_project\IMG\center_2026_08_01_20_01_51_688.jpg,D:\DPS 920\DPS920_final_project\IMG\left_2026_08_01_20_01_51_688.jpg,D:\DPS 920\DPS920_final_project\IMG\right_2026_08_01_20_01_51_688.jpg,0.07894737,1.0,0.0,30.19003
D:\DPS 920\DPS920_final_project\IMG\center_2026_08_01_19_59_41_692.jpg,D:\DPS 920\DPS920_final_project\IMG\left_2026_08_01_19_59_41_692.jpg,D:\DPS 920\DPS920_final_project\IMG\right_2026_08_01_19_59_41_692.jpg,0.01879699,1.0,0.0,30.19031
D:\DPS 920\DPS920_final_project\IMG\center_2026_08_01_19_59_54_964.jpg,D:\DPS 920\DPS920_final_project\IMG\left_2026_08_01_19_59_54_964.jpg,D:\DPS 920\DPS920_final_project\IMG\right_2026_08_01_19_59_54_964.jpg,0.04135338,1.0,0.0,30.19032
D:\DPS 920\DPS920_final_project\IMG\center_2026_08_01_19_51_07_178.jpg,D:\DPS 920\DPS920_final_project\IMG\left_2026_08_01_19_51_07_178.jpg,D:\DPS 920\DPS920_final_project\IMG\right_2026_08_01_19_51_07_178.jpg,-0.112782,1.0,0.0,30.19016
D:\DPS 920\DPS920_final_project\IMG\center_2026_08_01_19_52_52_610.jpg,D:\DPS 920\DPS920_final_project\IMG\left_2026_08_01_19_52_52_610.jpg,D:\DPS 920\DPS920_final_project\IMG\right_2026_08_01_19_52_52_610.jpg,-0.1842105,1.0,0.0,30.18898
D:\DPS 920\DPS920_final_project\IMG\center_2026_08_01_19_51_01_927.jpg,D:\DPS 920\DPS920_final_project\IMG\left_2026_08_01_19_51_01_927.jpg,D:\DPS 920\DPS920_final_project\IMG\right_2026_08_01_19_51_01_927.jpg,-0.04511278,1.0,0.0,30.19028
D:\DPS 920\DPS920_final_project\IMG\center_2026_08_01_19_58_27_610.jpg,D:\DPS 920\DPS920_final_project\IMG\left_2026_08_01_19_58_27_610.jpg,D:\DPS 920\DPS920_final_project\IMG\right_2026_08_01_19_58_27_610.jpg,0.1428571,1.0,0.0,30.18828
D:\DPS 920\DPS920_final_project\IMG\center_2026_08_01_19_57_53_903.jpg,D:\DPS 920\DPS920_final_project\IMG\left_2026_08_01_19_57_53_903.jpg,D:\DPS 920\DPS920_final_project\IMG\right_2026_08_01_19_57_53_903.jpg,-0.3345865,1.0,0.0,30.18612
D:\DPS 920\DPS920_final_project\IMG\center_2026_08_01_20_01_53_173.jpg,D:\DPS 920\DPS920_final_project\IMG\left_2026_08_01_20_01_53_173.jpg,D:\DPS 920\DPS920_final_project\IMG\right_2026_08_01_20_01_53_173.jpg,0.1353384,1.0,0.0,30.18934
D:\DPS 920\DPS920_final_project\IMG\center_2026_08_01_19_54_38_777.jpg,D:\DPS 920\DPS920_final_project\IMG\left_2026_08_01_19_54_38_777.jpg,D:\DPS 920\DPS920_final_project\IMG\right_2026_08_01_19_54_38_777.jpg,-0.1616541,1.0,0.0,30.19107
D:\DPS 920\DPS920_final_project\IMG\center_2026_08_01_19_50_25_936.jpg,D:\DPS 920\DPS920_final_project\IMG\left_2026_08_01_19_50_25_936.jpg,D:\DPS 920\DPS920_final_project\IMG\right_2026_08_01_19_50_25_936.jpg,-0.1390978,1.0,0.0,15.09659
D:\DPS 920\DPS920_final_project\IMG\center_2026_08_01_19_59_04_602.jpg,D:\DPS 920\DPS920_final_project\IMG\left_2026_08_01_19_59_04_602.jpg,D:\DPS 920\DPS920_final_project\IMG\right_2026_08_01_19_59_04_602.jpg,0.06390978,1.0,0.0,30.19073
D:\DPS 920\DPS920_final_project\IMG\center_2026_08_01_19_54_36_393.jpg,D:\DPS 920\DPS920_final_project\IMG\left_2026_08_01_19_54_36_393.jpg,D:\DPS 920\DPS920_final_project\IMG\right_2026_08_01_19_54_36_393.jpg,-0.2105263,1.0,0.0,30.18999
D:\DPS 920\DPS920_final_project\IMG\center_2026_08_01_19_59_49_324.jpg,D:\DPS 920\DPS920_final_project\IMG\left_2026_08_01_19_59_49_324.jpg,D:\DPS 920\DPS920_final_project\IMG\right_2026_08_01_19_59_49_324.jpg,0.07518797,1.0,0.0,30.19022
D:\DPS 920\DPS920_final_project\IMG\center_2026_08_01_19_51_30_536.jpg,D:\DPS 920\DPS920_final_project\IMG\left_2026_08_01_19_51_30_536.jpg,D:\DPS 920\DPS920_final_project\IMG\right_2026_08_01_19_51_30_536.jpg,-0.1992481,1.0,0.0,30.18976
D:\DPS 920\DPS920_final_project\IMG\center_2026_08_01_19_51_29_066.jpg,D:\DPS 920\DPS920_final_project\IMG\left_2026_08_01_19_51_29_066.jpg,D:\DPS 920\DPS920_final_project\IMG\right_2026_08_01_19_51_29_066.jpg,-0.1992481,1.0,0.0,30.18895
D:\DPS 920\DPS920_final_project\IMG\center_2026_08_01_20_02_12_895.jpg,D:\DPS 920\DPS920_final_project\IMG\left_2026_08_01_20_02_12_895.jpg,D:\DPS 920\DPS920_final_project\IMG\right_2026_08_01_20_02_12_895.jpg,0.1015038,1.0,0.0,30.18987
D:\DPS 920\DPS920_final_project\IMG\center_2026_08_01_19_59_28_643.jpg,D:\DPS 920\DPS920_final_project\IMG\left_2026_08_01_19_59_28_643.jpg,D:\DPS 920\DPS920_final_project\IMG\right_2026_08_01_19_59_28_643.jpg,0.2142857,1.0,0.0,30.18935
D:\DPS 920\DPS920_final_project\IMG\center_2026_08_01_19_51_01_285.jpg,D:\DPS 920\DPS920_final_project\IMG\left_2026_08_01_19_51_01_285.jpg,D:\DPS 920\DPS920_final_project\IMG\right_2026_08_01_19_51_01_285.jpg,-0.03759398,1.0,0.0,30.19036
D:\DPS 920\DPS920_final_project\IMG\center_2026_08_01_19_59_03_116.jpg,D:\DPS 920\DPS920_final_project\IMG\left_2026_08_01_19_59_03_116.jpg,D:\DPS 920\DPS920_final_project\IMG\right_2026_08_01_19_59_03_116.jpg,0.08270676,1.0,0.0,30.19011
D:\DPS 920\DPS920_final_project\IMG\center_2026_08_01_20_01_56_524.jpg,D:\DPS 920\DPS920_final_project\IMG\left_2026_08_01_20_01_56_524.jpg,D:\DPS 920\DPS920_final_project\IMG\right_2026_08_01_20_01_56_524.jpg,0.1466165,1.0,0.0,30.19057
D:\DPS 920\DPS920_final_project\IMG\center_2026_08_01_19_50_43_284.jpg,D:\DPS 920\DPS920_final_project\IMG\left_2026_08_01_19_50_43_284.jpg,D:\DPS 920\DPS920_final_project\IMG\right_2026_08_01_19_50_43_284.jpg,-0.007518797,1.0,0.0,30.19028
D:\DPS 920\DPS920_final_project\IMG\center_2026_08_01_19_54_15_810.jpg,D:\DPS 920\DPS920_final_project\IMG\left_2026_08_01_19_54_15_810.jpg,D:\DPS 920\DPS920_final_project\IMG\right_2026_08_01_19_54_15_810.jpg,-0.2105263,1.0,0.0,30.18721
D:\DPS 920\DPS920_final_project\IMG\center_2026_08_01_19_52_43_910.jpg,D:\DPS 920\DPS920_final_project\IMG\left_2026_08_01_19_52_43_910.jpg,D:\DPS 920\DPS920_final_project\IMG\right_2026_08_01_19_52_43_910.jpg,-0.003759398,1.0,0.0,30.18996
D:\DPS 920\DPS920_final_project\IMG\center_2026_08_01_19_58_50_164.jpg,D:\DPS 920\DPS920_final_project\IMG\left_2026_08_01_19_58_50_164.jpg,D:\DPS 920\DPS920_final_project\IMG\right_2026_08_01_19_58_50_164.jpg,0.03007519,1.0,0.0,30.19046
D:\DPS 920\DPS920_final_project\IMG\center_2026_08_01_20_00_27_668.jpg,D:\DPS 920\DPS920_final_project\IMG\left_2026_08_01_20_00_27_668.jpg,D:\DPS 920\DPS920_final_project\IMG\right_2026_08_01_20_00_27_668.jpg,0.07142857,1.0,0.0,30.19008
D:\DPS 920\DPS920_final_project\IMG\center_2026_08_01_20_00_51_935.jpg,D:\DPS 920\DPS920_final_project\IMG\left_2026_08_01_20_00_51_935.jpg,D:\DPS 920\DPS920_final_project\IMG\right_2026_08_01_20_00_51_935.jpg,0.1992481,1.0,0.0,30.1881
D:\DPS 920\DPS920_final_project\IMG\center_2026_08_01_19_57_37_418.jpg,D:\DPS 920\DPS920_final_project\IMG\left_2026_08_01_19_57_37_418.jpg,D:\DPS 920\DPS920_final_project\IMG\right_2026_08_01_19_57_37_418.jpg,0.2706767,1.0,0.0,25.29873
D:\DPS 920\DPS920_final_project\IMG\center_2026_08_01_19_58_43_050.jpg,D:\DPS 920\DPS920_final_project\IMG\left_2026_08_01_19_58_43_050.jpg,D:\DPS 920\DPS920_final_project\IMG\right_2026_08_01_19_58_43_050.jpg,0.01879699,1.0,0.0,30.1903
D:\DPS 920\DPS920_final_project\IMG\center_2026_08_01_20_01_21_539.jpg,D:\DPS 920\DPS920_final_project\IMG\left_2026_08_01_20_01_21_539.jpg,D:\DPS 920\DPS920_final_project\IMG\right_2026_08_01_20_01_21_539.jpg,0.03759398,1.0,0.0,30.19026
D:\DPS 920\DPS920_final_project\IMG\center_2026_08_01_19_53_16_152.jpg,D:\DPS 920\DPS920_final_project\IMG\left_2026_08_01_19_53_16_152.jpg,D:\DPS 920\DPS920_final_project\IMG\right_2026_08_01_19_53_16_152.jpg,-0.09398497,1.0,0.0,30.1897
D:\DPS 920\DPS920_final_project\IMG\center_2026_08_01_19_57_37_557.jpg,D:\DPS 920\DPS920_final_project\IMG\left_2026_08_01_19_57_37_557.jpg,D:\DPS 920\DPS920_final_project\IMG\right_2026_08_01_19_57_37_557.jpg,0.2781955,1.0,0.0,26.61278
D:\DPS 920\DPS920_final_project\IMG\center_2026_08_01_20_01_53_882.jpg,D:\DPS 920\DPS920_final_project\IMG\left_2026_08_01_20_01_53_882.jpg,D:\DPS 920\DPS920_final_project\IMG\right_2026_08_01_20_01_53_882.jpg,0.1428571,1.0,0.0,30.18935
D:\DPS 920\DPS920_final_project\IMG\center_2026_08_01_19_54_35_346.jpg,D:\DPS 920\DPS920_final_project\IMG\left_2026_08_01_19_54_35_346.jpg,D:\DPS 920\DPS920_final_project\IMG\right_2026_08_01_19_54_35_346.jpg,-0.1052632,1.0,0.0,30.18989
D:\DPS 920\DPS920_final_project\IMG\center_2026_08_01_19_59_28_437.jpg,D:\DPS 920\DPS920_final_project\IMG\left_2026_08_01_19_59_28_437.jpg,D:\DPS 920\DPS920_final_project\IMG\right_2026_08_01_19_59_28_437.jpg,0.2142857,1.0,0.0,30.18915
D:\DPS 920\DPS920_final_project\IMG\center_2026_08_01_19_51_26_066.jpg,D:\DPS 920\DPS920_final_project\IMG\left_2026_08_01_19_51_26_066.jpg,D:\DPS 920\DPS920_final_project\IMG\right_2026_08_01_19_51_26_066.jpg,-0.06766918,1.0,0.0,30.19008
D:\DPS 920\DPS920_final_project\IMG\center_2026_08_01_19_59_23_110.jpg,D:\DPS 920\DPS920_final_project\IMG\left_2026_08_01_19_59_23_110.jpg,D:\DPS 920\DPS920_final_project\IMG\right_2026_08_01_19_59_23_110.jpg,0.1165414,1.0,0.0,30.18984
D:\DPS 920\DPS920_final_project\IMG\center_2026_08_01_19_50_54_972.jpg,D:\DPS 920\DPS920_final_project\IMG\left_2026_08_01_19_50_54_972.jpg,D:\DPS 920\DPS920_final_project\IMG\right_2026_08_01_19_50_54_972.jpg,-0.007518797,1.0,0.0,30.19029
D:\DPS 920\DPS920_final_project\IMG\center_2026_08_01_20_00_54_974.jpg,D:\DPS 920\DPS920_final_project\IMG\left_2026_08_01_20_00_54_974.jpg,D:\DPS 920\DPS920_final_project\IMG\right_2026_08_01_20_00_54_974.jpg,0.04135338,1.0,0.0,30.19022
D:\DPS 920\DPS920_final_project\IMG\center_2026_08_01_19_54_16_741.jpg,D:\DPS 920\DPS920_final_project\IMG\left_2026_08_01_19_54_16_741.jpg,D:\DPS 920\DPS920_final_project\IMG\right_2026_08_01_19_54_16_741.jpg,-0.1842105,1.0,0.0,30.19086
D:\DPS 920\DPS920_final_project\IMG\center_2026_08_01_19_53_51_597.jpg,D:\DPS 920\DPS920_final_project\IMG\left_2026_08_01_19_53_51_597.jpg,D:\DPS 920\DPS920_final_project\IMG\right_2026_08_01_19_53_51_597.jpg,-0.08646616,1.0,0.0,30.19009
D:\DPS 920\DPS920_final_project\IMG\center_2026_08_01_19_58_01_172.jpg,D:\DPS 920\DPS920_final_project\IMG\left_2026_08_01_19_58_01_172.jpg,D:\DPS 920\DPS920_final_project\IMG\right_2026_08_01_19_58_01_172.jpg,0.02631579,1.0,0.0,30.19031
D:\DPS 920\DPS920_final_project\IMG\center_2026_08_01_19_53_55_363.jpg,D:\DPS 920\DPS920_final_project\IMG\left_2026_08_01_19_53_55_363.jpg,D:\DPS 920\DPS920_final_project\IMG\right_2026_08_01_19_53_55_363.jpg,-0.07894737,1.0,0.0,30.19015
D:\DPS 920\DPS920_final_project\IMG\center_2026_08_01_19_53_03_916.jpg,D:\DPS 920\DPS920_final_project\IMG\left_2026_08_01_19_53_03_916.jpg,D:\DPS 920\DPS920_final_project\IMG\right_2026_08_01_19_53_03_916.jpg,0.1203007,1.0,0.0,30.19094
D:\DPS 920\DPS920_final_project\IMG\center_2026_08_01_19_58_39_765.jpg,D:\DPS 920\DPS920_final_project\IMG\left_2026_08_01_19_58_39_765.jpg,D:\DPS 920\DPS920_final_project\IMG\right_2026_08_01_19_58_39_765.jpg,0.0112782,1.0,0.0,30.19029
D:\DPS 920\DPS920_final_project\IMG\center_2026_08_01_20_01_14_336.jpg,D:\DPS 920\DPS920_final_project\IMG\left_2026_08_01_20_01_14_336.jpg,D:\DPS 920\DPS920_final_project\IMG\right_2026_08_01_20_01_14_336.jpg,0.09022556,1.0,0.0,30.19016
D:\DPS 920\DPS920_final_project\IMG\center_2026_08_01_19_57_43_465.jpg,D:\DPS 920\DPS920_final_project\IMG\left_2026_08_01_19_57_43_465.jpg,D:\DPS 920\DPS920_final_project\IMG\right_2026_08_01_19_57_43_465.jpg,0.1578947,1.0,0.0,30.18878
D:\DPS 920\DPS920_final_project\IMG\center_2026_08_01_19_54_26_078.jpg,D:\DPS 920\DPS920_final_project\IMG\left_2026_08_01_19_54_26_078.jpg,D:\DPS 920\DPS920_final_project\IMG\right_2026_08_01_19_54_26_078.jpg,0.1804511,1.0,0.0,30.18946
D:\DPS 920\DPS920_final_project\IMG\center_2026_08_01_19_51_50_044.jpg,D:\DPS 920\DPS920_final_project\IMG\left_2026_08_01_19_51_50_044.jpg,D:\DPS 920\DPS920_final_project\IMG\right_2026_08_01_19_51_50_044.jpg,-0.1691729,1.0,0.0,30.18916
D:\DPS 920\DPS920_final_project\IMG\center_2026_08_01_19_54_16_156.jpg,D:\DPS 920\DPS920_final_project\IMG\left_2026_08_01_19_54_16_156.jpg,D:\DPS 920\DPS920_final_project\IMG\right_2026_08_01_19_54_16_156.jpg,-0.2330827,1.0,0.0,30.18852
D:\DPS 920\DPS920_final_project\IMG\center_2026_08_01_19_59_24_521.jpg,D:\DPS 920\DPS920_final_project\IMG\left_2026_08_01_19_59_24_521.jpg,D:\DPS 920\DPS920_final_project\IMG\right_2026_08_01_19_59_24_521.jpg,0.07894737,1.0,0.0,30.18995
D:\DPS 920\DPS920_final_project\IMG\center_2026_08_01_19_50_36_538.jpg,D:\DPS 920\DPS920_final_project\IMG\left_2026_08_01_19_50_36_538.jpg,D:\DPS 920\DPS920_final_project\IMG\right_2026_08_01_19_50_36_538.jpg,-0.04135338,1.0,0.0,30.19029
D:\DPS 920\DPS920_final_project\IMG\center_2026_08_01_19_53_12_733.jpg,D:\DPS 920\DPS920_final_project\IMG\left_2026_08_01_19_53_12_733.jpg,D:\DPS 920\DPS920_final_project\IMG\right_2026_08_01_19_53_12_733.jpg,-0.1466165,1.0,0.0,30.18881
D:\DPS 920\DPS920_final_project\IMG\center_2026_08_01_19_51_53_246.jpg,D:\DPS 920\DPS920_final_project\IMG\left_2026_08_01_19_51_53_246.jpg,D:\DPS 920\DPS920_final_project\IMG\right_2026_08_01_19_51_53_246.jpg,-0.1052632,1.0,0.0,30.18996
D:\DPS 920\DPS920_final_project\IMG\center_2026_08_01_19_57_51_260.jpg,D:\DPS 920\DPS920_final_project\IMG\left_2026_08_01_19_57_51_260.jpg,D:\DPS 920\DPS920_final_project\IMG\right_2026_08_01_19_57_51_260.jpg,0.05639098,1.0,0.0,30.19025
D:\DPS 920\DPS920_final_project\IMG\center_2026_08_01_19_57_37_845.jpg,D:\DPS 920\DPS920_final_project\IMG\left_2026_08_01_19_57_37_845.jpg,D:\DPS 920\DPS920_final_project\IMG\right_2026_08_01_19_57_37_845.jpg,0.1879699,1.0,0.0,29.40176
D:\DPS 920\DPS920_final_project\IMG\center_2026_08_01_19_52_51_390.jpg,D:\DPS 920\DPS920_final_project\IMG\left_2026_08_01_19_52_51_390.jpg,D:\DPS 920\DPS920_final_project\IMG\right_2026_08_01_19_52_51_390.jpg,-0.1240602,1.0,0.0,30.18893
D:\DPS 920\DPS920_final_project\IMG\center_2026_08_01_19_54_25_936.jpg,D:\DPS 920\DPS920_final_project\IMG\left_2026_08_01_19_54_25_936.jpg,D:\DPS 920\DPS920_final_project\IMG\right_2026_08_01_19_54_25_936.jpg,0.1766917,1.0,0.0,30.18806
D:\DPS 920\DPS920_final_project\IMG\center_2026_08_01_20_00_33_249.jpg,D:\DPS 920\DPS920_final_project\IMG\left_2026_08_01_20_00_33_249.jpg,D:\DPS 920\DPS920_final_project\IMG\right_2026_08_01_20_00_33_249.jpg,0.08646616,1.0,0.0,30.19031
D:\DPS 920\DPS920_final_project\IMG\center_2026_08_01_19_53_02_862.jpg,D:\DPS 920\DPS920_final_project\IMG\left_2026_08_01_19_53_02_862.jpg,D:\DPS 920\DPS920_final_project\IMG\right_2026_08_01_19_53_02_862.jpg,0.3157895,1.0,0.0,30.18715
D:\DPS 920\DPS920_final_project\IMG\center_2026_08_01_19_53_03_206.jpg,D:\DPS 920\DPS920_final_project\IMG\left_2026_08_01_19_53_03_206.jpg,D:\DPS 920\DPS920_final_project\IMG\right_2026_08_01_19_53_03_206.jpg,0.2706767,1.0,0.0,30.19347
D:\DPS 920\DPS920_final_project\IMG\center_2026_08_01_19_54_27_353.jpg,D:\DPS 920\DPS920_final_project\IMG\left_2026_08_01_19_54_27_353.jpg,D:\DPS 920\DPS920_final_project\IMG\right_2026_08_01_19_54_27_353.jpg,0.2819549,1.0,0.0,30.18787
D:\DPS 920\DPS920_final_project\IMG\center_2026_08_01_19_51_35_040.jpg,D:\DPS 920\DPS920_final_project\IMG\left_2026_08_01_19_51_35_040.jpg,D:\DPS 920\DPS920_final_project\IMG\right_2026_08_01_19_51_35_040.jpg,-0.02631579,1.0,0.0,30.19029
D:\DPS 920\DPS920_final_project\IMG\center_2026_08_01_20_01_38_098.jpg,D:\DPS 920\DPS920_final_project\IMG\left_2026_08_01_20_01_38_098.jpg,D:\DPS 920\DPS920_final_project\IMG\right_2026_08_01_20_01_38_098.jpg,0.01879699,1.0,0.0,30.1903
D:\DPS 920\DPS920_final_project\IMG\center_2026_08_01_19_54_27_285.jpg,D:\DPS 920\DPS920_final_project\IMG\left_2026_08_01_19_54_27_285.jpg,D:\DPS 920\DPS920_final_project\IMG\right_2026_08_01_19_54_27_285.jpg,0.2819549,1.0,0.0,30.18835
D:\DPS 920\DPS920_final_project\IMG\center_2026_08_01_19_57_52_412.jpg,D:\DPS 920\DPS920_final_project\IMG\left_2026_08_01_19_57_52_412.jpg,D:\DPS 920\DPS920_final_project\IMG\right_2026_08_01_19_57_52_412.jpg,-0.1954887,1.0,0.0,30.18616
D:\DPS 920\DPS920_final_project\IMG\center_2026_08_01_19_51_08_905.jpg,D:\DPS 920\DPS920_final_project\IMG\left_2026_08_01_19_51_08_905.jpg,D:\DPS 920\DPS920_final_project\IMG\right_2026_08_01_19_51_08_905.jpg,-0.08646616,1.0,0.0,30.19019
D:\DPS 920\DPS920_final_project\IMG\center_2026_08_01_19_51_38_617.jpg,D:\DPS 920\DPS920_final_project\IMG\left_2026_08_01_19_51_38_617.jpg,D:\DPS 920\DPS920_final_project\IMG\right_2026_08_01_19_51_38_617.jpg,0.2443609,1.0,0.0,30.18386
D:\DPS 920\DPS920_final_project\IMG\center_2026_08_01_19_59_16_227.jpg,D:\DPS 920\DPS920_final_project\IMG\left_2026_08_01_19_59_16_227.jpg,D:\DPS 920\DPS920_final_project\IMG\right_2026_08_01_19_59_16_227.jpg,-0.1240602,1.0,0.0,30.18988
D:\DPS 920\DPS920_final_project\IMG\center_2026_08_01_20_01_52_332.jpg,D:\DPS 920\DPS920_final_project\IMG\left_2026_08_01_20_01_52_332.jpg,D:\DPS 920\DPS920_final_project\IMG\right_2026_08_01_20_01_52_332.jpg,0.09398497,1.0,0.0,30.19002
D:\DPS 920\DPS920_final_project\IMG\center_2026_08_01_19_50_33_675.jpg,D:\DPS 920\DPS920_final_project\IMG\left_2026_08_01_19_50_33_675.jpg,D:\DPS 920\DPS920_final_project\IMG\right_2026_08_01_19_50_33_675.jpg,-0.06766918,1.0,0.0,30.1902
D:\DPS 920\DPS920_final_project\IMG\center_2026_08_01_19_50_26_071.jpg,D:\DPS 920\DPS920_final_project\IMG\left_2026_08_01_19_50_26_071.jpg,D:\DPS 920\DPS920_final_project\IMG\right_2026_08_01_19_50_26_071.jpg,-0.1466165,1.0,0.0,16.81379
D:\DPS 920\DPS920_final_project\IMG\center_2026_08_01_19_59_32_236.jpg,D:\DPS 920\DPS920_final_project\IMG\left_2026_08_01_19_59_32_236.jpg,D:\DPS 920\DPS920_final_project\IMG\right_2026_08_01_19_59_32_236.jpg,0.04511278,1.0,0.0,30.19018
D:\DPS 920\DPS920_final_project\IMG\center_2026_08_01_20_02_16_101.jpg,D:\DPS 920\DPS920_final_project\IMG\left_2026_08_01_20_02_16_101.jpg,D:\DPS 920\DPS920_final_project\IMG\right_2026_08_01_20_02_16_101.jpg,0.1766917,1.0,0.0,30.18739
D:\DPS 920\DPS920_final_project\IMG\center_2026_08_01_20_01_47_313.jpg,D:\DPS 920\DPS920_final_project\IMG\left_2026_08_01_20_01_47_313.jpg,D:\DPS 920\DPS920_final_project\IMG\right_2026_08_01_20_01_47_313.jpg,0.07518797,1.0,0.0,30.19016
D:\DPS 920\DPS920_final_project\IMG\center_2026_08_01_19_53_14_570.jpg,D:\DPS 920\DPS920_final_project\IMG\left_2026_08_01_19_53_14_570.jpg,D:\DPS 920\DPS920_final_project\IMG\right_2026_08_01_19_53_14_570.jpg,-0.1466165,1.0,0.0,30.19085
D:\DPS 920\DPS920_final_project\IMG\center_2026_08_01_19_57_54_390.jpg,D:\DPS 920\DPS920_final_project\IMG\left_2026_08_01_19_57_54_390.jpg,D:\DPS 920\DPS920_final_project\IMG\right_2026_08_01_19_57_54_390.jpg,-0.1954887,1.0,0.0,30.19459
D:\DPS 920\DPS920_final_project\IMG\center_2026_08_01_19_53_57_944.jpg,D:\DPS 920\DPS920_final_project\IMG\left_2026_08_01_19_53_57_944.jpg,D:\DPS 920\DPS920_final_project\IMG\right_2026_08_01_19_53_57_944.jpg,-0.04887218,1.0,0.0,30.19012
D:\DPS 920\DPS920_final_project\IMG\center_2026_08_01_19_50_25_727.jpg,D:\DPS 920\DPS920_final_project\IMG\left_2026_08_01_19_50_25_727.jpg,D:\DPS 920\DPS920_final_project\IMG\right_2026_08_01_19_50_25_727.jpg,-0.1090226,1.0,0.0,12.84647
D:\DPS 920\DPS920_final_project\IMG\center_2026_08_01_19_54_35_555.jpg,D:\DPS 920\DPS920_final_project\IMG\left_2026_08_01_19_54_35_555.jpg,D:\DPS 920\DPS920_final_project\IMG\right_2026_08_01_19_54_35_555.jpg,-0.1278196,1.0,0.0,30.18981
D:\DPS 920\DPS920_final_project\IMG\center_2026_08_01_20_00_23_904.jpg,D:\DPS 920\DPS920_final_project\IMG\left_2026_08_01_20_00_23_904.jpg,D:\DPS 920\DPS920_final_project\IMG\right_2026_08_01_20_00_23_904.jpg,0.05639098,1.0,0.0,30.19032
D:\DPS 920\DPS920_final_project\IMG\center_2026_08_01_20_01_51_544.jpg,D:\DPS 920\DPS920_final_project\IMG\left_2026_08_01_20_01_51_544.jpg,D:\DPS 920\DPS920_final_project\IMG\right_2026_08_01_20_01_51_544.jpg,0.06766918,1.0,0.0,30.19016
D:\DPS 920\DPS920_final_project\IMG\center_2026_08_01_19_54_17_332.jpg,D:\DPS 920\DPS920_final_project\IMG\left_2026_08_01_19_54_17_332.jpg,D:\DPS 920\DPS920_final_project\IMG\right_2026_08_01_19_54_17_332.jpg,-0.1428571,1.0,0.0,30.19045
D:\DPS 920\DPS920_final_project\IMG\center_2026_08_01_19_50_40_812.jpg,D:\DPS 920\DPS920_final_project\IMG\left_2026_08_01_19_50_40_812.jpg,D:\DPS 920\DPS920_final_project\IMG\right_2026_08_01_19_50_40_812.jpg,-0.04135338,1.0,0.0,30.1902
D:\DPS 920\DPS920_final_project\IMG\center_2026_08_01_19_52_52_256.jpg,D:\DPS 920\DPS920_final_project\IMG\left_2026_08_01_19_52_52_256.jpg,D:\DPS 920\DPS920_final_project\IMG\right_2026_08_01_19_52_52_256.jpg,-0.1842105,1.0,0.0,30.18927
D:\DPS 920\DPS920_final_project\IMG\center_2026_08_01_19_53_53_347.jpg,D:\DPS 920\DPS920_final_project\IMG\left_2026_08_01_19_53_53_347.jpg,D:\DPS 920\DPS920_final_project\IMG\right_2026_08_01_19_53_53_347.jpg,-0.1353384,1.0,0.0,30.18946
D:\DPS 920\DPS920_final_project\IMG\center_2026_08_01_19_57_43_026.jpg,D:\DPS 920\DPS920_final_project\IMG\left_2026_08_01_19_57_43_026.jpg,D:\DPS 920\DPS920_final_project\IMG\right_2026_08_01_19_57_43_026.jpg,0.112782,1.0,0.0,30.18984
D:\DPS 920\DPS920_final_project\IMG\center_2026_08_01_20_02_15_179.jpg,D:\DPS 920\DPS920_final_project\IMG\left_2026_08_01_20_02_15_179.jpg,D:\DPS 920\DPS920_final_project\IMG\right_2026_08_01_20_02_15_179.jpg,0.2368421,1.0,0.0,30.18924
D:\DPS 920\DPS920_final_project\IMG\center_2026_08_01_19_53_52_854.jpg,D:\DPS 920\DPS920_final_project\IMG\left_2026_08_01_19_53_52_854.jpg,D:\DPS 920\DPS920_final_project\IMG\right_2026_08_01_19_53_52_854.jpg,-0.08646616,1.0,0.0,30.19011
D:\DPS 920\DPS920_final_project\IMG\center_2026_08_01_20_00_49_221.jpg,D:\DPS 920\DPS920_final_project\IMG\left_2026_08_01_20_00_49_221.jpg,D:\DPS 920\DPS920_final_project\IMG\right_2026_08_01_20_00_49_221.jpg,0.1165414,1.0,0.0,30.18993
D:\DPS 920\DPS920_final_project\IMG\center_2026_08_01_20_00_38_553.jpg,D:\DPS 920\DPS920_final_project\IMG\left_2026_08_01_20_00_38_553.jpg,D:\DPS 920\DPS920_final_project\IMG\right_2026_08_01_20_00_38_553.jpg,-0.03759398,1.0,0.0,30.19024
D:\DPS 920\DPS920_final_project\IMG\center_2026_08_01_19_52_32_393.jpg,D:\DPS 920\DPS920_final_project\IMG\left_2026_08_01_19_52_32_393.jpg,D:\DPS 920\DPS920_final_project\IMG\right_2026_08_01_19_52_32_393.jpg,-0.03759398,1.0,0.0,30.19101
D:\DPS 920\DPS920_final_project\IMG\center_2026_08_01_19_53_02_018.jpg,D:\DPS 920\DPS920_final_project\IMG\left_2026_08_01_19_53_02_018.jpg,D:\DPS 920\DPS920_final_project\IMG\right_2026_08_01_19_53_02_018.jpg,0.1052632,1.0,0.0,30.18958
D:\DPS 920\DPS920_final_project\IMG\center_2026_08_01_19_50_58_329.jpg,D:\DPS 920\DPS920_final_project\IMG\left_2026_08_01_19_50_58_329.jpg,D:\DPS 920\DPS920_final_project\IMG\right_2026_08_01_19_50_58_329.jpg,-0.007518797,1.0,0.0,30.19033
D:\DPS 920\DPS920_final_project\IMG\center_2026_08_01_20_00_50_071.jpg,D:\DPS 920\DPS920_final_project\IMG\left_2026_08_01_20_00_50_071.jpg,D:\DPS 920\DPS920_final_project\IMG\right_2026_08_01_20_00_50_071.jpg,0.2030075,1.0,0.0,30.18852
D:\DPS 920\DPS920_final_project\IMG\center_2026_08_01_19_57_52_783.jpg,D:\DPS 920\DPS920_final_project\IMG\left_2026_08_01_19_57_52_783.jpg,D:\DPS 920\DPS920_final_project\IMG\right_2026_08_01_19_57_52_783.jpg,-0.2293233,1.0,0.0,30.18861
D:\DPS 920\DPS920_final_project\IMG\center_2026_08_01_20_01_15_887.jpg,D:\DPS 920\DPS920_final_project\IMG\left_2026_08_01_20_01_15_887.jpg,D:\DPS 920\DPS920_final_project\IMG\right_2026_08_01_20_01_15_887.jpg,0.09774436,1.0,0.0,30.19044
D:\DPS 920\DPS920_final_project\IMG\center_2026_08_01_20_02_14_544.jpg,D:\DPS 920\DPS920_final_project\IMG\left_2026_08_01_20_02_14_544.jpg,D:\DPS 920\DPS920_final_project\IMG\right_2026_08_01_20_02_14_544.jpg,0.1879699,1.0,0.0,30.18699
D:\DPS 920\DPS920_final_project\IMG\center_2026_08_01_19_57_54_183.jpg,D:\DPS 920\DPS920_final_project\IMG\left_2026_08_01_19_57_54_183.jpg,D:\DPS 920\DPS920_final_project\IMG\right_2026_08_01_19_57_54_183.jpg,-0.2969925,1.0,0.0,30.18957
D:\DPS 920\DPS920_final_project\IMG\center_2026_08_01_20_00_25_856.jpg,D:\DPS 920\DPS920_final_project\IMG\left_2026_08_01_20_00_25_856.jpg,D:\DPS 920\DPS920_final_project\IMG\right_2026_08_01_20_00_25_856.jpg,0.07142857,1.0,0.0,30.19007
D:\DPS 920\DPS920_final_project\IMG\center_2026_08_01_19_51_44_687.jpg,D:\DPS 920\DPS920_final_project\IMG\left_2026_08_01_19_51_44_687.jpg,D:\DPS 920\DPS920_final_project\IMG\right_2026_08_01_19_51_44_687.jpg,0.007518797,1.0,0.0,30.19032
D:\DPS 920\DPS920_final_project\IMG\center_2026_08_01_20_01_48_442.jpg,D:\DPS 920\DPS920_final_project\IMG\left_2026_08_01_20_01_48_442.jpg,D:\DPS 920\DPS920_final_project\IMG\right_2026_08_01_20_01_48_442.jpg,0.05639098,1.0,0.0,30.19021
D:\DPS 920\DPS920_final_project\IMG\center_2026_08_01_20_02_16_168.jpg,D:\DPS 920\DPS920_final_project\IMG\left_2026_08_01_20_02_16_168.jpg,D:\DPS 920\DPS920_final_project\IMG\right_2026_08_01_20_02_16_168.jpg,0.1766917,1.0,0.0,30.18895
D:\DPS 920\DPS920_final_project\IMG\center_2026_08_01_19_59_26_535.jpg,D:\DPS 920\DPS920_final_project\IMG\left_2026_08_01_19_59_26_535.jpg,D:\DPS 920\DPS920_final_project\IMG\right_2026_08_01_19_59_26_535.jpg,0.1578947,1.0,0.0,30.1887
D:\DPS 920\DPS920_final_project\IMG\center_2026_08_01_19_51_10_924.jpg,D:\DPS 920\DPS920_final_project\IMG\left_2026_08_01_19_51_10_924.jpg,D:\DPS 920\DPS920_final_project\IMG\right_2026_08_01_19_51_10_924.jpg,-0.05639098,1.0,0.0,30.19017
D:\DPS 920\DPS920_final_project\IMG\center_2026_08_01_19_59_26_749.jpg,D:\DPS 920\DPS920_final_project\IMG\left_2026_08_01_19_59_26_749.jpg,D:\DPS 920\DPS920_final_project\IMG\right_2026_08_01_19_59_26_749.jpg,0.2030075,1.0,0.0,30.18823
D:\DPS 920\DPS920_final_project\IMG\center_2026_08_01_19_51_53_687.jpg,D:\DPS 920\DPS920_final_project\IMG\left_2026_08_01_19_51_53_687.jpg,D:\DPS 920\DPS920_final_project\IMG\right_2026_08_01_19_51_53_687.jpg,-0.06766918,1.0,0.0,30.1894
D:\DPS 920\DPS920_final_project\IMG\center_2026_08_01_19_51_02_001.jpg,D:\DPS 920\DPS920_final_project\IMG\left_2026_08_01_19_51_02_001.jpg,D:\DPS 920\DPS920_final_project\IMG\right_2026_08_01_19_51_02_001.jpg,-0.04511278,1.0,0.0,30.19021
D:\DPS 920\DPS920_final_project\IMG\center_2026_08_01_19_51_30_379.jpg,D:\DPS 920\DPS920_final_project\IMG\left_2026_08_01_19_51_30_379.jpg,D:\DPS 920\DPS920_final_project\IMG\right_2026_08_01_19_51_30_379.jpg,-0.1992481,1.0,0.0,30.19063
D:\DPS 920\DPS920_final_project\IMG\center_2026_08_01_19_59_49_613.jpg,D:\DPS 920\DPS920_final_project\IMG\left_2026_08_01_19_59_49_613.jpg,D:\DPS 920\DPS920_final_project\IMG\right_2026_08_01_19_59_49_613.jpg,0.08270676,1.0,0.0,30.18976
D:\DPS 920\DPS920_final_project\IMG\center_2026_08_01_19_54_14_216.jpg,D:\DPS 920\DPS920_final_project\IMG\left_2026_08_01_19_54_14_216.jpg,D:\DPS 920\DPS920_final_project\IMG\right_2026_08_01_19_54_14_216.jpg,-0.06390978,1.0,0.0,30.19016
D:\DPS 920\DPS920_final_project\IMG\center_2026_08_01_19_59_07_552.jpg,D:\DPS 920\DPS920_final_project\IMG\left_2026_08_01_19_59_07_552.jpg,D:\DPS 920\DPS920_final_project\IMG\right_2026_08_01_19_59_07_552.jpg,0.3947369,1.0,0.0,30.18532
D:\DPS 920\DPS920_final_project\IMG\center_2026_08_01_20_02_13_470.jpg,D:\DPS 920\DPS920_final_project\IMG\left_2026_08_01_20_02_13_470.jpg,D:\DPS 920\DPS920_final_project\IMG\right_2026_08_01_20_02_13_470.jpg,0.2255639,1.0,0.0,30.18705
D:\DPS 920\DPS920_final_project\IMG\center_2026_08_01_19_59_28_919.jpg,D:\DPS 920\DPS920_final_project\IMG\left_2026_08_01_19_59_28_919.jpg,D:\DPS 920\DPS920_final_project\IMG\right_2026_08_01_19_59_28_919.jpg,0.1917293,1.0,0.0,30.1902
D:\DPS 920\DPS920_final_project\IMG\center_2026_08_01_20_01_00_558.jpg,D:\DPS 920\DPS920_final_project\IMG\left_2026_08_01_20_01_00_558.jpg,D:\DPS 920\DPS920_final_project\IMG\right_2026_08_01_20_01_00_558.jpg,0.0,1.0,0.0,30.19062
D:\DPS 920\DPS920_final_project\IMG\center_2026_08_01_19_57_37_004.jpg,D:\DPS 920\DPS920_final_project\IMG\left_2026_08_01_19_57_37_004.jpg,D:\DPS 920\DPS920_final_project\IMG\right_2026_08_01_19_57_37_004.jpg,0.1353384,1.0,0.0,21.39781
D:\DPS 920\DPS920_final_project\IMG\center_2026_08_01_19_59_27_165.jpg,D:\DPS 920\DPS920_final_project\IMG\left_2026_08_01_19_59_27_165.jpg,D:\DPS 920\DPS920_final_project\IMG\right_2026_08_01_19_59_27_165.jpg,0.2142857,1.0,0.0,30.18807
D:\DPS 920\DPS920_final_project\IMG\center_2026_08_01_20_01_47_245.jpg,D:\DPS 920\DPS920_final_project\IMG\left_2026_08_01_20_01_47_245.jpg,D:\DPS 920\DPS920_final_project\IMG\right_2026_08_01_20_01_47_245.jpg,0.07518797,1.0,0.0,30.19017
D:\DPS 920\DPS920_final_project\IMG\center_2026_08_01_19_57_37_912.jpg,D:\DPS 920\DPS920_final_project\IMG\left_2026_08_01_19_57_37_912.jpg,D:\DPS 920\DPS920_final_project\IMG\right_2026_08_01_19_57_37_912.jpg,0.1616541,1.0,0.0,29.95411
D:\DPS 920\DPS920_final_project\IMG\center_2026_08_01_19_52_53_044.jpg,D:\DPS 920\DPS920_final_project\IMG\left_2026_08_01_19_52_53_044.jpg,D:\DPS 920\DPS920_final_project\IMG\right_2026_08_01_19_52_53_044.jpg,-0.1353384,1.0,0.0,30.19062
D:\DPS 920\DPS920_final_project\IMG\center_2026_08_01_20_00_25_366.jpg,D:\DPS 920\DPS920_final_project\IMG\left_2026_08_01_20_00_25_366.jpg,D:\DPS 920\DPS920_final_project\IMG\right_2026_08_01_20_00_25_366.jpg,0.05263158,1.0,0.0,30.19026
D:\DPS 920\DPS920_final_project\IMG\center_2026_08_01_19_50_26_964.jpg,D:\DPS 920\DPS920_final_project\IMG\left_2026_08_01_19_50_26_964.jpg,D:\DPS 920\DPS920_final_project\IMG\right_2026_08_01_19_50_26_964.jpg,-0.2255639,1.0,0.0,25.48434
D:\DPS 920\DPS920_final_project\IMG\center_2026_08_01_20_02_15_108.jpg,D:\DPS 920\DPS920_final_project\IMG\left_2026_08_01_20_02_15_108.jpg,D:\DPS 920\DPS920_final_project\IMG\right_2026_08_01_20_02_15_108.jpg,0.2368421,1.0,0.0,30.18767
D:\DPS 920\DPS920_final_project\IMG\center_2026_08_01_20_00_38_701.jpg,D:\DPS 920\DPS920_final_project\IMG\left_2026_08_01_20_00_38_701.jpg,D:\DPS 920\DPS920_final_project\IMG\right_2026_08_01_20_00_38_701.jpg,-0.04887218,1.0,0.0,30.19014
D:\DPS 920\DPS920_final_project\IMG\center_2026_08_01_19_53_18_509.jpg,D:\DPS 920\DPS920_final_project\IMG\left_2026_08_01_19_53_18_509.jpg,D:\DPS 920\DPS920_final_project\IMG\right_2026_08_01_19_53_18_509.jpg,-0.06390978,1.0,0.0,30.19
D:\DPS 920\DPS920_final_project\IMG\center_2026_08_01_19_59_58_440.jpg,D:\DPS 920\DPS920_final_project\IMG\left_2026_08_01_19_59_58_440.jpg,D:\DPS 920\DPS920_final_project\IMG\right_2026_08_01_19_59_58_440.jpg,0.01503759,1.0,0.0,30.19042
D:\DPS 920\DPS920_final_project\IMG\center_2026_08_01_20_00_22_834.jpg,D:\DPS 920\DPS920_final_project\IMG\left_2026_08_01_20_00_22_834.jpg,D:\DPS 920\DPS920_final_project\IMG\right_2026_08_01_20_00_22_834.jpg,0.07518797,1.0,0.0,30.19008
D:\DPS 920\DPS920_final_project\IMG\center_2026_08_01_20_02_16_236.jpg,D:\DPS 920\DPS920_final_project\IMG\left_2026_08_01_20_02_16_236.jpg,D:\DPS 920\DPS920_final_project\IMG\right_2026_08_01_20_02_16_236.jpg,0.1766917,1.0,0.0,30.18895
D:\DPS 920\DPS920_final_project\IMG\center_2026_08_01_19_53_12_104.jpg,D:\DPS 920\DPS920_final_project\IMG\left_2026_08_01_19_53_12_104.jpg,D:\DPS 920\DPS920_final_project\IMG\right_2026_08_01_19_53_12_104.jpg,-0.1466165,1.0,0.0,30.1899
D:\DPS 920\DPS920_final_project\IMG\center_2026_08_01_19_53_57_105.jpg,D:\DPS 920\DPS920_final_project\IMG\left_2026_08_01_19_53_57_105.jpg,D:\DPS 920\DPS920_final_project\IMG\right_2026_08_01_19_53_57_105.jpg,-0.06015037,1.0,0.0,30.19038
D:\DPS 920\DPS920_final_project\IMG\center_2026_08_01_20_02_18_796.jpg,D:\DPS 920\DPS920_final_project\IMG\left_2026_08_01_20_02_18_796.jpg,D:\DPS 920\DPS920_final_project\IMG\right_2026_08_01_20_02_18_796.jpg,0.03007519,1.0,0.0,30.19029
D:\DPS 920\DPS920_final_project\IMG\center_2026_08_01_19_57_47_636.jpg,D:\DPS 920\DPS920_final_project\IMG\left_2026_08_01_19_57_47_636.jpg,D:\DPS 920\DPS920_final_project\IMG\right_2026_08_01_19_57_47_636.jpg,0.06015037,1.0,0.0,30.19033
D:\DPS 920\DPS920_final_project\IMG\center_2026_08_01_19_51_05_447.jpg,D:\DPS 920\DPS920_final_project\IMG\left_2026_08_01_19_51_05_447.jpg,D:\DPS 920\DPS920_final_project\IMG\right_2026_08_01_19_51_05_447.jpg,-0.09398497,1.0,0.0,30.18949
D:\DPS 920\DPS920_final_project\IMG\center_2026_08_01_19_58_27_217.jpg,D:\DPS 920\DPS920_final_project\IMG\left_2026_08_01_19_58_27_217.jpg,D:\DPS 920\DPS920_final_project\IMG\right_2026_08_01_19_58_27_217.jpg,0.1428571,1.0,0.0,30.18936
D:\DPS 920\DPS920_final_project\IMG\center_2026_08_01_19_51_05_798.jpg,D:\DPS 920\DPS920_final_project\IMG\left_2026_08_01_19_51_05_798.jpg,D:\DPS 920\DPS920_final_project\IMG\right_2026_08_01_19_51_05_798.jpg,-0.09398497,1.0,0.0,30.19035
D:\DPS 920\DPS920_final_project\IMG\center_2026_08_01_20_01_53_033.jpg,D:\DPS 920\DPS920_final_project\IMG\left_2026_08_01_20_01_53_033.jpg,D:\DPS 920\DPS920_final_project\IMG\right_2026_08_01_20_01_53_033.jpg,0.131579,1.0,0.0,30.18944
D:\DPS 920\DPS920_final_project\IMG\center_2026_08_01_19_53_36_060.jpg,D:\DPS 920\DPS920_final_project\IMG\left_2026_08_01_19_53_36_060.jpg,D:\DPS 920\DPS920_final_project\IMG\right_2026_08_01_19_53_36_060.jpg,-0.02255639,1.0,0.0,30.19026
D:\DPS 920\DPS920_final_project\IMG\center_2026_08_01_19_53_13_856.jpg,D:\DPS 920\DPS920_final_project\IMG\left_2026_08_01_19_53_13_856.jpg,D:\DPS 920\DPS920_final_project\IMG\right_2026_08_01_19_53_13_856.jpg,-0.1616541,1.0,0.0,30.19034
D:\DPS 920\DPS920_final_project\IMG\center_2026_08_01_19_51_31_223.jpg,D:\DPS 920\DPS920_final_project\IMG\left_2026_08_01_19_51_31_223.jpg,D:\DPS 920\DPS920_final_project\IMG\right_2026_08_01_19_51_31_223.jpg,-0.1842105,1.0,0.0,30.18986
D:\DPS 920\DPS920_final_project\IMG\center_2026_08_01_20_01_06_433.jpg,D:\DPS 920\DPS920_final_project\IMG\left_2026_08_01_20_01_06_433.jpg,D:\DPS 920\DPS920_final_project\IMG\right_2026_08_01_20_01_06_433.jpg,0.0,1.0,0.0,30.1903
D:\DPS 920\DPS920_final_project\IMG\center_2026_08_01_19_58_30_625.jpg,D:\DPS 920\DPS920_final_project\IMG\left_2026_08_01_19_58_30_625.jpg,D:\DPS 920\DPS920_final_project\IMG\right_2026_08_01_19_58_30_625.jpg,0.08646616,1.0,0.0,30.19036
D:\DPS 920\DPS920_final_project\IMG\center_2026_08_01_19_53_02_794.jpg,D:\DPS 920\DPS920_final_project\IMG\left_2026_08_01_19_53_02_794.jpg,D:\DPS 920\DPS920_final_project\IMG\right_2026_08_01_19_53_02_794.jpg,0.3120301,1.0,0.0,30.1834
D:\DPS 920\DPS920_final_project\IMG\center_2026_08_01_20_01_28_531.jpg,D:\DPS 920\DPS920_final_project\IMG\left_2026_08_01_20_01_28_531.jpg,D:\DPS 920\DPS920_final_project\IMG\right_2026_08_01_20_01_28_531.jpg,0.0112782,1.0,0.0,30.1903
D:\DPS 920\DPS920_final_project\IMG\center_2026_08_01_19_51_54_502.jpg,D:\DPS 920\DPS920_final_project\IMG\left_2026_08_01_19_51_54_502.jpg,D:\DPS 920\DPS920_final_project\IMG\right_2026_08_01_19_51_54_502.jpg,-0.06766918,1.0,0.0,30.18964
D:\DPS 920\DPS920_final_project\IMG\center_2026_08_01_19_53_04_355.jpg,D:\DPS 920\DPS920_final_project\IMG\left_2026_08_01_19_53_04_355.jpg,D:\DPS 920\DPS920_final_project\IMG\right_2026_08_01_19_53_04_355.jpg,0.2030075,1.0,0.0,30.18792
D:\DPS 920\DPS920_final_project\IMG\center_2026_08_01_19_54_43_976.jpg,D:\DPS 920\DPS920_final_project\IMG\left_2026_08_01_19_54_43_976.jpg,D:\DPS 920\DPS920_final_project\IMG\right_2026_08_01_19_54_43_976.jpg,-0.06766918,1.0,0.0,30.19026
D:\DPS 920\DPS920_final_project\IMG\center_2026_08_01_19_58_01_023.jpg,D:\DPS 920\DPS920_final_project\IMG\left_2026_08_01_19_58_01_023.jpg,D:\DPS 920\DPS920_final_project\IMG\right_2026_08_01_19_58_01_023.jpg,0.02631579,1.0,0.0,30.19015
D:\DPS 920\DPS920_final_project\IMG\center_2026_08_01_20_00_51_145.jpg,D:\DPS 920\DPS920_final_project\IMG\left_2026_08_01_20_00_51_145.jpg,D:\DPS 920\DPS920_final_project\IMG\right_2026_08_01_20_00_51_145.jpg,0.1992481,1.0,0.0,30.18929
D:\DPS 920\DPS920_final_project\IMG\center_2026_08_01_19_54_38_282.jpg,D:\DPS 920\DPS920_final_project\IMG\left_2026_08_01_19_54_38_282.jpg,D:\DPS 920\DPS920_final_project\IMG\right_2026_08_01_19_54_38_282.jpg,-0.1917293,1.0,0.0,30.1893
D:\DPS 920\DPS920_final_project\IMG\center_2026_08_01_19_51_41_729.jpg,D:\DPS 920\DPS920_final_project\IMG\left_2026_08_01_19_51_41_729.jpg,D:\DPS 920\DPS920_final_project\IMG\right_2026_08_01_19_51_41_729.jpg,0.03383459,1.0,0.0,30.19031
D:\DPS 920\DPS920_final_project\IMG\center_2026_08_01_19_57_50_816.jpg,D:\DPS 920\DPS920_final_project\IMG\left_2026_08_01_19_57_50_816.jpg,D:\DPS 920\DPS920_final_project\IMG\right_2026_08_01_19_57_50_816.jpg,0.06766918,1.0,0.0,30.18963
D:\DPS 920\DPS920_final_project\IMG\center_2026_08_01_19_52_11_092.jpg,D:\DPS 920\DPS920_final_project\IMG\left_2026_08_01_19_52_11_092.jpg,D:\DPS 920\DPS920_final_project\IMG\right_2026_08_01_19_52_11_092.jpg,-0.02255639,1.0,0.0,30.19028
D:\DPS 920\DPS920_final_project\IMG\center_2026_08_01_19_53_05_200.jpg,D:\DPS 920\DPS920_final_project\IMG\left_2026_08_01_19_53_05_200.jpg,D:\DPS 920\DPS920_final_project\IMG\right_2026_08_01_19_53_05_200.jpg,-0.131579,1.0,0.0,30.18777
D:\DPS 920\DPS920_final_project\IMG\center_2026_08_01_19_50_33_887.jpg,D:\DPS 920\DPS920_final_project\IMG\left_2026_08_01_19_50_33_887.jpg,D:\DPS 920\DPS920_final_project\IMG\right_2026_08_01_19_50_33_887.jpg,-0.06766918,1.0,0.0,30.19021
D:\DPS 920\DPS920_final_project\IMG\center_2026_08_01_19_58_27_374.jpg,D:\DPS 920\DPS920_final_project\IMG\left_2026_08_01_19_58_27_374.jpg,D:\DPS 920\DPS920_final_project\IMG\right_2026_08_01_19_58_27_374.jpg,0.1428571,1.0,0.0,30.18946
D:\DPS 920\DPS920_final_project\IMG\center_2026_08_01_19_51_50_550.jpg,D:\DPS 920\DPS920_final_project\IMG\left_2026_08_01_19_51_50_550.jpg,D:\DPS 920\DPS920_final_project\IMG\right_2026_08_01_19_51_50_550.jpg,-0.1691729,1.0,0.0,30.18954
D:\DPS 920\DPS920_final_project\IMG\center_2026_08_01_19_59_14_724.jpg,D:\DPS 920\DPS920_final_project\IMG\left_2026_08_01_19_59_14_724.jpg,D:\DPS 920\DPS920_final_project\IMG\right_2026_08_01_19_59_14_724.jpg,-0.06015037,1.0,0.0,30.18995
D:\DPS 920\DPS920_final_project\IMG\center_2026_08_01_19_52_45_304.jpg,D:\DPS 920\DPS920_final_project\IMG\left_2026_08_01_19_52_45_304.jpg,D:\DPS 920\DPS920_final_project\IMG\right_2026_08_01_19_52_45_304.jpg,0.0,1.0,0.0,30.18997
D:\DPS 920\DPS920_final_project\IMG\center_2026_08_01_19_57_46_486.jpg,D:\DPS 920\DPS920_final_project\IMG\left_2026_08_01_19_57_46_486.jpg,D:\DPS 920\DPS920_final_project\IMG\right_2026_08_01_19_57_46_486.jpg,0.04887218,1.0,0.0,30.19036
D:\DPS 920\DPS920_final_project\IMG\center_2026_08_01_20_01_39_620.jpg,D:\DPS 920\DPS920_final_project\IMG\left_2026_08_01_20_01_39_620.jpg,D:\DPS 920\DPS920_final_project\IMG\right_2026_08_01_20_01_39_620.jpg,0.02255639,1.0,0.0,30.19028
D:\DPS 920\DPS920_final_project\IMG\center_2026_08_01_19_53_53_137.jpg,D:\DPS 920\DPS920_final_project\IMG\left_2026_08_01_19_53_53_137.jpg,D:\DPS 920\DPS920_final_project\IMG\right_2026_08_01_19_53_53_137.jpg,-0.1052632,1.0,0.0,30.18968
D:\DPS 920\DPS920_final_project\IMG\center_2026_08_01_19_50_47_762.jpg,D:\DPS 920\DPS920_final_project\IMG\left_2026_08_01_19_50_47_762.jpg,D:\DPS 920\DPS920_final_project\IMG\right_2026_08_01_19_50_47_762.jpg,-0.007518797,1.0,0.0,30.1903
D:\DPS 920\DPS920_final_project\IMG\center_2026_08_01_19_54_13_834.jpg,D:\DPS 920\DPS920_final_project\IMG\left_2026_08_01_19_54_13_834.jpg,D:\DPS 920\DPS920_final_project\IMG\right_2026_08_01_19_54_13_834.jpg,-0.06015037,1.0,0.0,30.18998
D:\DPS 920\DPS920_final_project\IMG\center_2026_08_01_19_52_23_026.jpg,D:\DPS 920\DPS920_final_project\IMG\left_2026_08_01_19_52_23_026.jpg,D:\DPS 920\DPS920_final_project\IMG\right_2026_08_01_19_52_23_026.jpg,-0.003759398,1.0,0.0,30.19029
D:\DPS 920\DPS920_final_project\IMG\center_2026_08_01_19_53_38_967.jpg,D:\DPS 920\DPS920_final_project\IMG\left_2026_08_01_19_53_38_967.jpg,D:\DPS 920\DPS920_final_project\IMG\right_2026_08_01_19_53_38_967.jpg,-0.003759398,1.0,0.0,30.19026
D:\DPS 920\DPS920_final_project\IMG\center_2026_08_01_19_52_30_010.jpg,D:\DPS 920\DPS920_final_project\IMG\left_2026_08_01_19_52_30_010.jpg,D:\DPS 920\DPS920_final_project\IMG\right_2026_08_01_19_52_30_010.jpg,-0.1052632,1.0,0.0,30.19032
D:\DPS 920\DPS920_final_project\IMG\center_2026_08_01_19_58_02_529.jpg,D:\DPS 920\DPS920_final_project\IMG\left_2026_08_01_19_58_02_529.jpg,D:\DPS 920\DPS920_final_project\IMG\right_2026_08_01_19_58_02_529.jpg,0.1917293,1.0,0.0,30.18775
D:\DPS 920\DPS920_final_project\IMG\center_2026_08_01_19_51_38_968.jpg,D:\DPS 920\DPS920_final_project\IMG\left_2026_08_01_19_51_38_968.jpg,D:\DPS 920\DPS920_final_project\IMG\right_2026_08_01_19_51_38_968.jpg,0.3496241,1.0,0.0,30.18463
D:\DPS 920\DPS920_final_project\IMG\center_2026_08_01_19_53_17_365.jpg,D:\DPS 920\DPS920_final_project\IMG\left_2026_08_01_19_53_17_365.jpg,D:\DPS 920\DPS920_final_project\IMG\right_2026_08_01_19_53_17_365.jpg,-0.01503759,1.0,0.0,30.19035
D:\DPS 920\DPS920_final_project\IMG\center_2026_08_01_19_57_56_610.jpg,D:\DPS 920\DPS920_final_project\IMG\left_2026_08_01_19_57_56_610.jpg,D:\DPS 920\DPS920_final_project\IMG\right_2026_08_01_19_57_56_610.jpg,-0.04887218,1.0,0.0,30.19075
D:\DPS 920\DPS920_final_project\IMG\center_2026_08_01_19_47_03_929.jpg,D:\DPS 920\DPS920_final_project\IMG\left_2026_08_01_19_47_03_929.jpg,D:\DPS 920\DPS920_final_project\IMG\right_2026_08_01_19_47_03_929.jpg,-0.09022556,1.0,0.0,3.54708
D:\DPS 920\DPS920_final_project\IMG\center_2026_08_01_20_00_21_440.jpg,D:\DPS 920\DPS920_final_project\IMG\left_2026_08_01_20_00_21_440.jpg,D:\DPS 920\DPS920_final_project\IMG\right_2026_08_01_20_00_21_440.jpg,0.04511278,1.0,0.0,30.19025
D:\DPS 920\DPS920_final_project\IMG\center_2026_08_01_19_57_49_291.jpg,D:\DPS 920\DPS920_final_project\IMG\left_2026_08_01_19_57_49_291.jpg,D:\DPS 920\DPS920_final_project\IMG\right_2026_08_01_19_57_49_291.jpg,-0.07894737,1.0,0.0,30.19009
D:\DPS 920\DPS920_final_project\IMG\center_2026_08_01_19_57_54_760.jpg,D:\DPS 920\DPS920_final_project\IMG\left_2026_08_01_19_57_54_760.jpg,D:\DPS 920\DPS920_final_project\IMG\right_2026_08_01_19_57_54_760.jpg,-0.1390978,1.0,0.0,30.19309
D:\DPS 920\DPS920_final_project\IMG\center_2026_08_01_19_53_07_938.jpg,D:\DPS 920\DPS920_final_project\IMG\left_2026_08_01_19_53_07_938.jpg,D:\DPS 920\DPS920_final_project\IMG\right_2026_08_01_19_53_07_938.jpg,-0.003759398,1.0,0.0,30.19049
D:\DPS 920\DPS920_final_project\IMG\center_2026_08_01_19_58_40_688.jpg,D:\DPS 920\DPS920_final_project\IMG\left_2026_08_01_19_58_40_688.jpg,D:\DPS 920\DPS920_final_project\IMG\right_2026_08_01_19_58_40_688.jpg,0.02255639,1.0,0.0,30.19039
D:\DPS 920\DPS920_final_project\IMG\center_2026_08_01_20_01_53_313.jpg,D:\DPS 920\DPS920_final_project\IMG\left_2026_08_01_20_01_53_313.jpg,D:\DPS 920\DPS920_final_project\IMG\right_2026_08_01_20_01_53_313.jpg,0.1353384,1.0,0.0,30.18747
D:\DPS 920\DPS920_final_project\IMG\center_2026_08_01_19_58_30_553.jpg,D:\DPS 920\DPS920_final_project\IMG\left_2026_08_01_19_58_30_553.jpg,D:\DPS 920\DPS920_final_project\IMG\right_2026_08_01_19_58_30_553.jpg,0.08646616,1.0,0.0,30.19002
D:\DPS 920\DPS920_final_project\IMG\center_2026_08_01_20_02_16_371.jpg,D:\DPS 920\DPS920_final_project\IMG\left_2026_08_01_20_02_16_371.jpg,D:\DPS 920\DPS920_final_project\IMG\right_2026_08_01_20_02_16_371.jpg,0.1766917,1.0,0.0,30.18954
D:\DPS 920\DPS920_final_project\IMG\center_2026_08_01_19_59_48_190.jpg,D:\DPS 920\DPS920_final_project\IMG\left_2026_08_01_19_59_48_190.jpg,D:\DPS 920\DPS920_final_project\IMG\right_2026_08_01_19_59_48_190.jpg,0.09774436,1.0,0.0,30.19002
D:\DPS 920\DPS920_final_project\IMG\center_2026_08_01_20_00_05_402.jpg,D:\DPS 920\DPS920_final_project\IMG\left_2026_08_01_20_00_05_402.jpg,D:\DPS 920\DPS920_final_project\IMG\right_2026_08_01_20_00_05_402.jpg,0.03007519,1.0,0.0,30.19027
D:\DPS 920\DPS920_final_project\IMG\center_2026_08_01_19_57_43_538.jpg,D:\DPS 920\DPS920_final_project\IMG\left_2026_08_01_19_57_43_538.jpg,D:\DPS 920\DPS920_final_project\IMG\right_2026_08_01_19_57_43_538.jpg,0.1654135,1.0,0.0,30.18959
D:\DPS 920\DPS920_final_project\IMG\center_2026_08_01_19_52_36_205.jpg,D:\DPS 920\DPS920_final_project\IMG\left_2026_08_01_19_52_36_205.jpg,D:\DPS 920\DPS920_final_project\IMG\right_2026_08_01_19_52_36_205.jpg,-0.03007519,1.0,0.0,30.19028
D:\DPS 920\DPS920_final_project\IMG\center_2026_08_01_19_54_17_643.jpg,D:\DPS 920\DPS920_final_project\IMG\left_2026_08_01_19_54_17_643.jpg,D:\DPS 920\DPS920_final_project\IMG\right_2026_08_01_19_54_17_643.jpg,-0.1616541,1.0,0.0,30.18999
D:\DPS 920\DPS920_final_project\IMG\center_2026_08_01_19_51_53_033.jpg,D:\DPS 920\DPS920_final_project\IMG\left_2026_08_01_19_51_53_033.jpg,D:\DPS 920\DPS920_final_project\IMG\right_2026_08_01_19_51_53_033.jpg,-0.1052632,1.0,0.0,30.18963
D:\DPS 920\DPS920_final_project\IMG\center_2026_08_01_19_52_48_667.jpg,D:\DPS 920\DPS920_final_project\IMG\left_2026_08_01_19_52_48_667.jpg,D:\DPS 920\DPS920_final_project\IMG\right_2026_08_01_19_52_48_667.jpg,-0.02255639,1.0,0.0,30.10259
D:\DPS 920\DPS920_final_project\IMG\center_2026_08_01_19_54_23_427.jpg,D:\DPS 920\DPS920_final_project\IMG\left_2026_08_01_19_54_23_427.jpg,D:\DPS 920\DPS920_final_project\IMG\right_2026_08_01_19_54_23_427.jpg,-0.003759398,1.0,0.0,30.1903
D:\DPS 920\DPS920_final_project\IMG\center_2026_08_01_20_00_23_337.jpg,D:\DPS 920\DPS920_final_project\IMG\left_2026_08_01_20_00_23_337.jpg,D:\DPS 920\DPS920_final_project\IMG\right_2026_08_01_20_00_23_337.jpg,0.08270676,1.0,0.0,30.19015
D:\DPS 920\DPS920_final_project\IMG\center_2026_08_01_19_51_40_689.jpg,D:\DPS 920\DPS920_final_project\IMG\left_2026_08_01_19_51_40_689.jpg,D:\DPS 920\DPS920_final_project\IMG\right_2026_08_01_19_51_40_689.jpg,0.1654135,1.0,0.0,30.19152
D:\DPS 920\DPS920_final_project\IMG\center_2026_08_01_20_00_52_275.jpg,D:\DPS 920\DPS920_final_project\IMG\left_2026_08_01_20_00_52_275.jpg,D:\DPS 920\DPS920_final_project\IMG\right_2026_08_01_20_00_52_275.jpg,0.1503759,1.0,0.0,30.19049
D:\DPS 920\DPS920_final_project\IMG\center_2026_08_01_19_59_03_334.jpg,D:\DPS 920\DPS920_final_project\IMG\left_2026_08_01_19_59_03_334.jpg,D:\DPS 920\DPS920_final_project\IMG\right_2026_08_01_19_59_03_334.jpg,0.08646616,1.0,0.0,30.19014
D:\DPS 920\DPS920_final_project\IMG\center_2026_08_01_19_50_43_586.jpg,D:\DPS 920\DPS920_final_project\IMG\left_2026_08_01_19_50_43_586.jpg,D:\DPS 920\DPS920_final_project\IMG\right_2026_08_01_19_50_43_586.jpg,-0.0112782,1.0,0.0,30.19029
D:\DPS 920\DPS920_final_project\IMG\center_2026_08_01_19_54_17_185.jpg,D:\DPS 920\DPS920_final_project\IMG\left_2026_08_01_19_54_17_185.jpg,D:\DPS 920\DPS920_final_project\IMG\right_2026_08_01_19_54_17_185.jpg,-0.1428571,1.0,0.0,30.18941
D:\DPS 920\DPS920_final_project\IMG\center_2026_08_01_19_51_47_940.jpg,D:\DPS 920\DPS920_final_project\IMG\left_2026_08_01_19_51_47_940.jpg,D:\DPS 920\DPS920_final_project\IMG\right_2026_08_01_19_51_47_940.jpg,-0.1165414,1.0,0.0,30.18882
D:\DPS 920\DPS920_final_project\IMG\center_2026_08_01_19_53_48_513.jpg,D:\DPS 920\DPS920_final_project\IMG\left_2026_08_01_19_53_48_513.jpg,D:\DPS 920\DPS920_final_project\IMG\right_2026_08_01_19_53_48_513.jpg,-0.05263158,1.0,0.0,30.19025
D:\DPS 920\DPS920_final_project\IMG\center_2026_08_01_20_01_55_661.jpg,D:\DPS 920\DPS920_final_project\IMG\left_2026_08_01_20_01_55_661.jpg,D:\DPS 920\DPS920_final_project\IMG\right_2026_08_01_20_01_55_661.jpg,0.1917293,1.0,0.0,30.18873
D:\DPS 920\DPS920_final_project\IMG\center_2026_08_01_19_57_41_765.jpg,D:\DPS 920\DPS920_final_project\IMG\left_2026_08_01_19_57_41_765.jpg,D:\DPS 920\DPS920_final_project\IMG\right_2026_08_01_19_57_41_765.jpg,0.1278196,1.0,0.0,30.18958
D:\DPS 920\DPS920_final_project\IMG\center_2026_08_01_19_53_08_942.jpg,D:\DPS 920\DPS920_final_project\IMG\left_2026_08_01_19_53_08_942.jpg,D:\DPS 920\DPS920_final_project\IMG\right_2026_08_01_19_53_08_942.jpg,-0.003759398,1.0,0.0,30.19031
D:\DPS 920\DPS920_final_project\IMG\center_2026_08_01_19_52_54_013.jpg,D:\DPS 920\DPS920_final_project\IMG\left_2026_08_01_19_52_54_013.jpg,D:\DPS 920\DPS920_final_project\IMG\right_2026_08_01_19_52_54_013.jpg,-0.1992481,1.0,0.0,30.18987
D:\DPS 920\DPS920_final_project\IMG\center_2026_08_01_20_00_49_295.jpg,D:\DPS 920\DPS920_final_project\IMG\left_2026_08_01_20_00_49_295.jpg,D:\DPS 920\DPS920_final_project\IMG\right_2026_08_01_20_00_49_295.jpg,0.1165414,1.0,0.0,30.19002
D:\DPS 920\DPS920_final_project\IMG\center_2026_08_01_20_00_21_581.jpg,D:\DPS 920\DPS920_final_project\IMG\left_2026_08_01_20_00_21_581.jpg,D:\DPS 920\DPS920_final_project\IMG\right_2026_08_01_20_00_21_581.jpg,0.04511278,1.0,0.0,30.19025
D:\DPS 920\DPS920_final_project\IMG\center_2026_08_01_19_52_53_118.jpg,D:\DPS 920\DPS920_final_project\IMG\left_2026_08_01_19_52_53_118.jpg,D:\DPS 920\DPS920_final_project\IMG\right_2026_08_01_19_52_53_118.jpg,-0.1390978,1.0,0.0,30.19158
D:\DPS 920\DPS920_final_project\IMG\center_2026_08_01_20_00_31_424.jpg,D:\DPS 920\DPS920_final_project\IMG\left_2026_08_01_20_00_31_424.jpg,D:\DPS 920\DPS920_final_project\IMG\right_2026_08_01_20_00_31_424.jpg,0.2180451,1.0,0.0,30.18923
D:\DPS 920\DPS920_final_project\IMG\center_2026_08_01_19_57_37_490.jpg,D:\DPS 920\DPS920_final_project\IMG\left_2026_08_01_19_57_37_490.jpg,D:\DPS 920\DPS920_final_project\IMG\right_2026_08_01_19_57_37_490.jpg,0.2744361,1.0,0.0,26.05101
D:\DPS 920\DPS920_final_project\IMG\center_2026_08_01_19_51_40_539.jpg,D:\DPS 920\DPS920_final_project\IMG\left_2026_08_01_19_51_40_539.jpg,D:\DPS 920\DPS920_final_project\IMG\right_2026_08_01_19_51_40_539.jpg,0.1691729,1.0,0.0,30.1905
D:\DPS 920\DPS920_final_project\IMG\center_2026_08_01_19_50_37_326.jpg,D:\DPS 920\DPS920_final_project\IMG\left_2026_08_01_19_50_37_326.jpg,D:\DPS 920\DPS920_final_project\IMG\right_2026_08_01_19_50_37_326.jpg,-0.01503759,1.0,0.0,30.19029
D:\DPS 920\DPS920_final_project\IMG\center_2026_08_01_19_57_55_344.jpg,D:\DPS 920\DPS920_final_project\IMG\left_2026_08_01_19_57_55_344.jpg,D:\DPS 920\DPS920_final_project\IMG\right_2026_08_01_19_57_55_344.jpg,-0.112782,1.0,0.0,30.19486
D:\DPS 920\DPS920_final_project\IMG\center_2026_08_01_19_58_06_472.jpg,D:\DPS 920\DPS920_final_project\IMG\left_2026_08_01_19_58_06_472.jpg,D:\DPS 920\DPS920_final_project\IMG\right_2026_08_01_19_58_06_472.jpg,0.07894737,1.0,0.0,30.19029
D:\DPS 920\DPS920_final_project\IMG\center_2026_08_01_19_59_33_595.jpg,D:\DPS 920\DPS920_final_project\IMG\left_2026_08_01_19_59_33_595.jpg,D:\DPS 920\DPS920_final_project\IMG\right_2026_08_01_19_59_33_595.jpg,0.0,1.0,0.0,30.19061
D:\DPS 920\DPS920_final_project\IMG\center_2026_08_01_19_57_45_021.jpg,D:\DPS 920\DPS920_final_project\IMG\left_2026_08_01_19_57_45_021.jpg,D:\DPS 920\DPS920_final_project\IMG\right_2026_08_01_19_57_45_021.jpg,0.1766917,1.0,0.0,30.18713
D:\DPS 920\DPS920_final_project\IMG\center_2026_08_01_19_52_29_388.jpg,D:\DPS 920\DPS920_final_project\IMG\left_2026_08_01_19_52_29_388.jpg,D:\DPS 920\DPS920_final_project\IMG\right_2026_08_01_19_52_29_388.jpg,-0.1052632,1.0,0.0,30.19007
D:\DPS 920\DPS920_final_project\IMG\center_2026_08_01_20_00_40_283.jpg,D:\DPS 920\DPS920_final_project\IMG\left_2026_08_01_20_00_40_283.jpg,D:\DPS 920\DPS920_final_project\IMG\right_2026_08_01_20_00_40_283.jpg,-0.1503759,1.0,0.0,30.18946
D:\DPS 920\DPS920_final_project\IMG\center_2026_08_01_19_54_36_537.jpg,D:\DPS 920\DPS920_final_project\IMG\left_2026_08_01_19_54_36_537.jpg,D:\DPS 920\DPS920_final_project\IMG\right_2026_08_01_19_54_36_537.jpg,-0.2142857,1.0,0.0,30.18876
D:\DPS 920\DPS920_final_project\IMG\center_2026_08_01_20_01_17_773.jpg,D:\DPS 920\DPS920_final_project\IMG\left_2026_08_01_20_01_17_773.jpg,D:\DPS 920\DPS920_final_project\IMG\right_2026_08_01_20_01_17_773.jpg,0.07142857,1.0,0.0,30.19051
D:\DPS 920\DPS920_final_project\IMG\center_2026_08_01_19_58_03_734.jpg,D:\DPS 920\DPS920_final_project\IMG\left_2026_08_01_19_58_03_734.jpg,D:\DPS 920\DPS920_final_project\IMG\right_2026_08_01_19_58_03_734.jpg,0.2180451,1.0,0.0,30.18867
D:\DPS 920\DPS920_final_project\IMG\center_2026_08_01_19_52_32_464.jpg,D:\DPS 920\DPS920_final_project\IMG\left_2026_08_01_19_52_32_464.jpg,D:\DPS 920\DPS920_final_project\IMG\right_2026_08_01_19_52_32_464.jpg,-0.03759398,1.0,0.0,30.19063
D:\DPS 920\DPS920_final_project\IMG\center_2026_08_01_19_59_06_196.jpg,D:\DPS 920\DPS920_final_project\IMG\left_2026_08_01_19_59_06_196.jpg,D:\DPS 920\DPS920_final_project\IMG\right_2026_08_01_19_59_06_196.jpg,0.1203007,1.0,0.0,30.18968
D:\DPS 920\DPS920_final_project\IMG\center_2026_08_01_19_51_15_647.jpg,D:\DPS 920\DPS920_final_project\IMG\left_2026_08_01_19_51_15_647.jpg,D:\DPS 920\DPS920_final_project\IMG\right_2026_08_01_19_51_15_647.jpg,-0.02255639,1.0,0.0,30.19027
D:\DPS 920\DPS920_final_project\IMG\center_2026_08_01_19_58_51_079.jpg,D:\DPS 920\DPS920_final_project\IMG\left_2026_08_01_19_58_51_079.jpg,D:\DPS 920\DPS920_final_project\IMG\right_2026_08_01_19_58_51_079.jpg,0.03007519,1.0,0.0,30.19026
D:\DPS 920\DPS920_final_project\IMG\center_2026_08_01_20_00_26_067.jpg,D:\DPS 920\DPS920_final_project\IMG\left_2026_08_01_20_00_26_067.jpg,D:\DPS 920\DPS920_final_project\IMG\right_2026_08_01_20_00_26_067.jpg,0.07894737,1.0,0.0,30.18999
D:\DPS 920\DPS920_final_project\IMG\center_2026_08_01_19_53_07_293.jpg,D:\DPS 920\DPS920_final_project\IMG\left_2026_08_01_19_53_07_293.jpg,D:\DPS 920\DPS920_final_project\IMG\right_2026_08_01_19_53_07_293.jpg,0.0,1.0,0.0,30.19049
D:\DPS 920\DPS920_final_project\IMG\center_2026_08_01_20_00_08_087.jpg,D:\DPS 920\DPS920_final_project\IMG\left_2026_08_01_20_00_08_087.jpg,D:\DPS 920\DPS920_final_project\IMG\right_2026_08_01_20_00_08_087.jpg,0.003759398,1.0,0.0,30.19029
D:\DPS 920\DPS920_final_project\IMG\center_2026_08_01_19_53_55_094.jpg,D:\DPS 920\DPS920_final_project\IMG\left_2026_08_01_19_53_55_094.jpg,D:\DPS 920\DPS920_final_project\IMG\right_2026_08_01_19_53_55_094.jpg,-0.09398497,1.0,0.0,30.19015
D:\DPS 920\DPS920_final_project\IMG\center_2026_08_01_20_00_30_316.jpg,D:\DPS 920\DPS920_final_project\IMG\left_2026_08_01_20_00_30_316.jpg,D:\DPS 920\DPS920_final_project\IMG\right_2026_08_01_20_00_30_316.jpg,0.1278196,1.0,0.0,30.18988
D:\DPS 920\DPS920_final_project\IMG\center_2026_08_01_19_51_49_611.jpg,D:\DPS 920\DPS920_final_project\IMG\left_2026_08_01_19_51_49_611.jpg,D:\DPS 920\DPS920_final_project\IMG\right_2026_08_01_19_51_49_611.jpg,-0.1503759,1.0,0.0,30.18941
D:\DPS 920\DPS920_final_project\IMG\center_2026_08_01_19_58_14_720.jpg,D:\DPS 920\DPS920_final_project\IMG\left_2026_08_01_19_58_14_720.jpg,D:\DPS 920\DPS920_final_project\IMG\right_2026_08_01_19_58_14_720.jpg,0.007518797,1.0,0.0,30.19062
D:\DPS 920\DPS920_final_project\IMG\center_2026_08_01_19_59_51_018.jpg,D:\DPS 920\DPS920_final_project\IMG\left_2026_08_01_19_59_51_018.jpg,D:\DPS 920\DPS920_final_project\IMG\right_2026_08_01_19_59_51_018.jpg,0.09774436,1.0,0.0,30.1904
D:\DPS 920\DPS920_final_project\IMG\center_2026_08_01_20_00_29_676.jpg,D:\DPS 920\DPS920_final_project\IMG\left_2026_08_01_20_00_29_676.jpg,D:\DPS 920\DPS920_final_project\IMG\right_2026_08_01_20_00_29_676.jpg,0.112782,1.0,0.0,30.18977
D:\DPS 920\DPS920_final_project\IMG\center_2026_08_01_20_01_56_662.jpg,D:\DPS 920\DPS920_final_project\IMG\left_2026_08_01_20_01_56_662.jpg,D:\DPS 920\DPS920_final_project\IMG\right_2026_08_01_20_01_56_662.jpg,0.1428571,1.0,0.0,30.19025
D:\DPS 920\DPS920_final_project\IMG\center_2026_08_01_19_50_37_838.jpg,D:\DPS 920\DPS920_final_project\IMG\left_2026_08_01_19_50_37_838.jpg,D:\DPS 920\DPS920_final_project\IMG\right_2026_08_01_19_50_37_838.jpg,-0.03759398,1.0,0.0,30.19024
D:\DPS 920\DPS920_final_project\IMG\center_2026_08_01_20_00_33_522.jpg,D:\DPS 920\DPS920_final_project\IMG\left_2026_08_01_20_00_33_522.jpg,D:\DPS 920\DPS920_final_project\IMG\right_2026_08_01_20_00_33_522.jpg,0.06390978,1.0,0.0,30.19043
D:\DPS 920\DPS920_final_project\IMG\center_2026_08_01_20_00_04_685.jpg,D:\DPS 920\DPS920_final_project\IMG\left_2026_08_01_20_00_04_685.jpg,D:\DPS 920\DPS920_final_project\IMG\right_2026_08_01_20_00_04_685.jpg,0.003759398,1.0,0.0,30.1903
D:\DPS 920\DPS920_final_project\IMG\center_2026_08_01_19_58_03_016.jpg,D:\DPS 920\DPS920_final_project\IMG\left_2026_08_01_19_58_03_016.jpg,D:\DPS 920\DPS920_final_project\IMG\right_2026_08_01_19_58_03_016.jpg,0.2067669,1.0,0.0,30.18921
D:\DPS 920\DPS920_final_project\IMG\center_2026_08_01_20_00_32_441.jpg,D:\DPS 920\DPS920_final_project\IMG\left_2026_08_01_20_00_32_441.jpg,D:\DPS 920\DPS920_final_project\IMG\right_2026_08_01_20_00_32_441.jpg,0.1992481,1.0,0.0,30.18962
D:\DPS 920\DPS920_final_project\IMG\center_2026_08_01_19_53_45_866.jpg,D:\DPS 920\DPS920_final_project\IMG\left_2026_08_01_19_53_45_866.jpg,D:\DPS 920\DPS920_final_project\IMG\right_2026_08_01_19_53_45_866.jpg,-0.01879699,1.0,0.0,30.19022
D:\DPS 920\DPS920_final_project\IMG\center_2026_08_01_19_59_23_186.jpg,D:\DPS 920\DPS920_final_project\IMG\left_2026_08_01_19_59_23_186.jpg,D:\DPS 920\DPS920_final_project\IMG\right_2026_08_01_19_59_23_186.jpg,0.1165414,1.0,0.0,30.18992
D:\DPS 920\DPS920_final_project\IMG\center_2026_08_01_19_50_28_322.jpg,D:\DPS 920\DPS920_final_project\IMG\left_2026_08_01_19_50_28_322.jpg,D:\DPS 920\DPS920_final_project\IMG\right_2026_08_01_19_50_28_322.jpg,-0.131579,1.0,0.0,30.18943
D:\DPS 920\DPS920_final_project\IMG\center_2026_08_01_19_50_34_363.jpg,D:\DPS 920\DPS920_final_project\IMG\left_2026_08_01_19_50_34_363.jpg,D:\DPS 920\DPS920_final_project\IMG\right_2026_08_01_19_50_34_363.jpg,-0.06766918,1.0,0.0,30.1902
D:\DPS 920\DPS920_final_project\IMG\center_2026_08_01_19_50_41_556.jpg,D:\DPS 920\DPS920_final_project\IMG\left_2026_08_01_19_50_41_556.jpg,D:\DPS 920\DPS920_final_project\IMG\right_2026_08_01_19_50_41_556.jpg,-0.03007519,1.0,0.0,30.19035
D:\DPS 920\DPS920_final_project\IMG\center_2026_08_01_19_52_47_741.jpg,D:\DPS 920\DPS920_final_project\IMG\left_2026_08_01_19_52_47_741.jpg,D:\DPS 920\DPS920_final_project\IMG\right_2026_08_01_19_52_47_741.jpg,-0.02631579,1.0,0.0,30.19003
D:\DPS 920\DPS920_final_project\IMG\center_2026_08_01_20_00_31_270.jpg,D:\DPS 920\DPS920_final_project\IMG\left_2026_08_01_20_00_31_270.jpg,D:\DPS 920\DPS920_final_project\IMG\right_2026_08_01_20_00_31_270.jpg,0.2180451,1.0,0.0,30.18918
D:\DPS 920\DPS920_final_project\IMG\center_2026_08_01_20_00_40_845.jpg,D:\DPS 920\DPS920_final_project\IMG\left_2026_08_01_20_00_40_845.jpg,D:\DPS 920\DPS920_final_project\IMG\right_2026_08_01_20_00_40_845.jpg,-0.2706767,1.0,0.0,30.18703
D:\DPS 920\DPS920_final_project\IMG\center_2026_08_01_19_51_47_016.jpg,D:\DPS 920\DPS920_final_project\IMG\left_2026_08_01_19_51_47_016.jpg,D:\DPS 920\DPS920_final_project\IMG\right_2026_08_01_19_51_47_016.jpg,-0.06015037,1.0,0.0,30.19013
D:\DPS 920\DPS920_final_project\IMG\center_2026_08_01_19_54_26_568.jpg,D:\DPS 920\DPS920_final_project\IMG\left_2026_08_01_19_54_26_568.jpg,D:\DPS 920\DPS920_final_project\IMG\right_2026_08_01_19_54_26_568.jpg,0.1917293,1.0,0.0,30.18813
D:\DPS 920\DPS920_final_project\IMG\center_2026_08_01_19_51_47_156.jpg,D:\DPS 920\DPS920_final_project\IMG\left_2026_08_01_19_51_47_156.jpg,D:\DPS 920\DPS920_final_project\IMG\right_2026_08_01_19_51_47_156.jpg,-0.06015037,1.0,0.0,30.19021
D:\DPS 920\DPS920_final_project\IMG\center_2026_08_01_20_01_19_751.jpg,D:\DPS 920\DPS920_final_project\IMG\left_2026_08_01_20_01_19_751.jpg,D:\DPS 920\DPS920_final_project\IMG\right_2026_08_01_20_01_19_751.jpg,0.03759398,1.0,0.0,30.19032
D:\DPS 920\DPS920_final_project\IMG\center_2026_08_01_19_59_00_931.jpg,D:\DPS 920\DPS920_final_project\IMG\left_2026_08_01_19_59_00_931.jpg,D:\DPS 920\DPS920_final_project\IMG\right_2026_08_01_19_59_00_931.jpg,0.05639098,1.0,0.0,30.19027
D:\DPS 920\DPS920_final_project\IMG\center_2026_08_01_19_53_34_060.jpg,D:\DPS 920\DPS920_final_project\IMG\left_2026_08_01_19_53_34_060.jpg,D:\DPS 920\DPS920_final_project\IMG\right_2026_08_01_19_53_34_060.jpg,-0.0112782,1.0,0.0,30.19027
D:\DPS 920\DPS920_final_project\IMG\center_2026_08_01_19_52_01_302.jpg,D:\DPS 920\DPS920_final_project\IMG\left_2026_08_01_19_52_01_302.jpg,D:\DPS 920\DPS920_final_project\IMG\right_2026_08_01_19_52_01_302.jpg,-0.02631579,1.0,0.0,30.19017
D:\DPS 920\DPS920_final_project\IMG\center_2026_08_01_19_47_04_419.jpg,D:\DPS 920\DPS920_final_project\IMG\left_2026_08_01_19_47_04_419.jpg,D:\DPS 920\DPS920_final_project\IMG\right_2026_08_01_19_47_04_419.jpg,-0.2669173,1.0,0.0,9.220243
D:\DPS 920\DPS920_final_project\IMG\center_2026_08_01_19_54_22_926.jpg,D:\DPS 920\DPS920_final_project\IMG\left_2026_08_01_19_54_22_926.jpg,D:\DPS 920\DPS920_final_project\IMG\right_2026_08_01_19_54_22_926.jpg,-0.003759398,1.0,0.0,30.19012
D:\DPS 920\DPS920_final_project\IMG\center_2026_08_01_19_52_59_963.jpg,D:\DPS 920\DPS920_final_project\IMG\left_2026_08_01_19_52_59_963.jpg,D:\DPS 920\DPS920_final_project\IMG\right_2026_08_01_19_52_59_963.jpg,0.07142857,1.0,0.0,30.19014
D:\DPS 920\DPS920_final_project\IMG\center_2026_08_01_19_52_53_860.jpg,D:\DPS 920\DPS920_final_project\IMG\left_2026_08_01_19_52_53_860.jpg,D:\DPS 920\DPS920_final_project\IMG\right_2026_08_01_19_52_53_860.jpg,-0.1954887,1.0,0.0,30.18725
D:\DPS 920\DPS920_final_project\IMG\center_2026_08_01_19_52_38_559.jpg,D:\DPS 920\DPS920_final_project\IMG\left_2026_08_01_19_52_38_559.jpg,D:\DPS 920\DPS920_final_project\IMG\right_2026_08_01_19_52_38_559.jpg,-0.01879699,1.0,0.0,30.19028
D:\DPS 920\DPS920_final_project\IMG\center_2026_08_01_19_53_51_664.jpg,D:\DPS 920\DPS920_final_project\IMG\left_2026_08_01_19_53_51_664.jpg,D:\DPS 920\DPS920_final_project\IMG\right_2026_08_01_19_53_51_664.jpg,-0.08646616,1.0,0.0,30.19009
D:\DPS 920\DPS920_final_project\IMG\center_2026_08_01_19_58_14_992.jpg,D:\DPS 920\DPS920_final_project\IMG\left_2026_08_01_19_58_14_992.jpg,D:\DPS 920\DPS920_final_project\IMG\right_2026_08_01_19_58_14_992.jpg,0.007518797,1.0,0.0,30.19061
D:\DPS 920\DPS920_final_project\IMG\center_2026_08_01_20_02_16_506.jpg,D:\DPS 920\DPS920_final_project\IMG\left_2026_08_01_20_02_16_506.jpg,D:\DPS 920\DPS920_final_project\IMG\right_2026_08_01_20_02_16_506.jpg,0.1766917,1.0,0.0,30.18851
D:\DPS 920\DPS920_final_project\IMG\center_2026_08_01_19_57_46_620.jpg,D:\DPS 920\DPS920_final_project\IMG\left_2026_08_01_19_57_46_620.jpg,D:\DPS 920\DPS920_final_project\IMG\right_2026_08_01_19_57_46_620.jpg,0.05263158,1.0,0.0,30.19108
D:\DPS 920\DPS920_final_project\IMG\center_2026_08_01_19_54_34_008.jpg,D:\DPS 920\DPS920_final_project\IMG\left_2026_08_01_19_54_34_008.jpg,D:\DPS 920\DPS920_final_project\IMG\right_2026_08_01_19_54_34_008.jpg,-0.09774436,1.0,0.0,30.1892
D:\DPS 920\DPS920_final_project\IMG\center_2026_08_01_19_51_40_823.jpg,D:\DPS 920\DPS920_final_project\IMG\left_2026_08_01_19_51_40_823.jpg,D:\DPS 920\DPS920_final_project\IMG\right_2026_08_01_19_51_40_823.jpg,0.1578947,1.0,0.0,30.18924
D:\DPS 920\DPS920_final_project\IMG\center_2026_08_01_20_00_48_172.jpg,D:\DPS 920\DPS920_final_project\IMG\left_2026_08_01_20_00_48_172.jpg,D:\DPS 920\DPS920_final_project\IMG\right_2026_08_01_20_00_48_172.jpg,0.04887218,1.0,0.0,30.1901
D:\DPS 920\DPS920_final_project\IMG\center_2026_08_01_19_50_41_940.jpg,D:\DPS 920\DPS920_final_project\IMG\left_2026_08_01_19_50_41_940.jpg,D:\DPS 920\DPS920_final_project\IMG\right_2026_08_01_19_50_41_940.jpg,-0.02255639,1.0,0.0,30.1903
D:\DPS 920\DPS920_final_project\IMG\center_2026_08_01_19_51_21_405.jpg,D:\DPS 920\DPS920_final_project\IMG\left_2026_08_01_19_51_21_405.jpg,D:\DPS 920\DPS920_final_project\IMG\right_2026_08_01_19_51_21_405.jpg,-0.007518797,1.0,0.0,30.18992
D:\DPS 920\DPS920_final_project\IMG\center_2026_08_01_19_52_28_966.jpg,D:\DPS 920\DPS920_final_project\IMG\left_2026_08_01_19_52_28_966.jpg,D:\DPS 920\DPS920_final_project\IMG\right_2026_08_01_19_52_28_966.jpg,-0.1090226,1.0,0.0,30.19005
D:\DPS 920\DPS920_final_project\IMG\center_2026_08_01_19_54_17_792.jpg,D:\DPS 920\DPS920_final_project\IMG\left_2026_08_01_19_54_17_792.jpg,D:\DPS 920\DPS920_final_project\IMG\right_2026_08_01_19_54_17_792.jpg,-0.1616541,1.0,0.0,30.19066
D:\DPS 920\DPS920_final_project\IMG\center_2026_08_01_19_58_15_337.jpg,D:\DPS 920\DPS920_final_project\IMG\left_2026_08_01_19_58_15_337.jpg,D:\DPS 920\DPS920_final_project\IMG\right_2026_08_01_19_58_15_337.jpg,0.02631579,1.0,0.0,30.19059
D:\DPS 920\DPS920_final_project\IMG\center_2026_08_01_19_57_56_472.jpg,D:\DPS 920\DPS920_final_project\IMG\left_2026_08_01_19_57_56_472.jpg,D:\DPS 920\DPS920_final_project\IMG\right_2026_08_01_19_57_56_472.jpg,-0.06766918,1.0,0.0,30.1904
D:\DPS 920\DPS920_final_project\IMG\center_2026_08_01_19_59_56_548.jpg,D:\DPS 920\DPS920_final_project\IMG\left_2026_08_01_19_59_56_548.jpg,D:\DPS 920\DPS920_final_project\IMG\right_2026_08_01_19_59_56_548.jpg,0.04135338,1.0,0.0,30.19022
D:\DPS 920\DPS920_final_project\IMG\center_2026_08_01_19_52_32_114.jpg,D:\DPS 920\DPS920_final_project\IMG\left_2026_08_01_19_52_32_114.jpg,D:\DPS 920\DPS920_final_project\IMG\right_2026_08_01_19_52_32_114.jpg,-0.08270676,1.0,0.0,30.19026
D:\DPS 920\DPS920_final_project\IMG\center_2026_08_01_19_51_30_300.jpg,D:\DPS 920\DPS920_final_project\IMG\left_2026_08_01_19_51_30_300.jpg,D:\DPS 920\DPS920_final_project\IMG\right_2026_08_01_19_51_30_300.jpg,-0.1992481,1.0,0.0,30.18943
D:\DPS 920\DPS920_final_project\IMG\center_2026_08_01_19_58_51_363.jpg,D:\DPS 920\DPS920_final_project\IMG\left_2026_08_01_19_58_51_363.jpg,D:\DPS 920\DPS920_final_project\IMG\right_2026_08_01_19_58_51_363.jpg,0.0112782,1.0,0.0,30.19033
D:\DPS 920\DPS920_final_project\IMG\center_2026_08_01_20_01_35_032.jpg,D:\DPS 920\DPS920_final_project\IMG\left_2026_08_01_20_01_35_032.jpg,D:\DPS 920\DPS920_final_project\IMG\right_2026_08_01_20_01_35_032.jpg,0.02255639,1.0,0.0,30.19029
D:\DPS 920\DPS920_final_project\IMG\center_2026_08_01_19_58_24_777.jpg,D:\DPS 920\DPS920_final_project\IMG\left_2026_08_01_19_58_24_777.jpg,D:\DPS 920\DPS920_final_project\IMG\right_2026_08_01_19_58_24_777.jpg,0.09398497,1.0,0.0,30.18985
D:\DPS 920\DPS920_final_project\IMG\center_2026_08_01_20_00_42_345.jpg,D:\DPS 920\DPS920_final_project\IMG\left_2026_08_01_20_00_42_345.jpg,D:\DPS 920\DPS920_final_project\IMG\right_2026_08_01_20_00_42_345.jpg,-0.2406015,1.0,0.0,30.18928
D:\DPS 920\DPS920_final_project\IMG\center_2026_08_01_19_53_20_020.jpg,D:\DPS 920\DPS920_final_project\IMG\left_2026_08_01_19_53_20_020.jpg,D:\DPS 920\DPS920_final_project\IMG\right_2026_08_01_19_53_20_020.jpg,-0.07894737,1.0,0.0,30.19018
D:\DPS 920\DPS920_final_project\IMG\center_2026_08_01_20_00_49_013.jpg,D:\DPS 920\DPS920_final_project\IMG\left_2026_08_01_20_00_49_013.jpg,D:\DPS 920\DPS920_final_project\IMG\right_2026_08_01_20_00_49_013.jpg,0.112782,1.0,0.0,30.18989
D:\DPS 920\DPS920_final_project\IMG\center_2026_08_01_19_57_44_061.jpg,D:\DPS 920\DPS920_final_project\IMG\left_2026_08_01_19_57_44_061.jpg,D:\DPS 920\DPS920_final_project\IMG\right_2026_08_01_19_57_44_061.jpg,0.2218045,1.0,0.0,30.18518
D:\DPS 920\DPS920_final_project\IMG\center_2026_08_01_20_01_29_613.jpg,D:\DPS 920\DPS920_final_project\IMG\left_2026_08_01_20_01_29_613.jpg,D:\DPS 920\DPS920_final_project\IMG\right_2026_08_01_20_01_29_613.jpg,0.01503759,1.0,0.0,30.1903
D:\DPS 920\DPS920_final_project\IMG\center_2026_08_01_19_53_06_124.jpg,D:\DPS 920\DPS920_final_project\IMG\left_2026_08_01_19_53_06_124.jpg,D:\DPS 920\DPS920_final_project\IMG\right_2026_08_01_19_53_06_124.jpg,-0.04887218,1.0,0.0,30.1893
D:\DPS 920\DPS920_final_project\IMG\center_2026_08_01_19_58_05_177.jpg,D:\DPS 920\DPS920_final_project\IMG\left_2026_08_01_19_58_05_177.jpg,D:\DPS 920\DPS920_final_project\IMG\right_2026_08_01_19_58_05_177.jpg,0.1240602,1.0,0.0,30.19153
D:\DPS 920\DPS920_final_project\IMG\center_2026_08_01_20_01_32_742.jpg,D:\DPS 920\DPS920_final_project\IMG\left_2026_08_01_20_01_32_742.jpg,D:\DPS 920\DPS920_final_project\IMG\right_2026_08_01_20_01_32_742.jpg,0.003759398,1.0,0.0,30.19029
D:\DPS 920\DPS920_final_project\IMG\center_2026_08_01_19_54_24_378.jpg,D:\DPS 920\DPS920_final_project\IMG\left_2026_08_01_19_54_24_378.jpg,D:\DPS 920\DPS920_final_project\IMG\right_2026_08_01_19_54_24_378.jpg,0.05639098,1.0,0.0,30.19008
D:\DPS 920\DPS920_final_project\IMG\center_2026_08_01_19_59_48_053.jpg,D:\DPS 920\DPS920_final_project\IMG\left_2026_08_01_19_59_48_053.jpg,D:\DPS 920\DPS920_final_project\IMG\right_2026_08_01_19_59_48_053.jpg,0.09774436,1.0,0.0,30.18995
D:\DPS 920\DPS920_final_project\IMG\center_2026_08_01_19_50_41_180.jpg,D:\DPS 920\DPS920_final_project\IMG\left_2026_08_01_19_50_41_180.jpg,D:\DPS 920\DPS920_final_project\IMG\right_2026_08_01_19_50_41_180.jpg,-0.04135338,1.0,0.0,30.19025
D:\DPS 920\DPS920_final_project\IMG\center_2026_08_01_19_59_17_580.jpg,D:\DPS 920\DPS920_final_project\IMG\left_2026_08_01_19_59_17_580.jpg,D:\DPS 920\DPS920_final_project\IMG\right_2026_08_01_19_59_17_580.jpg,-0.2556391,1.0,0.0,30.18952
D:\DPS 920\DPS920_final_project\IMG\center_2026_08_01_20_00_48_804.jpg,D:\DPS 920\DPS920_final_project\IMG\left_2026_08_01_20_00_48_804.jpg,D:\DPS 920\DPS920_final_project\IMG\right_2026_08_01_20_00_48_804.jpg,0.112782,1.0,0.0,30.18951
D:\DPS 920\DPS920_final_project\IMG\center_2026_08_01_19_51_51_186.jpg,D:\DPS 920\DPS920_final_project\IMG\left_2026_08_01_19_51_51_186.jpg,D:\DPS 920\DPS920_final_project\IMG\right_2026_08_01_19_51_51_186.jpg,-0.1691729,1.0,0.0,30.18964
D:\DPS 920\DPS920_final_project\IMG\center_2026_08_01_19_53_10_824.jpg,D:\DPS 920\DPS920_final_project\IMG\left_2026_08_01_19_53_10_824.jpg,D:\DPS 920\DPS920_final_project\IMG\right_2026_08_01_19_53_10_824.jpg,-0.1278196,1.0,0.0,30.1896
D:\DPS 920\DPS920_final_project\IMG\center_2026_08_01_19_51_09_044.jpg,D:\DPS 920\DPS920_final_project\IMG\left_2026_08_01_19_51_09_044.jpg,D:\DPS 920\DPS920_final_project\IMG\right_2026_08_01_19_51_09_044.jpg,-0.08646616,1.0,0.0,30.18851
D:\DPS 920\DPS920_final_project\IMG\center_2026_08_01_19_59_53_615.jpg,D:\DPS 920\DPS920_final_project\IMG\left_2026_08_01_19_59_53_615.jpg,D:\DPS 920\DPS920_final_project\IMG\right_2026_08_01_19_59_53_615.jpg,0.07142857,1.0,0.0,30.19024
D:\DPS 920\DPS920_final_project\IMG\center_2026_08_01_19_52_52_539.jpg,D:\DPS 920\DPS920_final_project\IMG\left_2026_08_01_19_52_52_539.jpg,D:\DPS 920\DPS920_final_project\IMG\right_2026_08_01_19_52_52_539.jpg,-0.1842105,1.0,0.0,30.18938
D:\DPS 920\DPS920_final_project\IMG\center_2026_08_01_19_52_33_799.jpg,D:\DPS 920\DPS920_final_project\IMG\left_2026_08_01_19_52_33_799.jpg,D:\DPS 920\DPS920_final_project\IMG\right_2026_08_01_19_52_33_799.jpg,-0.07894737,1.0,0.0,30.19006
D:\DPS 920\DPS920_final_project\IMG\center_2026_08_01_20_01_36_904.jpg,D:\DPS 920\DPS920_final_project\IMG\left_2026_08_01_20_01_36_904.jpg,D:\DPS 920\DPS920_final_project\IMG\right_2026_08_01_20_01_36_904.jpg,0.007518797,1.0,0.0,30.19029
D:\DPS 920\DPS920_final_project\IMG\center_2026_08_01_19_59_07_485.jpg,D:\DPS 920\DPS920_final_project\IMG\left_2026_08_01_19_59_07_485.jpg,D:\DPS 920\DPS920_final_project\IMG\right_2026_08_01_19_59_07_485.jpg,0.3947369,1.0,0.0,30.18387
D:\DPS 920\DPS920_final_project\IMG\center_2026_08_01_19_59_53_231.jpg,D:\DPS 920\DPS920_final_project\IMG\left_2026_08_01_19_59_53_231.jpg,D:\DPS 920\DPS920_final_project\IMG\right_2026_08_01_19_59_53_231.jpg,0.08270676,1.0,0.0,30.19008
D:\DPS 920\DPS920_final_project\IMG\center_2026_08_01_19_51_43_037.jpg,D:\DPS 920\DPS920_final_project\IMG\left_2026_08_01_19_51_43_037.jpg,D:\DPS 920\DPS920_final_project\IMG\right_2026_08_01_19_51_43_037.jpg,-0.007518797,1.0,0.0,30.19053
D:\DPS 920\DPS920_final_project\IMG\center_2026_08_01_19_57_36_935.jpg,D:\DPS 920\DPS920_final_project\IMG\left_2026_08_01_19_57_36_935.jpg,D:\DPS 920\DPS920_final_project\IMG\right_2026_08_01_19_57_36_935.jpg,0.1240602,1.0,0.0,20.58496
D:\DPS 920\DPS920_final_project\IMG\center_2026_08_01_19_51_25_112.jpg,D:\DPS 920\DPS920_final_project\IMG\left_2026_08_01_19_51_25_112.jpg,D:\DPS 920\DPS920_final_project\IMG\right_2026_08_01_19_51_25_112.jpg,-0.02631579,1.0,0.0,30.10071
D:\DPS 920\DPS920_final_project\IMG\center_2026_08_01_20_00_29_814.jpg,D:\DPS 920\DPS920_final_project\IMG\left_2026_08_01_20_00_29_814.jpg,D:\DPS 920\DPS920_final_project\IMG\right_2026_08_01_20_00_29_814.jpg,0.1203007,1.0,0.0,30.19009
D:\DPS 920\DPS920_final_project\IMG\center_2026_08_01_20_01_42_734.jpg,D:\DPS 920\DPS920_final_project\IMG\left_2026_08_01_20_01_42_734.jpg,D:\DPS 920\DPS920_final_project\IMG\right_2026_08_01_20_01_42_734.jpg,0.03007519,1.0,0.0,30.19029
D:\DPS 920\DPS920_final_project\IMG\center_2026_08_01_19_53_16_799.jpg,D:\DPS 920\DPS920_final_project\IMG\left_2026_08_01_19_53_16_799.jpg,D:\DPS 920\DPS920_final_project\IMG\right_2026_08_01_19_53_16_799.jpg,-0.08270676,1.0,0.0,30.19025
D:\DPS 920\DPS920_final_project\IMG\center_2026_08_01_19_58_02_945.jpg,D:\DPS 920\DPS920_final_project\IMG\left_2026_08_01_19_58_02_945.jpg,D:\DPS 920\DPS920_final_project\IMG\right_2026_08_01_19_58_02_945.jpg,0.2030075,1.0,0.0,30.18714
D:\DPS 920\DPS920_final_project\IMG\center_2026_08_01_19_59_46_004.jpg,D:\DPS 920\DPS920_final_project\IMG\left_2026_08_01_19_59_46_004.jpg,D:\DPS 920\DPS920_final_project\IMG\right_2026_08_01_19_59_46_004.jpg,0.03759398,1.0,0.0,30.19026
D:\DPS 920\DPS920_final_project\IMG\center_2026_08_01_19_57_43_836.jpg,D:\DPS 920\DPS920_final_project\IMG\left_2026_08_01_19_57_43_836.jpg,D:\DPS 920\DPS920_final_project\IMG\right_2026_08_01_19_57_43_836.jpg,0.1766917,1.0,0.0,30.18727
D:\DPS 920\DPS920_final_project\IMG\center_2026_08_01_19_52_20_556.jpg,D:\DPS 920\DPS920_final_project\IMG\left_2026_08_01_19_52_20_556.jpg,D:\DPS 920\DPS920_final_project\IMG\right_2026_08_01_19_52_20_556.jpg,-0.04135338,1.0,0.0,30.19025
D:\DPS 920\DPS920_final_project\IMG\center_2026_08_01_19_58_50_866.jpg,D:\DPS 920\DPS920_final_project\IMG\left_2026_08_01_19_58_50_866.jpg,D:\DPS 920\DPS920_final_project\IMG\right_2026_08_01_19_58_50_866.jpg,0.03007519,1.0,0.0,30.19028
D:\DPS 920\DPS920_final_project\IMG\center_2026_08_01_20_01_12_720.jpg,D:\DPS 920\DPS920_final_project\IMG\left_2026_08_01_20_01_12_720.jpg,D:\DPS 920\DPS920_final_project\IMG\right_2026_08_01_20_01_12_720.jpg,0.1428571,1.0,0.0,30.18885
D:\DPS 920\DPS920_final_project\IMG\center_2026_08_01_19_50_37_101.jpg,D:\DPS 920\DPS920_final_project\IMG\left_2026_08_01_19_50_37_101.jpg,D:\DPS 920\DPS920_final_project\IMG\right_2026_08_01_19_50_37_101.jpg,-0.01503759,1.0,0.0,30.1903
D:\DPS 920\DPS920_final_project\IMG\center_2026_08_01_20_01_17_240.jpg,D:\DPS 920\DPS920_final_project\IMG\left_2026_08_01_20_01_17_240.jpg,D:\DPS 920\DPS920_final_project\IMG\right_2026_08_01_20_01_17_240.jpg,0.07142857,1.0,0.0,30.19023
D:\DPS 920\DPS920_final_project\IMG\center_2026_08_01_19_59_37_191.jpg,D:\DPS 920\DPS920_final_project\IMG\left_2026_08_01_19_59_37_191.jpg,D:\DPS 920\DPS920_final_project\IMG\right_2026_08_01_19_59_37_191.jpg,0.007518797,1.0,0.0,30.19061
D:\DPS 920\DPS920_final_project\IMG\center_2026_08_01_20_02_18_725.jpg,D:\DPS 920\DPS920_final_project\IMG\left_2026_08_01_20_02_18_725.jpg,D:\DPS 920\DPS920_final_project\IMG\right_2026_08_01_20_02_18_725.jpg,0.03007519,1.0,0.0,30.19034
D:\DPS 920\DPS920_final_project\IMG\center_2026_08_01_19_58_21_868.jpg,D:\DPS 920\DPS920_final_project\IMG\left_2026_08_01_19_58_21_868.jpg,D:\DPS 920\DPS920_final_project\IMG\right_2026_08_01_19_58_21_868.jpg,0.02255639,1.0,0.0,30.18979
D:\DPS 920\DPS920_final_project\IMG\center_2026_08_01_19_58_32_090.jpg,D:\DPS 920\DPS920_final_project\IMG\left_2026_08_01_19_58_32_090.jpg,D:\DPS 920\DPS920_final_project\IMG\right_2026_08_01_19_58_32_090.jpg,0.05263158,1.0,0.0,30.1904
D:\DPS 920\DPS920_final_project\IMG\center_2026_08_01_20_01_38_792.jpg,D:\DPS 920\DPS920_final_project\IMG\left_2026_08_01_20_01_38_792.jpg,D:\DPS 920\DPS920_final_project\IMG\right_2026_08_01_20_01_38_792.jpg,0.02255639,1.0,0.0,30.19028
D:\DPS 920\DPS920_final_project\IMG\center_2026_08_01_19_51_36_556.jpg,D:\DPS 920\DPS920_final_project\IMG\left_2026_08_01_19_51_36_556.jpg,D:\DPS 920\DPS920_final_project\IMG\right_2026_08_01_19_51_36_556.jpg,0.02255639,1.0,0.0,30.19028
D:\DPS 920\DPS920_final_project\IMG\center_2026_08_01_19_58_50_030.jpg,D:\DPS 920\DPS920_final_project\IMG\left_2026_08_01_19_58_50_030.jpg,D:\DPS 920\DPS920_final_project\IMG\right_2026_08_01_19_58_50_030.jpg,0.03007519,1.0,0.0,30.19045
D:\DPS 920\DPS920_final_project\IMG\center_2026_08_01_19_51_45_889.jpg,D:\DPS 920\DPS920_final_project\IMG\left_2026_08_01_19_51_45_889.jpg,D:\DPS 920\DPS920_final_project\IMG\right_2026_08_01_19_51_45_889.jpg,-0.03759398,1.0,0.0,30.1902
D:\DPS 920\DPS920_final_project\IMG\center_2026_08_01_19_51_12_470.jpg,D:\DPS 920\DPS920_final_project\IMG\left_2026_08_01_19_51_12_470.jpg,D:\DPS 920\DPS920_final_project\IMG\right_2026_08_01_19_51_12_470.jpg,-0.06015037,1.0,0.0,30.19024
D:\DPS 920\DPS920_final_project\IMG\center_2026_08_01_20_00_31_125.jpg,D:\DPS 920\DPS920_final_project\IMG\left_2026_08_01_20_00_31_125.jpg,D:\DPS 920\DPS920_final_project\IMG\right_2026_08_01_20_00_31_125.jpg,0.2180451,1.0,0.0,30.1889
D:\DPS 920\DPS920_final_project\IMG\center_2026_08_01_19_58_09_904.jpg,D:\DPS 920\DPS920_final_project\IMG\left_2026_08_01_19_58_09_904.jpg,D:\DPS 920\DPS920_final_project\IMG\right_2026_08_01_19_58_09_904.jpg,0.02255639,1.0,0.0,30.1905
D:\DPS 920\DPS920_final_project\IMG\center_2026_08_01_19_59_18_792.jpg,D:\DPS 920\DPS920_final_project\IMG\left_2026_08_01_19_59_18_792.jpg,D:\DPS 920\DPS920_final_project\IMG\right_2026_08_01_19_59_18_792.jpg,-0.1466165,1.0,0.0,30.19031
D:\DPS 920\DPS920_final_project\IMG\center_2026_08_01_19_52_29_528.jpg,D:\DPS 920\DPS920_final_project\IMG\left_2026_08_01_19_52_29_528.jpg,D:\DPS 920\DPS920_final_project\IMG\right_2026_08_01_19_52_29_528.jpg,-0.1052632,1.0,0.0,30.18973
D:\DPS 920\DPS920_final_project\IMG\center_2026_08_01_19_52_25_945.jpg,D:\DPS 920\DPS920_final_project\IMG\left_2026_08_01_19_52_25_945.jpg,D:\DPS 920\DPS920_final_project\IMG\right_2026_08_01_19_52_25_945.jpg,-0.05639098,1.0,0.0,30.19023
D:\DPS 920\DPS920_final_project\IMG\center_2026_08_01_19_52_55_647.jpg,D:\DPS 920\DPS920_final_project\IMG\left_2026_08_01_19_52_55_647.jpg,D:\DPS 920\DPS920_final_project\IMG\right_2026_08_01_19_52_55_647.jpg,-0.09398497,1.0,0.0,30.19042
D:\DPS 920\DPS920_final_project\IMG\center_2026_08_01_19_57_54_538.jpg,D:\DPS 920\DPS920_final_project\IMG\left_2026_08_01_19_57_54_538.jpg,D:\DPS 920\DPS920_final_project\IMG\right_2026_08_01_19_57_54_538.jpg,-0.1390978,1.0,0.0,30.1927
D:\DPS 920\DPS920_final_project\IMG\center_2026_08_01_19_59_16_580.jpg,D:\DPS 920\DPS920_final_project\IMG\left_2026_08_01_19_59_16_580.jpg,D:\DPS 920\DPS920_final_project\IMG\right_2026_08_01_19_59_16_580.jpg,-0.1578947,1.0,0.0,30.18854
D:\DPS 920\DPS920_final_project\IMG\center_2026_08_01_19_53_13_925.jpg,D:\DPS 920\DPS920_final_project\IMG\left_2026_08_01_19_53_13_925.jpg,D:\DPS 920\DPS920_final_project\IMG\right_2026_08_01_19_53_13_925.jpg,-0.2030075,1.0,0.0,30.18591
D:\DPS 920\DPS920_final_project\IMG\center_2026_08_01_19_54_18_396.jpg,D:\DPS 920\DPS920_final_project\IMG\left_2026_08_01_19_54_18_396.jpg,D:\DPS 920\DPS920_final_project\IMG\right_2026_08_01_19_54_18_396.jpg,-0.1616541,1.0,0.0,30.18917
D:\DPS 920\DPS920_final_project\IMG\center_2026_08_01_19_53_01_662.jpg,D:\DPS 920\DPS920_final_project\IMG\left_2026_08_01_19_53_01_662.jpg,D:\DPS 920\DPS920_final_project\IMG\right_2026_08_01_19_53_01_662.jpg,0.07142857,1.0,0.0,30.18968
D:\DPS 920\DPS920_final_project\IMG\center_2026_08_01_19_52_56_023.jpg,D:\DPS 920\DPS920_final_project\IMG\left_2026_08_01_19_52_56_023.jpg,D:\DPS 920\DPS920_final_project\IMG\right_2026_08_01_19_52_56_023.jpg,-0.03759398,1.0,0.0,30.19044
D:\DPS 920\DPS920_final_project\IMG\center_2026_08_01_19_53_38_819.jpg,D:\DPS 920\DPS920_final_project\IMG\left_2026_08_01_19_53_38_819.jpg,D:\DPS 920\DPS920_final_project\IMG\right_2026_08_01_19_53_38_819.jpg,-0.003759398,1.0,0.0,30.19032
D:\DPS 920\DPS920_final_project\IMG\center_2026_08_01_20_02_04_687.jpg,D:\DPS 920\DPS920_final_project\IMG\left_2026_08_01_20_02_04_687.jpg,D:\DPS 920\DPS920_final_project\IMG\right_2026_08_01_20_02_04_687.jpg,-0.4323308,1.0,0.0,30.17833
D:\DPS 920\DPS920_final_project\IMG\center_2026_08_01_20_02_05_482.jpg,D:\DPS 920\DPS920_final_project\IMG\left_2026_08_01_20_02_05_482.jpg,D:\DPS 920\DPS920_final_project\IMG\right_2026_08_01_20_02_05_482.jpg,-0.1090226,1.0,0.0,30.19312
D:\DPS 920\DPS920_final_project\IMG\center_2026_08_01_20_01_10_256.jpg,D:\DPS 920\DPS920_final_project\IMG\left_2026_08_01_20_01_10_256.jpg,D:\DPS 920\DPS920_final_project\IMG\right_2026_08_01_20_01_10_256.jpg,0.09022556,1.0,0.0,30.18951
D:\DPS 920\DPS920_final_project\IMG\center_2026_08_01_19_54_17_036.jpg,D:\DPS 920\DPS920_final_project\IMG\left_2026_08_01_19_54_17_036.jpg,D:\DPS 920\DPS920_final_project\IMG\right_2026_08_01_19_54_17_036.jpg,-0.1541353,1.0,0.0,30.18983
D:\DPS 920\DPS920_final_project\IMG\center_2026_08_01_19_58_23_261.jpg,D:\DPS 920\DPS920_final_project\IMG\left_2026_08_01_19_58_23_261.jpg,D:\DPS 920\DPS920_final_project\IMG\right_2026_08_01_19_58_23_261.jpg,0.03383459,1.0,0.0,30.19002
D:\DPS 920\DPS920_final_project\IMG\center_2026_08_01_19_57_37_210.jpg,D:\DPS 920\DPS920_final_project\IMG\left_2026_08_01_19_57_37_210.jpg,D:\DPS 920\DPS920_final_project\IMG\right_2026_08_01_19_57_37_210.jpg,0.1842105,1.0,0.0,23.38702
D:\DPS 920\DPS920_final_project\IMG\center_2026_08_01_19_53_21_491.jpg,D:\DPS 920\DPS920_final_project\IMG\left_2026_08_01_19_53_21_491.jpg,D:\DPS 920\DPS920_final_project\IMG\right_2026_08_01_19_53_21_491.jpg,-0.06766918,1.0,0.0,30.19025
D:\DPS 920\DPS920_final_project\IMG\center_2026_08_01_19_51_50_117.jpg,D:\DPS 920\DPS920_final_project\IMG\left_2026_08_01_19_51_50_117.jpg,D:\DPS 920\DPS920_final_project\IMG\right_2026_08_01_19_51_50_117.jpg,-0.1691729,1.0,0.0,30.18941
D:\DPS 920\DPS920_final_project\IMG\center_2026_08_01_19_53_13_020.jpg,D:\DPS 920\DPS920_final_project\IMG\left_2026_08_01_19_53_13_020.jpg,D:\DPS 920\DPS920_final_project\IMG\right_2026_08_01_19_53_13_020.jpg,-0.1466165,1.0,0.0,30.1867
D:\DPS 920\DPS920_final_project\IMG\center_2026_08_01_19_58_08_550.jpg,D:\DPS 920\DPS920_final_project\IMG\left_2026_08_01_19_58_08_550.jpg,D:\DPS 920\DPS920_final_project\IMG\right_2026_08_01_19_58_08_550.jpg,0.04511278,1.0,0.0,30.18962
D:\DPS 920\DPS920_final_project\IMG\center_2026_08_01_19_53_08_872.jpg,D:\DPS 920\DPS920_final_project\IMG\left_2026_08_01_19_53_08_872.jpg,D:\DPS 920\DPS920_final_project\IMG\right_2026_08_01_19_53_08_872.jpg,-0.003759398,1.0,0.0,30.19022
D:\DPS 920\DPS920_final_project\IMG\center_2026_08_01_19_51_49_396.jpg,D:\DPS 920\DPS920_final_project\IMG\left_2026_08_01_19_51_49_396.jpg,D:\DPS 920\DPS920_final_project\IMG\right_2026_08_01_19_51_49_396.jpg,-0.1654135,1.0,0.0,30.19034
D:\DPS 920\DPS920_final_project\IMG\center_2026_08_01_19_53_55_026.jpg,D:\DPS 920\DPS920_final_project\IMG\left_2026_08_01_19_53_55_026.jpg,D:\DPS 920\DPS920_final_project\IMG\right_2026_08_01_19_53_55_026.jpg,-0.09398497,1.0,0.0,30.19018
D:\DPS 920\DPS920_final_project\IMG\center_2026_08_01_19_51_38_757.jpg,D:\DPS 920\DPS920_final_project\IMG\left_2026_08_01_19_51_38_757.jpg,D:\DPS 920\DPS920_final_project\IMG\right_2026_08_01_19_51_38_757.jpg,0.3045113,1.0,0.0,30.1823
D:\DPS 920\DPS920_final_project\IMG\center_2026_08_01_19_54_15_668.jpg,D:\DPS 920\DPS920_final_project\IMG\left_2026_08_01_19_54_15_668.jpg,D:\DPS 920\DPS920_final_project\IMG\right_2026_08_01_19_54_15_668.jpg,-0.1729323,1.0,0.0,30.18768
D:\DPS 920\DPS920_final_project\IMG\center_2026_08_01_20_00_32_012.jpg,D:\DPS 920\DPS920_final_project\IMG\left_2026_08_01_20_00_32_012.jpg,D:\DPS 920\DPS920_final_project\IMG\right_2026_08_01_20_00_32_012.jpg,0.2030075,1.0,0.0,30.18947
D:\DPS 920\DPS920_final_project\IMG\center_2026_08_01_19_53_53_484.jpg,D:\DPS 920\DPS920_final_project\IMG\left_2026_08_01_19_53_53_484.jpg,D:\DPS 920\DPS920_final_project\IMG\right_2026_08_01_19_53_53_484.jpg,-0.1353384,1.0,0.0,30.18976
D:\DPS 920\DPS920_final_project\IMG\center_2026_08_01_20_00_24_469.jpg,D:\DPS 920\DPS920_final_project\IMG\left_2026_08_01_20_00_24_469.jpg,D:\DPS 920\DPS920_final_project\IMG\right_2026_08_01_20_00_24_469.jpg,0.04887218,1.0,0.0,30.19025
D:\DPS 920\DPS920_final_project\IMG\center_2026_08_01_19_58_34_101.jpg,D:\DPS 920\DPS920_final_project\IMG\left_2026_08_01_19_58_34_101.jpg,D:\DPS 920\DPS920_final_project\IMG\right_2026_08_01_19_58_34_101.jpg,0.03007519,1.0,0.0,30.1904
D:\DPS 920\DPS920_final_project\IMG\center_2026_08_01_19_59_40_895.jpg,D:\DPS 920\DPS920_final_project\IMG\left_2026_08_01_19_59_40_895.jpg,D:\DPS 920\DPS920_final_project\IMG\right_2026_08_01_19_59_40_895.jpg,0.05263158,1.0,0.0,30.19068
D:\DPS 920\DPS920_final_project\IMG\center_2026_08_01_20_01_38_862.jpg,D:\DPS 920\DPS920_final_project\IMG\left_2026_08_01_20_01_38_862.jpg,D:\DPS 920\DPS920_final_project\IMG\right_2026_08_01_20_01_38_862.jpg,0.02255639,1.0,0.0,30.19029
D:\DPS 920\DPS920_final_project\IMG\center_2026_08_01_20_00_32_224.jpg,D:\DPS 920\DPS920_final_project\IMG\left_2026_08_01_20_00_32_224.jpg,D:\DPS 920\DPS920_final_project\IMG\right_2026_08_01_20_00_32_224.jpg,0.2030075,1.0,0.0,30.18946
D:\DPS 920\DPS920_final_project\IMG\center_2026_08_01_20_02_13_751.jpg,D:\DPS 920\DPS920_final_project\IMG\left_2026_08_01_20_02_13_751.jpg,D:\DPS 920\DPS920_final_project\IMG\right_2026_08_01_20_02_13_751.jpg,0.2781955,1.0,0.0,30.18721
D:\DPS 920\DPS920_final_project\IMG\center_2026_08_01_20_01_11_943.jpg,D:\DPS 920\DPS920_final_project\IMG\left_2026_08_01_20_01_11_943.jpg,D:\DPS 920\DPS920_final_project\IMG\right_2026_08_01_20_01_11_943.jpg,0.05263158,1.0,0.0,30.19023
D:\DPS 920\DPS920_final_project\IMG\center_2026_08_01_20_01_12_012.jpg,D:\DPS 920\DPS920_final_project\IMG\left_2026_08_01_20_01_12_012.jpg,D:\DPS 920\DPS920_final_project\IMG\right_2026_08_01_20_01_12_012.jpg,0.05263158,1.0,0.0,30.18984
D:\DPS 920\DPS920_final_project\IMG\center_2026_08_01_19_59_18_502.jpg,D:\DPS 920\DPS920_final_project\IMG\left_2026_08_01_19_59_18_502.jpg,D:\DPS 920\DPS920_final_project\IMG\right_2026_08_01_19_59_18_502.jpg,-0.1766917,1.0,0.0,30.19021
D:\DPS 920\DPS920_final_project\IMG\center_2026_08_01_19_54_19_004.jpg,D:\DPS 920\DPS920_final_project\IMG\left_2026_08_01_19_54_19_004.jpg,D:\DPS 920\DPS920_final_project\IMG\right_2026_08_01_19_54_19_004.jpg,-0.1390978,1.0,0.0,30.18992
D:\DPS 920\DPS920_final_project\IMG\center_2026_08_01_19_53_11_251.jpg,D:\DPS 920\DPS920_final_project\IMG\left_2026_08_01_19_53_11_251.jpg,D:\DPS 920\DPS920_final_project\IMG\right_2026_08_01_19_53_11_251.jpg,-0.1203007,1.0,0.0,30.19007
D:\DPS 920\DPS920_final_project\IMG\center_2026_08_01_19_52_32_534.jpg,D:\DPS 920\DPS920_final_project\IMG\left_2026_08_01_19_52_32_534.jpg,D:\DPS 920\DPS920_final_project\IMG\right_2026_08_01_19_52_32_534.jpg,-0.03383459,1.0,0.0,30.19038
D:\DPS 920\DPS920_final_project\IMG\center_2026_08_01_19_51_57_328.jpg,D:\DPS 920\DPS920_final_project\IMG\left_2026_08_01_19_51_57_328.jpg,D:\DPS 920\DPS920_final_project\IMG\right_2026_08_01_19_51_57_328.jpg,-0.08270676,1.0,0.0,30.19048
D:\DPS 920\DPS920_final_project\IMG\center_2026_08_01_19_54_37_152.jpg,D:\DPS 920\DPS920_final_project\IMG\left_2026_08_01_19_54_37_152.jpg,D:\DPS 920\DPS920_final_project\IMG\right_2026_08_01_19_54_37_152.jpg,-0.1578947,1.0,0.0,30.19117
D:\DPS 920\DPS920_final_project\IMG\center_2026_08_01_20_00_33_180.jpg,D:\DPS 920\DPS920_final_project\IMG\left_2026_08_01_20_00_33_180.jpg,D:\DPS 920\DPS920_final_project\IMG\right_2026_08_01_20_00_33_180.jpg,0.08646616,1.0,0.0,30.19057
D:\DPS 920\DPS920_final_project\IMG\center_2026_08_01_19_51_55_969.jpg,D:\DPS 920\DPS920_final_project\IMG\left_2026_08_01_19_51_55_969.jpg,D:\DPS 920\DPS920_final_project\IMG\right_2026_08_01_19_51_55_969.jpg,-0.06766918,1.0,0.0,30.19013
D:\DPS 920\DPS920_final_project\IMG\center_2026_08_01_19_54_32_030.jpg,D:\DPS 920\DPS920_final_project\IMG\left_2026_08_01_19_54_32_030.jpg,D:\DPS 920\DPS920_final_project\IMG\right_2026_08_01_19_54_32_030.jpg,-0.03759398,1.0,0.0,30.19013
D:\DPS 920\DPS920_final_project\IMG\center_2026_08_01_19_52_12_515.jpg,D:\DPS 920\DPS920_final_project\IMG\left_2026_08_01_19_52_12_515.jpg,D:\DPS 920\DPS920_final_project\IMG\right_2026_08_01_19_52_12_515.jpg,-0.003759398,1.0,0.0,30.19032
D:\DPS 920\DPS920_final_project\IMG\center_2026_08_01_19_51_38_689.jpg,D:\DPS 920\DPS920_final_project\IMG\left_2026_08_01_19_51_38_689.jpg,D:\DPS 920\DPS920_final_project\IMG\right_2026_08_01_19_51_38_689.jpg,0.2631579,1.0,0.0,30.18539
D:\DPS 920\DPS920_final_project\IMG\center_2026_08_01_20_02_05_112.jpg,D:\DPS 920\DPS920_final_project\IMG\left_2026_08_01_20_02_05_112.jpg,D:\DPS 920\DPS920_final_project\IMG\right_2026_08_01_20_02_05_112.jpg,-0.3195489,1.0,0.0,30.19256
D:\DPS 920\DPS920_final_project\IMG\center_2026_08_01_19_58_29_800.jpg,D:\DPS 920\DPS920_final_project\IMG\left_2026_08_01_19_58_29_800.jpg,D:\DPS 920\DPS920_final_project\IMG\right_2026_08_01_19_58_29_800.jpg,0.06015037,1.0,0.0,30.18472
D:\DPS 920\DPS920_final_project\IMG\center_2026_08_01_20_00_39_718.jpg,D:\DPS 920\DPS920_final_project\IMG\left_2026_08_01_20_00_39_718.jpg,D:\DPS 920\DPS920_final_project\IMG\right_2026_08_01_20_00_39_718.jpg,-0.09022556,1.0,0.0,30.18996
D:\DPS 920\DPS920_final_project\IMG\center_2026_08_01_19_59_10_980.jpg,D:\DPS 920\DPS920_final_project\IMG\left_2026_08_01_19_59_10_980.jpg,D:\DPS 920\DPS920_final_project\IMG\right_2026_08_01_19_59_10_980.jpg,-0.0112782,1.0,0.0,30.19098
D:\DPS 920\DPS920_final_project\IMG\center_2026_08_01_20_01_54_246.jpg,D:\DPS 920\DPS920_final_project\IMG\left_2026_08_01_20_01_54_246.jpg,D:\DPS 920\DPS920_final_project\IMG\right_2026_08_01_20_01_54_246.jpg,0.1503759,1.0,0.0,30.18969
D:\DPS 920\DPS920_final_project\IMG\center_2026_08_01_19_52_27_418.jpg,D:\DPS 920\DPS920_final_project\IMG\left_2026_08_01_19_52_27_418.jpg,D:\DPS 920\DPS920_final_project\IMG\right_2026_08_01_19_52_27_418.jpg,-0.05639098,1.0,0.0,30.19002
D:\DPS 920\DPS920_final_project\IMG\center_2026_08_01_20_01_11_601.jpg,D:\DPS 920\DPS920_final_project\IMG\left_2026_08_01_20_01_11_601.jpg,D:\DPS 920\DPS920_final_project\IMG\right_2026_08_01_20_01_11_601.jpg,0.05263158,1.0,0.0,30.19022
D:\DPS 920\DPS920_final_project\IMG\center_2026_08_01_19_51_23_075.jpg,D:\DPS 920\DPS920_final_project\IMG\left_2026_08_01_19_51_23_075.jpg,D:\DPS 920\DPS920_final_project\IMG\right_2026_08_01_19_51_23_075.jpg,0.003759398,1.0,0.0,30.18998
D:\DPS 920\DPS920_final_project\IMG\center_2026_08_01_20_02_16_573.jpg,D:\DPS 920\DPS920_final_project\IMG\left_2026_08_01_20_02_16_573.jpg,D:\DPS 920\DPS920_final_project\IMG\right_2026_08_01_20_02_16_573.jpg,0.1691729,1.0,0.0,30.19002
D:\DPS 920\DPS920_final_project\IMG\center_2026_08_01_19_54_04_938.jpg,D:\DPS 920\DPS920_final_project\IMG\left_2026_08_01_19_54_04_938.jpg,D:\DPS 920\DPS920_final_project\IMG\right_2026_08_01_19_54_04_938.jpg,0.0,1.0,0.0,30.18992
D:\DPS 920\DPS920_final_project\IMG\center_2026_08_01_20_00_26_758.jpg,D:\DPS 920\DPS920_final_project\IMG\left_2026_08_01_20_00_26_758.jpg,D:\DPS 920\DPS920_final_project\IMG\right_2026_08_01_20_00_26_758.jpg,0.1052632,1.0,0.0,30.19003
D:\DPS 920\DPS920_final_project\IMG\center_2026_08_01_19_50_26_346.jpg,D:\DPS 920\DPS920_final_project\IMG\left_2026_08_01_19_50_26_346.jpg,D:\DPS 920\DPS920_final_project\IMG\right_2026_08_01_19_50_26_346.jpg,-0.1466165,1.0,0.0,19.32207
D:\DPS 920\DPS920_final_project\IMG\center_2026_08_01_19_51_25_930.jpg,D:\DPS 920\DPS920_final_project\IMG\left_2026_08_01_19_51_25_930.jpg,D:\DPS 920\DPS920_final_project\IMG\right_2026_08_01_19_51_25_930.jpg,-0.06015037,1.0,0.0,30.19008
D:\DPS 920\DPS920_final_project\IMG\center_2026_08_01_19_59_18_216.jpg,D:\DPS 920\DPS920_final_project\IMG\left_2026_08_01_19_59_18_216.jpg,D:\DPS 920\DPS920_final_project\IMG\right_2026_08_01_19_59_18_216.jpg,-0.1954887,1.0,0.0,30.18951
D:\DPS 920\DPS920_final_project\IMG\center_2026_08_01_19_53_10_198.jpg,D:\DPS 920\DPS920_final_project\IMG\left_2026_08_01_19_53_10_198.jpg,D:\DPS 920\DPS920_final_project\IMG\right_2026_08_01_19_53_10_198.jpg,-0.05639098,1.0,0.0,30.19007
D:\DPS 920\DPS920_final_project\IMG\center_2026_08_01_19_57_47_790.jpg,D:\DPS 920\DPS920_final_project\IMG\left_2026_08_01_19_57_47_790.jpg,D:\DPS 920\DPS920_final_project\IMG\right_2026_08_01_19_57_47_790.jpg,0.06015037,1.0,0.0,30.1903
D:\DPS 920\DPS920_final_project\IMG\center_2026_08_01_19_54_13_115.jpg,D:\DPS 920\DPS920_final_project\IMG\left_2026_08_01_19_54_13_115.jpg,D:\DPS 920\DPS920_final_project\IMG\right_2026_08_01_19_54_13_115.jpg,-0.03383459,1.0,0.0,30.19025
D:\DPS 920\DPS920_final_project\IMG\center_2026_08_01_20_00_33_589.jpg,D:\DPS 920\DPS920_final_project\IMG\left_2026_08_01_20_00_33_589.jpg,D:\DPS 920\DPS920_final_project\IMG\right_2026_08_01_20_00_33_589.jpg,0.06390978,1.0,0.0,30.1903
D:\DPS 920\DPS920_final_project\IMG\center_2026_08_01_20_00_05_765.jpg,D:\DPS 920\DPS920_final_project\IMG\left_2026_08_01_20_00_05_765.jpg,D:\DPS 920\DPS920_final_project\IMG\right_2026_08_01_20_00_05_765.jpg,0.02255639,1.0,0.0,30.19032
D:\DPS 920\DPS920_final_project\IMG\center_2026_08_01_19_51_25_726.jpg,D:\DPS 920\DPS920_final_project\IMG\left_2026_08_01_19_51_25_726.jpg,D:\DPS 920\DPS920_final_project\IMG\right_2026_08_01_19_51_25_726.jpg,-0.04135338,1.0,0.0,30.19017
D:\DPS 920\DPS920_final_project\IMG\center_2026_08_01_19_51_48_774.jpg,D:\DPS 920\DPS920_final_project\IMG\left_2026_08_01_19_51_48_774.jpg,D:\DPS 920\DPS920_final_project\IMG\right_2026_08_01_19_51_48_774.jpg,-0.1954887,1.0,0.0,30.18922
D:\DPS 920\DPS920_final_project\IMG\center_2026_08_01_19_52_31_058.jpg,D:\DPS 920\DPS920_final_project\IMG\left_2026_08_01_19_52_31_058.jpg,D:\DPS 920\DPS920_final_project\IMG\right_2026_08_01_19_52_31_058.jpg,-0.1015038,1.0,0.0,30.18993
D:\DPS 920\DPS920_final_project\IMG\center_2026_08_01_20_01_57_630.jpg,D:\DPS 920\DPS920_final_project\IMG\left_2026_08_01_20_01_57_630.jpg,D:\DPS 920\DPS920_final_project\IMG\right_2026_08_01_20_01_57_630.jpg,0.01879699,1.0,0.0,30.19028
D:\DPS 920\DPS920_final_project\IMG\center_2026_08_01_19_52_19_842.jpg,D:\DPS 920\DPS920_final_project\IMG\left_2026_08_01_19_52_19_842.jpg,D:\DPS 920\DPS920_final_project\IMG\right_2026_08_01_19_52_19_842.jpg,-0.03759398,1.0,0.0,30.19027
D:\DPS 920\DPS920_final_project\IMG\center_2026_08_01_20_02_01_841.jpg,D:\DPS 920\DPS920_final_project\IMG\left_2026_08_01_20_02_01_841.jpg,D:\DPS 920\DPS920_final_project\IMG\right_2026_08_01_20_02_01_841.jpg,-0.03759398,1.0,0.0,30.19036
D:\DPS 920\DPS920_final_project\IMG\center_2026_08_01_20_00_29_395.jpg,D:\DPS 920\DPS920_final_project\IMG\left_2026_08_01_20_00_29_395.jpg,D:\DPS 920\DPS920_final_project\IMG\right_2026_08_01_20_00_29_395.jpg,0.1015038,1.0,0.0,30.18962
D:\DPS 920\DPS920_final_project\IMG\center_2026_08_01_20_01_50_611.jpg,D:\DPS 920\DPS920_final_project\IMG\left_2026_08_01_20_01_50_611.jpg,D:\DPS 920\DPS920_final_project\IMG\right_2026_08_01_20_01_50_611.jpg,0.07894737,1.0,0.0,30.19009
D:\DPS 920\DPS920_final_project\IMG\center_2026_08_01_19_52_31_127.jpg,D:\DPS 920\DPS920_final_project\IMG\left_2026_08_01_19_52_31_127.jpg,D:\DPS 920\DPS920_final_project\IMG\right_2026_08_01_19_52_31_127.jpg,-0.1015038,1.0,0.0,30.19032
D:\DPS 920\DPS920_final_project\IMG\center_2026_08_01_19_57_36_306.jpg,D:\DPS 920\DPS920_final_project\IMG\left_2026_08_01_19_57_36_306.jpg,D:\DPS 920\DPS920_final_project\IMG\right_2026_08_01_19_57_36_306.jpg,0.0,1.0,0.0,14.29371
D:\DPS 920\DPS920_final_project\IMG\center_2026_08_01_19_58_39_216.jpg,D:\DPS 920\DPS920_final_project\IMG\left_2026_08_01_19_58_39_216.jpg,D:\DPS 920\DPS920_final_project\IMG\right_2026_08_01_19_58_39_216.jpg,-0.003759398,1.0,0.0,30.19031
D:\DPS 920\DPS920_final_project\IMG\center_2026_08_01_19_57_55_123.jpg,D:\DPS 920\DPS920_final_project\IMG\left_2026_08_01_19_57_55_123.jpg,D:\DPS 920\DPS920_final_project\IMG\right_2026_08_01_19_57_55_123.jpg,-0.1390978,1.0,0.0,30.19262
D:\DPS 920\DPS920_final_project\IMG\center_2026_08_01_19_51_46_029.jpg,D:\DPS 920\DPS920_final_project\IMG\left_2026_08_01_19_51_46_029.jpg,D:\DPS 920\DPS920_final_project\IMG\right_2026_08_01_19_51_46_029.jpg,-0.06015037,1.0,0.0,30.18997
D:\DPS 920\DPS920_final_project\IMG\center_2026_08_01_19_54_44_050.jpg,D:\DPS 920\DPS920_final_project\IMG\left_2026_08_01_19_54_44_050.jpg,D:\DPS 920\DPS920_final_project\IMG\right_2026_08_01_19_54_44_050.jpg,-0.06766918,1.0,0.0,30.19021
D:\DPS 920\DPS920_final_project\IMG\center_2026_08_01_19_53_12_245.jpg,D:\DPS 920\DPS920_final_project\IMG\left_2026_08_01_19_53_12_245.jpg,D:\DPS 920\DPS920_final_project\IMG\right_2026_08_01_19_53_12_245.jpg,-0.1466165,1.0,0.0,30.18985
D:\DPS 920\DPS920_final_project\IMG\center_2026_08_01_19_58_06_904.jpg,D:\DPS 920\DPS920_final_project\IMG\left_2026_08_01_19_58_06_904.jpg,D:\DPS 920\DPS920_final_project\IMG\right_2026_08_01_19_58_06_904.jpg,0.04887218,1.0,0.0,30.19056
D:\DPS 920\DPS920_final_project\IMG\center_2026_08_01_19_59_47_551.jpg,D:\DPS 920\DPS920_final_project\IMG\left_2026_08_01_19_59_47_551.jpg,D:\DPS 920\DPS920_final_project\IMG\right_2026_08_01_19_59_47_551.jpg,0.07518797,1.0,0.0,30.19002
D:\DPS 920\DPS920_final_project\IMG\center_2026_08_01_19_50_28_672.jpg,D:\DPS 920\DPS920_final_project\IMG\left_2026_08_01_19_50_28_672.jpg,D:\DPS 920\DPS920_final_project\IMG\right_2026_08_01_19_50_28_672.jpg,-0.1052632,1.0,0.0,30.19048
D:\DPS 920\DPS920_final_project\IMG\center_2026_08_01_20_00_24_610.jpg,D:\DPS 920\DPS920_final_project\IMG\left_2026_08_01_20_00_24_610.jpg,D:\DPS 920\DPS920_final_project\IMG\right_2026_08_01_20_00_24_610.jpg,0.04887218,1.0,0.0,30.19021
D:\DPS 920\DPS920_final_project\IMG\center_2026_08_01_20_02_01_163.jpg,D:\DPS 920\DPS920_final_project\IMG\left_2026_08_01_20_02_01_163.jpg,D:\DPS 920\DPS920_final_project\IMG\right_2026_08_01_20_02_01_163.jpg,-0.09398497,1.0,0.0,30.19028
D:\DPS 920\DPS920_final_project\IMG\center_2026_08_01_19_53_50_560.jpg,D:\DPS 920\DPS920_final_project\IMG\left_2026_08_01_19_53_50_560.jpg,D:\DPS 920\DPS920_final_project\IMG\right_2026_08_01_19_53_50_560.jpg,-0.07894737,1.0,0.0,30.19011
D:\DPS 920\DPS920_final_project\IMG\center_2026_08_01_19_53_00_250.jpg,D:\DPS 920\DPS920_final_project\IMG\left_2026_08_01_19_53_00_250.jpg,D:\DPS 920\DPS920_final_project\IMG\right_2026_08_01_19_53_00_250.jpg,0.02631579,1.0,0.0,30.1904
D:\DPS 920\DPS920_final_project\IMG\center_2026_08_01_19_51_06_484.jpg,D:\DPS 920\DPS920_final_project\IMG\left_2026_08_01_19_51_06_484.jpg,D:\DPS 920\DPS920_final_project\IMG\right_2026_08_01_19_51_06_484.jpg,-0.09398497,1.0,0.0,30.1905
D:\DPS 920\DPS920_final_project\IMG\center_2026_08_01_19_58_28_891.jpg,D:\DPS 920\DPS920_final_project\IMG\left_2026_08_01_19_58_28_891.jpg,D:\DPS 920\DPS920_final_project\IMG\right_2026_08_01_19_58_28_891.jpg,0.07894737,1.0,0.0,30.19077
D:\DPS 920\DPS920_final_project\IMG\center_2026_08_01_19_54_36_672.jpg,D:\DPS 920\DPS920_final_project\IMG\left_2026_08_01_19_54_36_672.jpg,D:\DPS 920\DPS920_final_project\IMG\right_2026_08_01_19_54_36_672.jpg,-0.1992481,1.0,0.0,30.19033
D:\DPS 920\DPS920_final_project\IMG\center_2026_08_01_20_00_32_966.jpg,D:\DPS 920\DPS920_final_project\IMG\left_2026_08_01_20_00_32_966.jpg,D:\DPS 920\DPS920_final_project\IMG\right_2026_08_01_20_00_32_966.jpg,0.112782,1.0,0.0,30.19055
D:\DPS 920\DPS920_final_project\IMG\center_2026_08_01_19_52_31_557.jpg,D:\DPS 920\DPS920_final_project\IMG\left_2026_08_01_19_52_31_557.jpg,D:\DPS 920\DPS920_final_project\IMG\right_2026_08_01_19_52_31_557.jpg,-0.1015038,1.0,0.0,30.18992
D:\DPS 920\DPS920_final_project\IMG\center_2026_08_01_19_57_53_201.jpg,D:\DPS 920\DPS920_final_project\IMG\left_2026_08_01_19_57_53_201.jpg,D:\DPS 920\DPS920_final_project\IMG\right_2026_08_01_19_57_53_201.jpg,-0.1541353,1.0,0.0,30.19022
D:\DPS 920\DPS920_final_project\IMG\center_2026_08_01_19_53_13_572.jpg,D:\DPS 920\DPS920_final_project\IMG\left_2026_08_01_19_53_13_572.jpg,D:\DPS 920\DPS920_final_project\IMG\right_2026_08_01_19_53_13_572.jpg,-0.1466165,1.0,0.0,30.19051
D:\DPS 920\DPS920_final_project\IMG\center_2026_08_01_19_58_25_620.jpg,D:\DPS 920\DPS920_final_project\IMG\left_2026_08_01_19_58_25_620.jpg,D:\DPS 920\DPS920_final_project\IMG\right_2026_08_01_19_58_25_620.jpg,0.09398497,1.0,0.0,30.19009
D:\DPS 920\DPS920_final_project\IMG\center_2026_08_01_19_50_40_946.jpg,D:\DPS 920\DPS920_final_project\IMG\left_2026_08_01_19_50_40_946.jpg,D:\DPS 920\DPS920_final_project\IMG\right_2026_08_01_19_50_40_946.jpg,-0.04135338,1.0,0.0,30.19023
D:\DPS 920\DPS920_final_project\IMG\center_2026_08_01_19_58_55_250.jpg,D:\DPS 920\DPS920_final_project\IMG\left_2026_08_01_19_58_55_250.jpg,D:\DPS 920\DPS920_final_project\IMG\right_2026_08_01_19_58_55_250.jpg,0.03007519,1.0,0.0,30.19033
D:\DPS 920\DPS920_final_project\IMG\center_2026_08_01_19_59_26_608.jpg,D:\DPS 920\DPS920_final_project\IMG\left_2026_08_01_19_59_26_608.jpg,D:\DPS 920\DPS920_final_project\IMG\right_2026_08_01_19_59_26_608.jpg,0.1766917,1.0,0.0,30.18892
D:\DPS 920\DPS920_final_project\IMG\center_2026_08_01_19_51_06_415.jpg,D:\DPS 920\DPS920_final_project\IMG\left_2026_08_01_19_51_06_415.jpg,D:\DPS 920\DPS920_final_project\IMG\right_2026_08_01_19_51_06_415.jpg,-0.09398497,1.0,0.0,30.18937
D:\DPS 920\DPS920_final_project\IMG\center_2026_08_01_19_53_05_414.jpg,D:\DPS 920\DPS920_final_project\IMG\left_2026_08_01_19_53_05_414.jpg,D:\DPS 920\DPS920_final_project\IMG\right_2026_08_01_19_53_05_414.jpg,-0.04887218,1.0,0.0,30.19011
D:\DPS 920\DPS920_final_project\IMG\center_2026_08_01_20_00_34_666.jpg,D:\DPS 920\DPS920_final_project\IMG\left_2026_08_01_20_00_34_666.jpg,D:\DPS 920\DPS920_final_project\IMG\right_2026_08_01_20_00_34_666.jpg,0.05263158,1.0,0.0,30.18984
D:\DPS 920\DPS920_final_project\IMG\center_2026_08_01_20_00_20_701.jpg,D:\DPS 920\DPS920_final_project\IMG\left_2026_08_01_20_00_20_701.jpg,D:\DPS 920\DPS920_final_project\IMG\right_2026_08_01_20_00_20_701.jpg,0.04135338,1.0,0.0,30.19025
D:\DPS 920\DPS920_final_project\IMG\center_2026_08_01_20_01_53_520.jpg,D:\DPS 920\DPS920_final_project\IMG\left_2026_08_01_20_01_53_520.jpg,D:\DPS 920\DPS920_final_project\IMG\right_2026_08_01_20_01_53_520.jpg,0.1428571,1.0,0.0,30.18896
D:\DPS 920\DPS920_final_project\IMG\center_2026_08_01_20_02_23_585.jpg,D:\DPS 920\DPS920_final_project\IMG\left_2026_08_01_20_02_23_585.jpg,D:\DPS 920\DPS920_final_project\IMG\right_2026_08_01_20_02_23_585.jpg,0.0,1.0,0.0,30.19062
D:\DPS 920\DPS920_final_project\IMG\center_2026_08_01_19_54_26_928.jpg,D:\DPS 920\DPS920_final_project\IMG\left_2026_08_01_19_54_26_928.jpg,D:\DPS 920\DPS920_final_project\IMG\right_2026_08_01_19_54_26_928.jpg,0.1954887,1.0,0.0,30.18925
D:\DPS 920\DPS920_final_project\IMG\center_2026_08_01_19_58_18_657.jpg,D:\DPS 920\DPS920_final_project\IMG\left_2026_08_01_19_58_18_657.jpg,D:\DPS 920\DPS920_final_project\IMG\right_2026_08_01_19_58_18_657.jpg,0.007518797,1.0,0.0,30.19029
D:\DPS 920\DPS920_final_project\IMG\center_2026_08_01_19_59_27_670.jpg,D:\DPS 920\DPS920_final_project\IMG\left_2026_08_01_19_59_27_670.jpg,D:\DPS 920\DPS920_final_project\IMG\right_2026_08_01_19_59_27_670.jpg,0.2142857,1.0,0.0,30.18909
D:\DPS 920\DPS920_final_project\IMG\center_2026_08_01_19_54_24_949.jpg,D:\DPS 920\DPS920_final_project\IMG\left_2026_08_01_19_54_24_949.jpg,D:\DPS 920\DPS920_final_project\IMG\right_2026_08_01_19_54_24_949.jpg,0.1240602,1.0,0.0,30.18973
D:\DPS 920\DPS920_final_project\IMG\center_2026_08_01_19_53_22_186.jpg,D:\DPS 920\DPS920_final_project\IMG\left_2026_08_01_19_53_22_186.jpg,D:\DPS 920\DPS920_final_project\IMG\right_2026_08_01_19_53_22_186.jpg,-0.04511278,1.0,0.0,30.19037
D:\DPS 920\DPS920_final_project\IMG\center_2026_08_01_19_50_28_040.jpg,D:\DPS 920\DPS920_final_project\IMG\left_2026_08_01_19_50_28_040.jpg,D:\DPS 920\DPS920_final_project\IMG\right_2026_08_01_19_50_28_040.jpg,-0.131579,1.0,0.0,30.19035
D:\DPS 920\DPS920_final_project\IMG\center_2026_08_01_19_59_21_832.jpg,D:\DPS 920\DPS920_final_project\IMG\left_2026_08_01_19_59_21_832.jpg,D:\DPS 920\DPS920_final_project\IMG\right_2026_08_01_19_59_21_832.jpg,0.0,1.0,0.0,30.19028
D:\DPS 920\DPS920_final_project\IMG\center_2026_08_01_19_52_50_672.jpg,D:\DPS 920\DPS920_final_project\IMG\left_2026_08_01_19_52_50_672.jpg,D:\DPS 920\DPS920_final_project\IMG\right_2026_08_01_19_52_50_672.jpg,-0.03007519,1.0,0.0,30.19027
D:\DPS 920\DPS920_final_project\IMG\center_2026_08_01_20_01_58_791.jpg,D:\DPS 920\DPS920_final_project\IMG\left_2026_08_01_20_01_58_791.jpg,D:\DPS 920\DPS920_final_project\IMG\right_2026_08_01_20_01_58_791.jpg,0.05639098,1.0,0.0,30.19009
D:\DPS 920\DPS920_final_project\IMG\center_2026_08_01_19_54_27_495.jpg,D:\DPS 920\DPS920_final_project\IMG\left_2026_08_01_19_54_27_495.jpg,D:\DPS 920\DPS920_final_project\IMG\right_2026_08_01_19_54_27_495.jpg,0.2819549,1.0,0.0,30.18875
D:\DPS 920\DPS920_final_project\IMG\center_2026_08_01_19_54_28_078.jpg,D:\DPS 920\DPS920_final_project\IMG\left_2026_08_01_19_54_28_078.jpg,D:\DPS 920\DPS920_final_project\IMG\right_2026_08_01_19_54_28_078.jpg,0.09774436,1.0,0.0,30.19224
D:\DPS 920\DPS920_final_project\IMG\center_2026_08_01_19_51_52_534.jpg,D:\DPS 920\DPS920_final_project\IMG\left_2026_08_01_19_51_52_534.jpg,D:\DPS 920\DPS920_final_project\IMG\right_2026_08_01_19_51_52_534.jpg,0.0,1.0,0.0,30.19032
D:\DPS 920\DPS920_final_project\IMG\center_2026_08_01_19_52_55_949.jpg,D:\DPS 920\DPS920_final_project\IMG\left_2026_08_01_19_52_55_949.jpg,D:\DPS 920\DPS920_final_project\IMG\right_2026_08_01_19_52_55_949.jpg,-0.04135338,1.0,0.0,30.19024
D:\DPS 920\DPS920_final_project\IMG\center_2026_08_01_19_52_31_196.jpg,D:\DPS 920\DPS920_final_project\IMG\left_2026_08_01_19_52_31_196.jpg,D:\DPS 920\DPS920_final_project\IMG\right_2026_08_01_19_52_31_196.jpg,-0.1015038,1.0,0.0,30.19003
D:\DPS 920\DPS920_final_project\IMG\center_2026_08_01_19_57_53_268.jpg,D:\DPS 920\DPS920_final_project\IMG\left_2026_08_01_19_57_53_268.jpg,D:\DPS 920\DPS920_final_project\IMG\right_2026_08_01_19_57_53_268.jpg,-0.1541353,1.0,0.0,30.18958
D:\DPS 920\DPS920_final_project\IMG\center_2026_08_01_19_59_18_430.jpg,D:\DPS 920\DPS920_final_project\IMG\left_2026_08_01_19_59_18_430.jpg,D:\DPS 920\DPS920_final_project\IMG\right_2026_08_01_19_59_18_430.jpg,-0.1879699,1.0,0.0,30.1913
D:\DPS 920\DPS920_final_project\IMG\center_2026_08_01_19_53_28_874.jpg,D:\DPS 920\DPS920_final_project\IMG\left_2026_08_01_19_53_28_874.jpg,D:\DPS 920\DPS920_final_project\IMG\right_2026_08_01_19_53_28_874.jpg,0.0112782,1.0,0.0,30.19029
D:\DPS 920\DPS920_final_project\IMG\center_2026_08_01_20_01_17_999.jpg,D:\DPS 920\DPS920_final_project\IMG\left_2026_08_01_20_01_17_999.jpg,D:\DPS 920\DPS920_final_project\IMG\right_2026_08_01_20_01_17_999.jpg,0.04887218,1.0,0.0,30.19037
D:\DPS 920\DPS920_final_project\IMG\center_2026_08_01_19_54_24_814.jpg,D:\DPS 920\DPS920_final_project\IMG\left_2026_08_01_19_54_24_814.jpg,D:\DPS 920\DPS920_final_project\IMG\right_2026_08_01_19_54_24_814.jpg,0.1240602,1.0,0.0,30.18952
D:\DPS 920\DPS920_final_project\IMG\center_2026_08_01_19_58_04_545.jpg,D:\DPS 920\DPS920_final_project\IMG\left_2026_08_01_19_58_04_545.jpg,D:\DPS 920\DPS920_final_project\IMG\right_2026_08_01_19_58_04_545.jpg,0.2142857,1.0,0.0,30.18964
D:\DPS 920\DPS920_final_project\IMG\center_2026_08_01_20_01_36_554.jpg,D:\DPS 920\DPS920_final_project\IMG\left_2026_08_01_20_01_36_554.jpg,D:\DPS 920\DPS920_final_project\IMG\right_2026_08_01_20_01_36_554.jpg,0.007518797,1.0,0.0,30.19033
D:\DPS 920\DPS920_final_project\IMG\center_2026_08_01_20_00_21_366.jpg,D:\DPS 920\DPS920_final_project\IMG\left_2026_08_01_20_00_21_366.jpg,D:\DPS 920\DPS920_final_project\IMG\right_2026_08_01_20_00_21_366.jpg,0.04511278,1.0,0.0,30.19022
D:\DPS 920\DPS920_final_project\IMG\center_2026_08_01_19_51_17_326.jpg,D:\DPS 920\DPS920_final_project\IMG\left_2026_08_01_19_51_17_326.jpg,D:\DPS 920\DPS920_final_project\IMG\right_2026_08_01_19_51_17_326.jpg,0.02255639,1.0,0.0,30.18984
D:\DPS 920\DPS920_final_project\IMG\center_2026_08_01_19_51_40_316.jpg,D:\DPS 920\DPS920_final_project\IMG\left_2026_08_01_19_51_40_316.jpg,D:\DPS 920\DPS920_final_project\IMG\right_2026_08_01_19_51_40_316.jpg,0.1842105,1.0,0.0,30.19224
D:\DPS 920\DPS920_final_project\IMG\center_2026_08_01_19_51_57_537.jpg,D:\DPS 920\DPS920_final_project\IMG\left_2026_08_01_19_51_57_537.jpg,D:\DPS 920\DPS920_final_project\IMG\right_2026_08_01_19_51_57_537.jpg,-0.07518797,1.0,0.0,30.1903
D:\DPS 920\DPS920_final_project\IMG\center_2026_08_01_19_54_33_725.jpg,D:\DPS 920\DPS920_final_project\IMG\left_2026_08_01_19_54_33_725.jpg,D:\DPS 920\DPS920_final_project\IMG\right_2026_08_01_19_54_33_725.jpg,-0.04511278,1.0,0.0,30.19019
D:\DPS 920\DPS920_final_project\IMG\center_2026_08_01_19_58_20_251.jpg,D:\DPS 920\DPS920_final_project\IMG\left_2026_08_01_19_58_20_251.jpg,D:\DPS 920\DPS920_final_project\IMG\right_2026_08_01_19_58_20_251.jpg,0.06015037,1.0,0.0,30.1902
D:\DPS 920\DPS920_final_project\IMG\center_2026_08_01_19_57_52_336.jpg,D:\DPS 920\DPS920_final_project\IMG\left_2026_08_01_19_57_52_336.jpg,D:\DPS 920\DPS920_final_project\IMG\right_2026_08_01_19_57_52_336.jpg,-0.1691729,1.0,0.0,30.18757
D:\DPS 920\DPS920_final_project\IMG\center_2026_08_01_20_01_46_601.jpg,D:\DPS 920\DPS920_final_project\IMG\left_2026_08_01_20_01_46_601.jpg,D:\DPS 920\DPS920_final_project\IMG\right_2026_08_01_20_01_46_601.jpg,0.08270676,1.0,0.0,30.19007
D:\DPS 920\DPS920_final_project\IMG\center_2026_08_01_19_51_56_122.jpg,D:\DPS 920\DPS920_final_project\IMG\left_2026_08_01_19_51_56_122.jpg,D:\DPS 920\DPS920_final_project\IMG\right_2026_08_01_19_51_56_122.jpg,-0.07142857,1.0,0.0,30.19012
D:\DPS 920\DPS920_final_project\IMG\center_2026_08_01_19_54_36_322.jpg,D:\DPS 920\DPS920_final_project\IMG\left_2026_08_01_19_54_36_322.jpg,D:\DPS 920\DPS920_final_project\IMG\right_2026_08_01_19_54_36_322.jpg,-0.2105263,1.0,0.0,30.18855
D:\DPS 920\DPS920_final_project\IMG\center_2026_08_01_20_00_43_672.jpg,D:\DPS 920\DPS920_final_project\IMG\left_2026_08_01_20_00_43_672.jpg,D:\DPS 920\DPS920_final_project\IMG\right_2026_08_01_20_00_43_672.jpg,0.0,1.0,0.0,30.18963
D:\DPS 920\DPS920_final_project\IMG\center_2026_08_01_20_00_27_809.jpg,D:\DPS 920\DPS920_final_project\IMG\left_2026_08_01_20_00_27_809.jpg,D:\DPS 920\DPS920_final_project\IMG\right_2026_08_01_20_00_27_809.jpg,0.07142857,1.0,0.0,30.18993
D:\DPS 920\DPS920_final_project\IMG\center_2026_08_01_19_51_48_706.jpg,D:\DPS 920\DPS920_final_project\IMG\left_2026_08_01_19_51_48_706.jpg,D:\DPS 920\DPS920_final_project\IMG\right_2026_08_01_19_51_48_706.jpg,-0.1954887,1.0,0.0,30.18912
D:\DPS 920\DPS920_final_project\IMG\center_2026_08_01_19_59_17_719.jpg,D:\DPS 920\DPS920_final_project\IMG\left_2026_08_01_19_59_17_719.jpg,D:\DPS 920\DPS920_final_project\IMG\right_2026_08_01_19_59_17_719.jpg,-0.2067669,1.0,0.0,30.19126
D:\DPS 920\DPS920_final_project\IMG\center_2026_08_01_19_52_59_619.jpg,D:\DPS 920\DPS920_final_project\IMG\left_2026_08_01_19_52_59_619.jpg,D:\DPS 920\DPS920_final_project\IMG\right_2026_08_01_19_52_59_619.jpg,0.06390978,1.0,0.0,30.19007
D:\DPS 920\DPS920_final_project\IMG\center_2026_08_01_19_59_36_581.jpg,D:\DPS 920\DPS920_final_project\IMG\left_2026_08_01_19_59_36_581.jpg,D:\DPS 920\DPS920_final_project\IMG\right_2026_08_01_19_59_36_581.jpg,0.0,1.0,0.0,30.19061
D:\DPS 920\DPS920_final_project\IMG\center_2026_08_01_19_59_07_281.jpg,D:\DPS 920\DPS920_final_project\IMG\left_2026_08_01_19_59_07_281.jpg,D:\DPS 920\DPS920_final_project\IMG\right_2026_08_01_19_59_07_281.jpg,0.3345865,1.0,0.0,30.18713
D:\DPS 920\DPS920_final_project\IMG\center_2026_08_01_19_59_47_762.jpg,D:\DPS 920\DPS920_final_project\IMG\left_2026_08_01_19_59_47_762.jpg,D:\DPS 920\DPS920_final_project\IMG\right_2026_08_01_19_59_47_762.jpg,0.08646616,1.0,0.0,30.18994
D:\DPS 920\DPS920_final_project\IMG\center_2026_08_01_20_00_25_501.jpg,D:\DPS 920\DPS920_final_project\IMG\left_2026_08_01_20_00_25_501.jpg,D:\DPS 920\DPS920_final_project\IMG\right_2026_08_01_20_00_25_501.jpg,0.05639098,1.0,0.0,30.18984
D:\DPS 920\DPS920_final_project\IMG\center_2026_08_01_19_53_04_717.jpg,D:\DPS 920\DPS920_final_project\IMG\left_2026_08_01_19_53_04_717.jpg,D:\DPS 920\DPS920_final_project\IMG\right_2026_08_01_19_53_04_717.jpg,0.2706767,1.0,0.0,30.18804
D:\DPS 920\DPS920_final_project\IMG\center_2026_08_01_19_59_49_539.jpg,D:\DPS 920\DPS920_final_project\IMG\left_2026_08_01_19_59_49_539.jpg,D:\DPS 920\DPS920_final_project\IMG\right_2026_08_01_19_59_49_539.jpg,0.07894737,1.0,0.0,30.18984
D:\DPS 920\DPS920_final_project\IMG\center_2026_08_01_19_53_01_517.jpg,D:\DPS 920\DPS920_final_project\IMG\left_2026_08_01_19_53_01_517.jpg,D:\DPS 920\DPS920_final_project\IMG\right_2026_08_01_19_53_01_517.jpg,0.06015037,1.0,0.0,30.19051
D:\DPS 920\DPS920_final_project\IMG\center_2026_08_01_19_57_42_536.jpg,D:\DPS 920\DPS920_final_project\IMG\left_2026_08_01_19_57_42_536.jpg,D:\DPS 920\DPS920_final_project\IMG\right_2026_08_01_19_57_42_536.jpg,0.08646616,1.0,0.0,30.19009
D:\DPS 920\DPS920_final_project\IMG\center_2026_08_01_19_59_52_718.jpg,D:\DPS 920\DPS920_final_project\IMG\left_2026_08_01_19_59_52_718.jpg,D:\DPS 920\DPS920_final_project\IMG\right_2026_08_01_19_59_52_718.jpg,0.09774436,1.0,0.0,30.19013
D:\DPS 920\DPS920_final_project\IMG\center_2026_08_01_20_01_53_452.jpg,D:\DPS 920\DPS920_final_project\IMG\left_2026_08_01_20_01_53_452.jpg,D:\DPS 920\DPS920_final_project\IMG\right_2026_08_01_20_01_53_452.jpg,0.1390978,1.0,0.0,30.18955
D:\DPS 920\DPS920_final_project\IMG\center_2026_08_01_19_59_09_236.jpg,D:\DPS 920\DPS920_final_project\IMG\left_2026_08_01_19_59_09_236.jpg,D:\DPS 920\DPS920_final_project\IMG\right_2026_08_01_19_59_09_236.jpg,0.09774436,1.0,0.0,30.18975
D:\DPS 920\DPS920_final_project\IMG\center_2026_08_01_19_52_55_145.jpg,D:\DPS 920\DPS920_final_project\IMG\left_2026_08_01_19_52_55_145.jpg,D:\DPS 920\DPS920_final_project\IMG\right_2026_08_01_19_52_55_145.jpg,-0.1578947,1.0,0.0,30.19024
D:\DPS 920\DPS920_final_project\IMG\center_2026_08_01_19_57_56_031.jpg,D:\DPS 920\DPS920_final_project\IMG\left_2026_08_01_19_57_56_031.jpg,D:\DPS 920\DPS920_final_project\IMG\right_2026_08_01_19_57_56_031.jpg,-0.09022556,1.0,0.0,30.19077
D:\DPS 920\DPS920_final_project\IMG\center_2026_08_01_20_02_05_257.jpg,D:\DPS 920\DPS920_final_project\IMG\left_2026_08_01_20_02_05_257.jpg,D:\DPS 920\DPS920_final_project\IMG\right_2026_08_01_20_02_05_257.jpg,-0.2368421,1.0,0.0,30.19445
D:\DPS 920\DPS920_final_project\IMG\center_2026_08_01_19_58_01_664.jpg,D:\DPS 920\DPS920_final_project\IMG\left_2026_08_01_19_58_01_664.jpg,D:\DPS 920\DPS920_final_project\IMG\right_2026_08_01_19_58_01_664.jpg,0.07518797,1.0,0.0,30.18986
D:\DPS 920\DPS920_final_project\IMG\center_2026_08_01_19_59_09_964.jpg,D:\DPS 920\DPS920_final_project\IMG\left_2026_08_01_19_59_09_964.jpg,D:\DPS 920\DPS920_final_project\IMG\right_2026_08_01_19_59_09_964.jpg,0.08646616,1.0,0.0,30.19025
D:\DPS 920\DPS920_final_project\IMG\center_2026_08_01_19_58_05_969.jpg,D:\DPS 920\DPS920_final_project\IMG\left_2026_08_01_19_58_05_969.jpg,D:\DPS 920\DPS920_final_project\IMG\right_2026_08_01_19_58_05_969.jpg,0.1353384,1.0,0.0,30.18999
D:\DPS 920\DPS920_final_project\IMG\center_2026_08_01_19_58_04_106.jpg,D:\DPS 920\DPS920_final_project\IMG\left_2026_08_01_19_58_04_106.jpg,D:\DPS 920\DPS920_final_project\IMG\right_2026_08_01_19_58_04_106.jpg,0.2180451,1.0,0.0,30.18976
D:\DPS 920\DPS920_final_project\IMG\center_2026_08_01_19_50_27_603.jpg,D:\DPS 920\DPS920_final_project\IMG\left_2026_08_01_19_50_27_603.jpg,D:\DPS 920\DPS920_final_project\IMG\right_2026_08_01_19_50_27_603.jpg,-0.1353384,1.0,0.0,30.19029
D:\DPS 920\DPS920_final_project\IMG\center_2026_08_01_19_59_53_307.jpg,D:\DPS 920\DPS920_final_project\IMG\left_2026_08_01_19_59_53_307.jpg,D:\DPS 920\DPS920_final_project\IMG\right_2026_08_01_19_59_53_307.jpg,0.08270676,1.0,0.0,30.19015
D:\DPS 920\DPS920_final_project\IMG\center_2026_08_01_19_58_13_830.jpg,D:\DPS 920\DPS920_final_project\IMG\left_2026_08_01_19_58_13_830.jpg,D:\DPS 920\DPS920_final_project\IMG\right_2026_08_01_19_58_13_830.jpg,0.0,1.0,0.0,30.19062
D:\DPS 920\DPS920_final_project\IMG\center_2026_08_01_19_51_38_398.jpg,D:\DPS 920\DPS920_final_project\IMG\left_2026_08_01_19_51_38_398.jpg,D:\DPS 920\DPS920_final_project\IMG\right_2026_08_01_19_51_38_398.jpg,0.131579,1.0,0.0,30.18856
D:\DPS 920\DPS920_final_project\IMG\center_2026_08_01_19_54_06_087.jpg,D:\DPS 920\DPS920_final_project\IMG\left_2026_08_01_19_54_06_087.jpg,D:\DPS 920\DPS920_final_project\IMG\right_2026_08_01_19_54_06_087.jpg,0.0,1.0,0.0,30.18991
D:\DPS 920\DPS920_final_project\IMG\center_2026_08_01_20_02_13_823.jpg,D:\DPS 920\DPS920_final_project\IMG\left_2026_08_01_20_02_13_823.jpg,D:\DPS 920\DPS920_final_project\IMG\right_2026_08_01_20_02_13_823.jpg,0.2819549,1.0,0.0,30.18699
D:\DPS 920\DPS920_final_project\IMG\center_2026_08_01_19_52_22_951.jpg,D:\DPS 920\DPS920_final_project\IMG\left_2026_08_01_19_52_22_951.jpg,D:\DPS 920\DPS920_final_project\IMG\right_2026_08_01_19_52_22_951.jpg,-0.003759398,1.0,0.0,30.19027
D:\DPS 920\DPS920_final_project\IMG\center_2026_08_01_19_50_58_883.jpg,D:\DPS 920\DPS920_final_project\IMG\left_2026_08_01_19_50_58_883.jpg,D:\DPS 920\DPS920_final_project\IMG\right_2026_08_01_19_50_58_883.jpg,-0.03759398,1.0,0.0,30.19019
D:\DPS 920\DPS920_final_project\IMG\center_2026_08_01_20_00_48_668.jpg,D:\DPS 920\DPS920_final_project\IMG\left_2026_08_01_20_00_48_668.jpg,D:\DPS 920\DPS920_final_project\IMG\right_2026_08_01_20_00_48_668.jpg,0.112782,1.0,0.0,30.18869
D:\DPS 920\DPS920_final_project\IMG\center_2026_08_01_19_59_24_742.jpg,D:\DPS 920\DPS920_final_project\IMG\left_2026_08_01_19_59_24_742.jpg,D:\DPS 920\DPS920_final_project\IMG\right_2026_08_01_19_59_24_742.jpg,0.09398497,1.0,0.0,30.18988
D:\DPS 920\DPS920_final_project\IMG\center_2026_08_01_19_58_30_915.jpg,D:\DPS 920\DPS920_final_project\IMG\left_2026_08_01_19_58_30_915.jpg,D:\DPS 920\DPS920_final_project\IMG\right_2026_08_01_19_58_30_915.jpg,0.06766918,1.0,0.0,30.19039
D:\DPS 920\DPS920_final_project\IMG\center_2026_08_01_19_59_24_595.jpg,D:\DPS 920\DPS920_final_project\IMG\left_2026_08_01_19_59_24_595.jpg,D:\DPS 920\DPS920_final_project\IMG\right_2026_08_01_19_59_24_595.jpg,0.08646616,1.0,0.0,30.18991
D:\DPS 920\DPS920_final_project\IMG\center_2026_08_01_20_00_31_501.jpg,D:\DPS 920\DPS920_final_project\IMG\left_2026_08_01_20_00_31_501.jpg,D:\DPS 920\DPS920_final_project\IMG\right_2026_08_01_20_00_31_501.jpg,0.2142857,1.0,0.0,30.1895
D:\DPS 920\DPS920_final_project\IMG\center_2026_08_01_19_53_11_752.jpg,D:\DPS 920\DPS920_final_project\IMG\left_2026_08_01_19_53_11_752.jpg,D:\DPS 920\DPS920_final_project\IMG\right_2026_08_01_19_53_11_752.jpg,-0.1428571,1.0,0.0,30.19003
D:\DPS 920\DPS920_final_project\IMG\center_2026_08_01_19_51_57_397.jpg,D:\DPS 920\DPS920_final_project\IMG\left_2026_08_01_19_51_57_397.jpg,D:\DPS 920\DPS920_final_project\IMG\right_2026_08_01_19_51_57_397.jpg,-0.08270676,1.0,0.0,30.19019
D:\DPS 920\DPS920_final_project\IMG\center_2026_08_01_19_51_39_535.jpg,D:\DPS 920\DPS920_final_project\IMG\left_2026_08_01_19_51_39_535.jpg,D:\DPS 920\DPS920_final_project\IMG\right_2026_08_01_19_51_39_535.jpg,0.2030075,1.0,0.0,30.19127
D:\DPS 920\DPS920_final_project\IMG\center_2026_08_01_20_01_05_284.jpg,D:\DPS 920\DPS920_final_project\IMG\left_2026_08_01_20_01_05_284.jpg,D:\DPS 920\DPS920_final_project\IMG\right_2026_08_01_20_01_05_284.jpg,0.07894737,1.0,0.0,30.18984
D:\DPS 920\DPS920_final_project\IMG\center_2026_08_01_20_00_34_588.jpg,D:\DPS 920\DPS920_final_project\IMG\left_2026_08_01_20_00_34_588.jpg,D:\DPS 920\DPS920_final_project\IMG\right_2026_08_01_20_00_34_588.jpg,0.05263158,1.0,0.0,30.19005
D:\DPS 920\DPS920_final_project\IMG\center_2026_08_01_19_53_14_064.jpg,D:\DPS 920\DPS920_final_project\IMG\left_2026_08_01_19_53_14_064.jpg,D:\DPS 920\DPS920_final_project\IMG\right_2026_08_01_19_53_14_064.jpg,-0.2105263,1.0,0.0,30.18781
D:\DPS 920\DPS920_final_project\IMG\center_2026_08_01_19_59_10_743.jpg,D:\DPS 920\DPS920_final_project\IMG\left_2026_08_01_19_59_10_743.jpg,D:\DPS 920\DPS920_final_project\IMG\right_2026_08_01_19_59_10_743.jpg,-0.01503759,1.0,0.0,30.19061
D:\DPS 920\DPS920_final_project\IMG\center_2026_08_01_20_01_13_229.jpg,D:\DPS 920\DPS920_final_project\IMG\left_2026_08_01_20_01_13_229.jpg,D:\DPS 920\DPS920_final_project\IMG\right_2026_08_01_20_01_13_229.jpg,0.09774436,1.0,0.0,30.19074
D:\DPS 920\DPS920_final_project\IMG\center_2026_08_01_19_53_54_399.jpg,D:\DPS 920\DPS920_final_project\IMG\left_2026_08_01_19_53_54_399.jpg,D:\DPS 920\DPS920_final_project\IMG\right_2026_08_01_19_53_54_399.jpg,-0.08270676,1.0,0.0,30.18996
D:\DPS 920\DPS920_final_project\IMG\center_2026_08_01_19_51_56_483.jpg,D:\DPS 920\DPS920_final_project\IMG\left_2026_08_01_19_51_56_483.jpg,D:\DPS 920\DPS920_final_project\IMG\right_2026_08_01_19_51_56_483.jpg,-0.07518797,1.0,0.0,30.19018
D:\DPS 920\DPS920_final_project\IMG\center_2026_08_01_20_01_55_437.jpg,D:\DPS 920\DPS920_final_project\IMG\left_2026_08_01_20_01_55_437.jpg,D:\DPS 920\DPS920_final_project\IMG\right_2026_08_01_20_01_55_437.jpg,0.1917293,1.0,0.0,30.18856
D:\DPS 920\DPS920_final_project\IMG\center_2026_08_01_19_58_20_971.jpg,D:\DPS 920\DPS920_final_project\IMG\left_2026_08_01_19_58_20_971.jpg,D:\DPS 920\DPS920_final_project\IMG\right_2026_08_01_19_58_20_971.jpg,0.05263158,1.0,0.0,30.19019
D:\DPS 920\DPS920_final_project\IMG\center_2026_08_01_20_01_52_894.jpg,D:\DPS 920\DPS920_final_project\IMG\left_2026_08_01_20_01_52_894.jpg,D:\DPS 920\DPS920_final_project\IMG\right_2026_08_01_20_01_52_894.jpg,0.1240602,1.0,0.0,30.19022
D:\DPS 920\DPS920_final_project\IMG\center_2026_08_01_19_51_19_518.jpg,D:\DPS 920\DPS920_final_project\IMG\left_2026_08_01_19_51_19_518.jpg,D:\DPS 920\DPS920_final_project\IMG\right_2026_08_01_19_51_19_518.jpg,0.0,1.0,0.0,30.18993
D:\DPS 920\DPS920_final_project\IMG\center_2026_08_01_20_00_33_385.jpg,D:\DPS 920\DPS920_final_project\IMG\left_2026_08_01_20_00_33_385.jpg,D:\DPS 920\DPS920_final_project\IMG\right_2026_08_01_20_00_33_385.jpg,0.06390978,1.0,0.0,30.19052
D:\DPS 920\DPS920_final_project\IMG\center_2026_08_01_19_59_47_474.jpg,D:\DPS 920\DPS920_final_project\IMG\left_2026_08_01_19_59_47_474.jpg,D:\DPS 920\DPS920_final_project\IMG\right_2026_08_01_19_59_47_474.jpg,0.07142857,1.0,0.0,30.19005
D:\DPS 920\DPS920_final_project\IMG\center_2026_08_01_19_52_54_172.jpg,D:\DPS 920\DPS920_final_project\IMG\left_2026_08_01_19_52_54_172.jpg,D:\DPS 920\DPS920_final_project\IMG\right_2026_08_01_19_52_54_172.jpg,-0.1992481,1.0,0.0,30.19025
D:\DPS 920\DPS920_final_project\IMG\center_2026_08_01_19_57_43_098.jpg,D:\DPS 920\DPS920_final_project\IMG\left_2026_08_01_19_57_43_098.jpg,D:\DPS 920\DPS920_final_project\IMG\right_2026_08_01_19_57_43_098.jpg,0.112782,1.0,0.0,30.18973
D:\DPS 920\DPS920_final_project\IMG\center_2026_08_01_20_00_26_687.jpg,D:\DPS 920\DPS920_final_project\IMG\left_2026_08_01_20_00_26_687.jpg,D:\DPS 920\DPS920_final_project\IMG\right_2026_08_01_20_00_26_687.jpg,0.1052632,1.0,0.0,30.19007
D:\DPS 920\DPS920_final_project\IMG\center_2026_08_01_20_01_11_875.jpg,D:\DPS 920\DPS920_final_project\IMG\left_2026_08_01_20_01_11_875.jpg,D:\DPS 920\DPS920_final_project\IMG\right_2026_08_01_20_01_11_875.jpg,0.05263158,1.0,0.0,30.19024
D:\DPS 920\DPS920_final_project\IMG\center_2026_08_01_19_52_04_738.jpg,D:\DPS 920\DPS920_final_project\IMG\left_2026_08_01_19_52_04_738.jpg,D:\DPS 920\DPS920_final_project\IMG\right_2026_08_01_19_52_04_738.jpg,-0.01879699,1.0,0.0,30.19029
D:\DPS 920\DPS920_final_project\IMG\center_2026_08_01_19_57_52_113.jpg,D:\DPS 920\DPS920_final_project\IMG\left_2026_08_01_19_57_52_113.jpg,D:\DPS 920\DPS920_final_project\IMG\right_2026_08_01_19_57_52_113.jpg,-0.09022556,1.0,0.0,30.18908
D:\DPS 920\DPS920_final_project\IMG\center_2026_08_01_19_52_34_076.jpg,D:\DPS 920\DPS920_final_project\IMG\left_2026_08_01_19_52_34_076.jpg,D:\DPS 920\DPS920_final_project\IMG\right_2026_08_01_19_52_34_076.jpg,-0.07894737,1.0,0.0,30.19015
D:\DPS 920\DPS920_final_project\IMG\center_2026_08_01_19_58_15_903.jpg,D:\DPS 920\DPS920_final_project\IMG\left_2026_08_01_19_58_15_903.jpg,D:\DPS 920\DPS920_final_project\IMG\right_2026_08_01_19_58_15_903.jpg,0.02631579,1.0,0.0,30.1907
D:\DPS 920\DPS920_final_project\IMG\center_2026_08_01_19_53_37_240.jpg,D:\DPS 920\DPS920_final_project\IMG\left_2026_08_01_19_53_37_240.jpg,D:\DPS 920\DPS920_final_project\IMG\right_2026_08_01_19_53_37_240.jpg,-0.007518797,1.0,0.0,30.19029
D:\DPS 920\DPS920_final_project\IMG\center_2026_08_01_19_54_25_161.jpg,D:\DPS 920\DPS920_final_project\IMG\left_2026_08_01_19_54_25_161.jpg,D:\DPS 920\DPS920_final_project\IMG\right_2026_08_01_19_54_25_161.jpg,0.1466165,1.0,0.0,30.18892
D:\DPS 920\DPS920_final_project\IMG\center_2026_08_01_19_57_50_891.jpg,D:\DPS 920\DPS920_final_project\IMG\left_2026_08_01_19_57_50_891.jpg,D:\DPS 920\DPS920_final_project\IMG\right_2026_08_01_19_57_50_891.jpg,0.06766918,1.0,0.0,30.18976
D:\DPS 920\DPS920_final_project\IMG\center_2026_08_01_20_00_44_382.jpg,D:\DPS 920\DPS920_final_project\IMG\left_2026_08_01_20_00_44_382.jpg,D:\DPS 920\DPS920_final_project\IMG\right_2026_08_01_20_00_44_382.jpg,0.007518797,1.0,0.0,30.19042
D:\DPS 920\DPS920_final_project\IMG\center_2026_08_01_19_59_07_135.jpg,D:\DPS 920\DPS920_final_project\IMG\left_2026_08_01_19_59_07_135.jpg,D:\DPS 920\DPS920_final_project\IMG\right_2026_08_01_19_59_07_135.jpg,0.3270677,1.0,0.0,30.18604
D:\DPS 920\DPS920_final_project\IMG\center_2026_08_01_19_57_43_171.jpg,D:\DPS 920\DPS920_final_project\IMG\left_2026_08_01_19_57_43_171.jpg,D:\DPS 920\DPS920_final_project\IMG\right_2026_08_01_19_57_43_171.jpg,0.112782,1.0,0.0,30.18967
D:\DPS 920\DPS920_final_project\IMG\center_2026_08_01_19_54_15_373.jpg,D:\DPS 920\DPS920_final_project\IMG\left_2026_08_01_19_54_15_373.jpg,D:\DPS 920\DPS920_final_project\IMG\right_2026_08_01_19_54_15_373.jpg,-0.09398497,1.0,0.0,30.18995
D:\DPS 920\DPS920_final_project\IMG\center_2026_08_01_19_59_26_884.jpg,D:\DPS 920\DPS920_final_project\IMG\left_2026_08_01_19_59_26_884.jpg,D:\DPS 920\DPS920_final_project\IMG\right_2026_08_01_19_59_26_884.jpg,0.2142857,1.0,0.0,30.18649
D:\DPS 920\DPS920_final_project\IMG\center_2026_08_01_20_00_50_508.jpg,D:\DPS 920\DPS920_final_project\IMG\left_2026_08_01_20_00_50_508.jpg,D:\DPS 920\DPS920_final_project\IMG\right_2026_08_01_20_00_50_508.jpg,0.2105263,1.0,0.0,30.18926
D:\DPS 920\DPS920_final_project\IMG\center_2026_08_01_20_02_07_677.jpg,D:\DPS 920\DPS920_final_project\IMG\left_2026_08_01_20_02_07_677.jpg,D:\DPS 920\DPS920_final_project\IMG\right_2026_08_01_20_02_07_677.jpg,-0.06390978,1.0,0.0,30.19018
D:\DPS 920\DPS920_final_project\IMG\center_2026_08_01_19_53_34_133.jpg,D:\DPS 920\DPS920_final_project\IMG\left_2026_08_01_19_53_34_133.jpg,D:\DPS 920\DPS920_final_project\IMG\right_2026_08_01_19_53_34_133.jpg,-0.0112782,1.0,0.0,30.19028
D:\DPS 920\DPS920_final_project\IMG\center_2026_08_01_19_58_22_967.jpg,D:\DPS 920\DPS920_final_project\IMG\left_2026_08_01_19_58_22_967.jpg,D:\DPS 920\DPS920_final_project\IMG\right_2026_08_01_19_58_22_967.jpg,0.02255639,1.0,0.0,30.19057
D:\DPS 920\DPS920_final_project\IMG\center_2026_08_01_19_54_14_516.jpg,D:\DPS 920\DPS920_final_project\IMG\left_2026_08_01_19_54_14_516.jpg,D:\DPS 920\DPS920_final_project\IMG\right_2026_08_01_19_54_14_516.jpg,-0.06390978,1.0,0.0,30.19019
D:\DPS 920\DPS920_final_project\IMG\center_2026_08_01_19_50_27_973.jpg,D:\DPS 920\DPS920_final_project\IMG\left_2026_08_01_19_50_27_973.jpg,D:\DPS 920\DPS920_final_project\IMG\right_2026_08_01_19_50_27_973.jpg,-0.131579,1.0,0.0,30.19029
D:\DPS 920\DPS920_final_project\IMG\center_2026_08_01_20_00_55_327.jpg,D:\DPS 920\DPS920_final_project\IMG\left_2026_08_01_20_00_55_327.jpg,D:\DPS 920\DPS920_final_project\IMG\right_2026_08_01_20_00_55_327.jpg,0.06390978,1.0,0.0,30.19016
D:\DPS 920\DPS920_final_project\IMG\center_2026_08_01_19_53_03_000.jpg,D:\DPS 920\DPS920_final_project\IMG\left_2026_08_01_19_53_03_000.jpg,D:\DPS 920\DPS920_final_project\IMG\right_2026_08_01_19_53_03_000.jpg,0.3195489,1.0,0.0,30.18588
D:\DPS 920\DPS920_final_project\IMG\center_2026_08_01_19_57_39_751.jpg,D:\DPS 920\DPS920_final_project\IMG\left_2026_08_01_19_57_39_751.jpg,D:\DPS 920\DPS920_final_project\IMG\right_2026_08_01_19_57_39_751.jpg,0.09398497,1.0,0.0,30.19
D:\DPS 920\DPS920_final_project\IMG\center_2026_08_01_19_54_28_650.jpg,D:\DPS 920\DPS920_final_project\IMG\left_2026_08_01_19_54_28_650.jpg,D:\DPS 920\DPS920_final_project\IMG\right_2026_08_01_19_54_28_650.jpg,0.08270676,1.0,0.0,30.19018
D:\DPS 920\DPS920_final_project\IMG\center_2026_08_01_20_00_40_497.jpg,D:\DPS 920\DPS920_final_project\IMG\left_2026_08_01_20_00_40_497.jpg,D:\DPS 920\DPS920_final_project\IMG\right_2026_08_01_20_00_40_497.jpg,-0.2030075,1.0,0.0,30.18745
D:\DPS 920\DPS920_final_project\IMG\center_2026_08_01_19_52_55_569.jpg,D:\DPS 920\DPS920_final_project\IMG\left_2026_08_01_19_52_55_569.jpg,D:\DPS 920\DPS920_final_project\IMG\right_2026_08_01_19_52_55_569.jpg,-0.09398497,1.0,0.0,30.19054
D:\DPS 920\DPS920_final_project\IMG\center_2026_08_01_19_58_28_655.jpg,D:\DPS 920\DPS920_final_project\IMG\left_2026_08_01_19_58_28_655.jpg,D:\DPS 920\DPS920_final_project\IMG\right_2026_08_01_19_58_28_655.jpg,0.07894737,1.0,0.0,30.18943
D:\DPS 920\DPS920_final_project\IMG\center_2026_08_01_19_50_35_493.jpg,D:\DPS 920\DPS920_final_project\IMG\left_2026_08_01_19_50_35_493.jpg,D:\DPS 920\DPS920_final_project\IMG\right_2026_08_01_19_50_35_493.jpg,-0.02631579,1.0,0.0,30.19031
D:\DPS 920\DPS920_final_project\IMG\center_2026_08_01_20_00_41_193.jpg,D:\DPS 920\DPS920_final_project\IMG\left_2026_08_01_20_00_41_193.jpg,D:\DPS 920\DPS920_final_project\IMG\right_2026_08_01_20_00_41_193.jpg,-0.2819549,1.0,0.0,30.18883
D:\DPS 920\DPS920_final_project\IMG\center_2026_08_01_20_01_49_208.jpg,D:\DPS 920\DPS920_final_project\IMG\left_2026_08_01_20_01_49_208.jpg,D:\DPS 920\DPS920_final_project\IMG\right_2026_08_01_20_01_49_208.jpg,0.05639098,1.0,0.0,30.19011
D:\DPS 920\DPS920_final_project\IMG\center_2026_08_01_20_00_45_489.jpg,D:\DPS 920\DPS920_final_project\IMG\left_2026_08_01_20_00_45_489.jpg,D:\DPS 920\DPS920_final_project\IMG\right_2026_08_01_20_00_45_489.jpg,0.01503759,1.0,0.0,30.1905
D:\DPS 920\DPS920_final_project\IMG\center_2026_08_01_20_00_14_185.jpg,D:\DPS 920\DPS920_final_project\IMG\left_2026_08_01_20_00_14_185.jpg,D:\DPS 920\DPS920_final_project\IMG\right_2026_08_01_20_00_14_185.jpg,0.0112782,1.0,0.0,30.19031
D:\DPS 920\DPS920_final_project\IMG\center_2026_08_01_19_59_19_313.jpg,D:\DPS 920\DPS920_final_project\IMG\left_2026_08_01_19_59_19_313.jpg,D:\DPS 920\DPS920_final_project\IMG\right_2026_08_01_19_59_19_313.jpg,-0.1090226,1.0,0.0,30.19058
D:\DPS 920\DPS920_final_project\IMG\center_2026_08_01_19_50_54_675.jpg,D:\DPS 920\DPS920_final_project\IMG\left_2026_08_01_19_50_54_675.jpg,D:\DPS 920\DPS920_final_project\IMG\right_2026_08_01_19_50_54_675.jpg,-0.007518797,1.0,0.0,30.19027
D:\DPS 920\DPS920_final_project\IMG\center_2026_08_01_19_52_25_728.jpg,D:\DPS 920\DPS920_final_project\IMG\left_2026_08_01_19_52_25_728.jpg,D:\DPS 920\DPS920_final_project\IMG\right_2026_08_01_19_52_25_728.jpg,-0.05639098,1.0,0.0,30.19014
D:\DPS 920\DPS920_final_project\IMG\center_2026_08_01_19_50_38_149.jpg,D:\DPS 920\DPS920_final_project\IMG\left_2026_08_01_19_50_38_149.jpg,D:\DPS 920\DPS920_final_project\IMG\right_2026_08_01_19_50_38_149.jpg,-0.03759398,1.0,0.0,30.19029
D:\DPS 920\DPS920_final_project\IMG\center_2026_08_01_20_01_31_743.jpg,D:\DPS 920\DPS920_final_project\IMG\left_2026_08_01_20_01_31_743.jpg,D:\DPS 920\DPS920_final_project\IMG\right_2026_08_01_20_01_31_743.jpg,0.02631579,1.0,0.0,30.19027
D:\DPS 920\DPS920_final_project\IMG\center_2026_08_01_19_51_26_426.jpg,D:\DPS 920\DPS920_final_project\IMG\left_2026_08_01_19_51_26_426.jpg,D:\DPS 920\DPS920_final_project\IMG\right_2026_08_01_19_51_26_426.jpg,-0.04887218,1.0,0.0,30.19036
D:\DPS 920\DPS920_final_project\IMG\center_2026_08_01_20_00_41_690.jpg,D:\DPS 920\DPS920_final_project\IMG\left_2026_08_01_20_00_41_690.jpg,D:\DPS 920\DPS920_final_project\IMG\right_2026_08_01_20_00_41_690.jpg,-0.2706767,1.0,0.0,30.18882
D:\DPS 920\DPS920_final_project\IMG\center_2026_08_01_20_02_15_812.jpg,D:\DPS 920\DPS920_final_project\IMG\left_2026_08_01_20_02_15_812.jpg,D:\DPS 920\DPS920_final_project\IMG\right_2026_08_01_20_02_15_812.jpg,0.08270676,1.0,0.0,30.19122
D:\DPS 920\DPS920_final_project\IMG\center_2026_08_01_19_59_08_548.jpg,D:\DPS 920\DPS920_final_project\IMG\left_2026_08_01_19_59_08_548.jpg,D:\DPS 920\DPS920_final_project\IMG\right_2026_08_01_19_59_08_548.jpg,0.09774436,1.0,0.0,30.18809
D:\DPS 920\DPS920_final_project\IMG\center_2026_08_01_19_50_47_835.jpg,D:\DPS 920\DPS920_final_project\IMG\left_2026_08_01_19_50_47_835.jpg,D:\DPS 920\DPS920_final_project\IMG\right_2026_08_01_19_50_47_835.jpg,-0.0112782,1.0,0.0,30.19028
D:\DPS 920\DPS920_final_project\IMG\center_2026_08_01_19_59_17_287.jpg,D:\DPS 920\DPS920_final_project\IMG\left_2026_08_01_19_59_17_287.jpg,D:\DPS 920\DPS920_final_project\IMG\right_2026_08_01_19_59_17_287.jpg,-0.2706767,1.0,0.0,30.188
D:\DPS 920\DPS920_final_project\IMG\center_2026_08_01_19_59_02_272.jpg,D:\DPS 920\DPS920_final_project\IMG\left_2026_08_01_19_59_02_272.jpg,D:\DPS 920\DPS920_final_project\IMG\right_2026_08_01_19_59_02_272.jpg,0.06390978,1.0,0.0,30.1902
D:\DPS 920\DPS920_final_project\IMG\center_2026_08_01_19_59_24_378.jpg,D:\DPS 920\DPS920_final_project\IMG\left_2026_08_01_19_59_24_378.jpg,D:\DPS 920\DPS920_final_project\IMG\right_2026_08_01_19_59_24_378.jpg,0.07894737,1.0,0.0,30.18967
D:\DPS 920\DPS920_final_project\IMG\center_2026_08_01_19_58_27_296.jpg,D:\DPS 920\DPS920_final_project\IMG\left_2026_08_01_19_58_27_296.jpg,D:\DPS 920\DPS920_final_project\IMG\right_2026_08_01_19_58_27_296.jpg,0.1428571,1.0,0.0,30.18939
D:\DPS 920\DPS920_final_project\IMG\center_2026_08_01_20_01_58_944.jpg,D:\DPS 920\DPS920_final_project\IMG\left_2026_08_01_20_01_58_944.jpg,D:\DPS 920\DPS920_final_project\IMG\right_2026_08_01_20_01_58_944.jpg,0.06015037,1.0,0.0,30.19016
D:\DPS 920\DPS920_final_project\IMG\center_2026_08_01_20_02_18_505.jpg,D:\DPS 920\DPS920_final_project\IMG\left_2026_08_01_20_02_18_505.jpg,D:\DPS 920\DPS920_final_project\IMG\right_2026_08_01_20_02_18_505.jpg,0.04135338,1.0,0.0,30.19031
D:\DPS 920\DPS920_final_project\IMG\center_2026_08_01_19_57_41_241.jpg,D:\DPS 920\DPS920_final_project\IMG\left_2026_08_01_19_57_41_241.jpg,D:\DPS 920\DPS920_final_project\IMG\right_2026_08_01_19_57_41_241.jpg,0.08270676,1.0,0.0,30.18957
D:\DPS 920\DPS920_final_project\IMG\center_2026_08_01_19_51_06_762.jpg,D:\DPS 920\DPS920_final_project\IMG\left_2026_08_01_19_51_06_762.jpg,D:\DPS 920\DPS920_final_project\IMG\right_2026_08_01_19_51_06_762.jpg,-0.1015038,1.0,0.0,30.18971
D:\DPS 920\DPS920_final_project\IMG\center_2026_08_01_19_50_59_503.jpg,D:\DPS 920\DPS920_final_project\IMG\left_2026_08_01_19_50_59_503.jpg,D:\DPS 920\DPS920_final_project\IMG\right_2026_08_01_19_50_59_503.jpg,-0.03759398,1.0,0.0,30.19026
D:\DPS 920\DPS920_final_project\IMG\center_2026_08_01_19_59_17_359.jpg,D:\DPS 920\DPS920_final_project\IMG\left_2026_08_01_19_59_17_359.jpg,D:\DPS 920\DPS920_final_project\IMG\right_2026_08_01_19_59_17_359.jpg,-0.2744361,1.0,0.0,30.18764
D:\DPS 920\DPS920_final_project\IMG\center_2026_08_01_19_52_53_191.jpg,D:\DPS 920\DPS920_final_project\IMG\left_2026_08_01_19_52_53_191.jpg,D:\DPS 920\DPS920_final_project\IMG\right_2026_08_01_19_52_53_191.jpg,-0.1390978,1.0,0.0,30.18925
D:\DPS 920\DPS920_final_project\IMG\center_2026_08_01_19_58_46_642.jpg,D:\DPS 920\DPS920_final_project\IMG\left_2026_08_01_19_58_46_642.jpg,D:\DPS 920\DPS920_final_project\IMG\right_2026_08_01_19_58_46_642.jpg,0.06015037,1.0,0.0,30.19004
D:\DPS 920\DPS920_final_project\IMG\center_2026_08_01_20_00_28_639.jpg,D:\DPS 920\DPS920_final_project\IMG\left_2026_08_01_20_00_28_639.jpg,D:\DPS 920\DPS920_final_project\IMG\right_2026_08_01_20_00_28_639.jpg,0.07518797,1.0,0.0,30.18992
D:\DPS 920\DPS920_final_project\IMG\center_2026_08_01_19_53_10_753.jpg,D:\DPS 920\DPS920_final_project\IMG\left_2026_08_01_19_53_10_753.jpg,D:\DPS 920\DPS920_final_project\IMG\right_2026_08_01_19_53_10_753.jpg,-0.1278196,1.0,0.0,30.18946
D:\DPS 920\DPS920_final_project\IMG\center_2026_08_01_19_53_30_383.jpg,D:\DPS 920\DPS920_final_project\IMG\left_2026_08_01_19_53_30_383.jpg,D:\DPS 920\DPS920_final_project\IMG\right_2026_08_01_19_53_30_383.jpg,-0.02631579,1.0,0.0,30.19037
D:\DPS 920\DPS920_final_project\IMG\center_2026_08_01_19_50_35_639.jpg,D:\DPS 920\DPS920_final_project\IMG\left_2026_08_01_19_50_35_639.jpg,D:\DPS 920\DPS920_final_project\IMG\right_2026_08_01_19_50_35_639.jpg,-0.02631579,1.0,0.0,30.19058
D:\DPS 920\DPS920_final_project\IMG\center_2026_08_01_19_57_42_114.jpg,D:\DPS 920\DPS920_final_project\IMG\left_2026_08_01_19_57_42_114.jpg,D:\DPS 920\DPS920_final_project\IMG\right_2026_08_01_19_57_42_114.jpg,0.1353384,1.0,0.0,30.18985
D:\DPS 920\DPS920_final_project\IMG\center_2026_08_01_19_59_26_109.jpg,D:\DPS 920\DPS920_final_project\IMG\left_2026_08_01_19_59_26_109.jpg,D:\DPS 920\DPS920_final_project\IMG\right_2026_08_01_19_59_26_109.jpg,0.1052632,1.0,0.0,30.18989
D:\DPS 920\DPS920_final_project\IMG\center_2026_08_01_19_52_12_962.jpg,D:\DPS 920\DPS920_final_project\IMG\left_2026_08_01_19_52_12_962.jpg,D:\DPS 920\DPS920_final_project\IMG\right_2026_08_01_19_52_12_962.jpg,-0.0112782,1.0,0.0,30.19028
D:\DPS 920\DPS920_final_project\IMG\center_2026_08_01_19_52_07_049.jpg,D:\DPS 920\DPS920_final_project\IMG\left_2026_08_01_19_52_07_049.jpg,D:\DPS 920\DPS920_final_project\IMG\right_2026_08_01_19_52_07_049.jpg,-0.02631579,1.0,0.0,30.19029
D:\DPS 920\DPS920_final_project\IMG\center_2026_08_01_19_52_54_999.jpg,D:\DPS 920\DPS920_final_project\IMG\left_2026_08_01_19_52_54_999.jpg,D:\DPS 920\DPS920_final_project\IMG\right_2026_08_01_19_52_54_999.jpg,-0.1729323,1.0,0.0,30.18999
D:\DPS 920\DPS920_final_project\IMG\center_2026_08_01_19_51_07_382.jpg,D:\DPS 920\DPS920_final_project\IMG\left_2026_08_01_19_51_07_382.jpg,D:\DPS 920\DPS920_final_project\IMG\right_2026_08_01_19_51_07_382.jpg,-0.112782,1.0,0.0,30.18978
D:\DPS 920\DPS920_final_project\IMG\center_2026_08_01_19_51_51_973.jpg,D:\DPS 920\DPS920_final_project\IMG\left_2026_08_01_19_51_51_973.jpg,D:\DPS 920\DPS920_final_project\IMG\right_2026_08_01_19_51_51_973.jpg,-0.1240602,1.0,0.0,30.19041
D:\DPS 920\DPS920_final_project\IMG\center_2026_08_01_19_58_06_399.jpg,D:\DPS 920\DPS920_final_project\IMG\left_2026_08_01_19_58_06_399.jpg,D:\DPS 920\DPS920_final_project\IMG\right_2026_08_01_19_58_06_399.jpg,0.08270676,1.0,0.0,30.19028
D:\DPS 920\DPS920_final_project\IMG\center_2026_08_01_19_53_41_076.jpg,D:\DPS 920\DPS920_final_project\IMG\left_2026_08_01_19_53_41_076.jpg,D:\DPS 920\DPS920_final_project\IMG\right_2026_08_01_19_53_41_076.jpg,-0.03007519,1.0,0.0,30.19023
D:\DPS 920\DPS920_final_project\IMG\center_2026_08_01_19_54_01_285.jpg,D:\DPS 920\DPS920_final_project\IMG\left_2026_08_01_19_54_01_285.jpg,D:\DPS 920\DPS920_final_project\IMG\right_2026_08_01_19_54_01_285.jpg,-0.03759398,1.0,0.0,30.19032
D:\DPS 920\DPS920_final_project\IMG\center_2026_08_01_19_51_05_095.jpg,D:\DPS 920\DPS920_final_project\IMG\left_2026_08_01_19_51_05_095.jpg,D:\DPS 920\DPS920_final_project\IMG\right_2026_08_01_19_51_05_095.jpg,-0.09398497,1.0,0.0,30.18998
D:\DPS 920\DPS920_final_project\IMG\center_2026_08_01_19_53_56_697.jpg,D:\DPS 920\DPS920_final_project\IMG\left_2026_08_01_19_53_56_697.jpg,D:\DPS 920\DPS920_final_project\IMG\right_2026_08_01_19_53_56_697.jpg,-0.08646616,1.0,0.0,30.18864
D:\DPS 920\DPS920_final_project\IMG\center_2026_08_01_19_59_28_167.jpg,D:\DPS 920\DPS920_final_project\IMG\left_2026_08_01_19_59_28_167.jpg,D:\DPS 920\DPS920_final_project\IMG\right_2026_08_01_19_59_28_167.jpg,0.2142857,1.0,0.0,30.18934
D:\DPS 920\DPS920_final_project\IMG\center_2026_08_01_19_57_48_473.jpg,D:\DPS 920\DPS920_final_project\IMG\left_2026_08_01_19_57_48_473.jpg,D:\DPS 920\DPS920_final_project\IMG\right_2026_08_01_19_57_48_473.jpg,0.03007519,1.0,0.0,30.19038
D:\DPS 920\DPS920_final_project\IMG\center_2026_08_01_20_00_41_977.jpg,D:\DPS 920\DPS920_final_project\IMG\left_2026_08_01_20_00_41_977.jpg,D:\DPS 920\DPS920_final_project\IMG\right_2026_08_01_20_00_41_977.jpg,-0.2481203,1.0,0.0,30.18951
D:\DPS 920\DPS920_final_project\IMG\center_2026_08_01_19_53_16_437.jpg,D:\DPS 920\DPS920_final_project\IMG\left_2026_08_01_19_53_16_437.jpg,D:\DPS 920\DPS920_final_project\IMG\right_2026_08_01_19_53_16_437.jpg,-0.09774436,1.0,0.0,30.19012
D:\DPS 920\DPS920_final_project\IMG\center_2026_08_01_19_58_07_611.jpg,D:\DPS 920\DPS920_final_project\IMG\left_2026_08_01_19_58_07_611.jpg,D:\DPS 920\DPS920_final_project\IMG\right_2026_08_01_19_58_07_611.jpg,-0.03759398,1.0,0.0,30.18999
D:\DPS 920\DPS920_final_project\IMG\center_2026_08_01_19_58_27_834.jpg,D:\DPS 920\DPS920_final_project\IMG\left_2026_08_01_19_58_27_834.jpg,D:\DPS 920\DPS920_final_project\IMG\right_2026_08_01_19_58_27_834.jpg,0.07518797,1.0,0.0,30.19045
D:\DPS 920\DPS920_final_project\IMG\center_2026_08_01_19_52_29_806.jpg,D:\DPS 920\DPS920_final_project\IMG\left_2026_08_01_19_52_29_806.jpg,D:\DPS 920\DPS920_final_project\IMG\right_2026_08_01_19_52_29_806.jpg,-0.1052632,1.0,0.0,30.19028
D:\DPS 920\DPS920_final_project\IMG\center_2026_08_01_19_58_47_340.jpg,D:\DPS 920\DPS920_final_project\IMG\left_2026_08_01_19_58_47_340.jpg,D:\DPS 920\DPS920_final_project\IMG\right_2026_08_01_19_58_47_340.jpg,-0.02631579,1.0,0.0,30.19022
D:\DPS 920\DPS920_final_project\IMG\center_2026_08_01_19_51_43_613.jpg,D:\DPS 920\DPS920_final_project\IMG\left_2026_08_01_19_51_43_613.jpg,D:\DPS 920\DPS920_final_project\IMG\right_2026_08_01_19_51_43_613.jpg,-0.007518797,1.0,0.0,30.19033
D:\DPS 920\DPS920_final_project\IMG\center_2026_08_01_20_01_53_955.jpg,D:\DPS 920\DPS920_final_project\IMG\left_2026_08_01_20_01_53_955.jpg,D:\DPS 920\DPS920_final_project\IMG\right_2026_08_01_20_01_53_955.jpg,0.1428571,1.0,0.0,30.19093
D:\DPS 920\DPS920_final_project\IMG\center_2026_08_01_20_01_54_392.jpg,D:\DPS 920\DPS920_final_project\IMG\left_2026_08_01_20_01_54_392.jpg,D:\DPS 920\DPS920_final_project\IMG\right_2026_08_01_20_01_54_392.jpg,0.1503759,1.0,0.0,30.18942
D:\DPS 920\DPS920_final_project\IMG\center_2026_08_01_20_00_20_426.jpg,D:\DPS 920\DPS920_final_project\IMG\left_2026_08_01_20_00_20_426.jpg,D:\DPS 920\DPS920_final_project\IMG\right_2026_08_01_20_00_20_426.jpg,0.04135338,1.0,0.0,30.19024
D:\DPS 920\DPS920_final_project\IMG\center_2026_08_01_19_51_11_566.jpg,D:\DPS 920\DPS920_final_project\IMG\left_2026_08_01_19_51_11_566.jpg,D:\DPS 920\DPS920_final_project\IMG\right_2026_08_01_19_51_11_566.jpg,-0.06390978,1.0,0.0,30.1901
D:\DPS 920\DPS920_final_project\IMG\center_2026_08_01_20_00_51_004.jpg,D:\DPS 920\DPS920_final_project\IMG\left_2026_08_01_20_00_51_004.jpg,D:\DPS 920\DPS920_final_project\IMG\right_2026_08_01_20_00_51_004.jpg,0.1992481,1.0,0.0,30.18951
D:\DPS 920\DPS920_final_project\IMG\center_2026_08_01_19_52_37_850.jpg,D:\DPS 920\DPS920_final_project\IMG\left_2026_08_01_19_52_37_850.jpg,D:\DPS 920\DPS920_final_project\IMG\right_2026_08_01_19_52_37_850.jpg,-0.03007519,1.0,0.0,30.19028
D:\DPS 920\DPS920_final_project\IMG\center_2026_08_01_19_50_34_718.jpg,D:\DPS 920\DPS920_final_project\IMG\left_2026_08_01_19_50_34_718.jpg,D:\DPS 920\DPS920_final_project\IMG\right_2026_08_01_19_50_34_718.jpg,-0.06766918,1.0,0.0,30.19021
D:\DPS 920\DPS920_final_project\IMG\center_2026_08_01_19_59_26_391.jpg,D:\DPS 920\DPS920_final_project\IMG\left_2026_08_01_19_59_26_391.jpg,D:\DPS 920\DPS920_final_project\IMG\right_2026_08_01_19_59_26_391.jpg,0.131579,1.0,0.0,30.1903
D:\DPS 920\DPS920_final_project\IMG\center_2026_08_01_19_53_22_327.jpg,D:\DPS 920\DPS920_final_project\IMG\left_2026_08_01_19_53_22_327.jpg,D:\DPS 920\DPS920_final_project\IMG\right_2026_08_01_19_53_22_327.jpg,-0.02255639,1.0,0.0,30.19038
D:\DPS 920\DPS920_final_project\IMG\center_2026_08_01_20_00_51_858.jpg,D:\DPS 920\DPS920_final_project\IMG\left_2026_08_01_20_00_51_858.jpg,D:\DPS 920\DPS920_final_project\IMG\right_2026_08_01_20_00_51_858.jpg,0.1992481,1.0,0.0,30.18993
D:\DPS 920\DPS920_final_project\IMG\center_2026_08_01_19_59_28_574.jpg,D:\DPS 920\DPS920_final_project\IMG\left_2026_08_01_19_59_28_574.jpg,D:\DPS 920\DPS920_final_project\IMG\right_2026_08_01_19_59_28_574.jpg,0.2142857,1.0,0.0,30.18932
D:\DPS 920\DPS920_final_project\IMG\center_2026_08_01_20_01_17_162.jpg,D:\DPS 920\DPS920_final_project\IMG\left_2026_08_01_20_01_17_162.jpg,D:\DPS 920\DPS920_final_project\IMG\right_2026_08_01_20_01_17_162.jpg,0.07142857,1.0,0.0,30.18977
D:\DPS 920\DPS920_final_project\IMG\center_2026_08_01_20_01_15_271.jpg,D:\DPS 920\DPS920_final_project\IMG\left_2026_08_01_20_01_15_271.jpg,D:\DPS 920\DPS920_final_project\IMG\right_2026_08_01_20_01_15_271.jpg,0.09774436,1.0,0.0,30.18971
D:\DPS 920\DPS920_final_project\IMG\center_2026_08_01_20_00_49_154.jpg,D:\DPS 920\DPS920_final_project\IMG\left_2026_08_01_20_00_49_154.jpg,D:\DPS 920\DPS920_final_project\IMG\right_2026_08_01_20_00_49_154.jpg,0.1165414,1.0,0.0,30.18991
D:\DPS 920\DPS920_final_project\IMG\center_2026_08_01_19_54_40_188.jpg,D:\DPS 920\DPS920_final_project\IMG\left_2026_08_01_19_54_40_188.jpg,D:\DPS 920\DPS920_final_project\IMG\right_2026_08_01_19_54_40_188.jpg,-0.03759398,1.0,0.0,30.19027
D:\DPS 920\DPS920_final_project\IMG\center_2026_08_01_19_59_48_681.jpg,D:\DPS 920\DPS920_final_project\IMG\left_2026_08_01_19_59_48_681.jpg,D:\DPS 920\DPS920_final_project\IMG\right_2026_08_01_19_59_48_681.jpg,0.09774436,1.0,0.0,30.19008
D:\DPS 920\DPS920_final_project\IMG\center_2026_08_01_19_52_51_321.jpg,D:\DPS 920\DPS920_final_project\IMG\left_2026_08_01_19_52_51_321.jpg,D:\DPS 920\DPS920_final_project\IMG\right_2026_08_01_19_52_51_321.jpg,-0.09022556,1.0,0.0,30.18993
D:\DPS 920\DPS920_final_project\IMG\center_2026_08_01_20_00_49_652.jpg,D:\DPS 920\DPS920_final_project\IMG\left_2026_08_01_20_00_49_652.jpg,D:\DPS 920\DPS920_final_project\IMG\right_2026_08_01_20_00_49_652.jpg,0.1541353,1.0,0.0,30.18911
D:\DPS 920\DPS920_final_project\IMG\center_2026_08_01_19_53_57_450.jpg,D:\DPS 920\DPS920_final_project\IMG\left_2026_08_01_19_53_57_450.jpg,D:\DPS 920\DPS920_final_project\IMG\right_2026_08_01_19_53_57_450.jpg,-0.04887218,1.0,0.0,30.19039
D:\DPS 920\DPS920_final_project\IMG\center_2026_08_01_19_53_55_161.jpg,D:\DPS 920\DPS920_final_project\IMG\left_2026_08_01_19_53_55_161.jpg,D:\DPS 920\DPS920_final_project\IMG\right_2026_08_01_19_53_55_161.jpg,-0.08646616,1.0,0.0,30.19003
D:\DPS 920\DPS920_final_project\IMG\center_2026_08_01_19_51_23_006.jpg,D:\DPS 920\DPS920_final_project\IMG\left_2026_08_01_19_51_23_006.jpg,D:\DPS 920\DPS920_final_project\IMG\right_2026_08_01_19_51_23_006.jpg,0.003759398,1.0,0.0,30.18997
D:\DPS 920\DPS920_final_project\IMG\center_2026_08_01_19_59_08_770.jpg,D:\DPS 920\DPS920_final_project\IMG\left_2026_08_01_19_59_08_770.jpg,D:\DPS 920\DPS920_final_project\IMG\right_2026_08_01_19_59_08_770.jpg,0.09774436,1.0,0.0,30.18949
D:\DPS 920\DPS920_final_project\IMG\center_2026_08_01_19_57_45_614.jpg,D:\DPS 920\DPS920_final_project\IMG\left_2026_08_01_19_57_45_614.jpg,D:\DPS 920\DPS920_final_project\IMG\right_2026_08_01_19_57_45_614.jpg,0.1729323,1.0,0.0,30.18984
D:\DPS 920\DPS920_final_project\IMG\center_2026_08_01_19_51_28_276.jpg,D:\DPS 920\DPS920_final_project\IMG\left_2026_08_01_19_51_28_276.jpg,D:\DPS 920\DPS920_final_project\IMG\right_2026_08_01_19_51_28_276.jpg,-0.1240602,1.0,0.0,30.18931
D:\DPS 920\DPS920_final_project\IMG\center_2026_08_01_19_57_52_487.jpg,D:\DPS 920\DPS920_final_project\IMG\left_2026_08_01_19_57_52_487.jpg,D:\DPS 920\DPS920_final_project\IMG\right_2026_08_01_19_57_52_487.jpg,-0.2255639,1.0,0.0,30.18619
D:\DPS 920\DPS920_final_project\IMG\center_2026_08_01_19_54_25_864.jpg,D:\DPS 920\DPS920_final_project\IMG\left_2026_08_01_19_54_25_864.jpg,D:\DPS 920\DPS920_final_project\IMG\right_2026_08_01_19_54_25_864.jpg,0.1616541,1.0,0.0,30.18923
D:\DPS 920\DPS920_final_project\IMG\center_2026_08_01_19_57_38_546.jpg,D:\DPS 920\DPS920_final_project\IMG\left_2026_08_01_19_57_38_546.jpg,D:\DPS 920\DPS920_final_project\IMG\right_2026_08_01_19_57_38_546.jpg,-0.02631579,1.0,0.0,30.19034
D:\DPS 920\DPS920_final_project\IMG\center_2026_08_01_19_58_05_245.jpg,D:\DPS 920\DPS920_final_project\IMG\left_2026_08_01_19_58_05_245.jpg,D:\DPS 920\DPS920_final_project\IMG\right_2026_08_01_19_58_05_245.jpg,0.1240602,1.0,0.0,30.19034
D:\DPS 920\DPS920_final_project\IMG\center_2026_08_01_19_54_39_136.jpg,D:\DPS 920\DPS920_final_project\IMG\left_2026_08_01_19_54_39_136.jpg,D:\DPS 920\DPS920_final_project\IMG\right_2026_08_01_19_54_39_136.jpg,-0.06390978,1.0,0.0,30.19042
D:\DPS 920\DPS920_final_project\IMG\center_2026_08_01_19_50_51_160.jpg,D:\DPS 920\DPS920_final_project\IMG\left_2026_08_01_19_50_51_160.jpg,D:\DPS 920\DPS920_final_project\IMG\right_2026_08_01_19_50_51_160.jpg,-0.007518797,1.0,0.0,30.19029
D:\DPS 920\DPS920_final_project\IMG\center_2026_08_01_20_00_14_601.jpg,D:\DPS 920\DPS920_final_project\IMG\left_2026_08_01_20_00_14_601.jpg,D:\DPS 920\DPS920_final_project\IMG\right_2026_08_01_20_00_14_601.jpg,0.01879699,1.0,0.0,30.19028
D:\DPS 920\DPS920_final_project\IMG\center_2026_08_01_19_51_40_244.jpg,D:\DPS 920\DPS920_final_project\IMG\left_2026_08_01_19_51_40_244.jpg,D:\DPS 920\DPS920_final_project\IMG\right_2026_08_01_19_51_40_244.jpg,0.1954887,1.0,0.0,30.1883
D:\DPS 920\DPS920_final_project\IMG\center_2026_08_01_19_53_27_289.jpg,D:\DPS 920\DPS920_final_project\IMG\left_2026_08_01_19_53_27_289.jpg,D:\DPS 920\DPS920_final_project\IMG\right_2026_08_01_19_53_27_289.jpg,-0.04511278,1.0,0.0,30.1903
D:\DPS 920\DPS920_final_project\IMG\center_2026_08_01_19_52_54_609.jpg,D:\DPS 920\DPS920_final_project\IMG\left_2026_08_01_19_52_54_609.jpg,D:\DPS 920\DPS920_final_project\IMG\right_2026_08_01_19_52_54_609.jpg,-0.1992481,1.0,0.0,30.18838
D:\DPS 920\DPS920_final_project\IMG\center_2026_08_01_20_02_14_399.jpg,D:\DPS 920\DPS920_final_project\IMG\left_2026_08_01_20_02_14_399.jpg,D:\DPS 920\DPS920_final_project\IMG\right_2026_08_01_20_02_14_399.jpg,0.1879699,1.0,0.0,30.18999
D:\DPS 920\DPS920_final_project\IMG\center_2026_08_01_19_52_30_219.jpg,D:\DPS 920\DPS920_final_project\IMG\left_2026_08_01_19_52_30_219.jpg,D:\DPS 920\DPS920_final_project\IMG\right_2026_08_01_19_52_30_219.jpg,-0.08270676,1.0,0.0,30.19021
D:\DPS 920\DPS920_final_project\IMG\center_2026_08_01_19_54_37_083.jpg,D:\DPS 920\DPS920_final_project\IMG\left_2026_08_01_19_54_37_083.jpg,D:\DPS 920\DPS920_final_project\IMG\right_2026_08_01_19_54_37_083.jpg,-0.1578947,1.0,0.0,30.18969
D:\DPS 920\DPS920_final_project\IMG\center_2026_08_01_20_02_04_618.jpg,D:\DPS 920\DPS920_final_project\IMG\left_2026_08_01_20_02_04_618.jpg,D:\DPS 920\DPS920_final_project\IMG\right_2026_08_01_20_02_04_618.jpg,-0.3984962,1.0,0.0,30.17666
D:\DPS 920\DPS920_final_project\IMG\center_2026_08_01_19_52_25_873.jpg,D:\DPS 920\DPS920_final_project\IMG\left_2026_08_01_19_52_25_873.jpg,D:\DPS 920\DPS920_final_project\IMG\right_2026_08_01_19_52_25_873.jpg,-0.05639098,1.0,0.0,30.19023
D:\DPS 920\DPS920_final_project\IMG\center_2026_08_01_19_53_49_998.jpg,D:\DPS 920\DPS920_final_project\IMG\left_2026_08_01_19_53_49_998.jpg,D:\DPS 920\DPS920_final_project\IMG\right_2026_08_01_19_53_49_998.jpg,-0.07894737,1.0,0.0,30.19011
D:\DPS 920\DPS920_final_project\IMG\center_2026_08_01_19_50_30_536.jpg,D:\DPS 920\DPS920_final_project\IMG\left_2026_08_01_19_50_30_536.jpg,D:\DPS 920\DPS920_final_project\IMG\right_2026_08_01_19_50_30_536.jpg,-0.08270676,1.0,0.0,30.19013
D:\DPS 920\DPS920_final_project\IMG\center_2026_08_01_20_02_08_364.jpg,D:\DPS 920\DPS920_final_project\IMG\left_2026_08_01_20_02_08_364.jpg,D:\DPS 920\DPS920_final_project\IMG\right_2026_08_01_20_02_08_364.jpg,-0.06766918,1.0,0.0,30.1902
D:\DPS 920\DPS920_final_project\IMG\center_2026_08_01_19_51_28_347.jpg,D:\DPS 920\DPS920_final_project\IMG\left_2026_08_01_19_51_28_347.jpg,D:\DPS 920\DPS920_final_project\IMG\right_2026_08_01_19_51_28_347.jpg,-0.1353384,1.0,0.0,30.18893
D:\DPS 920\DPS920_final_project\IMG\center_2026_08_01_19_52_51_738.jpg,D:\DPS 920\DPS920_final_project\IMG\left_2026_08_01_19_52_51_738.jpg,D:\DPS 920\DPS920_final_project\IMG\right_2026_08_01_19_52_51_738.jpg,-0.1954887,1.0,0.0,30.18802
D:\DPS 920\DPS920_final_project\IMG\center_2026_08_01_19_52_54_385.jpg,D:\DPS 920\DPS920_final_project\IMG\left_2026_08_01_19_52_54_385.jpg,D:\DPS 920\DPS920_final_project\IMG\right_2026_08_01_19_52_54_385.jpg,-0.1992481,1.0,0.0,30.18981
D:\DPS 920\DPS920_final_project\IMG\center_2026_08_01_19_54_05_735.jpg,D:\DPS 920\DPS920_final_project\IMG\left_2026_08_01_19_54_05_735.jpg,D:\DPS 920\DPS920_final_project\IMG\right_2026_08_01_19_54_05_735.jpg,0.0,1.0,0.0,30.1899
D:\DPS 920\DPS920_final_project\IMG\center_2026_08_01_19_57_54_463.jpg,D:\DPS 920\DPS920_final_project\IMG\left_2026_08_01_19_57_54_463.jpg,D:\DPS 920\DPS920_final_project\IMG\right_2026_08_01_19_57_54_463.jpg,-0.1390978,1.0,0.0,30.18753
D:\DPS 920\DPS920_final_project\IMG\center_2026_08_01_19_50_28_395.jpg,D:\DPS 920\DPS920_final_project\IMG\left_2026_08_01_19_50_28_395.jpg,D:\DPS 920\DPS920_final_project\IMG\right_2026_08_01_19_50_28_395.jpg,-0.131579,1.0,0.0,30.18989
D:\DPS 920\DPS920_final_project\IMG\center_2026_08_01_19_53_19_272.jpg,D:\DPS 920\DPS920_final_project\IMG\left_2026_08_01_19_53_19_272.jpg,D:\DPS 920\DPS920_final_project\IMG\right_2026_08_01_19_53_19_272.jpg,-0.07894737,1.0,0.0,30.19012
D:\DPS 920\DPS920_final_project\IMG\center_2026_08_01_19_53_17_296.jpg,D:\DPS 920\DPS920_final_project\IMG\left_2026_08_01_19_53_17_296.jpg,D:\DPS 920\DPS920_final_project\IMG\right_2026_08_01_19_53_17_296.jpg,-0.03759398,1.0,0.0,30.19051
D:\DPS 920\DPS920_final_project\IMG\center_2026_08_01_19_58_47_202.jpg,D:\DPS 920\DPS920_final_project\IMG\left_2026_08_01_19_58_47_202.jpg,D:\DPS 920\DPS920_final_project\IMG\right_2026_08_01_19_58_47_202.jpg,-0.02631579,1.0,0.0,30.19006
D:\DPS 920\DPS920_final_project\IMG\center_2026_08_01_20_01_10_184.jpg,D:\DPS 920\DPS920_final_project\IMG\left_2026_08_01_20_01_10_184.jpg,D:\DPS 920\DPS920_final_project\IMG\right_2026_08_01_20_01_10_184.jpg,0.08270676,1.0,0.0,30.18942
D:\DPS 920\DPS920_final_project\IMG\center_2026_08_01_19_54_33_584.jpg,D:\DPS 920\DPS920_final_project\IMG\left_2026_08_01_19_54_33_584.jpg,D:\DPS 920\DPS920_final_project\IMG\right_2026_08_01_19_54_33_584.jpg,-0.04511278,1.0,0.0,30.19011
D:\DPS 920\DPS920_final_project\IMG\center_2026_08_01_19_59_28_095.jpg,D:\DPS 920\DPS920_final_project\IMG\left_2026_08_01_19_59_28_095.jpg,D:\DPS 920\DPS920_final_project\IMG\right_2026_08_01_19_59_28_095.jpg,0.2142857,1.0,0.0,30.18914
D:\DPS 920\DPS920_final_project\IMG\center_2026_08_01_19_54_27_425.jpg,D:\DPS 920\DPS920_final_project\IMG\left_2026_08_01_19_54_27_425.jpg,D:\DPS 920\DPS920_final_project\IMG\right_2026_08_01_19_54_27_425.jpg,0.2819549,1.0,0.0,30.18993
D:\DPS 920\DPS920_final_project\IMG\center_2026_08_01_19_59_04_745.jpg,D:\DPS 920\DPS920_final_project\IMG\left_2026_08_01_19_59_04_745.jpg,D:\DPS 920\DPS920_final_project\IMG\right_2026_08_01_19_59_04_745.jpg,-0.003759398,1.0,0.0,30.18959
D:\DPS 920\DPS920_final_project\IMG\center_2026_08_01_20_01_10_915.jpg,D:\DPS 920\DPS920_final_project\IMG\left_2026_08_01_20_01_10_915.jpg,D:\DPS 920\DPS920_final_project\IMG\right_2026_08_01_20_01_10_915.jpg,0.05263158,1.0,0.0,30.19048
D:\DPS 920\DPS920_final_project\IMG\center_2026_08_01_19_51_57_675.jpg,D:\DPS 920\DPS920_final_project\IMG\left_2026_08_01_19_51_57_675.jpg,D:\DPS 920\DPS920_final_project\IMG\right_2026_08_01_19_51_57_675.jpg,-0.05263158,1.0,0.0,30.19045
D:\DPS 920\DPS920_final_project\IMG\center_2026_08_01_19_59_43_412.jpg,D:\DPS 920\DPS920_final_project\IMG\left_2026_08_01_19_59_43_412.jpg,D:\DPS 920\DPS920_final_project\IMG\right_2026_08_01_19_59_43_412.jpg,0.01879699,1.0,0.0,30.1903
D:\DPS 920\DPS920_final_project\IMG\center_2026_08_01_20_01_26_373.jpg,D:\DPS 920\DPS920_final_project\IMG\left_2026_08_01_20_01_26_373.jpg,D:\DPS 920\DPS920_final_project\IMG\right_2026_08_01_20_01_26_373.jpg,0.01879699,1.0,0.0,30.19028
D:\DPS 920\DPS920_final_project\IMG\center_2026_08_01_19_51_01_643.jpg,D:\DPS 920\DPS920_final_project\IMG\left_2026_08_01_19_51_01_643.jpg,D:\DPS 920\DPS920_final_project\IMG\right_2026_08_01_19_51_01_643.jpg,-0.04511278,1.0,0.0,30.19022
D:\DPS 920\DPS920_final_project\IMG\center_2026_08_01_19_53_10_540.jpg,D:\DPS 920\DPS920_final_project\IMG\left_2026_08_01_19_53_10_540.jpg,D:\DPS 920\DPS920_final_project\IMG\right_2026_08_01_19_53_10_540.jpg,-0.1052632,1.0,0.0,30.18945
D:\DPS 920\DPS920_final_project\IMG\center_2026_08_01_19_58_24_146.jpg,D:\DPS 920\DPS920_final_project\IMG\left_2026_08_01_19_58_24_146.jpg,D:\DPS 920\DPS920_final_project\IMG\right_2026_08_01_19_58_24_146.jpg,0.07142857,1.0,0.0,30.18907
D:\DPS 920\DPS920_final_project\IMG\center_2026_08_01_20_01_16_352.jpg,D:\DPS 920\DPS920_final_project\IMG\left_2026_08_01_20_01_16_352.jpg,D:\DPS 920\DPS920_final_project\IMG\right_2026_08_01_20_01_16_352.jpg,0.09774436,1.0,0.0,30.18982
D:\DPS 920\DPS920_final_project\IMG\center_2026_08_01_19_57_45_839.jpg,D:\DPS 920\DPS920_final_project\IMG\left_2026_08_01_19_57_45_839.jpg,D:\DPS 920\DPS920_final_project\IMG\right_2026_08_01_19_57_45_839.jpg,0.08270676,1.0,0.0,30.19139
D:\DPS 920\DPS920_final_project\IMG\center_2026_08_01_19_58_26_273.jpg,D:\DPS 920\DPS920_final_project\IMG\left_2026_08_01_19_58_26_273.jpg,D:\DPS 920\DPS920_final_project\IMG\right_2026_08_01_19_58_26_273.jpg,0.09398497,1.0,0.0,30.19003
D:\DPS 920\DPS920_final_project\IMG\center_2026_08_01_19_52_53_561.jpg,D:\DPS 920\DPS920_final_project\IMG\left_2026_08_01_19_52_53_561.jpg,D:\DPS 920\DPS920_final_project\IMG\right_2026_08_01_19_52_53_561.jpg,-0.1616541,1.0,0.0,30.18868
D:\DPS 920\DPS920_final_project\IMG\center_2026_08_01_19_58_49_961.jpg,D:\DPS 920\DPS920_final_project\IMG\left_2026_08_01_19_58_49_961.jpg,D:\DPS 920\DPS920_final_project\IMG\right_2026_08_01_19_58_49_961.jpg,0.03007519,1.0,0.0,30.19044
D:\DPS 920\DPS920_final_project\IMG\center_2026_08_01_19_53_14_858.jpg,D:\DPS 920\DPS920_final_project\IMG\left_2026_08_01_19_53_14_858.jpg,D:\DPS 920\DPS920_final_project\IMG\right_2026_08_01_19_53_14_858.jpg,-0.1428571,1.0,0.0,30.19004
D:\DPS 920\DPS920_final_project\IMG\center_2026_08_01_19_51_41_591.jpg,D:\DPS 920\DPS920_final_project\IMG\left_2026_08_01_19_51_41_591.jpg,D:\DPS 920\DPS920_final_project\IMG\right_2026_08_01_19_51_41_591.jpg,0.03383459,1.0,0.0,30.19144
D:\DPS 920\DPS920_final_project\IMG\center_2026_08_01_20_02_14_044.jpg,D:\DPS 920\DPS920_final_project\IMG\left_2026_08_01_20_02_14_044.jpg,D:\DPS 920\DPS920_final_project\IMG\right_2026_08_01_20_02_14_044.jpg,0.1879699,1.0,0.0,30.19307
D:\DPS 920\DPS920_final_project\IMG\center_2026_08_01_19_51_49_977.jpg,D:\DPS 920\DPS920_final_project\IMG\left_2026_08_01_19_51_49_977.jpg,D:\DPS 920\DPS920_final_project\IMG\right_2026_08_01_19_51_49_977.jpg,-0.1616541,1.0,0.0,30.18909
D:\DPS 920\DPS920_final_project\IMG\center_2026_08_01_19_50_32_842.jpg,D:\DPS 920\DPS920_final_project\IMG\left_2026_08_01_19_50_32_842.jpg,D:\DPS 920\DPS920_final_project\IMG\right_2026_08_01_19_50_32_842.jpg,-0.07894737,1.0,0.0,30.19013
D:\DPS 920\DPS920_final_project\IMG\center_2026_08_01_19_59_52_486.jpg,D:\DPS 920\DPS920_final_project\IMG\left_2026_08_01_19_59_52_486.jpg,D:\DPS 920\DPS920_final_project\IMG\right_2026_08_01_19_59_52_486.jpg,0.09774436,1.0,0.0,30.19012
D:\DPS 920\DPS920_final_project\IMG\center_2026_08_01_19_59_22_278.jpg,D:\DPS 920\DPS920_final_project\IMG\left_2026_08_01_19_59_22_278.jpg,D:\DPS 920\DPS920_final_project\IMG\right_2026_08_01_19_59_22_278.jpg,0.07142857,1.0,0.0,30.18975
D:\DPS 920\DPS920_final_project\IMG\center_2026_08_01_20_00_33_964.jpg,D:\DPS 920\DPS920_final_project\IMG\left_2026_08_01_20_00_33_964.jpg,D:\DPS 920\DPS920_final_project\IMG\right_2026_08_01_20_00_33_964.jpg,-0.0112782,1.0,0.0,30.1902
D:\DPS 920\DPS920_final_project\IMG\center_2026_08_01_19_53_47_790.jpg,D:\DPS 920\DPS920_final_project\IMG\left_2026_08_01_19_53_47_790.jpg,D:\DPS 920\DPS920_final_project\IMG\right_2026_08_01_19_53_47_790.jpg,-0.03383459,1.0,0.0,30.19027
D:\DPS 920\DPS920_final_project\IMG\center_2026_08_01_19_58_26_054.jpg,D:\DPS 920\DPS920_final_project\IMG\left_2026_08_01_19_58_26_054.jpg,D:\DPS 920\DPS920_final_project\IMG\right_2026_08_01_19_58_26_054.jpg,0.09398497,1.0,0.0,30.18984
D:\DPS 920\DPS920_final_project\IMG\center_2026_08_01_19_53_08_079.jpg,D:\DPS 920\DPS920_final_project\IMG\left_2026_08_01_19_53_08_079.jpg,D:\DPS 920\DPS920_final_project\IMG\right_2026_08_01_19_53_08_079.jpg,-0.003759398,1.0,0.0,30.19054
D:\DPS 920\DPS920_final_project\IMG\center_2026_08_01_19_51_38_332.jpg,D:\DPS 920\DPS920_final_project\IMG\left_2026_08_01_19_51_38_332.jpg,D:\DPS 920\DPS920_final_project\IMG\right_2026_08_01_19_51_38_332.jpg,0.1240602,1.0,0.0,30.18846
D:\DPS 920\DPS920_final_project\IMG\center_2026_08_01_20_00_40_567.jpg,D:\DPS 920\DPS920_final_project\IMG\left_2026_08_01_20_00_40_567.jpg,D:\DPS 920\DPS920_final_project\IMG\right_2026_08_01_20_00_40_567.jpg,-0.2218045,1.0,0.0,30.1883
D:\DPS 920\DPS920_final_project\IMG\center_2026_08_01_20_00_37_084.jpg,D:\DPS 920\DPS920_final_project\IMG\left_2026_08_01_20_00_37_084.jpg,D:\DPS 920\DPS920_final_project\IMG\right_2026_08_01_20_00_37_084.jpg,-0.007518797,1.0,0.0,30.1903
D:\DPS 920\DPS920_final_project\IMG\center_2026_08_01_19_53_03_554.jpg,D:\DPS 920\DPS920_final_project\IMG\left_2026_08_01_19_53_03_554.jpg,D:\DPS 920\DPS920_final_project\IMG\right_2026_08_01_19_53_03_554.jpg,0.2406015,1.0,0.0,30.19041
D:\DPS 920\DPS920_final_project\IMG\center_2026_08_01_19_59_49_035.jpg,D:\DPS 920\DPS920_final_project\IMG\left_2026_08_01_19_59_49_035.jpg,D:\DPS 920\DPS920_final_project\IMG\right_2026_08_01_19_59_49_035.jpg,0.09398497,1.0,0.0,30.19021
D:\DPS 920\DPS920_final_project\IMG\center_2026_08_01_19_54_07_889.jpg,D:\DPS 920\DPS920_final_project\IMG\left_2026_08_01_19_54_07_889.jpg,D:\DPS 920\DPS920_final_project\IMG\right_2026_08_01_19_54_07_889.jpg,-0.003759398,1.0,0.0,30.18991
D:\DPS 920\DPS920_final_project\IMG\center_2026_08_01_19_52_28_336.jpg,D:\DPS 920\DPS920_final_project\IMG\left_2026_08_01_19_52_28_336.jpg,D:\DPS 920\DPS920_final_project\IMG\right_2026_08_01_19_52_28_336.jpg,-0.08270676,1.0,0.0,30.1903
D:\DPS 920\DPS920_final_project\IMG\center_2026_08_01_19_53_50_635.jpg,D:\DPS 920\DPS920_final_project\IMG\left_2026_08_01_19_53_50_635.jpg,D:\DPS 920\DPS920_final_project\IMG\right_2026_08_01_19_53_50_635.jpg,-0.07894737,1.0,0.0,30.19015
D:\DPS 920\DPS920_final_project\IMG\center_2026_08_01_19_50_29_093.jpg,D:\DPS 920\DPS920_final_project\IMG\left_2026_08_01_19_50_29_093.jpg,D:\DPS 920\DPS920_final_project\IMG\right_2026_08_01_19_50_29_093.jpg,0.01879699,1.0,0.0,30.19018
D:\DPS 920\DPS920_final_project\IMG\center_2026_08_01_19_59_54_814.jpg,D:\DPS 920\DPS920_final_project\IMG\left_2026_08_01_19_59_54_814.jpg,D:\DPS 920\DPS920_final_project\IMG\right_2026_08_01_19_59_54_814.jpg,0.04135338,1.0,0.0,30.19028
D:\DPS 920\DPS920_final_project\IMG\center_2026_08_01_20_00_40_707.jpg,D:\DPS 920\DPS920_final_project\IMG\left_2026_08_01_20_00_40_707.jpg,D:\DPS 920\DPS920_final_project\IMG\right_2026_08_01_20_00_40_707.jpg,-0.2481203,1.0,0.0,30.18714
D:\DPS 920\DPS920_final_project\IMG\center_2026_08_01_19_59_52_798.jpg,D:\DPS 920\DPS920_final_project\IMG\left_2026_08_01_19_59_52_798.jpg,D:\DPS 920\DPS920_final_project\IMG\right_2026_08_01_19_59_52_798.jpg,0.09774436,1.0,0.0,30.19012
D:\DPS 920\DPS920_final_project\IMG\center_2026_08_01_19_54_01_846.jpg,D:\DPS 920\DPS920_final_project\IMG\left_2026_08_01_19_54_01_846.jpg,D:\DPS 920\DPS920_final_project\IMG\right_2026_08_01_19_54_01_846.jpg,-0.02255639,1.0,0.0,30.19029
D:\DPS 920\DPS920_final_project\IMG\center_2026_08_01_19_59_55_836.jpg,D:\DPS 920\DPS920_final_project\IMG\left_2026_08_01_19_59_55_836.jpg,D:\DPS 920\DPS920_final_project\IMG\right_2026_08_01_19_59_55_836.jpg,0.04135338,1.0,0.0,30.19025
D:\DPS 920\DPS920_final_project\IMG\center_2026_08_01_20_00_13_637.jpg,D:\DPS 920\DPS920_final_project\IMG\left_2026_08_01_20_00_13_637.jpg,D:\DPS 920\DPS920_final_project\IMG\right_2026_08_01_20_00_13_637.jpg,0.01503759,1.0,0.0,30.19028
D:\DPS 920\DPS920_final_project\IMG\center_2026_08_01_19_58_27_072.jpg,D:\DPS 920\DPS920_final_project\IMG\left_2026_08_01_19_58_27_072.jpg,D:\DPS 920\DPS920_final_project\IMG\right_2026_08_01_19_58_27_072.jpg,0.1390978,1.0,0.0,30.1894
D:\DPS 920\DPS920_final_project\IMG\center_2026_08_01_20_01_10_763.jpg,D:\DPS 920\DPS920_final_project\IMG\left_2026_08_01_20_01_10_763.jpg,D:\DPS 920\DPS920_final_project\IMG\right_2026_08_01_20_01_10_763.jpg,0.07894737,1.0,0.0,30.19036
D:\DPS 920\DPS920_final_project\IMG\center_2026_08_01_20_00_18_535.jpg,D:\DPS 920\DPS920_final_project\IMG\left_2026_08_01_20_00_18_535.jpg,D:\DPS 920\DPS920_final_project\IMG\right_2026_08_01_20_00_18_535.jpg,0.02631579,1.0,0.0,30.19026
D:\DPS 920\DPS920_final_project\IMG\center_2026_08_01_19_51_25_386.jpg,D:\DPS 920\DPS920_final_project\IMG\left_2026_08_01_19_51_25_386.jpg,D:\DPS 920\DPS920_final_project\IMG\right_2026_08_01_19_51_25_386.jpg,-0.03007519,1.0,0.0,30.19065
D:\DPS 920\DPS920_final_project\IMG\center_2026_08_01_19_59_16_863.jpg,D:\DPS 920\DPS920_final_project\IMG\left_2026_08_01_19_59_16_863.jpg,D:\DPS 920\DPS920_final_project\IMG\right_2026_08_01_19_59_16_863.jpg,-0.2067669,1.0,0.0,30.18821
D:\DPS 920\DPS920_final_project\IMG\center_2026_08_01_20_00_31_940.jpg,D:\DPS 920\DPS920_final_project\IMG\left_2026_08_01_20_00_31_940.jpg,D:\DPS 920\DPS920_final_project\IMG\right_2026_08_01_20_00_31_940.jpg,0.2030075,1.0,0.0,30.18946
D:\DPS 920\DPS920_final_project\IMG\center_2026_08_01_19_52_26_375.jpg,D:\DPS 920\DPS920_final_project\IMG\left_2026_08_01_19_52_26_375.jpg,D:\DPS 920\DPS920_final_project\IMG\right_2026_08_01_19_52_26_375.jpg,-0.05639098,1.0,0.0,30.1905
D:\DPS 920\DPS920_final_project\IMG\center_2026_08_01_19_59_19_094.jpg,D:\DPS 920\DPS920_final_project\IMG\left_2026_08_01_19_59_19_094.jpg,D:\DPS 920\DPS920_final_project\IMG\right_2026_08_01_19_59_19_094.jpg,-0.1240602,1.0,0.0,30.19025
D:\DPS 920\DPS920_final_project\IMG\center_2026_08_01_20_01_50_330.jpg,D:\DPS 920\DPS920_final_project\IMG\left_2026_08_01_20_01_50_330.jpg,D:\DPS 920\DPS920_final_project\IMG\right_2026_08_01_20_01_50_330.jpg,0.07142857,1.0,0.0,30.19021
D:\DPS 920\DPS920_final_project\IMG\center_2026_08_01_19_54_41_137.jpg,D:\DPS 920\DPS920_final_project\IMG\left_2026_08_01_19_54_41_137.jpg,D:\DPS 920\DPS920_final_project\IMG\right_2026_08_01_19_54_41_137.jpg,-0.05263158,1.0,0.0,30.19027
D:\DPS 920\DPS920_final_project\IMG\center_2026_08_01_19_53_25_909.jpg,D:\DPS 920\DPS920_final_project\IMG\left_2026_08_01_19_53_25_909.jpg,D:\DPS 920\DPS920_final_project\IMG\right_2026_08_01_19_53_25_909.jpg,-0.03007519,1.0,0.0,30.19034
D:\DPS 920\DPS920_final_project\IMG\center_2026_08_01_19_51_24_182.jpg,D:\DPS 920\DPS920_final_project\IMG\left_2026_08_01_19_51_24_182.jpg,D:\DPS 920\DPS920_final_project\IMG\right_2026_08_01_19_51_24_182.jpg,-0.0112782,1.0,0.0,30.19
D:\DPS 920\DPS920_final_project\IMG\center_2026_08_01_19_52_29_106.jpg,D:\DPS 920\DPS920_final_project\IMG\left_2026_08_01_19_52_29_106.jpg,D:\DPS 920\DPS920_final_project\IMG\right_2026_08_01_19_52_29_106.jpg,-0.1052632,1.0,0.0,30.19095
D:\DPS 920\DPS920_final_project\IMG\center_2026_08_01_19_51_57_191.jpg,D:\DPS 920\DPS920_final_project\IMG\left_2026_08_01_19_51_57_191.jpg,D:\DPS 920\DPS920_final_project\IMG\right_2026_08_01_19_51_57_191.jpg,-0.08270676,1.0,0.0,30.19013
D:\DPS 920\DPS920_final_project\IMG\center_2026_08_01_19_57_54_108.jpg,D:\DPS 920\DPS920_final_project\IMG\left_2026_08_01_19_57_54_108.jpg,D:\DPS 920\DPS920_final_project\IMG\right_2026_08_01_19_57_54_108.jpg,-0.3007519,1.0,0.0,30.18032
D:\DPS 920\DPS920_final_project\IMG\center_2026_08_01_19_52_50_900.jpg,D:\DPS 920\DPS920_final_project\IMG\left_2026_08_01_19_52_50_900.jpg,D:\DPS 920\DPS920_final_project\IMG\right_2026_08_01_19_52_50_900.jpg,-0.04887218,1.0,0.0,30.1901
D:\DPS 920\DPS920_final_project\IMG\center_2026_08_01_19_54_07_602.jpg,D:\DPS 920\DPS920_final_project\IMG\left_2026_08_01_19_54_07_602.jpg,D:\DPS 920\DPS920_final_project\IMG\right_2026_08_01_19_54_07_602.jpg,-0.003759398,1.0,0.0,30.18991
D:\DPS 920\DPS920_final_project\IMG\center_2026_08_01_20_00_49_088.jpg,D:\DPS 920\DPS920_final_project\IMG\left_2026_08_01_20_00_49_088.jpg,D:\DPS 920\DPS920_final_project\IMG\right_2026_08_01_20_00_49_088.jpg,0.1165414,1.0,0.0,30.18989
D:\DPS 920\DPS920_final_project\IMG\center_2026_08_01_19_51_50_821.jpg,D:\DPS 920\DPS920_final_project\IMG\left_2026_08_01_19_51_50_821.jpg,D:\DPS 920\DPS920_final_project\IMG\right_2026_08_01_19_51_50_821.jpg,-0.1691729,1.0,0.0,30.1897
D:\DPS 920\DPS920_final_project\IMG\center_2026_08_01_20_00_51_350.jpg,D:\DPS 920\DPS920_final_project\IMG\left_2026_08_01_20_00_51_350.jpg,D:\DPS 920\DPS920_final_project\IMG\right_2026_08_01_20_00_51_350.jpg,0.1992481,1.0,0.0,30.18991
D:\DPS 920\DPS920_final_project\IMG\center_2026_08_01_19_57_55_051.jpg,D:\DPS 920\DPS920_final_project\IMG\left_2026_08_01_19_57_55_051.jpg,D:\DPS 920\DPS920_final_project\IMG\right_2026_08_01_19_57_55_051.jpg,-0.1390978,1.0,0.0,30.18993
D:\DPS 920\DPS920_final_project\IMG\center_2026_08_01_19_50_48_205.jpg,D:\DPS 920\DPS920_final_project\IMG\left_2026_08_01_19_50_48_205.jpg,D:\DPS 920\DPS920_final_project\IMG\right_2026_08_01_19_50_48_205.jpg,-0.01503759,1.0,0.0,30.19029
D:\DPS 920\DPS920_final_project\IMG\center_2026_08_01_19_58_24_369.jpg,D:\DPS 920\DPS920_final_project\IMG\left_2026_08_01_19_58_24_369.jpg,D:\DPS 920\DPS920_final_project\IMG\right_2026_08_01_19_58_24_369.jpg,0.09398497,1.0,0.0,30.18901
D:\DPS 920\DPS920_final_project\IMG\center_2026_08_01_19_54_34_853.jpg,D:\DPS 920\DPS920_final_project\IMG\left_2026_08_01_19_54_34_853.jpg,D:\DPS 920\DPS920_final_project\IMG\right_2026_08_01_19_54_34_853.jpg,-0.09774436,1.0,0.0,30.19006
D:\DPS 920\DPS920_final_project\IMG\center_2026_08_01_20_00_40_913.jpg,D:\DPS 920\DPS920_final_project\IMG\left_2026_08_01_20_00_40_913.jpg,D:\DPS 920\DPS920_final_project\IMG\right_2026_08_01_20_00_40_913.jpg,-0.2781955,1.0,0.0,30.18708
D:\DPS 920\DPS920_final_project\IMG\center_2026_08_01_19_51_22_199.jpg,D:\DPS 920\DPS920_final_project\IMG\left_2026_08_01_19_51_22_199.jpg,D:\DPS 920\DPS920_final_project\IMG\right_2026_08_01_19_51_22_199.jpg,-0.01503759,1.0,0.0,30.18996
D:\DPS 920\DPS920_final_project\IMG\center_2026_08_01_19_51_04_957.jpg,D:\DPS 920\DPS920_final_project\IMG\left_2026_08_01_19_51_04_957.jpg,D:\DPS 920\DPS920_final_project\IMG\right_2026_08_01_19_51_04_957.jpg,-0.09398497,1.0,0.0,30.18977
D:\DPS 920\DPS920_final_project\IMG\center_2026_08_01_19_52_27_694.jpg,D:\DPS 920\DPS920_final_project\IMG\left_2026_08_01_19_52_27_694.jpg,D:\DPS 920\DPS920_final_project\IMG\right_2026_08_01_19_52_27_694.jpg,-0.05639098,1.0,0.0,30.19018
D:\DPS 920\DPS920_final_project\IMG\center_2026_08_01_20_01_19_330.jpg,D:\DPS 920\DPS920_final_project\IMG\left_2026_08_01_20_01_19_330.jpg,D:\DPS 920\DPS920_final_project\IMG\right_2026_08_01_20_01_19_330.jpg,0.04511278,1.0,0.0,30.19023
D:\DPS 920\DPS920_final_project\IMG\center_2026_08_01_19_58_24_985.jpg,D:\DPS 920\DPS920_final_project\IMG\left_2026_08_01_19_58_24_985.jpg,D:\DPS 920\DPS920_final_project\IMG\right_2026_08_01_19_58_24_985.jpg,0.09398497,1.0,0.0,30.18996
D:\DPS 920\DPS920_final_project\IMG\center_2026_08_01_19_54_36_740.jpg,D:\DPS 920\DPS920_final_project\IMG\left_2026_08_01_19_54_36_740.jpg,D:\DPS 920\DPS920_final_project\IMG\right_2026_08_01_19_54_36_740.jpg,-0.1842105,1.0,0.0,30.19053
D:\DPS 920\DPS920_final_project\IMG\center_2026_08_01_19_51_10_719.jpg,D:\DPS 920\DPS920_final_project\IMG\left_2026_08_01_19_51_10_719.jpg,D:\DPS 920\DPS920_final_project\IMG\right_2026_08_01_19_51_10_719.jpg,-0.05639098,1.0,0.0,30.19005
D:\DPS 920\DPS920_final_project\IMG\center_2026_08_01_19_50_38_070.jpg,D:\DPS 920\DPS920_final_project\IMG\left_2026_08_01_19_50_38_070.jpg,D:\DPS 920\DPS920_final_project\IMG\right_2026_08_01_19_50_38_070.jpg,-0.03759398,1.0,0.0,30.19025
D:\DPS 920\DPS920_final_project\IMG\center_2026_08_01_20_00_30_764.jpg,D:\DPS 920\DPS920_final_project\IMG\left_2026_08_01_20_00_30_764.jpg,D:\DPS 920\DPS920_final_project\IMG\right_2026_08_01_20_00_30_764.jpg,0.1992481,1.0,0.0,30.18915
D:\DPS 920\DPS920_final_project\IMG\center_2026_08_01_19_58_58_564.jpg,D:\DPS 920\DPS920_final_project\IMG\left_2026_08_01_19_58_58_564.jpg,D:\DPS 920\DPS920_final_project\IMG\right_2026_08_01_19_58_58_564.jpg,0.06766918,1.0,0.0,30.19018
D:\DPS 920\DPS920_final_project\IMG\center_2026_08_01_19_54_18_243.jpg,D:\DPS 920\DPS920_final_project\IMG\left_2026_08_01_19_54_18_243.jpg,D:\DPS 920\DPS920_final_project\IMG\right_2026_08_01_19_54_18_243.jpg,-0.1616541,1.0,0.0,30.19033
D:\DPS 920\DPS920_final_project\IMG\center_2026_08_01_20_00_39_786.jpg,D:\DPS 920\DPS920_final_project\IMG\left_2026_08_01_20_00_39_786.jpg,D:\DPS 920\DPS920_final_project\IMG\right_2026_08_01_20_00_39_786.jpg,-0.112782,1.0,0.0,30.1894
D:\DPS 920\DPS920_final_project\IMG\center_2026_08_01_19_53_33_556.jpg,D:\DPS 920\DPS920_final_project\IMG\left_2026_08_01_19_53_33_556.jpg,D:\DPS 920\DPS920_final_project\IMG\right_2026_08_01_19_53_33_556.jpg,-0.0112782,1.0,0.0,30.19031
D:\DPS 920\DPS920_final_project\IMG\center_2026_08_01_20_00_18_761.jpg,D:\DPS 920\DPS920_final_project\IMG\left_2026_08_01_20_00_18_761.jpg,D:\DPS 920\DPS920_final_project\IMG\right_2026_08_01_20_00_18_761.jpg,0.02631579,1.0,0.0,30.19026
D:\DPS 920\DPS920_final_project\IMG\center_2026_08_01_19_53_24_268.jpg,D:\DPS 920\DPS920_final_project\IMG\left_2026_08_01_19_53_24_268.jpg,D:\DPS 920\DPS920_final_project\IMG\right_2026_08_01_19_53_24_268.jpg,-0.04135338,1.0,0.0,30.19024
D:\DPS 920\DPS920_final_project\IMG\center_2026_08_01_20_02_13_044.jpg,D:\DPS 920\DPS920_final_project\IMG\left_2026_08_01_20_02_13_044.jpg,D:\DPS 920\DPS920_final_project\IMG\right_2026_08_01_20_02_13_044.jpg,0.1466165,1.0,0.0,30.18824
D:\DPS 920\DPS920_final_project\IMG\center_2026_08_01_19_54_18_553.jpg,D:\DPS 920\DPS920_final_project\IMG\left_2026_08_01_19_54_18_553.jpg,D:\DPS 920\DPS920_final_project\IMG\right_2026_08_01_19_54_18_553.jpg,-0.1503759,1.0,0.0,30.18963
D:\DPS 920\DPS920_final_project\IMG\center_2026_08_01_20_00_04_905.jpg,D:\DPS 920\DPS920_final_project\IMG\left_2026_08_01_20_00_04_905.jpg,D:\DPS 920\DPS920_final_project\IMG\right_2026_08_01_20_00_04_905.jpg,0.01503759,1.0,0.0,30.19026
D:\DPS 920\DPS920_final_project\IMG\center_2026_08_01_19_51_31_002.jpg,D:\DPS 920\DPS920_final_project\IMG\left_2026_08_01_19_51_31_002.jpg,D:\DPS 920\DPS920_final_project\IMG\right_2026_08_01_19_51_31_002.jpg,-0.1992481,1.0,0.0,30.18963
D:\DPS 920\DPS920_final_project\IMG\center_2026_08_01_19_59_48_396.jpg,D:\DPS 920\DPS920_final_project\IMG\left_2026_08_01_19_59_48_396.jpg,D:\DPS 920\DPS920_final_project\IMG\right_2026_08_01_19_59_48_396.jpg,0.09774436,1.0,0.0,30.19009
D:\DPS 920\DPS920_final_project\IMG\center_2026_08_01_19_57_41_467.jpg,D:\DPS 920\DPS920_final_project\IMG\left_2026_08_01_19_57_41_467.jpg,D:\DPS 920\DPS920_final_project\IMG\right_2026_08_01_19_57_41_467.jpg,0.1052632,1.0,0.0,30.18975
D:\DPS 920\DPS920_final_project\IMG\center_2026_08_01_19_52_25_162.jpg,D:\DPS 920\DPS920_final_project\IMG\left_2026_08_01_19_52_25_162.jpg,D:\DPS 920\DPS920_final_project\IMG\right_2026_08_01_19_52_25_162.jpg,-0.04511278,1.0,0.0,30.1902
D:\DPS 920\DPS920_final_project\IMG\center_2026_08_01_19_52_34_217.jpg,D:\DPS 920\DPS920_final_project\IMG\left_2026_08_01_19_52_34_217.jpg,D:\DPS 920\DPS920_final_project\IMG\right_2026_08_01_19_52_34_217.jpg,-0.07894737,1.0,0.0,30.19018
D:\DPS 920\DPS920_final_project\IMG\center_2026_08_01_19_51_10_855.jpg,D:\DPS 920\DPS920_final_project\IMG\left_2026_08_01_19_51_10_855.jpg,D:\DPS 920\DPS920_final_project\IMG\right_2026_08_01_19_51_10_855.jpg,-0.05639098,1.0,0.0,30.19017
D:\DPS 920\DPS920_final_project\IMG\center_2026_08_01_20_02_00_560.jpg,D:\DPS 920\DPS920_final_project\IMG\left_2026_08_01_20_02_00_560.jpg,D:\DPS 920\DPS920_final_project\IMG\right_2026_08_01_20_02_00_560.jpg,-0.04511278,1.0,0.0,30.18984
D:\DPS 920\DPS920_final_project\IMG\center_2026_08_01_19_53_05_761.jpg,D:\DPS 920\DPS920_final_project\IMG\left_2026_08_01_19_53_05_761.jpg,D:\DPS 920\DPS920_final_project\IMG\right_2026_08_01_19_53_05_761.jpg,0.1165414,1.0,0.0,30.18893
D:\DPS 920\DPS920_final_project\IMG\center_2026_08_01_20_00_01_643.jpg,D:\DPS 920\DPS920_final_project\IMG\left_2026_08_01_20_00_01_643.jpg,D:\DPS 920\DPS920_final_project\IMG\right_2026_08_01_20_00_01_643.jpg,0.04511278,1.0,0.0,30.19023
D:\DPS 920\DPS920_final_project\IMG\center_2026_08_01_19_52_52_035.jpg,D:\DPS 920\DPS920_final_project\IMG\left_2026_08_01_19_52_52_035.jpg,D:\DPS 920\DPS920_final_project\IMG\right_2026_08_01_19_52_52_035.jpg,-0.1992481,1.0,0.0,30.18881
D:\DPS 920\DPS920_final_project\IMG\center_2026_08_01_19_53_16_513.jpg,D:\DPS 920\DPS920_final_project\IMG\left_2026_08_01_19_53_16_513.jpg,D:\DPS 920\DPS920_final_project\IMG\right_2026_08_01_19_53_16_513.jpg,-0.09774436,1.0,0.0,30.1901
D:\DPS 920\DPS920_final_project\IMG\center_2026_08_01_19_54_19_439.jpg,D:\DPS 920\DPS920_final_project\IMG\left_2026_08_01_19_54_19_439.jpg,D:\DPS 920\DPS920_final_project\IMG\right_2026_08_01_19_54_19_439.jpg,-0.1015038,1.0,0.0,30.19049
D:\DPS 920\DPS920_final_project\IMG\center_2026_08_01_19_51_55_653.jpg,D:\DPS 920\DPS920_final_project\IMG\left_2026_08_01_19_51_55_653.jpg,D:\DPS 920\DPS920_final_project\IMG\right_2026_08_01_19_51_55_653.jpg,-0.05639098,1.0,0.0,30.19015
D:\DPS 920\DPS920_final_project\IMG\center_2026_08_01_19_59_52_332.jpg,D:\DPS 920\DPS920_final_project\IMG\left_2026_08_01_19_59_52_332.jpg,D:\DPS 920\DPS920_final_project\IMG\right_2026_08_01_19_59_52_332.jpg,0.09774436,1.0,0.0,30.19009
D:\DPS 920\DPS920_final_project\IMG\center_2026_08_01_19_59_06_266.jpg,D:\DPS 920\DPS920_final_project\IMG\left_2026_08_01_19_59_06_266.jpg,D:\DPS 920\DPS920_final_project\IMG\right_2026_08_01_19_59_06_266.jpg,0.1240602,1.0,0.0,30.1906
D:\DPS 920\DPS920_final_project\IMG\center_2026_08_01_19_54_38_636.jpg,D:\DPS 920\DPS920_final_project\IMG\left_2026_08_01_19_54_38_636.jpg,D:\DPS 920\DPS920_final_project\IMG\right_2026_08_01_19_54_38_636.jpg,-0.1917293,1.0,0.0,30.18948
D:\DPS 920\DPS920_final_project\IMG\center_2026_08_01_19_53_04_859.jpg,D:\DPS 920\DPS920_final_project\IMG\left_2026_08_01_19_53_04_859.jpg,D:\DPS 920\DPS920_final_project\IMG\right_2026_08_01_19_53_04_859.jpg,0.1616541,1.0,0.0,30.19145
D:\DPS 920\DPS920_final_project\IMG\center_2026_08_01_20_01_09_753.jpg,D:\DPS 920\DPS920_final_project\IMG\left_2026_08_01_20_01_09_753.jpg,D:\DPS 920\DPS920_final_project\IMG\right_2026_08_01_20_01_09_753.jpg,0.04135338,1.0,0.0,30.19018
D:\DPS 920\DPS920_final_project\IMG\center_2026_08_01_19_59_42_204.jpg,D:\DPS 920\DPS920_final_project\IMG\left_2026_08_01_19_59_42_204.jpg,D:\DPS 920\DPS920_final_project\IMG\right_2026_08_01_19_59_42_204.jpg,0.003759398,1.0,0.0,30.19028
D:\DPS 920\DPS920_final_project\IMG\center_2026_08_01_19_57_43_916.jpg,D:\DPS 920\DPS920_final_project\IMG\left_2026_08_01_19_57_43_916.jpg,D:\DPS 920\DPS920_final_project\IMG\right_2026_08_01_19_57_43_916.jpg,0.1992481,1.0,0.0,30.18872
D:\DPS 920\DPS920_final_project\IMG\center_2026_08_01_19_59_20_424.jpg,D:\DPS 920\DPS920_final_project\IMG\left_2026_08_01_19_59_20_424.jpg,D:\DPS 920\DPS920_final_project\IMG\right_2026_08_01_19_59_20_424.jpg,-0.03383459,1.0,0.0,30.18997
D:\DPS 920\DPS920_final_project\IMG\center_2026_08_01_20_00_21_802.jpg,D:\DPS 920\DPS920_final_project\IMG\left_2026_08_01_20_00_21_802.jpg,D:\DPS 920\DPS920_final_project\IMG\right_2026_08_01_20_00_21_802.jpg,0.04887218,1.0,0.0,30.19022
D:\DPS 920\DPS920_final_project\IMG\center_2026_08_01_20_00_41_125.jpg,D:\DPS 920\DPS920_final_project\IMG\left_2026_08_01_20_00_41_125.jpg,D:\DPS 920\DPS920_final_project\IMG\right_2026_08_01_20_00_41_125.jpg,-0.2819549,1.0,0.0,30.18743
D:\DPS 920\DPS920_final_project\IMG\center_2026_08_01_20_00_32_081.jpg,D:\DPS 920\DPS920_final_project\IMG\left_2026_08_01_20_00_32_081.jpg,D:\DPS 920\DPS920_final_project\IMG\right_2026_08_01_20_00_32_081.jpg,0.2030075,1.0,0.0,30.18945
D:\DPS 920\DPS920_final_project\IMG\center_2026_08_01_20_01_56_151.jpg,D:\DPS 920\DPS920_final_project\IMG\left_2026_08_01_20_01_56_151.jpg,D:\DPS 920\DPS920_final_project\IMG\right_2026_08_01_20_01_56_151.jpg,0.1842105,1.0,0.0,30.1899
D:\DPS 920\DPS920_final_project\IMG\center_2026_08_01_19_54_24_528.jpg,D:\DPS 920\DPS920_final_project\IMG\left_2026_08_01_19_54_24_528.jpg,D:\DPS 920\DPS920_final_project\IMG\right_2026_08_01_19_54_24_528.jpg,0.06766918,1.0,0.0,30.19005
D:\DPS 920\DPS920_final_project\IMG\center_2026_08_01_20_00_53_566.jpg,D:\DPS 920\DPS920_final_project\IMG\left_2026_08_01_20_00_53_566.jpg,D:\DPS 920\DPS920_final_project\IMG\right_2026_08_01_20_00_53_566.jpg,0.09022556,1.0,0.0,30.19004
D:\DPS 920\DPS920_final_project\IMG\center_2026_08_01_20_00_38_772.jpg,D:\DPS 920\DPS920_final_project\IMG\left_2026_08_01_20_00_38_772.jpg,D:\DPS 920\DPS920_final_project\IMG\right_2026_08_01_20_00_38_772.jpg,-0.07142857,1.0,0.0,30.18972
D:\DPS 920\DPS920_final_project\IMG\center_2026_08_01_20_00_52_070.jpg,D:\DPS 920\DPS920_final_project\IMG\left_2026_08_01_20_00_52_070.jpg,D:\DPS 920\DPS920_final_project\IMG\right_2026_08_01_20_00_52_070.jpg,0.1766917,1.0,0.0,30.19033
D:\DPS 920\DPS920_final_project\IMG\center_2026_08_01_19_59_21_040.jpg,D:\DPS 920\DPS920_final_project\IMG\left_2026_08_01_19_59_21_040.jpg,D:\DPS 920\DPS920_final_project\IMG\right_2026_08_01_19_59_21_040.jpg,-0.06390978,1.0,0.0,30.19016
D:\DPS 920\DPS920_final_project\IMG\center_2026_08_01_19_54_27_071.jpg,D:\DPS 920\DPS920_final_project\IMG\left_2026_08_01_19_54_27_071.jpg,D:\DPS 920\DPS920_final_project\IMG\right_2026_08_01_19_54_27_071.jpg,0.2819549,1.0,0.0,30.18741
D:\DPS 920\DPS920_final_project\IMG\center_2026_08_01_20_02_06_362.jpg,D:\DPS 920\DPS920_final_project\IMG\left_2026_08_01_20_02_06_362.jpg,D:\DPS 920\DPS920_final_project\IMG\right_2026_08_01_20_02_06_362.jpg,0.0,1.0,0.0,30.1904
D:\DPS 920\DPS920_final_project\IMG\center_2026_08_01_19_54_35_695.jpg,D:\DPS 920\DPS920_final_project\IMG\left_2026_08_01_19_54_35_695.jpg,D:\DPS 920\DPS920_final_project\IMG\right_2026_08_01_19_54_35_695.jpg,-0.1541353,1.0,0.0,30.18934
D:\DPS 920\DPS920_final_project\IMG\center_2026_08_01_20_00_49_439.jpg,D:\DPS 920\DPS920_final_project\IMG\left_2026_08_01_20_00_49_439.jpg,D:\DPS 920\DPS920_final_project\IMG\right_2026_08_01_20_00_49_439.jpg,0.1278196,1.0,0.0,30.18958
D:\DPS 920\DPS920_final_project\IMG\center_2026_08_01_19_53_02_650.jpg,D:\DPS 920\DPS920_final_project\IMG\left_2026_08_01_19_53_02_650.jpg,D:\DPS 920\DPS920_final_project\IMG\right_2026_08_01_19_53_02_650.jpg,0.3007519,1.0,0.0,30.18542
D:\DPS 920\DPS920_final_project\IMG\center_2026_08_01_19_59_30_400.jpg,D:\DPS 920\DPS920_final_project\IMG\left_2026_08_01_19_59_30_400.jpg,D:\DPS 920\DPS920_final_project\IMG\right_2026_08_01_19_59_30_400.jpg,-0.03383459,1.0,0.0,30.19004
D:\DPS 920\DPS920_final_project\IMG\center_2026_08_01_20_01_08_498.jpg,D:\DPS 920\DPS920_final_project\IMG\left_2026_08_01_20_01_08_498.jpg,D:\DPS 920\DPS920_final_project\IMG\right_2026_08_01_20_01_08_498.jpg,0.04135338,1.0,0.0,30.19018
D:\DPS 920\DPS920_final_project\IMG\center_2026_08_01_19_53_13_435.jpg,D:\DPS 920\DPS920_final_project\IMG\left_2026_08_01_19_53_13_435.jpg,D:\DPS 920\DPS920_final_project\IMG\right_2026_08_01_19_53_13_435.jpg,-0.1466165,1.0,0.0,30.18969
D:\DPS 920\DPS920_final_project\IMG\center_2026_08_01_19_59_46_078.jpg,D:\DPS 920\DPS920_final_project\IMG\left_2026_08_01_19_59_46_078.jpg,D:\DPS 920\DPS920_final_project\IMG\right_2026_08_01_19_59_46_078.jpg,0.03759398,1.0,0.0,30.19026
D:\DPS 920\DPS920_final_project\IMG\center_2026_08_01_20_00_28_356.jpg,D:\DPS 920\DPS920_final_project\IMG\left_2026_08_01_20_00_28_356.jpg,D:\DPS 920\DPS920_final_project\IMG\right_2026_08_01_20_00_28_356.jpg,0.07518797,1.0,0.0,30.19062
D:\DPS 920\DPS920_final_project\IMG\center_2026_08_01_19_57_41_694.jpg,D:\DPS 920\DPS920_final_project\IMG\left_2026_08_01_19_57_41_694.jpg,D:\DPS 920\DPS920_final_project\IMG\right_2026_08_01_19_57_41_694.jpg,0.1278196,1.0,0.0,30.18948
D:\DPS 920\DPS920_final_project\IMG\center_2026_08_01_20_00_28_218.jpg,D:\DPS 920\DPS920_final_project\IMG\left_2026_08_01_20_00_28_218.jpg,D:\DPS 920\DPS920_final_project\IMG\right_2026_08_01_20_00_28_218.jpg,0.07518797,1.0,0.0,30.19006
D:\DPS 920\DPS920_final_project\IMG\center_2026_08_01_19_51_28_640.jpg,D:\DPS 920\DPS920_final_project\IMG\left_2026_08_01_19_51_28_640.jpg,D:\DPS 920\DPS920_final_project\IMG\right_2026_08_01_19_51_28_640.jpg,-0.1766917,1.0,0.0,30.18863
D:\DPS 920\DPS920_final_project\IMG\center_2026_08_01_19_59_22_211.jpg,D:\DPS 920\DPS920_final_project\IMG\left_2026_08_01_19_59_22_211.jpg,D:\DPS 920\DPS920_final_project\IMG\right_2026_08_01_19_59_22_211.jpg,0.06390978,1.0,0.0,30.18976
D:\DPS 920\DPS920_final_project\IMG\center_2026_08_01_20_01_58_423.jpg,D:\DPS 920\DPS920_final_project\IMG\left_2026_08_01_20_01_58_423.jpg,D:\DPS 920\DPS920_final_project\IMG\right_2026_08_01_20_01_58_423.jpg,0.03383459,1.0,0.0,30.19028
D:\DPS 920\DPS920_final_project\IMG\center_2026_08_01_19_59_14_860.jpg,D:\DPS 920\DPS920_final_project\IMG\left_2026_08_01_19_59_14_860.jpg,D:\DPS 920\DPS920_final_project\IMG\right_2026_08_01_19_59_14_860.jpg,-0.06766918,1.0,0.0,30.18999
D:\DPS 920\DPS920_final_project\IMG\center_2026_08_01_19_58_05_669.jpg,D:\DPS 920\DPS920_final_project\IMG\left_2026_08_01_19_58_05_669.jpg,D:\DPS 920\DPS920_final_project\IMG\right_2026_08_01_19_58_05_669.jpg,0.1390978,1.0,0.0,30.18959
D:\DPS 920\DPS920_final_project\IMG\center_2026_08_01_19_51_40_099.jpg,D:\DPS 920\DPS920_final_project\IMG\left_2026_08_01_19_51_40_099.jpg,D:\DPS 920\DPS920_final_project\IMG\right_2026_08_01_19_51_40_099.jpg,0.2406015,1.0,0.0,30.19047
D:\DPS 920\DPS920_final_project\IMG\center_2026_08_01_19_50_50_158.jpg,D:\DPS 920\DPS920_final_project\IMG\left_2026_08_01_19_50_50_158.jpg,D:\DPS 920\DPS920_final_project\IMG\right_2026_08_01_19_50_50_158.jpg,-0.01879699,1.0,0.0,30.19029
D:\DPS 920\DPS920_final_project\IMG\center_2026_08_01_19_53_00_881.jpg,D:\DPS 920\DPS920_final_project\IMG\left_2026_08_01_19_53_00_881.jpg,D:\DPS 920\DPS920_final_project\IMG\right_2026_08_01_19_53_00_881.jpg,0.04511278,1.0,0.0,30.19014
D:\DPS 920\DPS920_final_project\IMG\center_2026_08_01_20_02_05_776.jpg,D:\DPS 920\DPS920_final_project\IMG\left_2026_08_01_20_02_05_776.jpg,D:\DPS 920\DPS920_final_project\IMG\right_2026_08_01_20_02_05_776.jpg,-0.06390978,1.0,0.0,30.18996
D:\DPS 920\DPS920_final_project\IMG\center_2026_08_01_19_59_19_238.jpg,D:\DPS 920\DPS920_final_project\IMG\left_2026_08_01_19_59_19_238.jpg,D:\DPS 920\DPS920_final_project\IMG\right_2026_08_01_19_59_19_238.jpg,-0.112782,1.0,0.0,30.1903
D:\DPS 920\DPS920_final_project\IMG\center_2026_08_01_20_01_21_767.jpg,D:\DPS 920\DPS920_final_project\IMG\left_2026_08_01_20_01_21_767.jpg,D:\DPS 920\DPS920_final_project\IMG\right_2026_08_01_20_01_21_767.jpg,0.03759398,1.0,0.0,30.19027
D:\DPS 920\DPS920_final_project\IMG\center_2026_08_01_19_58_06_045.jpg,D:\DPS 920\DPS920_final_project\IMG\left_2026_08_01_19_58_06_045.jpg,D:\DPS 920\DPS920_final_project\IMG\right_2026_08_01_19_58_06_045.jpg,0.1052632,1.0,0.0,30.19062
D:\DPS 920\DPS920_final_project\IMG\center_2026_08_01_20_01_26_509.jpg,D:\DPS 920\DPS920_final_project\IMG\left_2026_08_01_20_01_26_509.jpg,D:\DPS 920\DPS920_final_project\IMG\right_2026_08_01_20_01_26_509.jpg,0.01503759,1.0,0.0,30.1903
D:\DPS 920\DPS920_final_project\IMG\center_2026_08_01_20_00_25_931.jpg,D:\DPS 920\DPS920_final_project\IMG\left_2026_08_01_20_00_25_931.jpg,D:\DPS 920\DPS920_final_project\IMG\right_2026_08_01_20_00_25_931.jpg,0.07142857,1.0,0.0,30.19012
D:\DPS 920\DPS920_final_project\IMG\center_2026_08_01_20_01_41_666.jpg,D:\DPS 920\DPS920_final_project\IMG\left_2026_08_01_20_01_41_666.jpg,D:\DPS 920\DPS920_final_project\IMG\right_2026_08_01_20_01_41_666.jpg,0.03007519,1.0,0.0,30.19026
D:\DPS 920\DPS920_final_project\IMG\center_2026_08_01_19_50_54_898.jpg,D:\DPS 920\DPS920_final_project\IMG\left_2026_08_01_19_50_54_898.jpg,D:\DPS 920\DPS920_final_project\IMG\right_2026_08_01_19_50_54_898.jpg,-0.007518797,1.0,0.0,30.19028
D:\DPS 920\DPS920_final_project\IMG\center_2026_08_01_19_58_25_054.jpg,D:\DPS 920\DPS920_final_project\IMG\left_2026_08_01_19_58_25_054.jpg,D:\DPS 920\DPS920_final_project\IMG\right_2026_08_01_19_58_25_054.jpg,0.09398497,1.0,0.0,30.18926
D:\DPS 920\DPS920_final_project\IMG\center_2026_08_01_19_53_48_368.jpg,D:\DPS 920\DPS920_final_project\IMG\left_2026_08_01_19_53_48_368.jpg,D:\DPS 920\DPS920_final_project\IMG\right_2026_08_01_19_53_48_368.jpg,-0.05263158,1.0,0.0,30.19032
D:\DPS 920\DPS920_final_project\IMG\center_2026_08_01_19_58_28_103.jpg,D:\DPS 920\DPS920_final_project\IMG\left_2026_08_01_19_58_28_103.jpg,D:\DPS 920\DPS920_final_project\IMG\right_2026_08_01_19_58_28_103.jpg,0.04135338,1.0,0.0,30.18922
D:\DPS 920\DPS920_final_project\IMG\center_2026_08_01_20_01_56_377.jpg,D:\DPS 920\DPS920_final_project\IMG\left_2026_08_01_20_01_56_377.jpg,D:\DPS 920\DPS920_final_project\IMG\right_2026_08_01_20_01_56_377.jpg,0.1766917,1.0,0.0,30.18988
D:\DPS 920\DPS920_final_project\IMG\center_2026_08_01_19_51_29_634.jpg,D:\DPS 920\DPS920_final_project\IMG\left_2026_08_01_19_51_29_634.jpg,D:\DPS 920\DPS920_final_project\IMG\right_2026_08_01_19_51_29_634.jpg,-0.1992481,1.0,0.0,30.18956
D:\DPS 920\DPS920_final_project\IMG\center_2026_08_01_20_01_05_139.jpg,D:\DPS 920\DPS920_final_project\IMG\left_2026_08_01_20_01_05_139.jpg,D:\DPS 920\DPS920_final_project\IMG\right_2026_08_01_20_01_05_139.jpg,0.06390978,1.0,0.0,30.18976
D:\DPS 920\DPS920_final_project\IMG\center_2026_08_01_19_52_07_715.jpg,D:\DPS 920\DPS920_final_project\IMG\left_2026_08_01_19_52_07_715.jpg,D:\DPS 920\DPS920_final_project\IMG\right_2026_08_01_19_52_07_715.jpg,-0.01503759,1.0,0.0,30.1903
D:\DPS 920\DPS920_final_project\IMG\center_2026_08_01_19_52_53_488.jpg,D:\DPS 920\DPS920_final_project\IMG\left_2026_08_01_19_52_53_488.jpg,D:\DPS 920\DPS920_final_project\IMG\right_2026_08_01_19_52_53_488.jpg,-0.1503759,1.0,0.0,30.18958
D:\DPS 920\DPS920_final_project\IMG\center_2026_08_01_19_53_19_040.jpg,D:\DPS 920\DPS920_final_project\IMG\left_2026_08_01_19_53_19_040.jpg,D:\DPS 920\DPS920_final_project\IMG\right_2026_08_01_19_53_19_040.jpg,-0.07894737,1.0,0.0,30.19003
D:\DPS 920\DPS920_final_project\IMG\center_2026_08_01_19_59_43_135.jpg,D:\DPS 920\DPS920_final_project\IMG\left_2026_08_01_19_59_43_135.jpg,D:\DPS 920\DPS920_final_project\IMG\right_2026_08_01_19_59_43_135.jpg,0.01503759,1.0,0.0,30.19028
D:\DPS 920\DPS920_final_project\IMG\center_2026_08_01_19_52_26_585.jpg,D:\DPS 920\DPS920_final_project\IMG\left_2026_08_01_19_52_26_585.jpg,D:\DPS 920\DPS920_final_project\IMG\right_2026_08_01_19_52_26_585.jpg,-0.05639098,1.0,0.0,30.19012
D:\DPS 920\DPS920_final_project\IMG\center_2026_08_01_19_53_13_160.jpg,D:\DPS 920\DPS920_final_project\IMG\left_2026_08_01_19_53_13_160.jpg,D:\DPS 920\DPS920_final_project\IMG\right_2026_08_01_19_53_13_160.jpg,-0.1466165,1.0,0.0,30.18983
D:\DPS 920\DPS920_final_project\IMG\center_2026_08_01_19_51_49_540.jpg,D:\DPS 920\DPS920_final_project\IMG\left_2026_08_01_19_51_49_540.jpg,D:\DPS 920\DPS920_final_project\IMG\right_2026_08_01_19_51_49_540.jpg,-0.1503759,1.0,0.0,30.19025
D:\DPS 920\DPS920_final_project\IMG\center_2026_08_01_19_58_54_697.jpg,D:\DPS 920\DPS920_final_project\IMG\left_2026_08_01_19_58_54_697.jpg,D:\DPS 920\DPS920_final_project\IMG\right_2026_08_01_19_58_54_697.jpg,0.06390978,1.0,0.0,30.19011
D:\DPS 920\DPS920_final_project\IMG\center_2026_08_01_19_54_25_655.jpg,D:\DPS 920\DPS920_final_project\IMG\left_2026_08_01_19_54_25_655.jpg,D:\DPS 920\DPS920_final_project\IMG\right_2026_08_01_19_54_25_655.jpg,0.131579,1.0,0.0,30.18955
D:\DPS 920\DPS920_final_project\IMG\center_2026_08_01_19_51_05_868.jpg,D:\DPS 920\DPS920_final_project\IMG\left_2026_08_01_19_51_05_868.jpg,D:\DPS 920\DPS920_final_project\IMG\right_2026_08_01_19_51_05_868.jpg,-0.09398497,1.0,0.0,30.1901
D:\DPS 920\DPS920_final_project\IMG\center_2026_08_01_20_00_55_119.jpg,D:\DPS 920\DPS920_final_project\IMG\left_2026_08_01_20_00_55_119.jpg,D:\DPS 920\DPS920_final_project\IMG\right_2026_08_01_20_00_55_119.jpg,0.06390978,1.0,0.0,30.19004
D:\DPS 920\DPS920_final_project\IMG\center_2026_08_01_19_57_53_828.jpg,D:\DPS 920\DPS920_final_project\IMG\left_2026_08_01_19_57_53_828.jpg,D:\DPS 920\DPS920_final_project\IMG\right_2026_08_01_19_57_53_828.jpg,-0.3345865,1.0,0.0,30.18408
D:\DPS 920\DPS920_final_project\IMG\center_2026_08_01_20_01_06_015.jpg,D:\DPS 920\DPS920_final_project\IMG\left_2026_08_01_20_01_06_015.jpg,D:\DPS 920\DPS920_final_project\IMG\right_2026_08_01_20_01_06_015.jpg,0.1052632,1.0,0.0,30.18966
D:\DPS 920\DPS920_final_project\IMG\center_2026_08_01_20_00_53_914.jpg,D:\DPS 920\DPS920_final_project\IMG\left_2026_08_01_20_00_53_914.jpg,D:\DPS 920\DPS920_final_project\IMG\right_2026_08_01_20_00_53_914.jpg,0.03383459,1.0,0.0,30.19061
D:\DPS 920\DPS920_final_project\IMG\center_2026_08_01_19_51_56_910.jpg,D:\DPS 920\DPS920_final_project\IMG\left_2026_08_01_19_51_56_910.jpg,D:\DPS 920\DPS920_final_project\IMG\right_2026_08_01_19_51_56_910.jpg,-0.08270676,1.0,0.0,30.1901
D:\DPS 920\DPS920_final_project\IMG\center_2026_08_01_20_01_55_593.jpg,D:\DPS 920\DPS920_final_project\IMG\left_2026_08_01_20_01_55_593.jpg,D:\DPS 920\DPS920_final_project\IMG\right_2026_08_01_20_01_55_593.jpg,0.1917293,1.0,0.0,30.18949
D:\DPS 920\DPS920_final_project\IMG\center_2026_08_01_19_53_13_995.jpg,D:\DPS 920\DPS920_final_project\IMG\left_2026_08_01_19_53_13_995.jpg,D:\DPS 920\DPS920_final_project\IMG\right_2026_08_01_19_53_13_995.jpg,-0.2105263,1.0,0.0,30.18737
D:\DPS 920\DPS920_final_project\IMG\center_2026_08_01_19_51_29_134.jpg,D:\DPS 920\DPS920_final_project\IMG\left_2026_08_01_19_51_29_134.jpg,D:\DPS 920\DPS920_final_project\IMG\right_2026_08_01_19_51_29_134.jpg,-0.1992481,1.0,0.0,30.18654
D:\DPS 920\DPS920_final_project\IMG\center_2026_08_01_19_58_04_256.jpg,D:\DPS 920\DPS920_final_project\IMG\left_2026_08_01_19_58_04_256.jpg,D:\DPS 920\DPS920_final_project\IMG\right_2026_08_01_19_58_04_256.jpg,0.2180451,1.0,0.0,30.18942
D:\DPS 920\DPS920_final_project\IMG\center_2026_08_01_19_57_57_435.jpg,D:\DPS 920\DPS920_final_project\IMG\left_2026_08_01_19_57_57_435.jpg,D:\DPS 920\DPS920_final_project\IMG\right_2026_08_01_19_57_57_435.jpg,0.04511278,1.0,0.0,30.19001
D:\DPS 920\DPS920_final_project\IMG\center_2026_08_01_19_59_50_494.jpg,D:\DPS 920\DPS920_final_project\IMG\left_2026_08_01_19_59_50_494.jpg,D:\DPS 920\DPS920_final_project\IMG\right_2026_08_01_19_59_50_494.jpg,0.09774436,1.0,0.0,30.18938
D:\DPS 920\DPS920_final_project\IMG\center_2026_08_01_19_59_22_134.jpg,D:\DPS 920\DPS920_final_project\IMG\left_2026_08_01_19_59_22_134.jpg,D:\DPS 920\DPS920_final_project\IMG\right_2026_08_01_19_59_22_134.jpg,0.04135338,1.0,0.0,30.19011
D:\DPS 920\DPS920_final_project\IMG\center_2026_08_01_19_58_59_507.jpg,D:\DPS 920\DPS920_final_project\IMG\left_2026_08_01_19_58_59_507.jpg,D:\DPS 920\DPS920_final_project\IMG\right_2026_08_01_19_58_59_507.jpg,0.07142857,1.0,0.0,30.19021
D:\DPS 920\DPS920_final_project\IMG\center_2026_08_01_19_59_57_939.jpg,D:\DPS 920\DPS920_final_project\IMG\left_2026_08_01_19_59_57_939.jpg,D:\DPS 920\DPS920_final_project\IMG\right_2026_08_01_19_59_57_939.jpg,0.03759398,1.0,0.0,30.19027
D:\DPS 920\DPS920_final_project\IMG\center_2026_08_01_20_01_38_167.jpg,D:\DPS 920\DPS920_final_project\IMG\left_2026_08_01_20_01_38_167.jpg,D:\DPS 920\DPS920_final_project\IMG\right_2026_08_01_20_01_38_167.jpg,0.01879699,1.0,0.0,30.19029
D:\DPS 920\DPS920_final_project\IMG\center_2026_08_01_19_59_19_017.jpg,D:\DPS 920\DPS920_final_project\IMG\left_2026_08_01_19_59_19_017.jpg,D:\DPS 920\DPS920_final_project\IMG\right_2026_08_01_19_59_19_017.jpg,-0.1278196,1.0,0.0,30.19028
D:\DPS 920\DPS920_final_project\IMG\center_2026_08_01_20_01_19_887.jpg,D:\DPS 920\DPS920_final_project\IMG\left_2026_08_01_20_01_19_887.jpg,D:\DPS 920\DPS920_final_project\IMG\right_2026_08_01_20_01_19_887.jpg,0.03759398,1.0,0.0,30.19
D:\DPS 920\DPS920_final_project\IMG\center_2026_08_01_19_53_37_847.jpg,D:\DPS 920\DPS920_final_project\IMG\left_2026_08_01_19_53_37_847.jpg,D:\DPS 920\DPS920_final_project\IMG\right_2026_08_01_19_53_37_847.jpg,-0.02631579,1.0,0.0,30.19026
D:\DPS 920\DPS920_final_project\IMG\center_2026_08_01_19_53_48_870.jpg,D:\DPS 920\DPS920_final_project\IMG\left_2026_08_01_19_53_48_870.jpg,D:\DPS 920\DPS920_final_project\IMG\right_2026_08_01_19_53_48_870.jpg,-0.05639098,1.0,0.0,30.19021
D:\DPS 920\DPS920_final_project\IMG\center_2026_08_01_19_50_31_502.jpg,D:\DPS 920\DPS920_final_project\IMG\left_2026_08_01_19_50_31_502.jpg,D:\DPS 920\DPS920_final_project\IMG\right_2026_08_01_19_50_31_502.jpg,-0.04511278,1.0,0.0,30.19026
D:\DPS 920\DPS920_final_project\IMG\center_2026_08_01_19_59_16_431.jpg,D:\DPS 920\DPS920_final_project\IMG\left_2026_08_01_19_59_16_431.jpg,D:\DPS 920\DPS920_final_project\IMG\right_2026_08_01_19_59_16_431.jpg,-0.1428571,1.0,0.0,30.18923
D:\DPS 920\DPS920_final_project\IMG\center_2026_08_01_19_51_55_812.jpg,D:\DPS 920\DPS920_final_project\IMG\left_2026_08_01_19_51_55_812.jpg,D:\DPS 920\DPS920_final_project\IMG\right_2026_08_01_19_51_55_812.jpg,-0.06390978,1.0,0.0,30.19013
D:\DPS 920\DPS920_final_project\IMG\center_2026_08_01_19_58_31_805.jpg,D:\DPS 920\DPS920_final_project\IMG\left_2026_08_01_19_58_31_805.jpg,D:\DPS 920\DPS920_final_project\IMG\right_2026_08_01_19_58_31_805.jpg,0.07518797,1.0,0.0,30.19
D:\DPS 920\DPS920_final_project\IMG\center_2026_08_01_19_53_05_065.jpg,D:\DPS 920\DPS920_final_project\IMG\left_2026_08_01_19_53_05_065.jpg,D:\DPS 920\DPS920_final_project\IMG\right_2026_08_01_19_53_05_065.jpg,-0.131579,1.0,0.0,30.18098
D:\DPS 920\DPS920_final_project\IMG\center_2026_08_01_19_58_29_725.jpg,D:\DPS 920\DPS920_final_project\IMG\left_2026_08_01_19_58_29_725.jpg,D:\DPS 920\DPS920_final_project\IMG\right_2026_08_01_19_58_29_725.jpg,0.06015037,1.0,0.0,30.19036
D:\DPS 920\DPS920_final_project\IMG\center_2026_08_01_19_59_10_113.jpg,D:\DPS 920\DPS920_final_project\IMG\left_2026_08_01_19_59_10_113.jpg,D:\DPS 920\DPS920_final_project\IMG\right_2026_08_01_19_59_10_113.jpg,0.07894737,1.0,0.0,30.19018
D:\DPS 920\DPS920_final_project\IMG\center_2026_08_01_20_00_06_400.jpg,D:\DPS 920\DPS920_final_project\IMG\left_2026_08_01_20_00_06_400.jpg,D:\DPS 920\DPS920_final_project\IMG\right_2026_08_01_20_00_06_400.jpg,0.02255639,1.0,0.0,30.19028
D:\DPS 920\DPS920_final_project\IMG\center_2026_08_01_19_58_27_900.jpg,D:\DPS 920\DPS920_final_project\IMG\left_2026_08_01_19_58_27_900.jpg,D:\DPS 920\DPS920_final_project\IMG\right_2026_08_01_19_58_27_900.jpg,0.07518797,1.0,0.0,30.19005
D:\DPS 920\DPS920_final_project\IMG\center_2026_08_01_19_54_29_574.jpg,D:\DPS 920\DPS920_final_project\IMG\left_2026_08_01_19_54_29_574.jpg,D:\DPS 920\DPS920_final_project\IMG\right_2026_08_01_19_54_29_574.jpg,-0.003759398,1.0,0.0,30.19035
D:\DPS 920\DPS920_final_project\IMG\center_2026_08_01_19_54_40_613.jpg,D:\DPS 920\DPS920_final_project\IMG\left_2026_08_01_19_54_40_613.jpg,D:\DPS 920\DPS920_final_project\IMG\right_2026_08_01_19_54_40_613.jpg,-0.03383459,1.0,0.0,30.19053
D:\DPS 920\DPS920_final_project\IMG\center_2026_08_01_19_58_19_015.jpg,D:\DPS 920\DPS920_final_project\IMG\left_2026_08_01_19_58_19_015.jpg,D:\DPS 920\DPS920_final_project\IMG\right_2026_08_01_19_58_19_015.jpg,0.01879699,1.0,0.0,30.19029
D:\DPS 920\DPS920_final_project\IMG\center_2026_08_01_20_00_32_366.jpg,D:\DPS 920\DPS920_final_project\IMG\left_2026_08_01_20_00_32_366.jpg,D:\DPS 920\DPS920_final_project\IMG\right_2026_08_01_20_00_32_366.jpg,0.2030075,1.0,0.0,30.19003
D:\DPS 920\DPS920_final_project\IMG\center_2026_08_01_20_00_48_387.jpg,D:\DPS 920\DPS920_final_project\IMG\left_2026_08_01_20_00_48_387.jpg,D:\DPS 920\DPS920_final_project\IMG\right_2026_08_01_20_00_48_387.jpg,0.04887218,1.0,0.0,30.1902
D:\DPS 920\DPS920_final_project\IMG\center_2026_08_01_19_53_50_142.jpg,D:\DPS 920\DPS920_final_project\IMG\left_2026_08_01_19_53_50_142.jpg,D:\DPS 920\DPS920_final_project\IMG\right_2026_08_01_19_53_50_142.jpg,-0.07894737,1.0,0.0,30.19014
D:\DPS 920\DPS920_final_project\IMG\center_2026_08_01_19_58_58_074.jpg,D:\DPS 920\DPS920_final_project\IMG\left_2026_08_01_19_58_58_074.jpg,D:\DPS 920\DPS920_final_project\IMG\right_2026_08_01_19_58_58_074.jpg,0.05639098,1.0,0.0,30.19009
D:\DPS 920\DPS920_final_project\IMG\center_2026_08_01_19_59_28_234.jpg,D:\DPS 920\DPS920_final_project\IMG\left_2026_08_01_19_59_28_234.jpg,D:\DPS 920\DPS920_final_project\IMG\right_2026_08_01_19_59_28_234.jpg,0.2142857,1.0,0.0,30.18956
D:\DPS 920\DPS920_final_project\IMG\center_2026_08_01_19_52_50_002.jpg,D:\DPS 920\DPS920_final_project\IMG\left_2026_08_01_19_52_50_002.jpg,D:\DPS 920\DPS920_final_project\IMG\right_2026_08_01_19_52_50_002.jpg,-0.03007519,1.0,0.0,30.19019
D:\DPS 920\DPS920_final_project\IMG\center_2026_08_01_20_01_55_066.jpg,D:\DPS 920\DPS920_final_project\IMG\left_2026_08_01_20_01_55_066.jpg,D:\DPS 920\DPS920_final_project\IMG\right_2026_08_01_20_01_55_066.jpg,0.1578947,1.0,0.0,30.18971
D:\DPS 920\DPS920_final_project\IMG\center_2026_08_01_20_01_56_595.jpg,D:\DPS 920\DPS920_final_project\IMG\left_2026_08_01_20_01_56_595.jpg,D:\DPS 920\DPS920_final_project\IMG\right_2026_08_01_20_01_56_595.jpg,0.1428571,1.0,0.0,30.19044
D:\DPS 920\DPS920_final_project\IMG\center_2026_08_01_19_51_55_573.jpg,D:\DPS 920\DPS920_final_project\IMG\left_2026_08_01_19_51_55_573.jpg,D:\DPS 920\DPS920_final_project\IMG\right_2026_08_01_19_51_55_573.jpg,-0.04887218,1.0,0.0,30.19023
D:\DPS 920\DPS920_final_project\IMG\center_2026_08_01_20_01_18_736.jpg,D:\DPS 920\DPS920_final_project\IMG\left_2026_08_01_20_01_18_736.jpg,D:\DPS 920\DPS920_final_project\IMG\right_2026_08_01_20_01_18_736.jpg,0.04135338,1.0,0.0,30.19039
D:\DPS 920\DPS920_final_project\IMG\center_2026_08_01_19_54_19_516.jpg,D:\DPS 920\DPS920_final_project\IMG\left_2026_08_01_19_54_19_516.jpg,D:\DPS 920\DPS920_final_project\IMG\right_2026_08_01_19_54_19_516.jpg,-0.1015038,1.0,0.0,30.19028
D:\DPS 920\DPS920_final_project\IMG\center_2026_08_01_19_50_49_042.jpg,D:\DPS 920\DPS920_final_project\IMG\left_2026_08_01_19_50_49_042.jpg,D:\DPS 920\DPS920_final_project\IMG\right_2026_08_01_19_50_49_042.jpg,-0.01503759,1.0,0.0,30.19029
D:\DPS 920\DPS920_final_project\IMG\center_2026_08_01_19_51_40_170.jpg,D:\DPS 920\DPS920_final_project\IMG\left_2026_08_01_19_51_40_170.jpg,D:\DPS 920\DPS920_final_project\IMG\right_2026_08_01_19_51_40_170.jpg,0.2218045,1.0,0.0,30.1896
D:\DPS 920\DPS920_final_project\IMG\center_2026_08_01_19_58_04_398.jpg,D:\DPS 920\DPS920_final_project\IMG\left_2026_08_01_19_58_04_398.jpg,D:\DPS 920\DPS920_final_project\IMG\right_2026_08_01_19_58_04_398.jpg,0.2180451,1.0,0.0,30.19036
D:\DPS 920\DPS920_final_project\IMG\center_2026_08_01_19_57_59_532.jpg,D:\DPS 920\DPS920_final_project\IMG\left_2026_08_01_19_57_59_532.jpg,D:\DPS 920\DPS920_final_project\IMG\right_2026_08_01_19_57_59_532.jpg,0.03007519,1.0,0.0,30.19029
D:\DPS 920\DPS920_final_project\IMG\center_2026_08_01_19_57_37_632.jpg,D:\DPS 920\DPS920_final_project\IMG\left_2026_08_01_19_57_37_632.jpg,D:\DPS 920\DPS920_final_project\IMG\right_2026_08_01_19_57_37_632.jpg,0.2781955,1.0,0.0,27.35919
D:\DPS 920\DPS920_final_project\IMG\center_2026_08_01_19_51_28_999.jpg,D:\DPS 920\DPS920_final_project\IMG\left_2026_08_01_19_51_28_999.jpg,D:\DPS 920\DPS920_final_project\IMG\right_2026_08_01_19_51_28_999.jpg,-0.1992481,1.0,0.0,30.18909
D:\DPS 920\DPS920_final_project\IMG\center_2026_08_01_19_57_52_563.jpg,D:\DPS 920\DPS920_final_project\IMG\left_2026_08_01_19_57_52_563.jpg,D:\DPS 920\DPS920_final_project\IMG\right_2026_08_01_19_57_52_563.jpg,-0.2293233,1.0,0.0,30.18729
D:\DPS 920\DPS920_final_project\IMG\center_2026_08_01_20_00_23_764.jpg,D:\DPS 920\DPS920_final_project\IMG\left_2026_08_01_20_00_23_764.jpg,D:\DPS 920\DPS920_final_project\IMG\right_2026_08_01_20_00_23_764.jpg,0.06015037,1.0,0.0,30.19047
D:\DPS 920\DPS920_final_project\IMG\center_2026_08_01_19_51_52_887.jpg,D:\DPS 920\DPS920_final_project\IMG\left_2026_08_01_19_51_52_887.jpg,D:\DPS 920\DPS920_final_project\IMG\right_2026_08_01_19_51_52_887.jpg,-0.09398497,1.0,0.0,30.1892
D:\DPS 920\DPS920_final_project\IMG\center_2026_08_01_19_54_11_351.jpg,D:\DPS 920\DPS920_final_project\IMG\left_2026_08_01_19_54_11_351.jpg,D:\DPS 920\DPS920_final_project\IMG\right_2026_08_01_19_54_11_351.jpg,-0.02631579,1.0,0.0,30.19004
D:\DPS 920\DPS920_final_project\IMG\center_2026_08_01_19_58_01_388.jpg,D:\DPS 920\DPS920_final_project\IMG\left_2026_08_01_19_58_01_388.jpg,D:\DPS 920\DPS920_final_project\IMG\right_2026_08_01_19_58_01_388.jpg,0.03759398,1.0,0.0,30.19032
D:\DPS 920\DPS920_final_project\IMG\center_2026_08_01_19_57_41_904.jpg,D:\DPS 920\DPS920_final_project\IMG\left_2026_08_01_19_57_41_904.jpg,D:\DPS 920\DPS920_final_project\IMG\right_2026_08_01_19_57_41_904.jpg,0.131579,1.0,0.0,30.18946
D:\DPS 920\DPS920_final_project\IMG\center_2026_08_01_20_01_15_425.jpg,D:\DPS 920\DPS920_final_project\IMG\left_2026_08_01_20_01_15_425.jpg,D:\DPS 920\DPS920_final_project\IMG\right_2026_08_01_20_01_15_425.jpg,0.1165414,1.0,0.0,30.18948
D:\DPS 920\DPS920_final_project\IMG\center_2026_08_01_19_53_43_496.jpg,D:\DPS 920\DPS920_final_project\IMG\left_2026_08_01_19_53_43_496.jpg,D:\DPS 920\DPS920_final_project\IMG\right_2026_08_01_19_53_43_496.jpg,-0.01879699,1.0,0.0,30.1903
D:\DPS 920\DPS920_final_project\IMG\center_2026_08_01_20_02_11_823.jpg,D:\DPS 920\DPS920_final_project\IMG\left_2026_08_01_20_02_11_823.jpg,D:\DPS 920\DPS920_final_project\IMG\right_2026_08_01_20_02_11_823.jpg,0.03383459,1.0,0.0,30.19006
D:\DPS 920\DPS920_final_project\IMG\center_2026_08_01_19_53_45_167.jpg,D:\DPS 920\DPS920_final_project\IMG\left_2026_08_01_19_53_45_167.jpg,D:\DPS 920\DPS920_final_project\IMG\right_2026_08_01_19_53_45_167.jpg,-0.01879699,1.0,0.0,30.19027
D:\DPS 920\DPS920_final_project\IMG\center_2026_08_01_19_59_28_023.jpg,D:\DPS 920\DPS920_final_project\IMG\left_2026_08_01_19_59_28_023.jpg,D:\DPS 920\DPS920_final_project\IMG\right_2026_08_01_19_59_28_023.jpg,0.2142857,1.0,0.0,30.1893
D:\DPS 920\DPS920_final_project\IMG\center_2026_08_01_19_59_06_691.jpg,D:\DPS 920\DPS920_final_project\IMG\left_2026_08_01_19_59_06_691.jpg,D:\DPS 920\DPS920_final_project\IMG\right_2026_08_01_19_59_06_691.jpg,0.1804511,1.0,0.0,30.18758
D:\DPS 920\DPS920_final_project\IMG\center_2026_08_01_19_53_12_522.jpg,D:\DPS 920\DPS920_final_project\IMG\left_2026_08_01_19_53_12_522.jpg,D:\DPS 920\DPS920_final_project\IMG\right_2026_08_01_19_53_12_522.jpg,-0.1466165,1.0,0.0,30.18944
D:\DPS 920\DPS920_final_project\IMG\center_2026_08_01_19_59_55_767.jpg,D:\DPS 920\DPS920_final_project\IMG\left_2026_08_01_19_59_55_767.jpg,D:\DPS 920\DPS920_final_project\IMG\right_2026_08_01_19_59_55_767.jpg,0.04135338,1.0,0.0,30.19024
D:\DPS 920\DPS920_final_project\IMG\center_2026_08_01_19_51_51_475.jpg,D:\DPS 920\DPS920_final_project\IMG\left_2026_08_01_19_51_51_475.jpg,D:\DPS 920\DPS920_final_project\IMG\right_2026_08_01_19_51_51_475.jpg,-0.1503759,1.0,0.0,30.19033
D:\DPS 920\DPS920_final_project\IMG\center_2026_08_01_19_59_49_106.jpg,D:\DPS 920\DPS920_final_project\IMG\left_2026_08_01_19_59_49_106.jpg,D:\DPS 920\DPS920_final_project\IMG\right_2026_08_01_19_59_49_106.jpg,0.08646616,1.0,0.0,30.19019
D:\DPS 920\DPS920_final_project\IMG\center_2026_08_01_19_57_45_316.jpg,D:\DPS 920\DPS920_final_project\IMG\left_2026_08_01_19_57_45_316.jpg,D:\DPS 920\DPS920_final_project\IMG\right_2026_08_01_19_57_45_316.jpg,0.1766917,1.0,0.0,30.1908
D:\DPS 920\DPS920_final_project\IMG\center_2026_08_01_20_01_36_048.jpg,D:\DPS 920\DPS920_final_project\IMG\left_2026_08_01_20_01_36_048.jpg,D:\DPS 920\DPS920_final_project\IMG\right_2026_08_01_20_01_36_048.jpg,0.007518797,1.0,0.0,30.1903
D:\DPS 920\DPS920_final_project\IMG\center_2026_08_01_19_59_23_682.jpg,D:\DPS 920\DPS920_final_project\IMG\left_2026_08_01_19_59_23_682.jpg,D:\DPS 920\DPS920_final_project\IMG\right_2026_08_01_19_59_23_682.jpg,-0.04135338,1.0,0.0,30.19015
D:\DPS 920\DPS920_final_project\IMG\center_2026_08_01_20_00_30_844.jpg,D:\DPS 920\DPS920_final_project\IMG\left_2026_08_01_20_00_30_844.jpg,D:\DPS 920\DPS920_final_project\IMG\right_2026_08_01_20_00_30_844.jpg,0.2067669,1.0,0.0,30.18774
D:\DPS 920\DPS920_final_project\IMG\center_2026_08_01_20_01_05_794.jpg,D:\DPS 920\DPS920_final_project\IMG\left_2026_08_01_20_01_05_794.jpg,D:\DPS 920\DPS920_final_project\IMG\right_2026_08_01_20_01_05_794.jpg,0.05263158,1.0,0.0,30.18973
D:\DPS 920\DPS920_final_project\IMG\center_2026_08_01_19_58_30_479.jpg,D:\DPS 920\DPS920_final_project\IMG\left_2026_08_01_19_58_30_479.jpg,D:\DPS 920\DPS920_final_project\IMG\right_2026_08_01_19_58_30_479.jpg,0.08270676,1.0,0.0,30.19027
D:\DPS 920\DPS920_final_project\IMG\center_2026_08_01_19_57_37_349.jpg,D:\DPS 920\DPS920_final_project\IMG\left_2026_08_01_19_57_37_349.jpg,D:\DPS 920\DPS920_final_project\IMG\right_2026_08_01_19_57_37_349.jpg,0.2481203,1.0,0.0,24.73428
D:\DPS 920\DPS920_final_project\IMG\center_2026_08_01_19_53_29_101.jpg,D:\DPS 920\DPS920_final_project\IMG\left_2026_08_01_19_53_29_101.jpg,D:\DPS 920\DPS920_final_project\IMG\right_2026_08_01_19_53_29_101.jpg,-0.01503759,1.0,0.0,30.19021
D:\DPS 920\DPS920_final_project\IMG\center_2026_08_01_19_54_18_475.jpg,D:\DPS 920\DPS920_final_project\IMG\left_2026_08_01_19_54_18_475.jpg,D:\DPS 920\DPS920_final_project\IMG\right_2026_08_01_19_54_18_475.jpg,-0.1578947,1.0,0.0,30.19005
D:\DPS 920\DPS920_final_project\IMG\center_2026_08_01_20_01_36_272.jpg,D:\DPS 920\DPS920_final_project\IMG\left_2026_08_01_20_01_36_272.jpg,D:\DPS 920\DPS920_final_project\IMG\right_2026_08_01_20_01_36_272.jpg,0.007518797,1.0,0.0,30.19029
D:\DPS 920\DPS920_final_project\IMG\center_2026_08_01_19_57_42_955.jpg,D:\DPS 920\DPS920_final_project\IMG\left_2026_08_01_19_57_42_955.jpg,D:\DPS 920\DPS920_final_project\IMG\right_2026_08_01_19_57_42_955.jpg,0.1090226,1.0,0.0,30.19047
D:\DPS 920\DPS920_final_project\IMG\center_2026_08_01_19_58_28_420.jpg,D:\DPS 920\DPS920_final_project\IMG\left_2026_08_01_19_58_28_420.jpg,D:\DPS 920\DPS920_final_project\IMG\right_2026_08_01_19_58_28_420.jpg,0.06390978,1.0,0.0,30.19053
D:\DPS 920\DPS920_final_project\IMG\center_2026_08_01_19_58_42_690.jpg,D:\DPS 920\DPS920_final_project\IMG\left_2026_08_01_19_58_42_690.jpg,D:\DPS 920\DPS920_final_project\IMG\right_2026_08_01_19_58_42_690.jpg,0.01879699,1.0,0.0,30.19028
D:\DPS 920\DPS920_final_project\IMG\center_2026_08_01_19_57_46_404.jpg,D:\DPS 920\DPS920_final_project\IMG\left_2026_08_01_19_57_46_404.jpg,D:\DPS 920\DPS920_final_project\IMG\right_2026_08_01_19_57_46_404.jpg,0.04887218,1.0,0.0,30.19045
D:\DPS 920\DPS920_final_project\IMG\center_2026_08_01_19_51_50_402.jpg,D:\DPS 920\DPS920_final_project\IMG\left_2026_08_01_19_51_50_402.jpg,D:\DPS 920\DPS920_final_project\IMG\right_2026_08_01_19_51_50_402.jpg,-0.1691729,1.0,0.0,30.18952
D:\DPS 920\DPS920_final_project\IMG\center_2026_08_01_19_57_39_973.jpg,D:\DPS 920\DPS920_final_project\IMG\left_2026_08_01_19_57_39_973.jpg,D:\DPS 920\DPS920_final_project\IMG\right_2026_08_01_19_57_39_973.jpg,0.1015038,1.0,0.0,30.18991
D:\DPS 920\DPS920_final_project\IMG\center_2026_08_01_19_51_40_966.jpg,D:\DPS 920\DPS920_final_project\IMG\left_2026_08_01_19_51_40_966.jpg,D:\DPS 920\DPS920_final_project\IMG\right_2026_08_01_19_51_40_966.jpg,0.05639098,1.0,0.0,30.19094
D:\DPS 920\DPS920_final_project\IMG\center_2026_08_01_19_53_54_746.jpg,D:\DPS 920\DPS920_final_project\IMG\left_2026_08_01_19_53_54_746.jpg,D:\DPS 920\DPS920_final_project\IMG\right_2026_08_01_19_53_54_746.jpg,-0.09398497,1.0,0.0,30.19008
D:\DPS 920\DPS920_final_project\IMG\center_2026_08_01_19_51_59_217.jpg,D:\DPS 920\DPS920_final_project\IMG\left_2026_08_01_19_51_59_217.jpg,D:\DPS 920\DPS920_final_project\IMG\right_2026_08_01_19_51_59_217.jpg,-0.06766918,1.0,0.0,30.19054
D:\DPS 920\DPS920_final_project\IMG\center_2026_08_01_19_58_20_392.jpg,D:\DPS 920\DPS920_final_project\IMG\left_2026_08_01_19_58_20_392.jpg,D:\DPS 920\DPS920_final_project\IMG\right_2026_08_01_19_58_20_392.jpg,0.05639098,1.0,0.0,30.19029
D:\DPS 920\DPS920_final_project\IMG\center_2026_08_01_19_51_29_346.jpg,D:\DPS 920\DPS920_final_project\IMG\left_2026_08_01_19_51_29_346.jpg,D:\DPS 920\DPS920_final_project\IMG\right_2026_08_01_19_51_29_346.jpg,-0.1992481,1.0,0.0,30.18937
D:\DPS 920\DPS920_final_project\IMG\center_2026_08_01_19_59_46_371.jpg,D:\DPS 920\DPS920_final_project\IMG\left_2026_08_01_19_59_46_371.jpg,D:\DPS 920\DPS920_final_project\IMG\right_2026_08_01_19_59_46_371.jpg,0.04135338,1.0,0.0,30.19039
D:\DPS 920\DPS920_final_project\IMG\center_2026_08_01_19_59_45_442.jpg,D:\DPS 920\DPS920_final_project\IMG\left_2026_08_01_19_59_45_442.jpg,D:\DPS 920\DPS920_final_project\IMG\right_2026_08_01_19_59_45_442.jpg,0.03759398,1.0,0.0,30.1906
D:\DPS 920\DPS920_final_project\IMG\center_2026_08_01_20_01_28_825.jpg,D:\DPS 920\DPS920_final_project\IMG\left_2026_08_01_20_01_28_825.jpg,D:\DPS 920\DPS920_final_project\IMG\right_2026_08_01_20_01_28_825.jpg,0.0112782,1.0,0.0,30.19029
D:\DPS 920\DPS920_final_project\IMG\center_2026_08_01_19_54_37_432.jpg,D:\DPS 920\DPS920_final_project\IMG\left_2026_08_01_19_54_37_432.jpg,D:\DPS 920\DPS920_final_project\IMG\right_2026_08_01_19_54_37_432.jpg,-0.1578947,1.0,0.0,30.19008
D:\DPS 920\DPS920_final_project\IMG\center_2026_08_01_19_53_16_365.jpg,D:\DPS 920\DPS920_final_project\IMG\left_2026_08_01_19_53_16_365.jpg,D:\DPS 920\DPS920_final_project\IMG\right_2026_08_01_19_53_16_365.jpg,-0.09774436,1.0,0.0,30.1896
D:\DPS 920\DPS920_final_project\IMG\center_2026_08_01_20_01_50_055.jpg,D:\DPS 920\DPS920_final_project\IMG\left_2026_08_01_20_01_50_055.jpg,D:\DPS 920\DPS920_final_project\IMG\right_2026_08_01_20_01_50_055.jpg,0.07142857,1.0,0.0,30.19019
D:\DPS 920\DPS920_final_project\IMG\center_2026_08_01_20_01_12_861.jpg,D:\DPS 920\DPS920_final_project\IMG\left_2026_08_01_20_01_12_861.jpg,D:\DPS 920\DPS920_final_project\IMG\right_2026_08_01_20_01_12_861.jpg,0.1428571,1.0,0.0,30.18936
D:\DPS 920\DPS920_final_project\IMG\center_2026_08_01_19_51_06_970.jpg,D:\DPS 920\DPS920_final_project\IMG\left_2026_08_01_19_51_06_970.jpg,D:\DPS 920\DPS920_final_project\IMG\right_2026_08_01_19_51_06_970.jpg,-0.112782,1.0,0.0,30.18984
D:\DPS 920\DPS920_final_project\IMG\center_2026_08_01_19_54_36_253.jpg,D:\DPS 920\DPS920_final_project\IMG\left_2026_08_01_19_54_36_253.jpg,D:\DPS 920\DPS920_final_project\IMG\right_2026_08_01_19_54_36_253.jpg,-0.2105263,1.0,0.0,30.18853
D:\DPS 920\DPS920_final_project\IMG\center_2026_08_01_19_52_28_894.jpg,D:\DPS 920\DPS920_final_project\IMG\left_2026_08_01_19_52_28_894.jpg,D:\DPS 920\DPS920_final_project\IMG\right_2026_08_01_19_52_28_894.jpg,-0.1165414,1.0,0.0,30.19008
D:\DPS 920\DPS920_final_project\IMG\center_2026_08_01_19_52_52_322.jpg,D:\DPS 920\DPS920_final_project\IMG\left_2026_08_01_19_52_52_322.jpg,D:\DPS 920\DPS920_final_project\IMG\right_2026_08_01_19_52_52_322.jpg,-0.1842105,1.0,0.0,30.18764
D:\DPS 920\DPS920_final_project\IMG\center_2026_08_01_19_53_54_884.jpg,D:\DPS 920\DPS920_final_project\IMG\left_2026_08_01_19_53_54_884.jpg,D:\DPS 920\DPS920_final_project\IMG\right_2026_08_01_19_53_54_884.jpg,-0.09398497,1.0,0.0,30.18967
D:\DPS 920\DPS920_final_project\IMG\center_2026_08_01_20_01_15_347.jpg,D:\DPS 920\DPS920_final_project\IMG\left_2026_08_01_20_01_15_347.jpg,D:\DPS 920\DPS920_final_project\IMG\right_2026_08_01_20_01_15_347.jpg,0.1090226,1.0,0.0,30.18958
D:\DPS 920\DPS920_final_project\IMG\center_2026_08_01_19_58_05_593.jpg,D:\DPS 920\DPS920_final_project\IMG\left_2026_08_01_19_58_05_593.jpg,D:\DPS 920\DPS920_final_project\IMG\right_2026_08_01_19_58_05_593.jpg,0.1353384,1.0,0.0,30.19004
D:\DPS 920\DPS920_final_project\IMG\center_2026_08_01_19_58_47_479.jpg,D:\DPS 920\DPS920_final_project\IMG\left_2026_08_01_19_58_47_479.jpg,D:\DPS 920\DPS920_final_project\IMG\right_2026_08_01_19_58_47_479.jpg,-0.007518797,1.0,0.0,30.19029
D:\DPS 920\DPS920_final_project\IMG\center_2026_08_01_19_58_26_201.jpg,D:\DPS 920\DPS920_final_project\IMG\left_2026_08_01_19_58_26_201.jpg,D:\DPS 920\DPS920_final_project\IMG\right_2026_08_01_19_58_26_201.jpg,0.09398497,1.0,0.0,30.19038
D:\DPS 920\DPS920_final_project\IMG\center_2026_08_01_19_52_39_904.jpg,D:\DPS 920\DPS920_final_project\IMG\left_2026_08_01_19_52_39_904.jpg,D:\DPS 920\DPS920_final_project\IMG\right_2026_08_01_19_52_39_904.jpg,-0.003759398,1.0,0.0,30.1903
D:\DPS 920\DPS920_final_project\IMG\center_2026_08_01_19_57_44_949.jpg,D:\DPS 920\DPS920_final_project\IMG\left_2026_08_01_19_57_44_949.jpg,D:\DPS 920\DPS920_final_project\IMG\right_2026_08_01_19_57_44_949.jpg,0.1729323,1.0,0.0,30.19007
D:\DPS 920\DPS920_final_project\IMG\center_2026_08_01_19_52_33_663.jpg,D:\DPS 920\DPS920_final_project\IMG\left_2026_08_01_19_52_33_663.jpg,D:\DPS 920\DPS920_final_project\IMG\right_2026_08_01_19_52_33_663.jpg,-0.07894737,1.0,0.0,30.19008
D:\DPS 920\DPS920_final_project\IMG\center_2026_08_01_20_02_05_332.jpg,D:\DPS 920\DPS920_final_project\IMG\left_2026_08_01_20_02_05_332.jpg,D:\DPS 920\DPS920_final_project\IMG\right_2026_08_01_20_02_05_332.jpg,-0.1917293,1.0,0.0,30.19303
D:\DPS 920\DPS920_final_project\IMG\center_2026_08_01_19_52_12_218.jpg,D:\DPS 920\DPS920_final_project\IMG\left_2026_08_01_19_52_12_218.jpg,D:\DPS 920\DPS920_final_project\IMG\right_2026_08_01_19_52_12_218.jpg,-0.003759398,1.0,0.0,30.19028
D:\DPS 920\DPS920_final_project\IMG\center_2026_08_01_19_51_46_240.jpg,D:\DPS 920\DPS920_final_project\IMG\left_2026_08_01_19_51_46_240.jpg,D:\DPS 920\DPS920_final_project\IMG\right_2026_08_01_19_51_46_240.jpg,-0.06015037,1.0,0.0,30.19034
D:\DPS 920\DPS920_final_project\IMG\center_2026_08_01_19_58_30_102.jpg,D:\DPS 920\DPS920_final_project\IMG\left_2026_08_01_19_58_30_102.jpg,D:\DPS 920\DPS920_final_project\IMG\right_2026_08_01_19_58_30_102.jpg,0.06015037,1.0,0.0,30.19033
D:\DPS 920\DPS920_final_project\IMG\center_2026_08_01_19_59_59_153.jpg,D:\DPS 920\DPS920_final_project\IMG\left_2026_08_01_19_59_59_153.jpg,D:\DPS 920\DPS920_final_project\IMG\right_2026_08_01_19_59_59_153.jpg,0.01503759,1.0,0.0,30.19032
D:\DPS 920\DPS920_final_project\IMG\center_2026_08_01_19_52_54_309.jpg,D:\DPS 920\DPS920_final_project\IMG\left_2026_08_01_19_52_54_309.jpg,D:\DPS 920\DPS920_final_project\IMG\right_2026_08_01_19_52_54_309.jpg,-0.1992481,1.0,0.0,30.19004
D:\DPS 920\DPS920_final_project\IMG\center_2026_08_01_19_52_31_632.jpg,D:\DPS 920\DPS920_final_project\IMG\left_2026_08_01_19_52_31_632.jpg,D:\DPS 920\DPS920_final_project\IMG\right_2026_08_01_19_52_31_632.jpg,-0.1015038,1.0,0.0,30.18991
D:\DPS 920\DPS920_final_project\IMG\center_2026_08_01_20_01_07_943.jpg,D:\DPS 920\DPS920_final_project\IMG\left_2026_08_01_20_01_07_943.jpg,D:\DPS 920\DPS920_final_project\IMG\right_2026_08_01_20_01_07_943.jpg,0.03383459,1.0,0.0,30.19017
D:\DPS 920\DPS920_final_project\IMG\center_2026_08_01_20_02_04_829.jpg,D:\DPS 920\DPS920_final_project\IMG\left_2026_08_01_20_02_04_829.jpg,D:\DPS 920\DPS920_final_project\IMG\right_2026_08_01_20_02_04_829.jpg,-0.4360902,1.0,0.0,30.18348
D:\DPS 920\DPS920_final_project\IMG\center_2026_08_01_19_54_16_227.jpg,D:\DPS 920\DPS920_final_project\IMG\left_2026_08_01_19_54_16_227.jpg,D:\DPS 920\DPS920_final_project\IMG\right_2026_08_01_19_54_16_227.jpg,-0.2330827,1.0,0.0,30.1884
D:\DPS 920\DPS920_final_project\IMG\center_2026_08_01_20_01_42_078.jpg,D:\DPS 920\DPS920_final_project\IMG\left_2026_08_01_20_01_42_078.jpg,D:\DPS 920\DPS920_final_project\IMG\right_2026_08_01_20_01_42_078.jpg,0.03007519,1.0,0.0,30.19026
D:\DPS 920\DPS920_final_project\IMG\center_2026_08_01_19_53_53_623.jpg,D:\DPS 920\DPS920_final_project\IMG\left_2026_08_01_19_53_53_623.jpg,D:\DPS 920\DPS920_final_project\IMG\right_2026_08_01_19_53_53_623.jpg,-0.1353384,1.0,0.0,30.18982
D:\DPS 920\DPS920_final_project\IMG\center_2026_08_01_19_47_04_764.jpg,D:\DPS 920\DPS920_final_project\IMG\left_2026_08_01_19_47_04_764.jpg,D:\DPS 920\DPS920_final_project\IMG\right_2026_08_01_19_47_04_764.jpg,-0.406015,1.0,0.0,12.29691
D:\DPS 920\DPS920_final_project\IMG\center_2026_08_01_19_54_40_471.jpg,D:\DPS 920\DPS920_final_project\IMG\left_2026_08_01_19_54_40_471.jpg,D:\DPS 920\DPS920_final_project\IMG\right_2026_08_01_19_54_40_471.jpg,-0.03383459,1.0,0.0,30.19013
D:\DPS 920\DPS920_final_project\IMG\center_2026_08_01_19_51_11_990.jpg,D:\DPS 920\DPS920_final_project\IMG\left_2026_08_01_19_51_11_990.jpg,D:\DPS 920\DPS920_final_project\IMG\right_2026_08_01_19_51_11_990.jpg,-0.06390978,1.0,0.0,30.19018
D:\DPS 920\DPS920_final_project\IMG\center_2026_08_01_19_50_26_552.jpg,D:\DPS 920\DPS920_final_project\IMG\left_2026_08_01_19_50_26_552.jpg,D:\DPS 920\DPS920_final_project\IMG\right_2026_08_01_19_50_26_552.jpg,-0.1804511,1.0,0.0,21.63339
D:\DPS 920\DPS920_final_project\IMG\center_2026_08_01_19_54_41_283.jpg,D:\DPS 920\DPS920_final_project\IMG\left_2026_08_01_19_54_41_283.jpg,D:\DPS 920\DPS920_final_project\IMG\right_2026_08_01_19_54_41_283.jpg,-0.05263158,1.0,0.0,30.19023
D:\DPS 920\DPS920_final_project\IMG\center_2026_08_01_19_54_38_145.jpg,D:\DPS 920\DPS920_final_project\IMG\left_2026_08_01_19_54_38_145.jpg,D:\DPS 920\DPS920_final_project\IMG\right_2026_08_01_19_54_38_145.jpg,-0.1766917,1.0,0.0,30.18928
D:\DPS 920\DPS920_final_project\IMG\center_2026_08_01_19_59_25_824.jpg,D:\DPS 920\DPS920_final_project\IMG\left_2026_08_01_19_59_25_824.jpg,D:\DPS 920\DPS920_final_project\IMG\right_2026_08_01_19_59_25_824.jpg,0.09398497,1.0,0.0,30.18973
D:\DPS 920\DPS920_final_project\IMG\center_2026_08_01_19_52_20_845.jpg,D:\DPS 920\DPS920_final_project\IMG\left_2026_08_01_19_52_20_845.jpg,D:\DPS 920\DPS920_final_project\IMG\right_2026_08_01_19_52_20_845.jpg,-0.03759398,1.0,0.0,30.1903
D:\DPS 920\DPS920_final_project\IMG\center_2026_08_01_19_57_43_318.jpg,D:\DPS 920\DPS920_final_project\IMG\left_2026_08_01_19_57_43_318.jpg,D:\DPS 920\DPS920_final_project\IMG\right_2026_08_01_19_57_43_318.jpg,0.1278196,1.0,0.0,30.18967
D:\DPS 920\DPS920_final_project\IMG\center_2026_08_01_20_00_03_763.jpg,D:\DPS 920\DPS920_final_project\IMG\left_2026_08_01_20_00_03_763.jpg,D:\DPS 920\DPS920_final_project\IMG\right_2026_08_01_20_00_03_763.jpg,0.0,1.0,0.0,30.19032
D:\DPS 920\DPS920_final_project\IMG\center_2026_08_01_19_59_10_580.jpg,D:\DPS 920\DPS920_final_project\IMG\left_2026_08_01_19_59_10_580.jpg,D:\DPS 920\DPS920_final_project\IMG\right_2026_08_01_19_59_10_580.jpg,0.007518797,1.0,0.0,30.19035
D:\DPS 920\DPS920_final_project\IMG\center_2026_08_01_19_57_44_663.jpg,D:\DPS 920\DPS920_final_project\IMG\left_2026_08_01_19_57_44_663.jpg,D:\DPS 920\DPS920_final_project\IMG\right_2026_08_01_19_57_44_663.jpg,0.1992481,1.0,0.0,30.19072
D:\DPS 920\DPS920_final_project\IMG\center_2026_08_01_20_01_10_403.jpg,D:\DPS 920\DPS920_final_project\IMG\left_2026_08_01_20_01_10_403.jpg,D:\DPS 920\DPS920_final_project\IMG\right_2026_08_01_20_01_10_403.jpg,0.09022556,1.0,0.0,30.18994
D:\DPS 920\DPS920_final_project\IMG\center_2026_08_01_19_58_05_518.jpg,D:\DPS 920\DPS920_final_project\IMG\left_2026_08_01_19_58_05_518.jpg,D:\DPS 920\DPS920_final_project\IMG\right_2026_08_01_19_58_05_518.jpg,0.1353384,1.0,0.0,30.18962
D:\DPS 920\DPS920_final_project\IMG\center_2026_08_01_19_58_21_381.jpg,D:\DPS 920\DPS920_final_project\IMG\left_2026_08_01_19_58_21_381.jpg,D:\DPS 920\DPS920_final_project\IMG\right_2026_08_01_19_58_21_381.jpg,0.05263158,1.0,0.0,30.19025
D:\DPS 920\DPS920_final_project\IMG\center_2026_08_01_20_01_15_965.jpg,D:\DPS 920\DPS920_final_project\IMG\left_2026_08_01_20_01_15_965.jpg,D:\DPS 920\DPS920_final_project\IMG\right_2026_08_01_20_01_15_965.jpg,0.09774436,1.0,0.0,30.19029
D:\DPS 920\DPS920_final_project\IMG\center_2026_08_01_20_00_25_021.jpg,D:\DPS 920\DPS920_final_project\IMG\left_2026_08_01_20_00_25_021.jpg,D:\DPS 920\DPS920_final_project\IMG\right_2026_08_01_20_00_25_021.jpg,0.05263158,1.0,0.0,30.19022
D:\DPS 920\DPS920_final_project\IMG\center_2026_08_01_19_58_49_892.jpg,D:\DPS 920\DPS920_final_project\IMG\left_2026_08_01_19_58_49_892.jpg,D:\DPS 920\DPS920_final_project\IMG\right_2026_08_01_19_58_49_892.jpg,0.03007519,1.0,0.0,30.19039
D:\DPS 920\DPS920_final_project\IMG\center_2026_08_01_19_54_01_706.jpg,D:\DPS 920\DPS920_final_project\IMG\left_2026_08_01_19_54_01_706.jpg,D:\DPS 920\DPS920_final_project\IMG\right_2026_08_01_19_54_01_706.jpg,-0.02255639,1.0,0.0,30.19032
D:\DPS 920\DPS920_final_project\IMG\center_2026_08_01_19_58_52_751.jpg,D:\DPS 920\DPS920_final_project\IMG\left_2026_08_01_19_58_52_751.jpg,D:\DPS 920\DPS920_final_project\IMG\right_2026_08_01_19_58_52_751.jpg,0.0,1.0,0.0,30.1903
D:\DPS 920\DPS920_final_project\IMG\center_2026_08_01_20_02_03_975.jpg,D:\DPS 920\DPS920_final_project\IMG\left_2026_08_01_20_02_03_975.jpg,D:\DPS 920\DPS920_final_project\IMG\right_2026_08_01_20_02_03_975.jpg,-0.09774436,1.0,0.0,30.18946
D:\DPS 920\DPS920_final_project\IMG\center_2026_08_01_19_57_44_131.jpg,D:\DPS 920\DPS920_final_project\IMG\left_2026_08_01_19_57_44_131.jpg,D:\DPS 920\DPS920_final_project\IMG\right_2026_08_01_19_57_44_131.jpg,0.2330827,1.0,0.0,30.18817
D:\DPS 920\DPS920_final_project\IMG\center_2026_08_01_19_52_12_366.jpg,D:\DPS 920\DPS920_final_project\IMG\left_2026_08_01_19_52_12_366.jpg,D:\DPS 920\DPS920_final_project\IMG\right_2026_08_01_19_52_12_366.jpg,-0.003759398,1.0,0.0,30.19022
D:\DPS 920\DPS920_final_project\IMG\center_2026_08_01_19_59_18_073.jpg,D:\DPS 920\DPS920_final_project\IMG\left_2026_08_01_19_59_18_073.jpg,D:\DPS 920\DPS920_final_project\IMG\right_2026_08_01_19_59_18_073.jpg,-0.2067669,1.0,0.0,30.19006
D:\DPS 920\DPS920_final_project\IMG\center_2026_08_01_19_58_02_733.jpg,D:\DPS 920\DPS920_final_project\IMG\left_2026_08_01_19_58_02_733.jpg,D:\DPS 920\DPS920_final_project\IMG\right_2026_08_01_19_58_02_733.jpg,0.1954887,1.0,0.0,30.18871
D:\DPS 920\DPS920_final_project\IMG\center_2026_08_01_19_51_01_141.jpg,D:\DPS 920\DPS920_final_project\IMG\left_2026_08_01_19_51_01_141.jpg,D:\DPS 920\DPS920_final_project\IMG\right_2026_08_01_19_51_01_141.jpg,-0.03759398,1.0,0.0,30.1903
D:\DPS 920\DPS920_final_project\IMG\center_2026_08_01_19_53_02_087.jpg,D:\DPS 920\DPS920_final_project\IMG\left_2026_08_01_19_53_02_087.jpg,D:\DPS 920\DPS920_final_project\IMG\right_2026_08_01_19_53_02_087.jpg,0.1203007,1.0,0.0,30.18896
D:\DPS 920\DPS920_final_project\IMG\center_2026_08_01_19_50_27_319.jpg,D:\DPS 920\DPS920_final_project\IMG\left_2026_08_01_19_50_27_319.jpg,D:\DPS 920\DPS920_final_project\IMG\right_2026_08_01_19_50_27_319.jpg,-0.1804511,1.0,0.0,28.86146
D:\DPS 920\DPS920_final_project\IMG\center_2026_08_01_20_02_04_338.jpg,D:\DPS 920\DPS920_final_project\IMG\left_2026_08_01_20_02_04_338.jpg,D:\DPS 920\DPS920_final_project\IMG\right_2026_08_01_20_02_04_338.jpg,-0.2368421,1.0,0.0,30.18555
D:\DPS 920\DPS920_final_project\IMG\center_2026_08_01_19_54_28_001.jpg,D:\DPS 920\DPS920_final_project\IMG\left_2026_08_01_19_54_28_001.jpg,D:\DPS 920\DPS920_final_project\IMG\right_2026_08_01_19_54_28_001.jpg,0.1804511,1.0,0.0,30.18998
D:\DPS 920\DPS920_final_project\IMG\center_2026_08_01_20_00_23_551.jpg,D:\DPS 920\DPS920_final_project\IMG\left_2026_08_01_20_00_23_551.jpg,D:\DPS 920\DPS920_final_project\IMG\right_2026_08_01_20_00_23_551.jpg,0.06390978,1.0,0.0,30.19007
D:\DPS 920\DPS920_final_project\IMG\center_2026_08_01_19_58_28_734.jpg,D:\DPS 920\DPS920_final_project\IMG\left_2026_08_01_19_58_28_734.jpg,D:\DPS 920\DPS920_final_project\IMG\right_2026_08_01_19_58_28_734.jpg,0.07894737,1.0,0.0,30.18939
D:\DPS 920\DPS920_final_project\IMG\center_2026_08_01_19_53_11_398.jpg,D:\DPS 920\DPS920_final_project\IMG\left_2026_08_01_19_53_11_398.jpg,D:\DPS 920\DPS920_final_project\IMG\right_2026_08_01_19_53_11_398.jpg,-0.1203007,1.0,0.0,30.18999
D:\DPS 920\DPS920_final_project\IMG\center_2026_08_01_19_51_31_077.jpg,D:\DPS 920\DPS920_final_project\IMG\left_2026_08_01_19_51_31_077.jpg,D:\DPS 920\DPS920_final_project\IMG\right_2026_08_01_19_51_31_077.jpg,-0.1992481,1.0,0.0,30.18976
D:\DPS 920\DPS920_final_project\IMG\center_2026_08_01_20_01_49_646.jpg,D:\DPS 920\DPS920_final_project\IMG\left_2026_08_01_20_01_49_646.jpg,D:\DPS 920\DPS920_final_project\IMG\right_2026_08_01_20_01_49_646.jpg,0.07142857,1.0,0.0,30.19013
D:\DPS 920\DPS920_final_project\IMG\center_2026_08_01_19_51_09_962.jpg,D:\DPS 920\DPS920_final_project\IMG\left_2026_08_01_19_51_09_962.jpg,D:\DPS 920\DPS920_final_project\IMG\right_2026_08_01_19_51_09_962.jpg,-0.02631579,1.0,0.0,30.19038
D:\DPS 920\DPS920_final_project\IMG\center_2026_08_01_20_01_15_655.jpg,D:\DPS 920\DPS920_final_project\IMG\left_2026_08_01_20_01_15_655.jpg,D:\DPS 920\DPS920_final_project\IMG\right_2026_08_01_20_01_15_655.jpg,0.1165414,1.0,0.0,30.18989
D:\DPS 920\DPS920_final_project\IMG\center_2026_08_01_19_59_40_751.jpg,D:\DPS 920\DPS920_final_project\IMG\left_2026_08_01_19_59_40_751.jpg,D:\DPS 920\DPS920_final_project\IMG\right_2026_08_01_19_59_40_751.jpg,0.05263158,1.0,0.0,30.20564
D:\DPS 920\DPS920_final_project\IMG\center_2026_08_01_20_00_49_368.jpg,D:\DPS 920\DPS920_final_project\IMG\left_2026_08_01_20_00_49_368.jpg,D:\DPS 920\DPS920_final_project\IMG\right_2026_08_01_20_00_49_368.jpg,0.1203007,1.0,0.0,30.18988
D:\DPS 920\DPS920_final_project\IMG\center_2026_08_01_19_58_24_708.jpg,D:\DPS 920\DPS920_final_project\IMG\left_2026_08_01_19_58_24_708.jpg,D:\DPS 920\DPS920_final_project\IMG\right_2026_08_01_19_58_24_708.jpg,0.09398497,1.0,0.0,30.18984
D:\DPS 920\DPS920_final_project\IMG\center_2026_08_01_19_58_06_696.jpg,D:\DPS 920\DPS920_final_project\IMG\left_2026_08_01_19_58_06_696.jpg,D:\DPS 920\DPS920_final_project\IMG\right_2026_08_01_19_58_06_696.jpg,0.06390978,1.0,0.0,30.19032
D:\DPS 920\DPS920_final_project\IMG\center_2026_08_01_19_53_53_693.jpg,D:\DPS 920\DPS920_final_project\IMG\left_2026_08_01_19_53_53_693.jpg,D:\DPS 920\DPS920_final_project\IMG\right_2026_08_01_19_53_53_693.jpg,-0.1353384,1.0,0.0,30.18987
D:\DPS 920\DPS920_final_project\IMG\center_2026_08_01_20_01_38_029.jpg,D:\DPS 920\DPS920_final_project\IMG\left_2026_08_01_20_01_38_029.jpg,D:\DPS 920\DPS920_final_project\IMG\right_2026_08_01_20_01_38_029.jpg,0.01879699,1.0,0.0,30.19027
D:\DPS 920\DPS920_final_project\IMG\center_2026_08_01_19_57_45_537.jpg,D:\DPS 920\DPS920_final_project\IMG\left_2026_08_01_19_57_45_537.jpg,D:\DPS 920\DPS920_final_project\IMG\right_2026_08_01_19_57_45_537.jpg,0.1766917,1.0,0.0,30.19076
D:\DPS 920\DPS920_final_project\IMG\center_2026_08_01_19_54_28_432.jpg,D:\DPS 920\DPS920_final_project\IMG\left_2026_08_01_19_54_28_432.jpg,D:\DPS 920\DPS920_final_project\IMG\right_2026_08_01_19_54_28_432.jpg,0.08646616,1.0,0.0,30.1902
D:\DPS 920\DPS920_final_project\IMG\center_2026_08_01_19_53_04_506.jpg,D:\DPS 920\DPS920_final_project\IMG\left_2026_08_01_19_53_04_506.jpg,D:\DPS 920\DPS920_final_project\IMG\right_2026_08_01_19_53_04_506.jpg,0.2781955,1.0,0.0,30.18355
D:\DPS 920\DPS920_final_project\IMG\center_2026_08_01_19_57_58_540.jpg,D:\DPS 920\DPS920_final_project\IMG\left_2026_08_01_19_57_58_540.jpg,D:\DPS 920\DPS920_final_project\IMG\right_2026_08_01_19_57_58_540.jpg,0.03007519,1.0,0.0,30.19018
D:\DPS 920\DPS920_final_project\IMG\center_2026_08_01_19_51_03_623.jpg,D:\DPS 920\DPS920_final_project\IMG\left_2026_08_01_19_51_03_623.jpg,D:\DPS 920\DPS920_final_project\IMG\right_2026_08_01_19_51_03_623.jpg,-0.06390978,1.0,0.0,30.19022
D:\DPS 920\DPS920_final_project\IMG\center_2026_08_01_19_58_38_938.jpg,D:\DPS 920\DPS920_final_project\IMG\left_2026_08_01_19_58_38_938.jpg,D:\DPS 920\DPS920_final_project\IMG\right_2026_08_01_19_58_38_938.jpg,0.01879699,1.0,0.0,30.1903
D:\DPS 920\DPS920_final_project\IMG\center_2026_08_01_19_53_56_417.jpg,D:\DPS 920\DPS920_final_project\IMG\left_2026_08_01_19_53_56_417.jpg,D:\DPS 920\DPS920_final_project\IMG\right_2026_08_01_19_53_56_417.jpg,-0.05263158,1.0,0.0,30.1903
D:\DPS 920\DPS920_final_project\IMG\center_2026_08_01_20_02_03_557.jpg,D:\DPS 920\DPS920_final_project\IMG\left_2026_08_01_20_02_03_557.jpg,D:\DPS 920\DPS920_final_project\IMG\right_2026_08_01_20_02_03_557.jpg,-0.05263158,1.0,0.0,30.18991
D:\DPS 920\DPS920_final_project\IMG\center_2026_08_01_19_50_33_044.jpg,D:\DPS 920\DPS920_final_project\IMG\left_2026_08_01_19_50_33_044.jpg,D:\DPS 920\DPS920_final_project\IMG\right_2026_08_01_19_50_33_044.jpg,-0.06766918,1.0,0.0,30.19033
D:\DPS 920\DPS920_final_project\IMG\center_2026_08_01_19_53_31_411.jpg,D:\DPS 920\DPS920_final_project\IMG\left_2026_08_01_19_53_31_411.jpg,D:\DPS 920\DPS920_final_project\IMG\right_2026_08_01_19_53_31_411.jpg,-0.01879699,1.0,0.0,30.19029
D:\DPS 920\DPS920_final_project\IMG\center_2026_08_01_19_59_23_260.jpg,D:\DPS 920\DPS920_final_project\IMG\left_2026_08_01_19_59_23_260.jpg,D:\DPS 920\DPS920_final_project\IMG\right_2026_08_01_19_59_23_260.jpg,0.08646616,1.0,0.0,30.19061
D:\DPS 920\DPS920_final_project\IMG\center_2026_08_01_19_53_12_176.jpg,D:\DPS 920\DPS920_final_project\IMG\left_2026_08_01_19_53_12_176.jpg,D:\DPS 920\DPS920_final_project\IMG\right_2026_08_01_19_53_12_176.jpg,-0.1466165,1.0,0.0,30.18981
D:\DPS 920\DPS920_final_project\IMG\center_2026_08_01_19_58_58_862.jpg,D:\DPS 920\DPS920_final_project\IMG\left_2026_08_01_19_58_58_862.jpg,D:\DPS 920\DPS920_final_project\IMG\right_2026_08_01_19_58_58_862.jpg,0.07142857,1.0,0.0,30.19009
D:\DPS 920\DPS920_final_project\IMG\center_2026_08_01_19_57_53_625.jpg,D:\DPS 920\DPS920_final_project\IMG\left_2026_08_01_19_57_53_625.jpg,D:\DPS 920\DPS920_final_project\IMG\right_2026_08_01_19_57_53_625.jpg,-0.2744361,1.0,0.0,30.18396
D:\DPS 920\DPS920_final_project\IMG\center_2026_08_01_19_50_27_751.jpg,D:\DPS 920\DPS920_final_project\IMG\left_2026_08_01_19_50_27_751.jpg,D:\DPS 920\DPS920_final_project\IMG\right_2026_08_01_19_50_27_751.jpg,-0.131579,1.0,0.0,30.18947
D:\DPS 920\DPS920_final_project\IMG\center_2026_08_01_19_52_52_972.jpg,D:\DPS 920\DPS920_final_project\IMG\left_2026_08_01_19_52_52_972.jpg,D:\DPS 920\DPS920_final_project\IMG\right_2026_08_01_19_52_52_972.jpg,-0.1278196,1.0,0.0,30.18963
D:\DPS 920\DPS920_final_project\IMG\center_2026_08_01_19_57_55_725.jpg,D:\DPS 920\DPS920_final_project\IMG\left_2026_08_01_19_57_55_725.jpg,D:\DPS 920\DPS920_final_project\IMG\right_2026_08_01_19_57_55_725.jpg,-0.09022556,1.0,0.0,30.1903
D:\DPS 920\DPS920_final_project\IMG\center_2026_08_01_20_00_42_051.jpg,D:\DPS 920\DPS920_final_project\IMG\left_2026_08_01_20_00_42_051.jpg,D:\DPS 920\DPS920_final_project\IMG\right_2026_08_01_20_00_42_051.jpg,-0.2481203,1.0,0.0,30.18941
D:\DPS 920\DPS920_final_project\IMG\center_2026_08_01_19_54_35_067.jpg,D:\DPS 920\DPS920_final_project\IMG\left_2026_08_01_19_54_35_067.jpg,D:\DPS 920\DPS920_final_project\IMG\right_2026_08_01_19_54_35_067.jpg,-0.09774436,1.0,0.0,30.1901
D:\DPS 920\DPS920_final_project\IMG\center_2026_08_01_19_54_17_712.jpg,D:\DPS 920\DPS920_final_project\IMG\left_2026_08_01_19_54_17_712.jpg,D:\DPS 920\DPS920_final_project\IMG\right_2026_08_01_19_54_17_712.jpg,-0.1616541,1.0,0.0,30.18988
D:\DPS 920\DPS920_final_project\IMG\center_2026_08_01_20_01_53_734.jpg,D:\DPS 920\DPS920_final_project\IMG\left_2026_08_01_20_01_53_734.jpg,D:\DPS 920\DPS920_final_project\IMG\right_2026_08_01_20_01_53_734.jpg,0.1428571,1.0,0.0,30.18954
D:\DPS 920\DPS920_final_project\IMG\center_2026_08_01_19_53_30_235.jpg,D:\DPS 920\DPS920_final_project\IMG\left_2026_08_01_19_53_30_235.jpg,D:\DPS 920\DPS920_final_project\IMG\right_2026_08_01_19_53_30_235.jpg,-0.02631579,1.0,0.0,30.19027
D:\DPS 920\DPS920_final_project\IMG\center_2026_08_01_19_58_02_460.jpg,D:\DPS 920\DPS920_final_project\IMG\left_2026_08_01_19_58_02_460.jpg,D:\DPS 920\DPS920_final_project\IMG\right_2026_08_01_19_58_02_460.jpg,0.1541353,1.0,0.0,30.18924
D:\DPS 920\DPS920_final_project\IMG\center_2026_08_01_19_54_35_203.jpg,D:\DPS 920\DPS920_final_project\IMG\left_2026_08_01_19_54_35_203.jpg,D:\DPS 920\DPS920_final_project\IMG\right_2026_08_01_19_54_35_203.jpg,-0.1015038,1.0,0.0,30.19015
D:\DPS 920\DPS920_final_project\IMG\center_2026_08_01_19_59_01_491.jpg,D:\DPS 920\DPS920_final_project\IMG\left_2026_08_01_19_59_01_491.jpg,D:\DPS 920\DPS920_final_project\IMG\right_2026_08_01_19_59_01_491.jpg,0.05639098,1.0,0.0,30.19017
D:\DPS 920\DPS920_final_project\IMG\center_2026_08_01_19_52_48_737.jpg,D:\DPS 920\DPS920_final_project\IMG\left_2026_08_01_19_52_48_737.jpg,D:\DPS 920\DPS920_final_project\IMG\right_2026_08_01_19_52_48_737.jpg,-0.02255639,1.0,0.0,30.18703
D:\DPS 920\DPS920_final_project\IMG\center_2026_08_01_20_02_01_702.jpg,D:\DPS 920\DPS920_final_project\IMG\left_2026_08_01_20_02_01_702.jpg,D:\DPS 920\DPS920_final_project\IMG\right_2026_08_01_20_02_01_702.jpg,-0.04887218,1.0,0.0,30.19033
D:\DPS 920\DPS920_final_project\IMG\center_2026_08_01_19_54_17_110.jpg,D:\DPS 920\DPS920_final_project\IMG\left_2026_08_01_19_54_17_110.jpg,D:\DPS 920\DPS920_final_project\IMG\right_2026_08_01_19_54_17_110.jpg,-0.1503759,1.0,0.0,30.19015
D:\DPS 920\DPS920_final_project\IMG\center_2026_08_01_20_02_06_141.jpg,D:\DPS 920\DPS920_final_project\IMG\left_2026_08_01_20_02_06_141.jpg,D:\DPS 920\DPS920_final_project\IMG\right_2026_08_01_20_02_06_141.jpg,-0.2631579,1.0,0.0,30.18694
D:\DPS 920\DPS920_final_project\IMG\center_2026_08_01_19_59_17_857.jpg,D:\DPS 920\DPS920_final_project\IMG\left_2026_08_01_19_59_17_857.jpg,D:\DPS 920\DPS920_final_project\IMG\right_2026_08_01_19_59_17_857.jpg,-0.2067669,1.0,0.0,30.19057
D:\DPS 920\DPS920_final_project\IMG\center_2026_08_01_19_54_01_219.jpg,D:\DPS 920\DPS920_final_project\IMG\left_2026_08_01_19_54_01_219.jpg,D:\DPS 920\DPS920_final_project\IMG\right_2026_08_01_19_54_01_219.jpg,-0.04511278,1.0,0.0,30.19022
D:\DPS 920\DPS920_final_project\IMG\center_2026_08_01_19_57_47_007.jpg,D:\DPS 920\DPS920_final_project\IMG\left_2026_08_01_19_57_47_007.jpg,D:\DPS 920\DPS920_final_project\IMG\right_2026_08_01_19_57_47_007.jpg,0.08270676,1.0,0.0,30.18976
D:\DPS 920\DPS920_final_project\IMG\center_2026_08_01_19_53_47_865.jpg,D:\DPS 920\DPS920_final_project\IMG\left_2026_08_01_19_53_47_865.jpg,D:\DPS 920\DPS920_final_project\IMG\right_2026_08_01_19_53_47_865.jpg,-0.03759398,1.0,0.0,30.19025
D:\DPS 920\DPS920_final_project\IMG\center_2026_08_01_19_59_09_304.jpg,D:\DPS 920\DPS920_final_project\IMG\left_2026_08_01_19_59_09_304.jpg,D:\DPS 920\DPS920_final_project\IMG\right_2026_08_01_19_59_09_304.jpg,0.09774436,1.0,0.0,30.19066
D:\DPS 920\DPS920_final_project\IMG\center_2026_08_01_19_59_57_360.jpg,D:\DPS 920\DPS920_final_project\IMG\left_2026_08_01_19_59_57_360.jpg,D:\DPS 920\DPS920_final_project\IMG\right_2026_08_01_19_59_57_360.jpg,0.03759398,1.0,0.0,30.19027
D:\DPS 920\DPS920_final_project\IMG\center_2026_08_01_19_58_50_096.jpg,D:\DPS 920\DPS920_final_project\IMG\left_2026_08_01_19_58_50_096.jpg,D:\DPS 920\DPS920_final_project\IMG\right_2026_08_01_19_58_50_096.jpg,0.03007519,1.0,0.0,30.19046
D:\DPS 920\DPS920_final_project\IMG\center_2026_08_01_19_51_26_560.jpg,D:\DPS 920\DPS920_final_project\IMG\left_2026_08_01_19_51_26_560.jpg,D:\DPS 920\DPS920_final_project\IMG\right_2026_08_01_19_51_26_560.jpg,-0.04135338,1.0,0.0,30.19033
D:\DPS 920\DPS920_final_project\IMG\center_2026_08_01_19_59_40_676.jpg,D:\DPS 920\DPS920_final_project\IMG\left_2026_08_01_19_59_40_676.jpg,D:\DPS 920\DPS920_final_project\IMG\right_2026_08_01_19_59_40_676.jpg,0.04887218,1.0,0.0,30.35706
D:\DPS 920\DPS920_final_project\IMG\center_2026_08_01_19_52_28_547.jpg,D:\DPS 920\DPS920_final_project\IMG\left_2026_08_01_19_52_28_547.jpg,D:\DPS 920\DPS920_final_project\IMG\right_2026_08_01_19_52_28_547.jpg,-0.1240602,1.0,0.0,30.19013
D:\DPS 920\DPS920_final_project\IMG\center_2026_08_01_19_51_45_049.jpg,D:\DPS 920\DPS920_final_project\IMG\left_2026_08_01_19_51_45_049.jpg,D:\DPS 920\DPS920_final_project\IMG\right_2026_08_01_19_51_45_049.jpg,-0.0112782,1.0,0.0,30.19029
D:\DPS 920\DPS920_final_project\IMG\center_2026_08_01_19_54_25_233.jpg,D:\DPS 920\DPS920_final_project\IMG\left_2026_08_01_19_54_25_233.jpg,D:\DPS 920\DPS920_final_project\IMG\right_2026_08_01_19_54_25_233.jpg,0.1466165,1.0,0.0,30.18936
D:\DPS 920\DPS920_final_project\IMG\center_2026_08_01_19_52_29_736.jpg,D:\DPS 920\DPS920_final_project\IMG\left_2026_08_01_19_52_29_736.jpg,D:\DPS 920\DPS920_final_project\IMG\right_2026_08_01_19_52_29_736.jpg,-0.1052632,1.0,0.0,30.18921
D:\DPS 920\DPS920_final_project\IMG\center_2026_08_01_19_53_38_666.jpg,D:\DPS 920\DPS920_final_project\IMG\left_2026_08_01_19_53_38_666.jpg,D:\DPS 920\DPS920_final_project\IMG\right_2026_08_01_19_53_38_666.jpg,-0.003759398,1.0,0.0,30.19031
D:\DPS 920\DPS920_final_project\IMG\center_2026_08_01_20_01_52_404.jpg,D:\DPS 920\DPS920_final_project\IMG\left_2026_08_01_20_01_52_404.jpg,D:\DPS 920\DPS920_final_project\IMG\right_2026_08_01_20_01_52_404.jpg,0.09774436,1.0,0.0,30.18999
D:\DPS 920\DPS920_final_project\IMG\center_2026_08_01_19_59_17_004.jpg,D:\DPS 920\DPS920_final_project\IMG\left_2026_08_01_19_59_17_004.jpg,D:\DPS 920\DPS920_final_project\IMG\right_2026_08_01_19_59_17_004.jpg,-0.2406015,1.0,0.0,30.18847
D:\DPS 920\DPS920_final_project\IMG\center_2026_08_01_19_54_26_783.jpg,D:\DPS 920\DPS920_final_project\IMG\left_2026_08_01_19_54_26_783.jpg,D:\DPS 920\DPS920_final_project\IMG\right_2026_08_01_19_54_26_783.jpg,0.1917293,1.0,0.0,30.18886
D:\DPS 920\DPS920_final_project\IMG\center_2026_08_01_19_51_06_076.jpg,D:\DPS 920\DPS920_final_project\IMG\left_2026_08_01_19_51_06_076.jpg,D:\DPS 920\DPS920_final_project\IMG\right_2026_08_01_19_51_06_076.jpg,-0.09398497,1.0,0.0,30.18987
D:\DPS 920\DPS920_final_project\IMG\center_2026_08_01_19_54_16_378.jpg,D:\DPS 920\DPS920_final_project\IMG\left_2026_08_01_19_54_16_378.jpg,D:\DPS 920\DPS920_final_project\IMG\right_2026_08_01_19_54_16_378.jpg,-0.2142857,1.0,0.0,30.1897
D:\DPS 920\DPS920_final_project\IMG\center_2026_08_01_19_54_34_222.jpg,D:\DPS 920\DPS920_final_project\IMG\left_2026_08_01_19_54_34_222.jpg,D:\DPS 920\DPS920_final_project\IMG\right_2026_08_01_19_54_34_222.jpg,-0.09774436,1.0,0.0,30.18986
D:\DPS 920\DPS920_final_project\IMG\center_2026_08_01_19_59_32_166.jpg,D:\DPS 920\DPS920_final_project\IMG\left_2026_08_01_19_59_32_166.jpg,D:\DPS 920\DPS920_final_project\IMG\right_2026_08_01_19_59_32_166.jpg,0.04511278,1.0,0.0,30.19019
D:\DPS 920\DPS920_final_project\IMG\center_2026_08_01_19_54_16_887.jpg,D:\DPS 920\DPS920_final_project\IMG\left_2026_08_01_19_54_16_887.jpg,D:\DPS 920\DPS920_final_project\IMG\right_2026_08_01_19_54_16_887.jpg,-0.1654135,1.0,0.0,30.19007
D:\DPS 920\DPS920_final_project\IMG\center_2026_08_01_20_01_40_240.jpg,D:\DPS 920\DPS920_final_project\IMG\left_2026_08_01_20_01_40_240.jpg,D:\DPS 920\DPS920_final_project\IMG\right_2026_08_01_20_01_40_240.jpg,0.02255639,1.0,0.0,30.19029
D:\DPS 920\DPS920_final_project\IMG\center_2026_08_01_19_53_12_662.jpg,D:\DPS 920\DPS920_final_project\IMG\left_2026_08_01_19_53_12_662.jpg,D:\DPS 920\DPS920_final_project\IMG\right_2026_08_01_19_53_12_662.jpg,-0.1466165,1.0,0.0,30.18904
D:\DPS 920\DPS920_final_project\IMG\center_2026_08_01_19_53_18_663.jpg,D:\DPS 920\DPS920_final_project\IMG\left_2026_08_01_19_53_18_663.jpg,D:\DPS 920\DPS920_final_project\IMG\right_2026_08_01_19_53_18_663.jpg,-0.06390978,1.0,0.0,30.19014
D:\DPS 920\DPS920_final_project\IMG\center_2026_08_01_20_01_45_655.jpg,D:\DPS 920\DPS920_final_project\IMG\left_2026_08_01_20_01_45_655.jpg,D:\DPS 920\DPS920_final_project\IMG\right_2026_08_01_20_01_45_655.jpg,0.04887218,1.0,0.0,30.19026
D:\DPS 920\DPS920_final_project\IMG\center_2026_08_01_19_59_40_823.jpg,D:\DPS 920\DPS920_final_project\IMG\left_2026_08_01_19_59_40_823.jpg,D:\DPS 920\DPS920_final_project\IMG\right_2026_08_01_19_59_40_823.jpg,0.05263158,1.0,0.0,30.1934
D:\DPS 920\DPS920_final_project\IMG\center_2026_08_01_20_00_26_898.jpg,D:\DPS 920\DPS920_final_project\IMG\left_2026_08_01_20_00_26_898.jpg,D:\DPS 920\DPS920_final_project\IMG\right_2026_08_01_20_00_26_898.jpg,0.09022556,1.0,0.0,30.19036
D:\DPS 920\DPS920_final_project\IMG\center_2026_08_01_19_51_09_261.jpg,D:\DPS 920\DPS920_final_project\IMG\left_2026_08_01_19_51_09_261.jpg,D:\DPS 920\DPS920_final_project\IMG\right_2026_08_01_19_51_09_261.jpg,-0.08646616,1.0,0.0,30.19044
D:\DPS 920\DPS920_final_project\IMG\center_2026_08_01_19_58_59_366.jpg,D:\DPS 920\DPS920_final_project\IMG\left_2026_08_01_19_58_59_366.jpg,D:\DPS 920\DPS920_final_project\IMG\right_2026_08_01_19_58_59_366.jpg,0.07142857,1.0,0.0,30.19018
D:\DPS 920\DPS920_final_project\IMG\center_2026_08_01_20_01_53_808.jpg,D:\DPS 920\DPS920_final_project\IMG\left_2026_08_01_20_01_53_808.jpg,D:\DPS 920\DPS920_final_project\IMG\right_2026_08_01_20_01_53_808.jpg,0.1428571,1.0,0.0,30.18936
D:\DPS 920\DPS920_final_project\IMG\center_2026_08_01_20_00_41_480.jpg,D:\DPS 920\DPS920_final_project\IMG\left_2026_08_01_20_00_41_480.jpg,D:\DPS 920\DPS920_final_project\IMG\right_2026_08_01_20_00_41_480.jpg,-0.2706767,1.0,0.0,30.18947
D:\DPS 920\DPS920_final_project\IMG\center_2026_08_01_20_02_09_364.jpg,D:\DPS 920\DPS920_final_project\IMG\left_2026_08_01_20_02_09_364.jpg,D:\DPS 920\DPS920_final_project\IMG\right_2026_08_01_20_02_09_364.jpg,0.07142857,1.0,0.0,30.18938
D:\DPS 920\DPS920_final_project\IMG\center_2026_08_01_19_52_52_111.jpg,D:\DPS 920\DPS920_final_project\IMG\left_2026_08_01_19_52_52_111.jpg,D:\DPS 920\DPS920_final_project\IMG\right_2026_08_01_19_52_52_111.jpg,-0.1917293,1.0,0.0,30.18862
D:\DPS 920\DPS920_final_project\IMG\center_2026_08_01_19_50_43_210.jpg,D:\DPS 920\DPS920_final_project\IMG\left_2026_08_01_19_50_43_210.jpg,D:\DPS 920\DPS920_final_project\IMG\right_2026_08_01_19_50_43_210.jpg,-0.003759398,1.0,0.0,30.19031
D:\DPS 920\DPS920_final_project\IMG\center_2026_08_01_19_58_06_765.jpg,D:\DPS 920\DPS920_final_project\IMG\left_2026_08_01_19_58_06_765.jpg,D:\DPS 920\DPS920_final_project\IMG\right_2026_08_01_19_58_06_765.jpg,0.06390978,1.0,0.0,30.19029
D:\DPS 920\DPS920_final_project\IMG\center_2026_08_01_19_57_52_713.jpg,D:\DPS 920\DPS920_final_project\IMG\left_2026_08_01_19_57_52_713.jpg,D:\DPS 920\DPS920_final_project\IMG\right_2026_08_01_19_57_52_713.jpg,-0.2330827,1.0,0.0,30.18834
D:\DPS 920\DPS920_final_project\IMG\center_2026_08_01_20_02_18_432.jpg,D:\DPS 920\DPS920_final_project\IMG\left_2026_08_01_20_02_18_432.jpg,D:\DPS 920\DPS920_final_project\IMG\right_2026_08_01_20_02_18_432.jpg,0.04135338,1.0,0.0,30.19053
D:\DPS 920\DPS920_final_project\IMG\center_2026_08_01_19_59_09_085.jpg,D:\DPS 920\DPS920_final_project\IMG\left_2026_08_01_19_59_09_085.jpg,D:\DPS 920\DPS920_final_project\IMG\right_2026_08_01_19_59_09_085.jpg,0.09774436,1.0,0.0,30.19033
D:\DPS 920\DPS920_final_project\IMG\center_2026_08_01_20_00_27_105.jpg,D:\DPS 920\DPS920_final_project\IMG\left_2026_08_01_20_00_27_105.jpg,D:\DPS 920\DPS920_final_project\IMG\right_2026_08_01_20_00_27_105.jpg,0.07518797,1.0,0.0,30.19034
D:\DPS 920\DPS920_final_project\IMG\center_2026_08_01_19_51_29_781.jpg,D:\DPS 920\DPS920_final_project\IMG\left_2026_08_01_19_51_29_781.jpg,D:\DPS 920\DPS920_final_project\IMG\right_2026_08_01_19_51_29_781.jpg,-0.1992481,1.0,0.0,30.18719
D:\DPS 920\DPS920_final_project\IMG\center_2026_08_01_19_50_32_627.jpg,D:\DPS 920\DPS920_final_project\IMG\left_2026_08_01_19_50_32_627.jpg,D:\DPS 920\DPS920_final_project\IMG\right_2026_08_01_19_50_32_627.jpg,-0.07894737,1.0,0.0,30.19005
D:\DPS 920\DPS920_final_project\IMG\center_2026_08_01_20_00_26_000.jpg,D:\DPS 920\DPS920_final_project\IMG\left_2026_08_01_20_00_26_000.jpg,D:\DPS 920\DPS920_final_project\IMG\right_2026_08_01_20_00_26_000.jpg,0.07142857,1.0,0.0,30.19013
D:\DPS 920\DPS920_final_project\IMG\center_2026_08_01_20_01_17_084.jpg,D:\DPS 920\DPS920_final_project\IMG\left_2026_08_01_20_01_17_084.jpg,D:\DPS 920\DPS920_final_project\IMG\right_2026_08_01_20_01_17_084.jpg,0.07142857,1.0,0.0,30.19045
D:\DPS 920\DPS920_final_project\IMG\center_2026_08_01_19_52_55_715.jpg,D:\DPS 920\DPS920_final_project\IMG\left_2026_08_01_19_52_55_715.jpg,D:\DPS 920\DPS920_final_project\IMG\right_2026_08_01_19_52_55_715.jpg,-0.08646616,1.0,0.0,30.19049
D:\DPS 920\DPS920_final_project\IMG\center_2026_08_01_19_51_48_007.jpg,D:\DPS 920\DPS920_final_project\IMG\left_2026_08_01_19_51_48_007.jpg,D:\DPS 920\DPS920_final_project\IMG\right_2026_08_01_19_51_48_007.jpg,-0.1203007,1.0,0.0,30.18932
D:\DPS 920\DPS920_final_project\IMG\center_2026_08_01_19_51_57_880.jpg,D:\DPS 920\DPS920_final_project\IMG\left_2026_08_01_19_51_57_880.jpg,D:\DPS 920\DPS920_final_project\IMG\right_2026_08_01_19_51_57_880.jpg,-0.05263158,1.0,0.0,30.19029
D:\DPS 920\DPS920_final_project\IMG\center_2026_08_01_19_59_25_531.jpg,D:\DPS 920\DPS920_final_project\IMG\left_2026_08_01_19_59_25_531.jpg,D:\DPS 920\DPS920_final_project\IMG\right_2026_08_01_19_59_25_531.jpg,0.09398497,1.0,0.0,30.18996
D:\DPS 920\DPS920_final_project\IMG\center_2026_08_01_19_51_29_707.jpg,D:\DPS 920\DPS920_final_project\IMG\left_2026_08_01_19_51_29_707.jpg,D:\DPS 920\DPS920_final_project\IMG\right_2026_08_01_19_51_29_707.jpg,-0.1992481,1.0,0.0,30.18926
D:\DPS 920\DPS920_final_project\IMG\center_2026_08_01_19_52_54_920.jpg,D:\DPS 920\DPS920_final_project\IMG\left_2026_08_01_19_52_54_920.jpg,D:\DPS 920\DPS920_final_project\IMG\right_2026_08_01_19_52_54_920.jpg,-0.1766917,1.0,0.0,30.18991
D:\DPS 920\DPS920_final_project\IMG\center_2026_08_01_19_53_46_928.jpg,D:\DPS 920\DPS920_final_project\IMG\left_2026_08_01_19_53_46_928.jpg,D:\DPS 920\DPS920_final_project\IMG\right_2026_08_01_19_53_46_928.jpg,-0.01879699,1.0,0.0,30.19033
D:\DPS 920\DPS920_final_project\IMG\center_2026_08_01_20_00_25_568.jpg,D:\DPS 920\DPS920_final_project\IMG\left_2026_08_01_20_00_25_568.jpg,D:\DPS 920\DPS920_final_project\IMG\right_2026_08_01_20_00_25_568.jpg,0.06015037,1.0,0.0,30.19011
D:\DPS 920\DPS920_final_project\IMG\center_2026_08_01_19_51_51_827.jpg,D:\DPS 920\DPS920_final_project\IMG\left_2026_08_01_19_51_51_827.jpg,D:\DPS 920\DPS920_final_project\IMG\right_2026_08_01_19_51_51_827.jpg,-0.1428571,1.0,0.0,30.19014
D:\DPS 920\DPS920_final_project\IMG\center_2026_08_01_19_53_44_279.jpg,D:\DPS 920\DPS920_final_project\IMG\left_2026_08_01_19_53_44_279.jpg,D:\DPS 920\DPS920_final_project\IMG\right_2026_08_01_19_53_44_279.jpg,-0.01879699,1.0,0.0,30.19032
D:\DPS 920\DPS920_final_project\IMG\center_2026_08_01_19_59_22_355.jpg,D:\DPS 920\DPS920_final_project\IMG\left_2026_08_01_19_59_22_355.jpg,D:\DPS 920\DPS920_final_project\IMG\right_2026_08_01_19_59_22_355.jpg,0.07142857,1.0,0.0,30.18994
D:\DPS 920\DPS920_final_project\IMG\center_2026_08_01_19_52_09_703.jpg,D:\DPS 920\DPS920_final_project\IMG\left_2026_08_01_19_52_09_703.jpg,D:\DPS 920\DPS920_final_project\IMG\right_2026_08_01_19_52_09_703.jpg,-0.01503759,1.0,0.0,30.19028
D:\DPS 920\DPS920_final_project\IMG\center_2026_08_01_20_02_15_469.jpg,D:\DPS 920\DPS920_final_project\IMG\left_2026_08_01_20_02_15_469.jpg,D:\DPS 920\DPS920_final_project\IMG\right_2026_08_01_20_02_15_469.jpg,0.2255639,1.0,0.0,30.19033
D:\DPS 920\DPS920_final_project\IMG\center_2026_08_01_20_00_22_689.jpg,D:\DPS 920\DPS920_final_project\IMG\left_2026_08_01_20_00_22_689.jpg,D:\DPS 920\DPS920_final_project\IMG\right_2026_08_01_20_00_22_689.jpg,0.07142857,1.0,0.0,30.19007
D:\DPS 920\DPS920_final_project\IMG\center_2026_08_01_19_50_26_003.jpg,D:\DPS 920\DPS920_final_project\IMG\left_2026_08_01_19_50_26_003.jpg,D:\DPS 920\DPS920_final_project\IMG\right_2026_08_01_19_50_26_003.jpg,-0.1390978,1.0,0.0,15.98046
D:\DPS 920\DPS920_final_project\IMG\center_2026_08_01_19_52_59_685.jpg,D:\DPS 920\DPS920_final_project\IMG\left_2026_08_01_19_52_59_685.jpg,D:\DPS 920\DPS920_final_project\IMG\right_2026_08_01_19_52_59_685.jpg,0.07142857,1.0,0.0,30.18998
D:\DPS 920\DPS920_final_project\IMG\center_2026_08_01_19_51_53_103.jpg,D:\DPS 920\DPS920_final_project\IMG\left_2026_08_01_19_51_53_103.jpg,D:\DPS 920\DPS920_final_project\IMG\right_2026_08_01_19_51_53_103.jpg,-0.1052632,1.0,0.0,30.18975
D:\DPS 920\DPS920_final_project\IMG\center_2026_08_01_19_59_08_848.jpg,D:\DPS 920\DPS920_final_project\IMG\left_2026_08_01_19_59_08_848.jpg,D:\DPS 920\DPS920_final_project\IMG\right_2026_08_01_19_59_08_848.jpg,0.09774436,1.0,0.0,30.19015
D:\DPS 920\DPS920_final_project\IMG\center_2026_08_01_20_01_55_516.jpg,D:\DPS 920\DPS920_final_project\IMG\left_2026_08_01_20_01_55_516.jpg,D:\DPS 920\DPS920_final_project\IMG\right_2026_08_01_20_01_55_516.jpg,0.1917293,1.0,0.0,30.18972
D:\DPS 920\DPS920_final_project\IMG\center_2026_08_01_19_51_42_301.jpg,D:\DPS 920\DPS920_final_project\IMG\left_2026_08_01_19_51_42_301.jpg,D:\DPS 920\DPS920_final_project\IMG\right_2026_08_01_19_51_42_301.jpg,0.03383459,1.0,0.0,30.19045
D:\DPS 920\DPS920_final_project\IMG\center_2026_08_01_19_54_15_085.jpg,D:\DPS 920\DPS920_final_project\IMG\left_2026_08_01_19_54_15_085.jpg,D:\DPS 920\DPS920_final_project\IMG\right_2026_08_01_19_54_15_085.jpg,-0.08270676,1.0,0.0,30.18976
D:\DPS 920\DPS920_final_project\IMG\center_2026_08_01_19_53_13_781.jpg,D:\DPS 920\DPS920_final_project\IMG\left_2026_08_01_19_53_13_781.jpg,D:\DPS 920\DPS920_final_project\IMG\right_2026_08_01_19_53_13_781.jpg,-0.1466165,1.0,0.0,30.19087
D:\DPS 920\DPS920_final_project\IMG\center_2026_08_01_19_50_27_387.jpg,D:\DPS 920\DPS920_final_project\IMG\left_2026_08_01_19_50_27_387.jpg,D:\DPS 920\DPS920_final_project\IMG\right_2026_08_01_19_50_27_387.jpg,-0.1766917,1.0,0.0,29.41312
D:\DPS 920\DPS920_final_project\IMG\center_2026_08_01_19_58_02_171.jpg,D:\DPS 920\DPS920_final_project\IMG\left_2026_08_01_19_58_02_171.jpg,D:\DPS 920\DPS920_final_project\IMG\right_2026_08_01_19_58_02_171.jpg,0.1428571,1.0,0.0,30.18961
D:\DPS 920\DPS920_final_project\IMG\center_2026_08_01_19_58_20_694.jpg,D:\DPS 920\DPS920_final_project\IMG\left_2026_08_01_19_58_20_694.jpg,D:\DPS 920\DPS920_final_project\IMG\right_2026_08_01_19_58_20_694.jpg,0.05263158,1.0,0.0,30.1902
D:\DPS 920\DPS920_final_project\IMG\center_2026_08_01_19_54_37_924.jpg,D:\DPS 920\DPS920_final_project\IMG\left_2026_08_01_19_54_37_924.jpg,D:\DPS 920\DPS920_final_project\IMG\right_2026_08_01_19_54_37_924.jpg,-0.1691729,1.0,0.0,30.19116
D:\DPS 920\DPS920_final_project\IMG\center_2026_08_01_19_50_30_611.jpg,D:\DPS 920\DPS920_final_project\IMG\left_2026_08_01_19_50_30_611.jpg,D:\DPS 920\DPS920_final_project\IMG\right_2026_08_01_19_50_30_611.jpg,-0.08270676,1.0,0.0,30.19015
D:\DPS 920\DPS920_final_project\IMG\center_2026_08_01_19_53_01_809.jpg,D:\DPS 920\DPS920_final_project\IMG\left_2026_08_01_19_53_01_809.jpg,D:\DPS 920\DPS920_final_project\IMG\right_2026_08_01_19_53_01_809.jpg,0.07142857,1.0,0.0,30.1899
D:\DPS 920\DPS920_final_project\IMG\center_2026_08_01_19_57_54_612.jpg,D:\DPS 920\DPS920_final_project\IMG\left_2026_08_01_19_57_54_612.jpg,D:\DPS 920\DPS920_final_project\IMG\right_2026_08_01_19_57_54_612.jpg,-0.1390978,1.0,0.0,30.19083
D:\DPS 920\DPS920_final_project\IMG\center_2026_08_01_19_54_39_064.jpg,D:\DPS 920\DPS920_final_project\IMG\left_2026_08_01_19_54_39_064.jpg,D:\DPS 920\DPS920_final_project\IMG\right_2026_08_01_19_54_39_064.jpg,-0.09022556,1.0,0.0,30.19049
D:\DPS 920\DPS920_final_project\IMG\center_2026_08_01_19_54_35_973.jpg,D:\DPS 920\DPS920_final_project\IMG\left_2026_08_01_19_54_35_973.jpg,D:\DPS 920\DPS920_final_project\IMG\right_2026_08_01_19_54_35_973.jpg,-0.1729323,1.0,0.0,30.18883
D:\DPS 920\DPS920_final_project\IMG\center_2026_08_01_20_01_12_367.jpg,D:\DPS 920\DPS920_final_project\IMG\left_2026_08_01_20_01_12_367.jpg,D:\DPS 920\DPS920_final_project\IMG\right_2026_08_01_20_01_12_367.jpg,0.07518797,1.0,0.0,30.18985
D:\DPS 920\DPS920_final_project\IMG\center_2026_08_01_19_54_23_799.jpg,D:\DPS 920\DPS920_final_project\IMG\left_2026_08_01_19_54_23_799.jpg,D:\DPS 920\DPS920_final_project\IMG\right_2026_08_01_19_54_23_799.jpg,0.007518797,1.0,0.0,30.19028
D:\DPS 920\DPS920_final_project\IMG\center_2026_08_01_20_01_17_696.jpg,D:\DPS 920\DPS920_final_project\IMG\left_2026_08_01_20_01_17_696.jpg,D:\DPS 920\DPS920_final_project\IMG\right_2026_08_01_20_01_17_696.jpg,0.07142857,1.0,0.0,30.1902
D:\DPS 920\DPS920_final_project\IMG\center_2026_08_01_20_01_15_037.jpg,D:\DPS 920\DPS920_final_project\IMG\left_2026_08_01_20_01_15_037.jpg,D:\DPS 920\DPS920_final_project\IMG\right_2026_08_01_20_01_15_037.jpg,0.06766918,1.0,0.0,30.19014
D:\DPS 920\DPS920_final_project\IMG\center_2026_08_01_20_01_12_933.jpg,D:\DPS 920\DPS920_final_project\IMG\left_2026_08_01_20_01_12_933.jpg,D:\DPS 920\DPS920_final_project\IMG\right_2026_08_01_20_01_12_933.jpg,0.1428571,1.0,0.0,30.18954
D:\DPS 920\DPS920_final_project\IMG\center_2026_08_01_20_00_50_576.jpg,D:\DPS 920\DPS920_final_project\IMG\left_2026_08_01_20_00_50_576.jpg,D:\DPS 920\DPS920_final_project\IMG\right_2026_08_01_20_00_50_576.jpg,0.2105263,1.0,0.0,30.18886
D:\DPS 920\DPS920_final_project\IMG\center_2026_08_01_20_02_15_537.jpg,D:\DPS 920\DPS920_final_project\IMG\left_2026_08_01_20_02_15_537.jpg,D:\DPS 920\DPS920_final_project\IMG\right_2026_08_01_20_02_15_537.jpg,0.1917293,1.0,0.0,30.19054
D:\DPS 920\DPS920_final_project\IMG\center_2026_08_01_19_53_11_536.jpg,D:\DPS 920\DPS920_final_project\IMG\left_2026_08_01_19_53_11_536.jpg,D:\DPS 920\DPS920_final_project\IMG\right_2026_08_01_19_53_11_536.jpg,-0.1390978,1.0,0.0,30.18991
D:\DPS 920\DPS920_final_project\IMG\center_2026_08_01_19_58_39_353.jpg,D:\DPS 920\DPS920_final_project\IMG\left_2026_08_01_19_58_39_353.jpg,D:\DPS 920\DPS920_final_project\IMG\right_2026_08_01_19_58_39_353.jpg,-0.003759398,1.0,0.0,30.19028
D:\DPS 920\DPS920_final_project\IMG\center_2026_08_01_19_51_06_212.jpg,D:\DPS 920\DPS920_final_project\IMG\left_2026_08_01_19_51_06_212.jpg,D:\DPS 920\DPS920_final_project\IMG\right_2026_08_01_19_51_06_212.jpg,-0.09398497,1.0,0.0,30.19137
D:\DPS 920\DPS920_final_project\IMG\center_2026_08_01_19_57_42_883.jpg,D:\DPS 920\DPS920_final_project\IMG\left_2026_08_01_19_57_42_883.jpg,D:\DPS 920\DPS920_final_project\IMG\right_2026_08_01_19_57_42_883.jpg,0.1015038,1.0,0.0,30.18994
D:\DPS 920\DPS920_final_project\IMG\center_2026_08_01_20_01_13_006.jpg,D:\DPS 920\DPS920_final_project\IMG\left_2026_08_01_20_01_13_006.jpg,D:\DPS 920\DPS920_final_project\IMG\right_2026_08_01_20_01_13_006.jpg,0.1428571,1.0,0.0,30.18973
D:\DPS 920\DPS920_final_project\IMG\center_2026_08_01_19_59_01_005.jpg,D:\DPS 920\DPS920_final_project\IMG\left_2026_08_01_19_59_01_005.jpg,D:\DPS 920\DPS920_final_project\IMG\right_2026_08_01_19_59_01_005.jpg,0.05639098,1.0,0.0,30.19021
D:\DPS 920\DPS920_final_project\IMG\center_2026_08_01_19_59_00_362.jpg,D:\DPS 920\DPS920_final_project\IMG\left_2026_08_01_19_59_00_362.jpg,D:\DPS 920\DPS920_final_project\IMG\right_2026_08_01_19_59_00_362.jpg,0.04511278,1.0,0.0,30.19028
D:\DPS 920\DPS920_final_project\IMG\center_2026_08_01_20_00_38_484.jpg,D:\DPS 920\DPS920_final_project\IMG\left_2026_08_01_20_00_38_484.jpg,D:\DPS 920\DPS920_final_project\IMG\right_2026_08_01_20_00_38_484.jpg,-0.03759398,1.0,0.0,30.19026
D:\DPS 920\DPS920_final_project\IMG\center_2026_08_01_19_54_16_302.jpg,D:\DPS 920\DPS920_final_project\IMG\left_2026_08_01_19_54_16_302.jpg,D:\DPS 920\DPS920_final_project\IMG\right_2026_08_01_19_54_16_302.jpg,-0.2293233,1.0,0.0,30.18612
D:\DPS 920\DPS920_final_project\IMG\center_2026_08_01_19_57_43_393.jpg,D:\DPS 920\DPS920_final_project\IMG\left_2026_08_01_19_57_43_393.jpg,D:\DPS 920\DPS920_final_project\IMG\right_2026_08_01_19_57_43_393.jpg,0.1503759,1.0,0.0,30.18911
D:\DPS 920\DPS920_final_project\IMG\center_2026_08_01_19_54_22_711.jpg,D:\DPS 920\DPS920_final_project\IMG\left_2026_08_01_19_54_22_711.jpg,D:\DPS 920\DPS920_final_project\IMG\right_2026_08_01_19_54_22_711.jpg,-0.003759398,1.0,0.0,30.1902
D:\DPS 920\DPS920_final_project\IMG\center_2026_08_01_20_02_18_146.jpg,D:\DPS 920\DPS920_final_project\IMG\left_2026_08_01_20_02_18_146.jpg,D:\DPS 920\DPS920_final_project\IMG\right_2026_08_01_20_02_18_146.jpg,0.04135338,1.0,0.0,30.19027
D:\DPS 920\DPS920_final_project\IMG\center_2026_08_01_20_00_46_775.jpg,D:\DPS 920\DPS920_final_project\IMG\left_2026_08_01_20_00_46_775.jpg,D:\DPS 920\DPS920_final_project\IMG\right_2026_08_01_20_00_46_775.jpg,0.01503759,1.0,0.0,30.19029
D:\DPS 920\DPS920_final_project\IMG\center_2026_08_01_19_59_01_764.jpg,D:\DPS 920\DPS920_final_project\IMG\left_2026_08_01_19_59_01_764.jpg,D:\DPS 920\DPS920_final_project\IMG\right_2026_08_01_19_59_01_764.jpg,0.06015037,1.0,0.0,30.19019
D:\DPS 920\DPS920_final_project\IMG\center_2026_08_01_19_50_25_869.jpg,D:\DPS 920\DPS920_final_project\IMG\left_2026_08_01_19_50_25_869.jpg,D:\DPS 920\DPS920_final_project\IMG\right_2026_08_01_19_50_25_869.jpg,-0.131579,1.0,0.0,14.67684
D:\DPS 920\DPS920_final_project\IMG\center_2026_08_01_19_54_15_520.jpg,D:\DPS 920\DPS920_final_project\IMG\left_2026_08_01_19_54_15_520.jpg,D:\DPS 920\DPS920_final_project\IMG\right_2026_08_01_19_54_15_520.jpg,-0.1278196,1.0,0.0,30.18813
D:\DPS 920\DPS920_final_project\IMG\center_2026_08_01_19_51_51_691.jpg,D:\DPS 920\DPS920_final_project\IMG\left_2026_08_01_19_51_51_691.jpg,D:\DPS 920\DPS920_final_project\IMG\right_2026_08_01_19_51_51_691.jpg,-0.1428571,1.0,0.0,30.19004
D:\DPS 920\DPS920_final_project\IMG\center_2026_08_01_19_50_26_209.jpg,D:\DPS 920\DPS920_final_project\IMG\left_2026_08_01_19_50_26_209.jpg,D:\DPS 920\DPS920_final_project\IMG\right_2026_08_01_19_50_26_209.jpg,-0.1466165,1.0,0.0,18.0671
D:\DPS 920\DPS920_final_project\IMG\center_2026_08_01_19_59_22_654.jpg,D:\DPS 920\DPS920_final_project\IMG\left_2026_08_01_19_59_22_654.jpg,D:\DPS 920\DPS920_final_project\IMG\right_2026_08_01_19_59_22_654.jpg,0.1090226,1.0,0.0,30.18959
D:\DPS 920\DPS920_final_project\IMG\center_2026_08_01_20_01_49_851.jpg,D:\DPS 920\DPS920_final_project\IMG\left_2026_08_01_20_01_49_851.jpg,D:\DPS 920\DPS920_final_project\IMG\right_2026_08_01_20_01_49_851.jpg,0.07142857,1.0,0.0,30.19017
D:\DPS 920\DPS920_final_project\IMG\center_2026_08_01_20_02_20_909.jpg,D:\DPS 920\DPS920_final_project\IMG\left_2026_08_01_20_02_20_909.jpg,D:\DPS 920\DPS920_final_project\IMG\right_2026_08_01_20_02_20_909.jpg,0.01503759,1.0,0.0,30.19054
D:\DPS 920\DPS920_final_project\IMG\center_2026_08_01_19_59_26_957.jpg,D:\DPS 920\DPS920_final_project\IMG\left_2026_08_01_19_59_26_957.jpg,D:\DPS 920\DPS920_final_project\IMG\right_2026_08_01_19_59_26_957.jpg,0.2142857,1.0,0.0,30.18856
D:\DPS 920\DPS920_final_project\IMG\center_2026_08_01_19_53_15_717.jpg,D:\DPS 920\DPS920_final_project\IMG\left_2026_08_01_19_53_15_717.jpg,D:\DPS 920\DPS920_final_project\IMG\right_2026_08_01_19_53_15_717.jpg,-0.09022556,1.0,0.0,30.18982
D:\DPS 920\DPS920_final_project\IMG\center_2026_08_01_19_54_03_635.jpg,D:\DPS 920\DPS920_final_project\IMG\left_2026_08_01_19_54_03_635.jpg,D:\DPS 920\DPS920_final_project\IMG\right_2026_08_01_19_54_03_635.jpg,-0.03383459,1.0,0.0,30.19028
D:\DPS 920\DPS920_final_project\IMG\center_2026_08_01_20_00_42_125.jpg,D:\DPS 920\DPS920_final_project\IMG\left_2026_08_01_20_00_42_125.jpg,D:\DPS 920\DPS920_final_project\IMG\right_2026_08_01_20_00_42_125.jpg,-0.2443609,1.0,0.0,30.18948
D:\DPS 920\DPS920_final_project\IMG\center_2026_08_01_19_54_41_981.jpg,D:\DPS 920\DPS920_final_project\IMG\left_2026_08_01_19_54_41_981.jpg,D:\DPS 920\DPS920_final_project\IMG\right_2026_08_01_19_54_41_981.jpg,-0.07518797,1.0,0.0,30.19007
D:\DPS 920\DPS920_final_project\IMG\center_2026_08_01_19_51_39_393.jpg,D:\DPS 920\DPS920_final_project\IMG\left_2026_08_01_19_51_39_393.jpg,D:\DPS 920\DPS920_final_project\IMG\right_2026_08_01_19_51_39_393.jpg,0.1954887,1.0,0.0,30.19324
D:\DPS 920\DPS920_final_project\IMG\center_2026_08_01_19_57_43_245.jpg,D:\DPS 920\DPS920_final_project\IMG\left_2026_08_01_19_57_43_245.jpg,D:\DPS 920\DPS920_final_project\IMG\right_2026_08_01_19_57_43_245.jpg,0.1165414,1.0,0.0,30.18956
D:\DPS 920\DPS920_final_project\IMG\center_2026_08_01_19_52_05_625.jpg,D:\DPS 920\DPS920_final_project\IMG\left_2026_08_01_19_52_05_625.jpg,D:\DPS 920\DPS920_final_project\IMG\right_2026_08_01_19_52_05_625.jpg,-0.02255639,1.0,0.0,30.19026
D:\DPS 920\DPS920_final_project\IMG\center_2026_08_01_19_54_36_041.jpg,D:\DPS 920\DPS920_final_project\IMG\left_2026_08_01_19_54_36_041.jpg,D:\DPS 920\DPS920_final_project\IMG\right_2026_08_01_19_54_36_041.jpg,-0.1842105,1.0,0.0,30.18823
D:\DPS 920\DPS920_final_project\IMG\center_2026_08_01_20_01_50_469.jpg,D:\DPS 920\DPS920_final_project\IMG\left_2026_08_01_20_01_50_469.jpg,D:\DPS 920\DPS920_final_project\IMG\right_2026_08_01_20_01_50_469.jpg,0.07518797,1.0,0.0,30.19007
D:\DPS 920\DPS920_final_project\IMG\center_2026_08_01_19_53_13_710.jpg,D:\DPS 920\DPS920_final_project\IMG\left_2026_08_01_19_53_13_710.jpg,D:\DPS 920\DPS920_final_project\IMG\right_2026_08_01_19_53_13_710.jpg,-0.1466165,1.0,0.0,30.18815
D:\DPS 920\DPS920_final_project\IMG\center_2026_08_01_20_02_12_457.jpg,D:\DPS 920\DPS920_final_project\IMG\left_2026_08_01_20_02_12_457.jpg,D:\DPS 920\DPS920_final_project\IMG\right_2026_08_01_20_02_12_457.jpg,0.03383459,1.0,0.0,30.19015
D:\DPS 920\DPS920_final_project\IMG\center_2026_08_01_20_00_52_351.jpg,D:\DPS 920\DPS920_final_project\IMG\left_2026_08_01_20_00_52_351.jpg,D:\DPS 920\DPS920_final_project\IMG\right_2026_08_01_20_00_52_351.jpg,0.131579,1.0,0.0,30.19112
D:\DPS 920\DPS920_final_project\IMG\center_2026_08_01_19_59_28_711.jpg,D:\DPS 920\DPS920_final_project\IMG\left_2026_08_01_19_59_28_711.jpg,D:\DPS 920\DPS920_final_project\IMG\right_2026_08_01_19_59_28_711.jpg,0.2142857,1.0,0.0,30.18929
D:\DPS 920\DPS920_final_project\IMG\center_2026_08_01_19_58_02_390.jpg,D:\DPS 920\DPS920_final_project\IMG\left_2026_08_01_19_58_02_390.jpg,D:\DPS 920\DPS920_final_project\IMG\right_2026_08_01_19_58_02_390.jpg,0.1466165,1.0,0.0,30.18956
D:\DPS 920\DPS920_final_project\IMG\center_2026_08_01_19_53_02_293.jpg,D:\DPS 920\DPS920_final_project\IMG\left_2026_08_01_19_53_02_293.jpg,D:\DPS 920\DPS920_final_project\IMG\right_2026_08_01_19_53_02_293.jpg,0.1729323,1.0,0.0,30.18762
D:\DPS 920\DPS920_final_project\IMG\center_2026_08_01_20_02_05_042.jpg,D:\DPS 920\DPS920_final_project\IMG\left_2026_08_01_20_02_05_042.jpg,D:\DPS 920\DPS920_final_project\IMG\right_2026_08_01_20_02_05_042.jpg,-0.3383459,1.0,0.0,30.19443
D:\DPS 920\DPS920_final_project\IMG\center_2026_08_01_19_59_30_121.jpg,D:\DPS 920\DPS920_final_project\IMG\left_2026_08_01_19_59_30_121.jpg,D:\DPS 920\DPS920_final_project\IMG\right_2026_08_01_19_59_30_121.jpg,0.05263158,1.0,0.0,30.19028
D:\DPS 920\DPS920_final_project\IMG\center_2026_08_01_19_54_29_001.jpg,D:\DPS 920\DPS920_final_project\IMG\left_2026_08_01_19_54_29_001.jpg,D:\DPS 920\DPS920_final_project\IMG\right_2026_08_01_19_54_29_001.jpg,0.03759398,1.0,0.0,30.19023
D:\DPS 920\DPS920_final_project\IMG\center_2026_08_01_19_51_05_025.jpg,D:\DPS 920\DPS920_final_project\IMG\left_2026_08_01_19_51_05_025.jpg,D:\DPS 920\DPS920_final_project\IMG\right_2026_08_01_19_51_05_025.jpg,-0.09398497,1.0,0.0,30.19029
D:\DPS 920\DPS920_final_project\IMG\center_2026_08_01_19_51_51_328.jpg,D:\DPS 920\DPS920_final_project\IMG\left_2026_08_01_19_51_51_328.jpg,D:\DPS 920\DPS920_final_project\IMG\right_2026_08_01_19_51_51_328.jpg,-0.1654135,1.0,0.0,30.19027
D:\DPS 920\DPS920_final_project\IMG\center_2026_08_01_19_58_14_653.jpg,D:\DPS 920\DPS920_final_project\IMG\left_2026_08_01_19_58_14_653.jpg,D:\DPS 920\DPS920_final_project\IMG\right_2026_08_01_19_58_14_653.jpg,0.007518797,1.0,0.0,30.19064
D:\DPS 920\DPS920_final_project\IMG\center_2026_08_01_19_53_12_951.jpg,D:\DPS 920\DPS920_final_project\IMG\left_2026_08_01_19_53_12_951.jpg,D:\DPS 920\DPS920_final_project\IMG\right_2026_08_01_19_53_12_951.jpg,-0.1466165,1.0,0.0,30.18946
D:\DPS 920\DPS920_final_project\IMG\center_2026_08_01_19_58_52_959.jpg,D:\DPS 920\DPS920_final_project\IMG\left_2026_08_01_19_58_52_959.jpg,D:\DPS 920\DPS920_final_project\IMG\right_2026_08_01_19_58_52_959.jpg,0.007518797,1.0,0.0,30.1903
D:\DPS 920\DPS920_final_project\IMG\center_2026_08_01_19_50_33_743.jpg,D:\DPS 920\DPS920_final_project\IMG\left_2026_08_01_19_50_33_743.jpg,D:\DPS 920\DPS920_final_project\IMG\right_2026_08_01_19_50_33_743.jpg,-0.06766918,1.0,0.0,30.19019
D:\DPS 920\DPS920_final_project\IMG\center_2026_08_01_19_57_48_008.jpg,D:\DPS 920\DPS920_final_project\IMG\left_2026_08_01_19_57_48_008.jpg,D:\DPS 920\DPS920_final_project\IMG\right_2026_08_01_19_57_48_008.jpg,0.06015037,1.0,0.0,30.19025
D:\DPS 920\DPS920_final_project\IMG\center_2026_08_01_19_59_07_055.jpg,D:\DPS 920\DPS920_final_project\IMG\left_2026_08_01_19_59_07_055.jpg,D:\DPS 920\DPS920_final_project\IMG\right_2026_08_01_19_59_07_055.jpg,0.3233083,1.0,0.0,30.18593
D:\DPS 920\DPS920_final_project\IMG\center_2026_08_01_19_54_02_853.jpg,D:\DPS 920\DPS920_final_project\IMG\left_2026_08_01_19_54_02_853.jpg,D:\DPS 920\DPS920_final_project\IMG\right_2026_08_01_19_54_02_853.jpg,-0.03383459,1.0,0.0,30.19026
D:\DPS 920\DPS920_final_project\IMG\center_2026_08_01_19_59_01_284.jpg,D:\DPS 920\DPS920_final_project\IMG\left_2026_08_01_19_59_01_284.jpg,D:\DPS 920\DPS920_final_project\IMG\right_2026_08_01_19_59_01_284.jpg,0.04887218,1.0,0.0,30.19027
D:\DPS 920\DPS920_final_project\IMG\center_2026_08_01_19_52_51_180.jpg,D:\DPS 920\DPS920_final_project\IMG\left_2026_08_01_19_52_51_180.jpg,D:\DPS 920\DPS920_final_project\IMG\right_2026_08_01_19_52_51_180.jpg,-0.08646616,1.0,0.0,30.18986
D:\DPS 920\DPS920_final_project\IMG\center_2026_08_01_20_00_41_763.jpg,D:\DPS 920\DPS920_final_project\IMG\left_2026_08_01_20_00_41_763.jpg,D:\DPS 920\DPS920_final_project\IMG\right_2026_08_01_20_00_41_763.jpg,-0.2706767,1.0,0.0,30.18948
D:\DPS 920\DPS920_final_project\IMG\center_2026_08_01_19_53_54_043.jpg,D:\DPS 920\DPS920_final_project\IMG\left_2026_08_01_19_53_54_043.jpg,D:\DPS 920\DPS920_final_project\IMG\right_2026_08_01_19_53_54_043.jpg,-0.07142857,1.0,0.0,30.19022
D:\DPS 920\DPS920_final_project\IMG\center_2026_08_01_19_52_55_352.jpg,D:\DPS 920\DPS920_final_project\IMG\left_2026_08_01_19_52_55_352.jpg,D:\DPS 920\DPS920_final_project\IMG\right_2026_08_01_19_52_55_352.jpg,-0.1203007,1.0,0.0,30.19059
D:\DPS 920\DPS920_final_project\IMG\center_2026_08_01_19_51_38_473.jpg,D:\DPS 920\DPS920_final_project\IMG\left_2026_08_01_19_51_38_473.jpg,D:\DPS 920\DPS920_final_project\IMG\right_2026_08_01_19_51_38_473.jpg,0.1691729,1.0,0.0,30.18746
D:\DPS 920\DPS920_final_project\IMG\center_2026_08_01_19_50_50_394.jpg,D:\DPS 920\DPS920_final_project\IMG\left_2026_08_01_19_50_50_394.jpg,D:\DPS 920\DPS920_final_project\IMG\right_2026_08_01_19_50_50_394.jpg,-0.01879699,1.0,0.0,30.19028
D:\DPS 920\DPS920_final_project\IMG\center_2026_08_01_19_51_27_201.jpg,D:\DPS 920\DPS920_final_project\IMG\left_2026_08_01_19_51_27_201.jpg,D:\DPS 920\DPS920_final_project\IMG\right_2026_08_01_19_51_27_201.jpg,-0.03759398,1.0,0.0,30.19009
D:\DPS 920\DPS920_final_project\IMG\center_2026_08_01_19_52_25_580.jpg,D:\DPS 920\DPS920_final_project\IMG\left_2026_08_01_19_52_25_580.jpg,D:\DPS 920\DPS920_final_project\IMG\right_2026_08_01_19_52_25_580.jpg,-0.05263158,1.0,0.0,30.19022
D:\DPS 920\DPS920_final_project\IMG\center_2026_08_01_19_53_13_504.jpg,D:\DPS 920\DPS920_final_project\IMG\left_2026_08_01_19_53_13_504.jpg,D:\DPS 920\DPS920_final_project\IMG\right_2026_08_01_19_53_13_504.jpg,-0.1466165,1.0,0.0,30.18922
D:\DPS 920\DPS920_final_project\IMG\center_2026_08_01_19_54_43_402.jpg,D:\DPS 920\DPS920_final_project\IMG\left_2026_08_01_19_54_43_402.jpg,D:\DPS 920\DPS920_final_project\IMG\right_2026_08_01_19_54_43_402.jpg,-0.09774436,1.0,0.0,30.18996
D:\DPS 920\DPS920_final_project\IMG\center_2026_08_01_19_54_35_903.jpg,D:\DPS 920\DPS920_final_project\IMG\left_2026_08_01_19_54_35_903.jpg,D:\DPS 920\DPS920_final_project\IMG\right_2026_08_01_19_54_35_903.jpg,-0.1541353,1.0,0.0,30.19038
D:\DPS 920\DPS920_final_project\IMG\center_2026_08_01_20_02_07_311.jpg,D:\DPS 920\DPS920_final_project\IMG\left_2026_08_01_20_02_07_311.jpg,D:\DPS 920\DPS920_final_project\IMG\right_2026_08_01_20_02_07_311.jpg,-0.05639098,1.0,0.0,30.19001
D:\DPS 920\DPS920_final_project\IMG\center_2026_08_01_19_51_45_470.jpg,D:\DPS 920\DPS920_final_project\IMG\left_2026_08_01_19_51_45_470.jpg,D:\DPS 920\DPS920_final_project\IMG\right_2026_08_01_19_51_45_470.jpg,-0.01879699,1.0,0.0,30.19027
D:\DPS 920\DPS920_final_project\IMG\center_2026_08_01_19_53_48_084.jpg,D:\DPS 920\DPS920_final_project\IMG\left_2026_08_01_19_53_48_084.jpg,D:\DPS 920\DPS920_final_project\IMG\right_2026_08_01_19_53_48_084.jpg,-0.04887218,1.0,0.0,30.19017
D:\DPS 920\DPS920_final_project\IMG\center_2026_08_01_19_53_53_762.jpg,D:\DPS 920\DPS920_final_project\IMG\left_2026_08_01_19_53_53_762.jpg,D:\DPS 920\DPS920_final_project\IMG\right_2026_08_01_19_53_53_762.jpg,-0.1353384,1.0,0.0,30.18988
D:\DPS 920\DPS920_final_project\IMG\center_2026_08_01_19_52_11_754.jpg,D:\DPS 920\DPS920_final_project\IMG\left_2026_08_01_19_52_11_754.jpg,D:\DPS 920\DPS920_final_project\IMG\right_2026_08_01_19_52_11_754.jpg,-0.0112782,1.0,0.0,30.19027
D:\DPS 920\DPS920_final_project\IMG\center_2026_08_01_19_58_02_316.jpg,D:\DPS 920\DPS920_final_project\IMG\left_2026_08_01_19_58_02_316.jpg,D:\DPS 920\DPS920_final_project\IMG\right_2026_08_01_19_58_02_316.jpg,0.1428571,1.0,0.0,30.18982
D:\DPS 920\DPS920_final_project\IMG\center_2026_08_01_19_59_38_850.jpg,D:\DPS 920\DPS920_final_project\IMG\left_2026_08_01_19_59_38_850.jpg,D:\DPS 920\DPS920_final_project\IMG\right_2026_08_01_19_59_38_850.jpg,0.0,1.0,0.0,30.19065
D:\DPS 920\DPS920_final_project\IMG\center_2026_08_01_19_54_11_638.jpg,D:\DPS 920\DPS920_final_project\IMG\left_2026_08_01_19_54_11_638.jpg,D:\DPS 920\DPS920_final_project\IMG\right_2026_08_01_19_54_11_638.jpg,-0.02255639,1.0,0.0,30.19007
D:\DPS 920\DPS920_final_project\IMG\center_2026_08_01_19_58_01_596.jpg,D:\DPS 920\DPS920_final_project\IMG\left_2026_08_01_19_58_01_596.jpg,D:\DPS 920\DPS920_final_project\IMG\right_2026_08_01_19_58_01_596.jpg,0.06390978,1.0,0.0,30.19011
D:\DPS 920\DPS920_final_project\IMG\center_2026_08_01_20_00_04_474.jpg,D:\DPS 920\DPS920_final_project\IMG\left_2026_08_01_20_00_04_474.jpg,D:\DPS 920\DPS920_final_project\IMG\right_2026_08_01_20_00_04_474.jpg,0.0,1.0,0.0,30.19029
D:\DPS 920\DPS920_final_project\IMG\center_2026_08_01_19_53_02_582.jpg,D:\DPS 920\DPS920_final_project\IMG\left_2026_08_01_19_53_02_582.jpg,D:\DPS 920\DPS920_final_project\IMG\right_2026_08_01_19_53_02_582.jpg,0.2857143,1.0,0.0,30.18374
D:\DPS 920\DPS920_final_project\IMG\center_2026_08_01_19_51_45_743.jpg,D:\DPS 920\DPS920_final_project\IMG\left_2026_08_01_19_51_45_743.jpg,D:\DPS 920\DPS920_final_project\IMG\right_2026_08_01_19_51_45_743.jpg,-0.03007519,1.0,0.0,30.19022
D:\DPS 920\DPS920_final_project\IMG\center_2026_08_01_19_58_32_580.jpg,D:\DPS 920\DPS920_final_project\IMG\left_2026_08_01_19_58_32_580.jpg,D:\DPS 920\DPS920_final_project\IMG\right_2026_08_01_19_58_32_580.jpg,0.02255639,1.0,0.0,30.19052
D:\DPS 920\DPS920_final_project\IMG\center_2026_08_01_19_53_40_803.jpg,D:\DPS 920\DPS920_final_project\IMG\left_2026_08_01_19_53_40_803.jpg,D:\DPS 920\DPS920_final_project\IMG\right_2026_08_01_19_53_40_803.jpg,-0.03007519,1.0,0.0,30.19021
D:\DPS 920\DPS920_final_project\IMG\center_2026_08_01_19_59_07_828.jpg,D:\DPS 920\DPS920_final_project\IMG\left_2026_08_01_19_59_07_828.jpg,D:\DPS 920\DPS920_final_project\IMG\right_2026_08_01_19_59_07_828.jpg,0.2030075,1.0,0.0,30.19376
D:\DPS 920\DPS920_final_project\IMG\center_2026_08_01_20_02_05_922.jpg,D:\DPS 920\DPS920_final_project\IMG\left_2026_08_01_20_02_05_922.jpg,D:\DPS 920\DPS920_final_project\IMG\right_2026_08_01_20_02_05_922.jpg,-0.2255639,1.0,0.0,30.18317
D:\DPS 920\DPS920_final_project\IMG\center_2026_08_01_19_51_01_069.jpg,D:\DPS 920\DPS920_final_project\IMG\left_2026_08_01_19_51_01_069.jpg,D:\DPS 920\DPS920_final_project\IMG\right_2026_08_01_19_51_01_069.jpg,-0.03759398,1.0,0.0,30.19024
D:\DPS 920\DPS920_final_project\IMG\center_2026_08_01_19_53_21_286.jpg,D:\DPS 920\DPS920_final_project\IMG\left_2026_08_01_19_53_21_286.jpg,D:\DPS 920\DPS920_final_project\IMG\right_2026_08_01_19_53_21_286.jpg,-0.07518797,1.0,0.0,30.19026
D:\DPS 920\DPS920_final_project\IMG\center_2026_08_01_19_51_44_053.jpg,D:\DPS 920\DPS920_final_project\IMG\left_2026_08_01_19_51_44_053.jpg,D:\DPS 920\DPS920_final_project\IMG\right_2026_08_01_19_51_44_053.jpg,0.03759398,1.0,0.0,30.19009
D:\DPS 920\DPS920_final_project\IMG\center_2026_08_01_20_00_28_288.jpg,D:\DPS 920\DPS920_final_project\IMG\left_2026_08_01_20_00_28_288.jpg,D:\DPS 920\DPS920_final_project\IMG\right_2026_08_01_20_00_28_288.jpg,0.07518797,1.0,0.0,30.18854
D:\DPS 920\DPS920_final_project\IMG\center_2026_08_01_20_01_54_316.jpg,D:\DPS 920\DPS920_final_project\IMG\left_2026_08_01_20_01_54_316.jpg,D:\DPS 920\DPS920_final_project\IMG\right_2026_08_01_20_01_54_316.jpg,0.1503759,1.0,0.0,30.18946
D:\DPS 920\DPS920_final_project\IMG\center_2026_08_01_19_58_28_969.jpg,D:\DPS 920\DPS920_final_project\IMG\left_2026_08_01_19_58_28_969.jpg,D:\DPS 920\DPS920_final_project\IMG\right_2026_08_01_19_58_28_969.jpg,0.06766918,1.0,0.0,30.19032
D:\DPS 920\DPS920_final_project\IMG\center_2026_08_01_19_51_30_457.jpg,D:\DPS 920\DPS920_final_project\IMG\left_2026_08_01_19_51_30_457.jpg,D:\DPS 920\DPS920_final_project\IMG\right_2026_08_01_19_51_30_457.jpg,-0.1992481,1.0,0.0,30.19043
D:\DPS 920\DPS920_final_project\IMG\center_2026_08_01_19_53_37_992.jpg,D:\DPS 920\DPS920_final_project\IMG\left_2026_08_01_19_53_37_992.jpg,D:\DPS 920\DPS920_final_project\IMG\right_2026_08_01_19_53_37_992.jpg,-0.03759398,1.0,0.0,30.19014
D:\DPS 920\DPS920_final_project\IMG\center_2026_08_01_19_57_56_541.jpg,D:\DPS 920\DPS920_final_project\IMG\left_2026_08_01_19_57_56_541.jpg,D:\DPS 920\DPS920_final_project\IMG\right_2026_08_01_19_57_56_541.jpg,-0.06766918,1.0,0.0,30.19092
D:\DPS 920\DPS920_final_project\IMG\center_2026_08_01_19_51_02_431.jpg,D:\DPS 920\DPS920_final_project\IMG\left_2026_08_01_19_51_02_431.jpg,D:\DPS 920\DPS920_final_project\IMG\right_2026_08_01_19_51_02_431.jpg,-0.06390978,1.0,0.0,30.18989
D:\DPS 920\DPS920_final_project\IMG\center_2026_08_01_19_59_15_145.jpg,D:\DPS 920\DPS920_final_project\IMG\left_2026_08_01_19_59_15_145.jpg,D:\DPS 920\DPS920_final_project\IMG\right_2026_08_01_19_59_15_145.jpg,-0.07518797,1.0,0.0,30.18996
D:\DPS 920\DPS920_final_project\IMG\center_2026_08_01_20_00_56_316.jpg,D:\DPS 920\DPS920_final_project\IMG\left_2026_08_01_20_00_56_316.jpg,D:\DPS 920\DPS920_final_project\IMG\right_2026_08_01_20_00_56_316.jpg,0.0,1.0,0.0,30.12528
D:\DPS 920\DPS920_final_project\IMG\center_2026_08_01_19_52_58_396.jpg,D:\DPS 920\DPS920_final_project\IMG\left_2026_08_01_19_52_58_396.jpg,D:\DPS 920\DPS920_final_project\IMG\right_2026_08_01_19_52_58_396.jpg,-0.03383459,1.0,0.0,30.19023
D:\DPS 920\DPS920_final_project\IMG\center_2026_08_01_19_51_31_370.jpg,D:\DPS 920\DPS920_final_project\IMG\left_2026_08_01_19_51_31_370.jpg,D:\DPS 920\DPS920_final_project\IMG\right_2026_08_01_19_51_31_370.jpg,-0.1278196,1.0,0.0,30.19113
D:\DPS 920\DPS920_final_project\IMG\center_2026_08_01_19_54_27_569.jpg,D:\DPS 920\DPS920_final_project\IMG\left_2026_08_01_19_54_27_569.jpg,D:\DPS 920\DPS920_final_project\IMG\right_2026_08_01_19_54_27_569.jpg,0.2819549,1.0,0.0,30.18878
D:\DPS 920\DPS920_final_project\IMG\center_2026_08_01_19_59_09_005.jpg,D:\DPS 920\DPS920_final_project\IMG\left_2026_08_01_19_59_09_005.jpg,D:\DPS 920\DPS920_final_project\IMG\right_2026_08_01_19_59_09_005.jpg,0.09774436,1.0,0.0,30.18997
D:\DPS 920\DPS920_final_project\IMG\center_2026_08_01_19_54_24_304.jpg,D:\DPS 920\DPS920_final_project\IMG\left_2026_08_01_19_54_24_304.jpg,D:\DPS 920\DPS920_final_project\IMG\right_2026_08_01_19_54_24_304.jpg,0.05263158,1.0,0.0,30.19007
D:\DPS 920\DPS920_final_project\IMG\center_2026_08_01_20_00_29_533.jpg,D:\DPS 920\DPS920_final_project\IMG\left_2026_08_01_20_00_29_533.jpg,D:\DPS 920\DPS920_final_project\IMG\right_2026_08_01_20_00_29_533.jpg,0.1052632,1.0,0.0,30.19038
D:\DPS 920\DPS920_final_project\IMG\center_2026_08_01_19_58_20_904.jpg,D:\DPS 920\DPS920_final_project\IMG\left_2026_08_01_19_58_20_904.jpg,D:\DPS 920\DPS920_final_project\IMG\right_2026_08_01_19_58_20_904.jpg,0.05263158,1.0,0.0,30.19023
D:\DPS 920\DPS920_final_project\IMG\center_2026_08_01_19_52_18_115.jpg,D:\DPS 920\DPS920_final_project\IMG\left_2026_08_01_19_52_18_115.jpg,D:\DPS 920\DPS920_final_project\IMG\right_2026_08_01_19_52_18_115.jpg,-0.007518797,1.0,0.0,30.19028
D:\DPS 920\DPS920_final_project\IMG\center_2026_08_01_19_53_54_114.jpg,D:\DPS 920\DPS920_final_project\IMG\left_2026_08_01_19_53_54_114.jpg,D:\DPS 920\DPS920_final_project\IMG\right_2026_08_01_19_53_54_114.jpg,-0.06766918,1.0,0.0,30.19051
D:\DPS 920\DPS920_final_project\IMG\center_2026_08_01_19_51_04_597.jpg,D:\DPS 920\DPS920_final_project\IMG\left_2026_08_01_19_51_04_597.jpg,D:\DPS 920\DPS920_final_project\IMG\right_2026_08_01_19_51_04_597.jpg,-0.07518797,1.0,0.0,30.19015
D:\DPS 920\DPS920_final_project\IMG\center_2026_08_01_20_02_15_037.jpg,D:\DPS 920\DPS920_final_project\IMG\left_2026_08_01_20_02_15_037.jpg,D:\DPS 920\DPS920_final_project\IMG\right_2026_08_01_20_02_15_037.jpg,0.2330827,1.0,0.0,30.18851
D:\DPS 920\DPS920_final_project\IMG\center_2026_08_01_20_02_20_775.jpg,D:\DPS 920\DPS920_final_project\IMG\left_2026_08_01_20_02_20_775.jpg,D:\DPS 920\DPS920_final_project\IMG\right_2026_08_01_20_02_20_775.jpg,0.01503759,1.0,0.0,30.19049
D:\DPS 920\DPS920_final_project\IMG\center_2026_08_01_20_01_53_243.jpg,D:\DPS 920\DPS920_final_project\IMG\left_2026_08_01_20_01_53_243.jpg,D:\DPS 920\DPS920_final_project\IMG\right_2026_08_01_20_01_53_243.jpg,0.1353384,1.0,0.0,30.18935
D:\DPS 920\DPS920_final_project\IMG\center_2026_08_01_20_00_30_458.jpg,D:\DPS 920\DPS920_final_project\IMG\left_2026_08_01_20_00_30_458.jpg,D:\DPS 920\DPS920_final_project\IMG\right_2026_08_01_20_00_30_458.jpg,0.131579,1.0,0.0,30.19005
D:\DPS 920\DPS920_final_project\IMG\center_2026_08_01_19_54_25_090.jpg,D:\DPS 920\DPS920_final_project\IMG\left_2026_08_01_19_54_25_090.jpg,D:\DPS 920\DPS920_final_project\IMG\right_2026_08_01_19_54_25_090.jpg,0.1240602,1.0,0.0,30.18989
D:\DPS 920\DPS920_final_project\IMG\center_2026_08_01_19_52_31_483.jpg,D:\DPS 920\DPS920_final_project\IMG\left_2026_08_01_19_52_31_483.jpg,D:\DPS 920\DPS920_final_project\IMG\right_2026_08_01_19_52_31_483.jpg,-0.1015038,1.0,0.0,30.18998
D:\DPS 920\DPS920_final_project\IMG\center_2026_08_01_19_57_53_485.jpg,D:\DPS 920\DPS920_final_project\IMG\left_2026_08_01_19_57_53_485.jpg,D:\DPS 920\DPS920_final_project\IMG\right_2026_08_01_19_57_53_485.jpg,-0.1954887,1.0,0.0,30.18727
D:\DPS 920\DPS920_final_project\IMG\center_2026_08_01_19_47_04_487.jpg,D:\DPS 920\DPS920_final_project\IMG\left_2026_08_01_19_47_04_487.jpg,D:\DPS 920\DPS920_final_project\IMG\right_2026_08_01_19_47_04_487.jpg,-0.2669173,1.0,0.0,9.88882
D:\DPS 920\DPS920_final_project\IMG\center_2026_08_01_19_59_27_535.jpg,D:\DPS 920\DPS920_final_project\IMG\left_2026_08_01_19_59_27_535.jpg,D:\DPS 920\DPS920_final_project\IMG\right_2026_08_01_19_59_27_535.jpg,0.2142857,1.0,0.0,30.18991
D:\DPS 920\DPS920_final_project\IMG\center_2026_08_01_19_51_06_279.jpg,D:\DPS 920\DPS920_final_project\IMG\left_2026_08_01_19_51_06_279.jpg,D:\DPS 920\DPS920_final_project\IMG\right_2026_08_01_19_51_06_279.jpg,-0.09398497,1.0,0.0,30.1902
D:\DPS 920\DPS920_final_project\IMG\center_2026_08_01_19_50_27_104.jpg,D:\DPS 920\DPS920_final_project\IMG\left_2026_08_01_19_50_27_104.jpg,D:\DPS 920\DPS920_final_project\IMG\right_2026_08_01_19_50_27_104.jpg,-0.2142857,1.0,0.0,26.80785
D:\DPS 920\DPS920_final_project\IMG\center_2026_08_01_19_53_04_649.jpg,D:\DPS 920\DPS920_final_project\IMG\left_2026_08_01_19_53_04_649.jpg,D:\DPS 920\DPS920_final_project\IMG\right_2026_08_01_19_53_04_649.jpg,0.2781955,1.0,0.0,30.18734
D:\DPS 920\DPS920_final_project\IMG\center_2026_08_01_19_52_47_457.jpg,D:\DPS 920\DPS920_final_project\IMG\left_2026_08_01_19_52_47_457.jpg,D:\DPS 920\DPS920_final_project\IMG\right_2026_08_01_19_52_47_457.jpg,-0.03007519,1.0,0.0,30.18998
D:\DPS 920\DPS920_final_project\IMG\center_2026_08_01_19_58_05_746.jpg,D:\DPS 920\DPS920_final_project\IMG\left_2026_08_01_19_58_05_746.jpg,D:\DPS 920\DPS920_final_project\IMG\right_2026_08_01_19_58_05_746.jpg,0.1390978,1.0,0.0,30.19003
D:\DPS 920\DPS920_final_project\IMG\center_2026_08_01_19_51_41_453.jpg,D:\DPS 920\DPS920_final_project\IMG\left_2026_08_01_19_51_41_453.jpg,D:\DPS 920\DPS920_final_project\IMG\right_2026_08_01_19_51_41_453.jpg,0.03383459,1.0,0.0,30.19072
D:\DPS 920\DPS920_final_project\IMG\center_2026_08_01_19_50_37_914.jpg,D:\DPS 920\DPS920_final_project\IMG\left_2026_08_01_19_50_37_914.jpg,D:\DPS 920\DPS920_final_project\IMG\right_2026_08_01_19_50_37_914.jpg,-0.03759398,1.0,0.0,30.19023
D:\DPS 920\DPS920_final_project\IMG\center_2026_08_01_19_53_32_114.jpg,D:\DPS 920\DPS920_final_project\IMG\left_2026_08_01_19_53_32_114.jpg,D:\DPS 920\DPS920_final_project\IMG\right_2026_08_01_19_53_32_114.jpg,-0.01503759,1.0,0.0,30.19028
D:\DPS 920\DPS920_final_project\IMG\center_2026_08_01_19_51_48_493.jpg,D:\DPS 920\DPS920_final_project\IMG\left_2026_08_01_19_51_48_493.jpg,D:\DPS 920\DPS920_final_project\IMG\right_2026_08_01_19_51_48_493.jpg,-0.1842105,1.0,0.0,30.18792
D:\DPS 920\DPS920_final_project\IMG\center_2026_08_01_19_50_25_802.jpg,D:\DPS 920\DPS920_final_project\IMG\left_2026_08_01_19_50_25_802.jpg,D:\DPS 920\DPS920_final_project\IMG\right_2026_08_01_19_50_25_802.jpg,-0.1240602,1.0,0.0,13.8168
D:\DPS 920\DPS920_final_project\IMG\center_2026_08_01_20_00_35_861.jpg,D:\DPS 920\DPS920_final_project\IMG\left_2026_08_01_20_00_35_861.jpg,D:\DPS 920\DPS920_final_project\IMG\right_2026_08_01_20_00_35_861.jpg,0.01503759,1.0,0.0,30.19028
D:\DPS 920\DPS920_final_project\IMG\center_2026_08_01_19_53_15_140.jpg,D:\DPS 920\DPS920_final_project\IMG\left_2026_08_01_19_53_15_140.jpg,D:\DPS 920\DPS920_final_project\IMG\right_2026_08_01_19_53_15_140.jpg,-0.1278196,1.0,0.0,30.19029
D:\DPS 920\DPS920_final_project\IMG\center_2026_08_01_19_59_26_178.jpg,D:\DPS 920\DPS920_final_project\IMG\left_2026_08_01_19_59_26_178.jpg,D:\DPS 920\DPS920_final_project\IMG\right_2026_08_01_19_59_26_178.jpg,0.1165414,1.0,0.0,30.18946
D:\DPS 920\DPS920_final_project\IMG\center_2026_08_01_20_00_19_306.jpg,D:\DPS 920\DPS920_final_project\IMG\left_2026_08_01_20_00_19_306.jpg,D:\DPS 920\DPS920_final_project\IMG\right_2026_08_01_20_00_19_306.jpg,0.03383459,1.0,0.0,30.19027
D:\DPS 920\DPS920_final_project\IMG\center_2026_08_01_19_51_24_111.jpg,D:\DPS 920\DPS920_final_project\IMG\left_2026_08_01_19_51_24_111.jpg,D:\DPS 920\DPS920_final_project\IMG\right_2026_08_01_19_51_24_111.jpg,-0.0112782,1.0,0.0,30.18997
D:\DPS 920\DPS920_final_project\IMG\center_2026_08_01_20_01_57_239.jpg,D:\DPS 920\DPS920_final_project\IMG\left_2026_08_01_20_01_57_239.jpg,D:\DPS 920\DPS920_final_project\IMG\right_2026_08_01_20_01_57_239.jpg,0.0,1.0,0.0,30.19039
D:\DPS 920\DPS920_final_project\IMG\center_2026_08_01_19_59_48_609.jpg,D:\DPS 920\DPS920_final_project\IMG\left_2026_08_01_19_59_48_609.jpg,D:\DPS 920\DPS920_final_project\IMG\right_2026_08_01_19_59_48_609.jpg,0.09774436,1.0,0.0,30.19007
D:\DPS 920\DPS920_final_project\IMG\center_2026_08_01_19_51_40_390.jpg,D:\DPS 920\DPS920_final_project\IMG\left_2026_08_01_19_51_40_390.jpg,D:\DPS 920\DPS920_final_project\IMG\right_2026_08_01_19_51_40_390.jpg,0.1842105,1.0,0.0,30.18839
D:\DPS 920\DPS920_final_project\IMG\center_2026_08_01_19_58_46_710.jpg,D:\DPS 920\DPS920_final_project\IMG\left_2026_08_01_19_58_46_710.jpg,D:\DPS 920\DPS920_final_project\IMG\right_2026_08_01_19_58_46_710.jpg,0.06766918,1.0,0.0,30.18997
D:\DPS 920\DPS920_final_project\IMG\center_2026_08_01_19_51_22_930.jpg,D:\DPS 920\DPS920_final_project\IMG\left_2026_08_01_19_51_22_930.jpg,D:\DPS 920\DPS920_final_project\IMG\right_2026_08_01_19_51_22_930.jpg,0.003759398,1.0,0.0,30.18998
D:\DPS 920\DPS920_final_project\IMG\center_2026_08_01_20_02_20_287.jpg,D:\DPS 920\DPS920_final_project\IMG\left_2026_08_01_20_02_20_287.jpg,D:\DPS 920\DPS920_final_project\IMG\right_2026_08_01_20_02_20_287.jpg,-0.03007519,1.0,0.0,30.19037
D:\DPS 920\DPS920_final_project\IMG\center_2026_08_01_19_51_43_171.jpg,D:\DPS 920\DPS920_final_project\IMG\left_2026_08_01_19_51_43_171.jpg,D:\DPS 920\DPS920_final_project\IMG\right_2026_08_01_19_51_43_171.jpg,-0.007518797,1.0,0.0,30.19052
D:\DPS 920\DPS920_final_project\IMG\center_2026_08_01_19_58_28_576.jpg,D:\DPS 920\DPS920_final_project\IMG\left_2026_08_01_19_58_28_576.jpg,D:\DPS 920\DPS920_final_project\IMG\right_2026_08_01_19_58_28_576.jpg,0.07518797,1.0,0.0,30.18953
D:\DPS 920\DPS920_final_project\IMG\center_2026_08_01_20_00_30_245.jpg,D:\DPS 920\DPS920_final_project\IMG\left_2026_08_01_20_00_30_245.jpg,D:\DPS 920\DPS920_final_project\IMG\right_2026_08_01_20_00_30_245.jpg,0.1278196,1.0,0.0,30.19007
D:\DPS 920\DPS920_final_project\IMG\center_2026_08_01_20_00_18_249.jpg,D:\DPS 920\DPS920_final_project\IMG\left_2026_08_01_20_00_18_249.jpg,D:\DPS 920\DPS920_final_project\IMG\right_2026_08_01_20_00_18_249.jpg,0.01879699,1.0,0.0,30.19028
D:\DPS 920\DPS920_final_project\IMG\center_2026_08_01_20_00_34_191.jpg,D:\DPS 920\DPS920_final_project\IMG\left_2026_08_01_20_00_34_191.jpg,D:\DPS 920\DPS920_final_project\IMG\right_2026_08_01_20_00_34_191.jpg,-0.03007519,1.0,0.0,30.19024
D:\DPS 920\DPS920_final_project\IMG\center_2026_08_01_20_00_57_025.jpg,D:\DPS 920\DPS920_final_project\IMG\left_2026_08_01_20_00_57_025.jpg,D:\DPS 920\DPS920_final_project\IMG\right_2026_08_01_20_00_57_025.jpg,0.0,1.0,0.0,30.19057
D:\DPS 920\DPS920_final_project\IMG\center_2026_08_01_19_52_55_871.jpg,D:\DPS 920\DPS920_final_project\IMG\left_2026_08_01_19_52_55_871.jpg,D:\DPS 920\DPS920_final_project\IMG\right_2026_08_01_19_52_55_871.jpg,-0.05639098,1.0,0.0,30.19051
D:\DPS 920\DPS920_final_project\IMG\center_2026_08_01_20_02_02_629.jpg,D:\DPS 920\DPS920_final_project\IMG\left_2026_08_01_20_02_02_629.jpg,D:\DPS 920\DPS920_final_project\IMG\right_2026_08_01_20_02_02_629.jpg,-0.08646616,1.0,0.0,30.1904
D:\DPS 920\DPS920_final_project\IMG\center_2026_08_01_19_47_04_199.jpg,D:\DPS 920\DPS920_final_project\IMG\left_2026_08_01_19_47_04_199.jpg,D:\DPS 920\DPS920_final_project\IMG\right_2026_08_01_19_47_04_199.jpg,-0.1729323,1.0,0.0,6.793389
D:\DPS 920\DPS920_final_project\IMG\center_2026_08_01_19_53_52_923.jpg,D:\DPS 920\DPS920_final_project\IMG\left_2026_08_01_19_53_52_923.jpg,D:\DPS 920\DPS920_final_project\IMG\right_2026_08_01_19_53_52_923.jpg,-0.08646616,1.0,0.0,30.19009
D:\DPS 920\DPS920_final_project\IMG\center_2026_08_01_19_51_39_109.jpg,D:\DPS 920\DPS920_final_project\IMG\left_2026_08_01_19_51_39_109.jpg,D:\DPS 920\DPS920_final_project\IMG\right_2026_08_01_19_51_39_109.jpg,0.3533835,1.0,0.0,30.18421
D:\DPS 920\DPS920_final_project\IMG\center_2026_08_01_19_52_19_916.jpg,D:\DPS 920\DPS920_final_project\IMG\left_2026_08_01_19_52_19_916.jpg,D:\DPS 920\DPS920_final_project\IMG\right_2026_08_01_19_52_19_916.jpg,-0.03759398,1.0,0.0,30.19026
D:\DPS 920\DPS920_final_project\IMG\center_2026_08_01_19_59_04_322.jpg,D:\DPS 920\DPS920_final_project\IMG\left_2026_08_01_19_59_04_322.jpg,D:\DPS 920\DPS920_final_project\IMG\right_2026_08_01_19_59_04_322.jpg,0.1353384,1.0,0.0,30.1899
D:\DPS 920\DPS920_final_project\IMG\center_2026_08_01_19_57_41_316.jpg,D:\DPS 920\DPS920_final_project\IMG\left_2026_08_01_19_57_41_316.jpg,D:\DPS 920\DPS920_final_project\IMG\right_2026_08_01_19_57_41_316.jpg,0.1052632,1.0,0.0,30.18958
D:\DPS 920\DPS920_final_project\IMG\center_2026_08_01_19_52_35_644.jpg,D:\DPS 920\DPS920_final_project\IMG\left_2026_08_01_19_52_35_644.jpg,D:\DPS 920\DPS920_final_project\IMG\right_2026_08_01_19_52_35_644.jpg,-0.03007519,1.0,0.0,30.1903
D:\DPS 920\DPS920_final_project\IMG\center_2026_08_01_19_59_19_659.jpg,D:\DPS 920\DPS920_final_project\IMG\left_2026_08_01_19_59_19_659.jpg,D:\DPS 920\DPS920_final_project\IMG\right_2026_08_01_19_59_19_659.jpg,-0.05263158,1.0,0.0,30.19057
D:\DPS 920\DPS920_final_project\IMG\center_2026_08_01_19_58_58_934.jpg,D:\DPS 920\DPS920_final_project\IMG\left_2026_08_01_19_58_58_934.jpg,D:\DPS 920\DPS920_final_project\IMG\right_2026_08_01_19_58_58_934.jpg,0.07142857,1.0,0.0,30.19019
D:\DPS 920\DPS920_final_project\IMG\center_2026_08_01_19_53_24_931.jpg,D:\DPS 920\DPS920_final_project\IMG\left_2026_08_01_19_53_24_931.jpg,D:\DPS 920\DPS920_final_project\IMG\right_2026_08_01_19_53_24_931.jpg,-0.04887218,1.0,0.0,30.19024
D:\DPS 920\DPS920_final_project\IMG\center_2026_08_01_19_50_59_296.jpg,D:\DPS 920\DPS920_final_project\IMG\left_2026_08_01_19_50_59_296.jpg,D:\DPS 920\DPS920_final_project\IMG\right_2026_08_01_19_50_59_296.jpg,-0.03759398,1.0,0.0,30.1902
D:\DPS 920\DPS920_final_project\IMG\center_2026_08_01_19_53_09_217.jpg,D:\DPS 920\DPS920_final_project\IMG\left_2026_08_01_19_53_09_217.jpg,D:\DPS 920\DPS920_final_project\IMG\right_2026_08_01_19_53_09_217.jpg,-0.003759398,1.0,0.0,30.19028
D:\DPS 920\DPS920_final_project\IMG\center_2026_08_01_20_00_32_894.jpg,D:\DPS 920\DPS920_final_project\IMG\left_2026_08_01_20_00_32_894.jpg,D:\DPS 920\DPS920_final_project\IMG\right_2026_08_01_20_00_32_894.jpg,0.1165414,1.0,0.0,30.1913
D:\DPS 920\DPS920_final_project\IMG\center_2026_08_01_19_51_54_863.jpg,D:\DPS 920\DPS920_final_project\IMG\left_2026_08_01_19_51_54_863.jpg,D:\DPS 920\DPS920_final_project\IMG\right_2026_08_01_19_51_54_863.jpg,-0.06766918,1.0,0.0,30.19021
D:\DPS 920\DPS920_final_project\IMG\center_2026_08_01_19_51_29_491.jpg,D:\DPS 920\DPS920_final_project\IMG\left_2026_08_01_19_51_29_491.jpg,D:\DPS 920\DPS920_final_project\IMG\right_2026_08_01_19_51_29_491.jpg,-0.1992481,1.0,0.0,30.19011
D:\DPS 920\DPS920_final_project\IMG\center_2026_08_01_19_59_06_833.jpg,D:\DPS 920\DPS920_final_project\IMG\left_2026_08_01_19_59_06_833.jpg,D:\DPS 920\DPS920_final_project\IMG\right_2026_08_01_19_59_06_833.jpg,0.2556391,1.0,0.0,30.18451
D:\DPS 920\DPS920_final_project\IMG\center_2026_08_01_19_52_51_034.jpg,D:\DPS 920\DPS920_final_project\IMG\left_2026_08_01_19_52_51_034.jpg,D:\DPS 920\DPS920_final_project\IMG\right_2026_08_01_19_52_51_034.jpg,-0.07894737,1.0,0.0,30.18966
D:\DPS 920\DPS920_final_project\IMG\center_2026_08_01_19_51_04_742.jpg,D:\DPS 920\DPS920_final_project\IMG\left_2026_08_01_19_51_04_742.jpg,D:\DPS 920\DPS920_final_project\IMG\right_2026_08_01_19_51_04_742.jpg,-0.09022556,1.0,0.0,30.19028
D:\DPS 920\DPS920_final_project\IMG\center_2026_08_01_19_58_03_236.jpg,D:\DPS 920\DPS920_final_project\IMG\left_2026_08_01_19_58_03_236.jpg,D:\DPS 920\DPS920_final_project\IMG\right_2026_08_01_19_58_03_236.jpg,0.2067669,1.0,0.0,30.18924
D:\DPS 920\DPS920_final_project\IMG\center_2026_08_01_19_58_01_886.jpg,D:\DPS 920\DPS920_final_project\IMG\left_2026_08_01_19_58_01_886.jpg,D:\DPS 920\DPS920_final_project\IMG\right_2026_08_01_19_58_01_886.jpg,0.1165414,1.0,0.0,30.18842
D:\DPS 920\DPS920_final_project\IMG\center_2026_08_01_19_51_28_567.jpg,D:\DPS 920\DPS920_final_project\IMG\left_2026_08_01_19_51_28_567.jpg,D:\DPS 920\DPS920_final_project\IMG\right_2026_08_01_19_51_28_567.jpg,-0.1654135,1.0,0.0,30.18731
D:\DPS 920\DPS920_final_project\IMG\center_2026_08_01_20_00_40_637.jpg,D:\DPS 920\DPS920_final_project\IMG\left_2026_08_01_20_00_40_637.jpg,D:\DPS 920\DPS920_final_project\IMG\right_2026_08_01_20_00_40_637.jpg,-0.2368421,1.0,0.0,30.18684
D:\DPS 920\DPS920_final_project\IMG\center_2026_08_01_19_58_26_921.jpg,D:\DPS 920\DPS920_final_project\IMG\left_2026_08_01_19_58_26_921.jpg,D:\DPS 920\DPS920_final_project\IMG\right_2026_08_01_19_58_26_921.jpg,0.1165414,1.0,0.0,30.18961
D:\DPS 920\DPS920_final_project\IMG\center_2026_08_01_19_52_53_413.jpg,D:\DPS 920\DPS920_final_project\IMG\left_2026_08_01_19_52_53_413.jpg,D:\DPS 920\DPS920_final_project\IMG\right_2026_08_01_19_52_53_413.jpg,-0.1466165,1.0,0.0,30.19112
D:\DPS 920\DPS920_final_project\IMG\center_2026_08_01_19_58_02_027.jpg,D:\DPS 920\DPS920_final_project\IMG\left_2026_08_01_19_58_02_027.jpg,D:\DPS 920\DPS920_final_project\IMG\right_2026_08_01_19_58_02_027.jpg,0.1353384,1.0,0.0,30.18924
D:\DPS 920\DPS920_final_project\IMG\center_2026_08_01_20_00_27_033.jpg,D:\DPS 920\DPS920_final_project\IMG\left_2026_08_01_20_00_27_033.jpg,D:\DPS 920\DPS920_final_project\IMG\right_2026_08_01_20_00_27_033.jpg,0.07518797,1.0,0.0,30.19042
D:\DPS 920\DPS920_final_project\IMG\center_2026_08_01_20_00_50_855.jpg,D:\DPS 920\DPS920_final_project\IMG\left_2026_08_01_20_00_50_855.jpg,D:\DPS 920\DPS920_final_project\IMG\right_2026_08_01_20_00_50_855.jpg,0.1992481,1.0,0.0,30.1895
D:\DPS 920\DPS920_final_project\IMG\center_2026_08_01_19_53_12_315.jpg,D:\DPS 920\DPS920_final_project\IMG\left_2026_08_01_19_53_12_315.jpg,D:\DPS 920\DPS920_final_project\IMG\right_2026_08_01_19_53_12_315.jpg,-0.1466165,1.0,0.0,30.18985
D:\DPS 920\DPS920_final_project\IMG\center_2026_08_01_19_52_05_177.jpg,D:\DPS 920\DPS920_final_project\IMG\left_2026_08_01_19_52_05_177.jpg,D:\DPS 920\DPS920_final_project\IMG\right_2026_08_01_19_52_05_177.jpg,-0.01879699,1.0,0.0,30.19029
D:\DPS 920\DPS920_final_project\IMG\center_2026_08_01_20_00_30_029.jpg,D:\DPS 920\DPS920_final_project\IMG\left_2026_08_01_20_00_30_029.jpg,D:\DPS 920\DPS920_final_project\IMG\right_2026_08_01_20_00_30_029.jpg,0.1278196,1.0,0.0,30.18966
D:\DPS 920\DPS920_final_project\IMG\center_2026_08_01_20_00_20_357.jpg,D:\DPS 920\DPS920_final_project\IMG\left_2026_08_01_20_00_20_357.jpg,D:\DPS 920\DPS920_final_project\IMG\right_2026_08_01_20_00_20_357.jpg,0.04135338,1.0,0.0,30.19001
D:\DPS 920\DPS920_final_project\IMG\center_2026_08_01_20_02_00_863.jpg,D:\DPS 920\DPS920_final_project\IMG\left_2026_08_01_20_02_00_863.jpg,D:\DPS 920\DPS920_final_project\IMG\right_2026_08_01_20_02_00_863.jpg,-0.1090226,1.0,0.0,30.18946
D:\DPS 920\DPS920_final_project\IMG\center_2026_08_01_19_57_47_480.jpg,D:\DPS 920\DPS920_final_project\IMG\left_2026_08_01_19_57_47_480.jpg,D:\DPS 920\DPS920_final_project\IMG\right_2026_08_01_19_57_47_480.jpg,0.06766918,1.0,0.0,30.19043
D:\DPS 920\DPS920_final_project\IMG\center_2026_08_01_19_53_09_493.jpg,D:\DPS 920\DPS920_final_project\IMG\left_2026_08_01_19_53_09_493.jpg,D:\DPS 920\DPS920_final_project\IMG\right_2026_08_01_19_53_09_493.jpg,-0.02255639,1.0,0.0,30.19024
D:\DPS 920\DPS920_final_project\IMG\center_2026_08_01_19_58_35_961.jpg,D:\DPS 920\DPS920_final_project\IMG\left_2026_08_01_19_58_35_961.jpg,D:\DPS 920\DPS920_final_project\IMG\right_2026_08_01_19_58_35_961.jpg,0.03383459,1.0,0.0,30.19029
D:\DPS 920\DPS920_final_project\IMG\center_2026_08_01_19_54_14_875.jpg,D:\DPS 920\DPS920_final_project\IMG\left_2026_08_01_19_54_14_875.jpg,D:\DPS 920\DPS920_final_project\IMG\right_2026_08_01_19_54_14_875.jpg,-0.07142857,1.0,0.0,30.19045
D:\DPS 920\DPS920_final_project\IMG\center_2026_08_01_20_02_15_323.jpg,D:\DPS 920\DPS920_final_project\IMG\left_2026_08_01_20_02_15_323.jpg,D:\DPS 920\DPS920_final_project\IMG\right_2026_08_01_20_02_15_323.jpg,0.2368421,1.0,0.0,30.18894
D:\DPS 920\DPS920_final_project\IMG\center_2026_08_01_19_59_25_164.jpg,D:\DPS 920\DPS920_final_project\IMG\left_2026_08_01_19_59_25_164.jpg,D:\DPS 920\DPS920_final_project\IMG\right_2026_08_01_19_59_25_164.jpg,0.09398497,1.0,0.0,30.19009
D:\DPS 920\DPS920_final_project\IMG\center_2026_08_01_20_00_56_173.jpg,D:\DPS 920\DPS920_final_project\IMG\left_2026_08_01_20_00_56_173.jpg,D:\DPS 920\DPS920_final_project\IMG\right_2026_08_01_20_00_56_173.jpg,0.0,1.0,0.0,30.2175
D:\DPS 920\DPS920_final_project\IMG\center_2026_08_01_20_00_41_548.jpg,D:\DPS 920\DPS920_final_project\IMG\left_2026_08_01_20_00_41_548.jpg,D:\DPS 920\DPS920_final_project\IMG\right_2026_08_01_20_00_41_548.jpg,-0.2706767,1.0,0.0,30.18966
D:\DPS 920\DPS920_final_project\IMG\center_2026_08_01_19_58_05_381.jpg,D:\DPS 920\DPS920_final_project\IMG\left_2026_08_01_19_58_05_381.jpg,D:\DPS 920\DPS920_final_project\IMG\right_2026_08_01_19_58_05_381.jpg,0.1240602,1.0,0.0,30.18921
D:\DPS 920\DPS920_final_project\IMG\center_2026_08_01_19_53_01_591.jpg,D:\DPS 920\DPS920_final_project\IMG\left_2026_08_01_19_53_01_591.jpg,D:\DPS 920\DPS920_final_project\IMG\right_2026_08_01_19_53_01_591.jpg,0.07142857,1.0,0.0,30.18969
D:\DPS 920\DPS920_final_project\IMG\center_2026_08_01_19_54_25_587.jpg,D:\DPS 920\DPS920_final_project\IMG\left_2026_08_01_19_54_25_587.jpg,D:\DPS 920\DPS920_final_project\IMG\right_2026_08_01_19_54_25_587.jpg,0.131579,1.0,0.0,30.18908
D:\DPS 920\DPS920_final_project\IMG\center_2026_08_01_19_52_26_719.jpg,D:\DPS 920\DPS920_final_project\IMG\left_2026_08_01_19_52_26_719.jpg,D:\DPS 920\DPS920_final_project\IMG\right_2026_08_01_19_52_26_719.jpg,-0.05639098,1.0,0.0,30.19043
D:\DPS 920\DPS920_final_project\IMG\center_2026_08_01_19_53_28_026.jpg,D:\DPS 920\DPS920_final_project\IMG\left_2026_08_01_19_53_28_026.jpg,D:\DPS 920\DPS920_final_project\IMG\right_2026_08_01_19_53_28_026.jpg,0.0112782,1.0,0.0,30.19025
D:\DPS 920\DPS920_final_project\IMG\center_2026_08_01_19_54_01_082.jpg,D:\DPS 920\DPS920_final_project\IMG\left_2026_08_01_19_54_01_082.jpg,D:\DPS 920\DPS920_final_project\IMG\right_2026_08_01_19_54_01_082.jpg,-0.04511278,1.0,0.0,30.19017
D:\DPS 920\DPS920_final_project\IMG\center_2026_08_01_20_01_47_604.jpg,D:\DPS 920\DPS920_final_project\IMG\left_2026_08_01_20_01_47_604.jpg,D:\DPS 920\DPS920_final_project\IMG\right_2026_08_01_20_01_47_604.jpg,0.07518797,1.0,0.0,30.19014
D:\DPS 920\DPS920_final_project\IMG\center_2026_08_01_19_57_39_472.jpg,D:\DPS 920\DPS920_final_project\IMG\left_2026_08_01_19_57_39_472.jpg,D:\DPS 920\DPS920_final_project\IMG\right_2026_08_01_19_57_39_472.jpg,0.1165414,1.0,0.0,30.18953
D:\DPS 920\DPS920_final_project\IMG\center_2026_08_01_19_59_32_097.jpg,D:\DPS 920\DPS920_final_project\IMG\left_2026_08_01_19_59_32_097.jpg,D:\DPS 920\DPS920_final_project\IMG\right_2026_08_01_19_59_32_097.jpg,0.04511278,1.0,0.0,30.19028
D:\DPS 920\DPS920_final_project\IMG\center_2026_08_01_19_51_06_347.jpg,D:\DPS 920\DPS920_final_project\IMG\left_2026_08_01_19_51_06_347.jpg,D:\DPS 920\DPS920_final_project\IMG\right_2026_08_01_19_51_06_347.jpg,-0.09398497,1.0,0.0,30.19005
D:\DPS 920\DPS920_final_project\IMG\center_2026_08_01_19_52_30_150.jpg,D:\DPS 920\DPS920_final_project\IMG\left_2026_08_01_19_52_30_150.jpg,D:\DPS 920\DPS920_final_project\IMG\right_2026_08_01_19_52_30_150.jpg,-0.09022556,1.0,0.0,30.19019
D:\DPS 920\DPS920_final_project\IMG\center_2026_08_01_19_51_51_759.jpg,D:\DPS 920\DPS920_final_project\IMG\left_2026_08_01_19_51_51_759.jpg,D:\DPS 920\DPS920_final_project\IMG\right_2026_08_01_19_51_51_759.jpg,-0.1428571,1.0,0.0,30.19002
D:\DPS 920\DPS920_final_project\IMG\center_2026_08_01_19_58_44_099.jpg,D:\DPS 920\DPS920_final_project\IMG\left_2026_08_01_19_58_44_099.jpg,D:\DPS 920\DPS920_final_project\IMG\right_2026_08_01_19_58_44_099.jpg,0.0,1.0,0.0,30.19031
D:\DPS 920\DPS920_final_project\IMG\center_2026_08_01_20_00_07_735.jpg,D:\DPS 920\DPS920_final_project\IMG\left_2026_08_01_20_00_07_735.jpg,D:\DPS 920\DPS920_final_project\IMG\right_2026_08_01_20_00_07_735.jpg,0.01503759,1.0,0.0,30.1903
D:\DPS 920\DPS920_final_project\IMG\center_2026_08_01_19_52_34_286.jpg,D:\DPS 920\DPS920_final_project\IMG\left_2026_08_01_19_52_34_286.jpg,D:\DPS 920\DPS920_final_project\IMG\right_2026_08_01_19_52_34_286.jpg,-0.07894737,1.0,0.0,30.1902
D:\DPS 920\DPS920_final_project\IMG\center_2026_08_01_19_54_34_289.jpg,D:\DPS 920\DPS920_final_project\IMG\left_2026_08_01_19_54_34_289.jpg,D:\DPS 920\DPS920_final_project\IMG\right_2026_08_01_19_54_34_289.jpg,-0.09774436,1.0,0.0,30.18997
D:\DPS 920\DPS920_final_project\IMG\center_2026_08_01_19_59_17_928.jpg,D:\DPS 920\DPS920_final_project\IMG\left_2026_08_01_19_59_17_928.jpg,D:\DPS 920\DPS920_final_project\IMG\right_2026_08_01_19_59_17_928.jpg,-0.2067669,1.0,0.0,30.18983
D:\DPS 920\DPS920_final_project\IMG\center_2026_08_01_19_57_54_905.jpg,D:\DPS 920\DPS920_final_project\IMG\left_2026_08_01_19_57_54_905.jpg,D:\DPS 920\DPS920_final_project\IMG\right_2026_08_01_19_57_54_905.jpg,-0.1390978,1.0,0.0,30.1914
D:\DPS 920\DPS920_final_project\IMG\center_2026_08_01_20_01_26_786.jpg,D:\DPS 920\DPS920_final_project\IMG\left_2026_08_01_20_01_26_786.jpg,D:\DPS 920\DPS920_final_project\IMG\right_2026_08_01_20_01_26_786.jpg,0.01503759,1.0,0.0,30.19042
D:\DPS 920\DPS920_final_project\IMG\center_2026_08_01_19_51_39_960.jpg,D:\DPS 920\DPS920_final_project\IMG\left_2026_08_01_19_51_39_960.jpg,D:\DPS 920\DPS920_final_project\IMG\right_2026_08_01_19_51_39_960.jpg,0.2481203,1.0,0.0,30.18936
D:\DPS 920\DPS920_final_project\IMG\center_2026_08_01_19_54_36_606.jpg,D:\DPS 920\DPS920_final_project\IMG\left_2026_08_01_19_54_36_606.jpg,D:\DPS 920\DPS920_final_project\IMG\right_2026_08_01_19_54_36_606.jpg,-0.2142857,1.0,0.0,30.18871
D:\DPS 920\DPS920_final_project\IMG\center_2026_08_01_19_58_54_629.jpg,D:\DPS 920\DPS920_final_project\IMG\left_2026_08_01_19_58_54_629.jpg,D:\DPS 920\DPS920_final_project\IMG\right_2026_08_01_19_58_54_629.jpg,0.06390978,1.0,0.0,30.19007
D:\DPS 920\DPS920_final_project\IMG\center_2026_08_01_19_52_30_286.jpg,D:\DPS 920\DPS920_final_project\IMG\left_2026_08_01_19_52_30_286.jpg,D:\DPS 920\DPS920_final_project\IMG\right_2026_08_01_19_52_30_286.jpg,-0.08270676,1.0,0.0,30.1901
D:\DPS 920\DPS920_final_project\IMG\center_2026_08_01_20_00_32_819.jpg,D:\DPS 920\DPS920_final_project\IMG\left_2026_08_01_20_00_32_819.jpg,D:\DPS 920\DPS920_final_project\IMG\right_2026_08_01_20_00_32_819.jpg,0.1278196,1.0,0.0,30.19095
D:\DPS 920\DPS920_final_project\IMG\center_2026_08_01_20_00_47_000.jpg,D:\DPS 920\DPS920_final_project\IMG\left_2026_08_01_20_00_47_000.jpg,D:\DPS 920\DPS920_final_project\IMG\right_2026_08_01_20_00_47_000.jpg,0.01503759,1.0,0.0,30.1903
D:\DPS 920\DPS920_final_project\IMG\center_2026_08_01_19_57_53_971.jpg,D:\DPS 920\DPS920_final_project\IMG\left_2026_08_01_19_57_53_971.jpg,D:\DPS 920\DPS920_final_project\IMG\right_2026_08_01_19_57_53_971.jpg,-0.3345865,1.0,0.0,30.17704
D:\DPS 920\DPS920_final_project\IMG\center_2026_08_01_19_57_41_535.jpg,D:\DPS 920\DPS920_final_project\IMG\left_2026_08_01_19_57_41_535.jpg,D:\DPS 920\DPS920_final_project\IMG\right_2026_08_01_19_57_41_535.jpg,0.1052632,1.0,0.0,30.19072
D:\DPS 920\DPS920_final_project\IMG\center_2026_08_01_19_51_50_330.jpg,D:\DPS 920\DPS920_final_project\IMG\left_2026_08_01_19_51_50_330.jpg,D:\DPS 920\DPS920_final_project\IMG\right_2026_08_01_19_51_50_330.jpg,-0.1691729,1.0,0.0,30.18938
D:\DPS 920\DPS920_final_project\IMG\center_2026_08_01_19_53_26_784.jpg,D:\DPS 920\DPS920_final_project\IMG\left_2026_08_01_19_53_26_784.jpg,D:\DPS 920\DPS920_final_project\IMG\right_2026_08_01_19_53_26_784.jpg,-0.04887218,1.0,0.0,30.19035
D:\DPS 920\DPS920_final_project\IMG\center_2026_08_01_19_59_14_075.jpg,D:\DPS 920\DPS920_final_project\IMG\left_2026_08_01_19_59_14_075.jpg,D:\DPS 920\DPS920_final_project\IMG\right_2026_08_01_19_59_14_075.jpg,-0.03383459,1.0,0.0,30.19022
D:\DPS 920\DPS920_final_project\IMG\center_2026_08_01_19_53_08_587.jpg,D:\DPS 920\DPS920_final_project\IMG\left_2026_08_01_19_53_08_587.jpg,D:\DPS 920\DPS920_final_project\IMG\right_2026_08_01_19_53_08_587.jpg,-0.003759398,1.0,0.0,30.19036
D:\DPS 920\DPS920_final_project\IMG\center_2026_08_01_19_54_27_852.jpg,D:\DPS 920\DPS920_final_project\IMG\left_2026_08_01_19_54_27_852.jpg,D:\DPS 920\DPS920_final_project\IMG\right_2026_08_01_19_54_27_852.jpg,0.1992481,1.0,0.0,30.19108
D:\DPS 920\DPS920_final_project\IMG\center_2026_08_01_20_00_50_784.jpg,D:\DPS 920\DPS920_final_project\IMG\left_2026_08_01_20_00_50_784.jpg,D:\DPS 920\DPS920_final_project\IMG\right_2026_08_01_20_00_50_784.jpg,0.2030075,1.0,0.0,30.18969
D:\DPS 920\DPS920_final_project\IMG\center_2026_08_01_19_54_27_212.jpg,D:\DPS 920\DPS920_final_project\IMG\left_2026_08_01_19_54_27_212.jpg,D:\DPS 920\DPS920_final_project\IMG\right_2026_08_01_19_54_27_212.jpg,0.2819549,1.0,0.0,30.1876
D:\DPS 920\DPS920_final_project\IMG\center_2026_08_01_19_51_53_465.jpg,D:\DPS 920\DPS920_final_project\IMG\left_2026_08_01_19_51_53_465.jpg,D:\DPS 920\DPS920_final_project\IMG\right_2026_08_01_19_51_53_465.jpg,0.007518797,1.0,0.0,30.19006
D:\DPS 920\DPS920_final_project\IMG\center_2026_08_01_20_01_13_451.jpg,D:\DPS 920\DPS920_final_project\IMG\left_2026_08_01_20_01_13_451.jpg,D:\DPS 920\DPS920_final_project\IMG\right_2026_08_01_20_01_13_451.jpg,0.09774436,1.0,0.0,30.19023
D:\DPS 920\DPS920_final_project\IMG\center_2026_08_01_20_02_13_256.jpg,D:\DPS 920\DPS920_final_project\IMG\left_2026_08_01_20_02_13_256.jpg,D:\DPS 920\DPS920_final_project\IMG\right_2026_08_01_20_02_13_256.jpg,0.1616541,1.0,0.0,30.18812
D:\DPS 920\DPS920_final_project\IMG\center_2026_08_01_20_00_16_536.jpg,D:\DPS 920\DPS920_final_project\IMG\left_2026_08_01_20_00_16_536.jpg,D:\DPS 920\DPS920_final_project\IMG\right_2026_08_01_20_00_16_536.jpg,0.02631579,1.0,0.0,30.19028
D:\DPS 920\DPS920_final_project\IMG\center_2026_08_01_19_51_31_654.jpg,D:\DPS 920\DPS920_final_project\IMG\left_2026_08_01_19_51_31_654.jpg,D:\DPS 920\DPS920_final_project\IMG\right_2026_08_01_19_51_31_654.jpg,-0.07518797,1.0,0.0,30.19034
D:\DPS 920\DPS920_final_project\IMG\center_2026_08_01_20_00_28_426.jpg,D:\DPS 920\DPS920_final_project\IMG\left_2026_08_01_20_00_28_426.jpg,D:\DPS 920\DPS920_final_project\IMG\right_2026_08_01_20_00_28_426.jpg,0.07518797,1.0,0.0,30.19015
D:\DPS 920\DPS920_final_project\IMG\center_2026_08_01_19_51_55_891.jpg,D:\DPS 920\DPS920_final_project\IMG\left_2026_08_01_19_51_55_891.jpg,D:\DPS 920\DPS920_final_project\IMG\right_2026_08_01_19_51_55_891.jpg,-0.06766918,1.0,0.0,30.1901
D:\DPS 920\DPS920_final_project\IMG\center_2026_08_01_19_54_38_849.jpg,D:\DPS 920\DPS920_final_project\IMG\left_2026_08_01_19_54_38_849.jpg,D:\DPS 920\DPS920_final_project\IMG\right_2026_08_01_19_54_38_849.jpg,-0.1240602,1.0,0.0,30.19079
D:\DPS 920\DPS920_final_project\IMG\center_2026_08_01_19_59_49_904.jpg,D:\DPS 920\DPS920_final_project\IMG\left_2026_08_01_19_59_49_904.jpg,D:\DPS 920\DPS920_final_project\IMG\right_2026_08_01_19_59_49_904.jpg,0.08646616,1.0,0.0,30.19064
D:\DPS 920\DPS920_final_project\IMG\center_2026_08_01_20_02_19_295.jpg,D:\DPS 920\DPS920_final_project\IMG\left_2026_08_01_20_02_19_295.jpg,D:\DPS 920\DPS920_final_project\IMG\right_2026_08_01_20_02_19_295.jpg,0.03007519,1.0,0.0,30.19015
D:\DPS 920\DPS920_final_project\IMG\center_2026_08_01_19_47_05_469.jpg,D:\DPS 920\DPS920_final_project\IMG\left_2026_08_01_19_47_05_469.jpg,D:\DPS 920\DPS920_final_project\IMG\right_2026_08_01_19_47_05_469.jpg,-0.1503759,1.0,0.0,16.80701
D:\DPS 920\DPS920_final_project\IMG\center_2026_08_01_19_54_19_281.jpg,D:\DPS 920\DPS920_final_project\IMG\left_2026_08_01_19_54_19_281.jpg,D:\DPS 920\DPS920_final_project\IMG\right_2026_08_01_19_54_19_281.jpg,-0.1278196,1.0,0.0,30.19022
D:\DPS 920\DPS920_final_project\IMG\center_2026_08_01_19_53_44_796.jpg,D:\DPS 920\DPS920_final_project\IMG\left_2026_08_01_19_53_44_796.jpg,D:\DPS 920\DPS920_final_project\IMG\right_2026_08_01_19_53_44_796.jpg,-0.01879699,1.0,0.0,30.19012
D:\DPS 920\DPS920_final_project\IMG\center_2026_08_01_19_53_26_437.jpg,D:\DPS 920\DPS920_final_project\IMG\left_2026_08_01_19_53_26_437.jpg,D:\DPS 920\DPS920_final_project\IMG\right_2026_08_01_19_53_26_437.jpg,-0.05263158,1.0,0.0,30.19024
D:\DPS 920\DPS920_final_project\IMG\center_2026_08_01_20_00_51_214.jpg,D:\DPS 920\DPS920_final_project\IMG\left_2026_08_01_20_00_51_214.jpg,D:\DPS 920\DPS920_final_project\IMG\right_2026_08_01_20_00_51_214.jpg,0.1992481,1.0,0.0,30.18904
D:\DPS 920\DPS920_final_project\IMG\center_2026_08_01_20_00_51_077.jpg,D:\DPS 920\DPS920_final_project\IMG\left_2026_08_01_20_00_51_077.jpg,D:\DPS 920\DPS920_final_project\IMG\right_2026_08_01_20_00_51_077.jpg,0.1992481,1.0,0.0,30.18946
D:\DPS 920\DPS920_final_project\IMG\center_2026_08_01_20_01_41_734.jpg,D:\DPS 920\DPS920_final_project\IMG\left_2026_08_01_20_01_41_734.jpg,D:\DPS 920\DPS920_final_project\IMG\right_2026_08_01_20_01_41_734.jpg,0.03007519,1.0,0.0,30.19029
D:\DPS 920\DPS920_final_project\IMG\center_2026_08_01_19_59_04_113.jpg,D:\DPS 920\DPS920_final_project\IMG\left_2026_08_01_19_59_04_113.jpg,D:\DPS 920\DPS920_final_project\IMG\right_2026_08_01_19_59_04_113.jpg,0.1353384,1.0,0.0,30.18973
D:\DPS 920\DPS920_final_project\IMG\center_2026_08_01_20_01_09_265.jpg,D:\DPS 920\DPS920_final_project\IMG\left_2026_08_01_20_01_09_265.jpg,D:\DPS 920\DPS920_final_project\IMG\right_2026_08_01_20_01_09_265.jpg,0.03007519,1.0,0.0,30.19018
D:\DPS 920\DPS920_final_project\IMG\center_2026_08_01_19_58_58_216.jpg,D:\DPS 920\DPS920_final_project\IMG\left_2026_08_01_19_58_58_216.jpg,D:\DPS 920\DPS920_final_project\IMG\right_2026_08_01_19_58_58_216.jpg,0.06766918,1.0,0.0,30.19004
D:\DPS 920\DPS920_final_project\IMG\center_2026_08_01_19_54_17_564.jpg,D:\DPS 920\DPS920_final_project\IMG\left_2026_08_01_19_54_17_564.jpg,D:\DPS 920\DPS920_final_project\IMG\right_2026_08_01_19_54_17_564.jpg,-0.1541353,1.0,0.0,30.18863
D:\DPS 920\DPS920_final_project\IMG\center_2026_08_01_19_59_27_236.jpg,D:\DPS 920\DPS920_final_project\IMG\left_2026_08_01_19_59_27_236.jpg,D:\DPS 920\DPS920_final_project\IMG\right_2026_08_01_19_59_27_236.jpg,0.2142857,1.0,0.0,30.18979
D:\DPS 920\DPS920_final_project\IMG\center_2026_08_01_19_51_35_109.jpg,D:\DPS 920\DPS920_final_project\IMG\left_2026_08_01_19_51_35_109.jpg,D:\DPS 920\DPS920_final_project\IMG\right_2026_08_01_19_51_35_109.jpg,-0.02631579,1.0,0.0,30.19025
D:\DPS 920\DPS920_final_project\IMG\center_2026_08_01_19_59_59_009.jpg,D:\DPS 920\DPS920_final_project\IMG\left_2026_08_01_19_59_59_009.jpg,D:\DPS 920\DPS920_final_project\IMG\right_2026_08_01_19_59_59_009.jpg,0.01503759,1.0,0.0,30.19031
D:\DPS 920\DPS920_final_project\IMG\center_2026_08_01_19_51_06_900.jpg,D:\DPS 920\DPS920_final_project\IMG\left_2026_08_01_19_51_06_900.jpg,D:\DPS 920\DPS920_final_project\IMG\right_2026_08_01_19_51_06_900.jpg,-0.112782,1.0,0.0,30.18983
D:\DPS 920\DPS920_final_project\IMG\center_2026_08_01_19_59_48_120.jpg,D:\DPS 920\DPS920_final_project\IMG\left_2026_08_01_19_59_48_120.jpg,D:\DPS 920\DPS920_final_project\IMG\right_2026_08_01_19_59_48_120.jpg,0.09774436,1.0,0.0,30.18997
D:\DPS 920\DPS920_final_project\IMG\center_2026_08_01_20_00_48_736.jpg,D:\DPS 920\DPS920_final_project\IMG\left_2026_08_01_20_00_48_736.jpg,D:\DPS 920\DPS920_final_project\IMG\right_2026_08_01_20_00_48_736.jpg,0.112782,1.0,0.0,30.1891
D:\DPS 920\DPS920_final_project\IMG\center_2026_08_01_19_59_26_249.jpg,D:\DPS 920\DPS920_final_project\IMG\left_2026_08_01_19_59_26_249.jpg,D:\DPS 920\DPS920_final_project\IMG\right_2026_08_01_19_59_26_249.jpg,0.1203007,1.0,0.0,30.18743
D:\DPS 920\DPS920_final_project\IMG\center_2026_08_01_19_57_42_467.jpg,D:\DPS 920\DPS920_final_project\IMG\left_2026_08_01_19_57_42_467.jpg,D:\DPS 920\DPS920_final_project\IMG\right_2026_08_01_19_57_42_467.jpg,0.08646616,1.0,0.0,30.19022
D:\DPS 920\DPS920_final_project\IMG\center_2026_08_01_19_52_34_940.jpg,D:\DPS 920\DPS920_final_project\IMG\left_2026_08_01_19_52_34_940.jpg,D:\DPS 920\DPS920_final_project\IMG\right_2026_08_01_19_52_34_940.jpg,-0.03383459,1.0,0.0,30.19037
D:\DPS 920\DPS920_final_project\IMG\center_2026_08_01_19_57_45_095.jpg,D:\DPS 920\DPS920_final_project\IMG\left_2026_08_01_19_57_45_095.jpg,D:\DPS 920\DPS920_final_project\IMG\right_2026_08_01_19_57_45_095.jpg,0.1766917,1.0,0.0,30.19013
D:\DPS 920\DPS920_final_project\IMG\center_2026_08_01_19_53_15_355.jpg,D:\DPS 920\DPS920_final_project\IMG\left_2026_08_01_19_53_15_355.jpg,D:\DPS 920\DPS920_final_project\IMG\right_2026_08_01_19_53_15_355.jpg,-0.06015037,1.0,0.0,30.19074
D:\DPS 920\DPS920_final_project\IMG\center_2026_08_01_19_57_59_163.jpg,D:\DPS 920\DPS920_final_project\IMG\left_2026_08_01_19_57_59_163.jpg,D:\DPS 920\DPS920_final_project\IMG\right_2026_08_01_19_57_59_163.jpg,0.03007519,1.0,0.0,30.1903
D:\DPS 920\DPS920_final_project\IMG\center_2026_08_01_19_53_05_557.jpg,D:\DPS 920\DPS920_final_project\IMG\left_2026_08_01_19_53_05_557.jpg,D:\DPS 920\DPS920_final_project\IMG\right_2026_08_01_19_53_05_557.jpg,0.07142857,1.0,0.0,30.18804
D:\DPS 920\DPS920_final_project\IMG\center_2026_08_01_19_53_24_626.jpg,D:\DPS 920\DPS920_final_project\IMG\left_2026_08_01_19_53_24_626.jpg,D:\DPS 920\DPS920_final_project\IMG\right_2026_08_01_19_53_24_626.jpg,-0.04887218,1.0,0.0,30.19017
D:\DPS 920\DPS920_final_project\IMG\center_2026_08_01_19_50_31_350.jpg,D:\DPS 920\DPS920_final_project\IMG\left_2026_08_01_19_50_31_350.jpg,D:\DPS 920\DPS920_final_project\IMG\right_2026_08_01_19_50_31_350.jpg,-0.04511278,1.0,0.0,30.19028
D:\DPS 920\DPS920_final_project\IMG\center_2026_08_01_19_57_43_682.jpg,D:\DPS 920\DPS920_final_project\IMG\left_2026_08_01_19_57_43_682.jpg,D:\DPS 920\DPS920_final_project\IMG\right_2026_08_01_19_57_43_682.jpg,0.1691729,1.0,0.0,30.18928
D:\DPS 920\DPS920_final_project\IMG\center_2026_08_01_20_02_07_455.jpg,D:\DPS 920\DPS920_final_project\IMG\left_2026_08_01_20_02_07_455.jpg,D:\DPS 920\DPS920_final_project\IMG\right_2026_08_01_20_02_07_455.jpg,-0.06015037,1.0,0.0,30.19015
D:\DPS 920\DPS920_final_project\IMG\center_2026_08_01_19_58_41_980.jpg,D:\DPS 920\DPS920_final_project\IMG\left_2026_08_01_19_58_41_980.jpg,D:\DPS 920\DPS920_final_project\IMG\right_2026_08_01_19_58_41_980.jpg,0.01879699,1.0,0.0,30.19028
D:\DPS 920\DPS920_final_project\IMG\center_2026_08_01_19_51_28_865.jpg,D:\DPS 920\DPS920_final_project\IMG\left_2026_08_01_19_51_28_865.jpg,D:\DPS 920\DPS920_final_project\IMG\right_2026_08_01_19_51_28_865.jpg,-0.1992481,1.0,0.0,30.18849
D:\DPS 920\DPS920_final_project\IMG\center_2026_08_01_19_54_27_784.jpg,D:\DPS 920\DPS920_final_project\IMG\left_2026_08_01_19_54_27_784.jpg,D:\DPS 920\DPS920_final_project\IMG\right_2026_08_01_19_54_27_784.jpg,0.1992481,1.0,0.0,30.19026
D:\DPS 920\DPS920_final_project\IMG\center_2026_08_01_19_52_29_246.jpg,D:\DPS 920\DPS920_final_project\IMG\left_2026_08_01_19_52_29_246.jpg,D:\DPS 920\DPS920_final_project\IMG\right_2026_08_01_19_52_29_246.jpg,-0.1052632,1.0,0.0,30.18858
D:\DPS 920\DPS920_final_project\IMG\center_2026_08_01_19_53_08_154.jpg,D:\DPS 920\DPS920_final_project\IMG\left_2026_08_01_19_53_08_154.jpg,D:\DPS 920\DPS920_final_project\IMG\right_2026_08_01_19_53_08_154.jpg,-0.003759398,1.0,0.0,30.19049
D:\DPS 920\DPS920_final_project\IMG\center_2026_08_01_19_52_28_405.jpg,D:\DPS 920\DPS920_final_project\IMG\left_2026_08_01_19_52_28_405.jpg,D:\DPS 920\DPS920_final_project\IMG\right_2026_08_01_19_52_28_405.jpg,-0.09022556,1.0,0.0,30.19002
D:\DPS 920\DPS920_final_project\IMG\center_2026_08_01_19_50_56_374.jpg,D:\DPS 920\DPS920_final_project\IMG\left_2026_08_01_19_50_56_374.jpg,D:\DPS 920\DPS920_final_project\IMG\right_2026_08_01_19_50_56_374.jpg,-0.03007519,1.0,0.0,30.19025
D:\DPS 920\DPS920_final_project\IMG\center_2026_08_01_20_02_07_881.jpg,D:\DPS 920\DPS920_final_project\IMG\left_2026_08_01_20_02_07_881.jpg,D:\DPS 920\DPS920_final_project\IMG\right_2026_08_01_20_02_07_881.jpg,-0.06390978,1.0,0.0,30.19021
D:\DPS 920\DPS920_final_project\IMG\center_2026_08_01_19_52_52_826.jpg,D:\DPS 920\DPS920_final_project\IMG\left_2026_08_01_19_52_52_826.jpg,D:\DPS 920\DPS920_final_project\IMG\right_2026_08_01_19_52_52_826.jpg,-0.1353384,1.0,0.0,30.19172
D:\DPS 920\DPS920_final_project\IMG\center_2026_08_01_19_51_07_452.jpg,D:\DPS 920\DPS920_final_project\IMG\left_2026_08_01_19_51_07_452.jpg,D:\DPS 920\DPS920_final_project\IMG\right_2026_08_01_19_51_07_452.jpg,-0.112782,1.0,0.0,30.18975
D:\DPS 920\DPS920_final_project\IMG\center_2026_08_01_19_52_57_233.jpg,D:\DPS 920\DPS920_final_project\IMG\left_2026_08_01_19_52_57_233.jpg,D:\DPS 920\DPS920_final_project\IMG\right_2026_08_01_19_52_57_233.jpg,-0.03759398,1.0,0.0,30.19023
D:\DPS 920\DPS920_final_project\IMG\center_2026_08_01_19_53_18_005.jpg,D:\DPS 920\DPS920_final_project\IMG\left_2026_08_01_19_53_18_005.jpg,D:\DPS 920\DPS920_final_project\IMG\right_2026_08_01_19_53_18_005.jpg,-0.04511278,1.0,0.0,30.19013
D:\DPS 920\DPS920_final_project\IMG\center_2026_08_01_19_59_18_941.jpg,D:\DPS 920\DPS920_final_project\IMG\left_2026_08_01_19_59_18_941.jpg,D:\DPS 920\DPS920_final_project\IMG\right_2026_08_01_19_59_18_941.jpg,-0.1278196,1.0,0.0,30.19053
D:\DPS 920\DPS920_final_project\IMG\center_2026_08_01_19_54_43_186.jpg,D:\DPS 920\DPS920_final_project\IMG\left_2026_08_01_19_54_43_186.jpg,D:\DPS 920\DPS920_final_project\IMG\right_2026_08_01_19_54_43_186.jpg,-0.09774436,1.0,0.0,30.18957
D:\DPS 920\DPS920_final_project\IMG\center_2026_08_01_19_59_06_477.jpg,D:\DPS 920\DPS920_final_project\IMG\left_2026_08_01_19_59_06_477.jpg,D:\DPS 920\DPS920_final_project\IMG\right_2026_08_01_19_59_06_477.jpg,0.1390978,1.0,0.0,30.18891
D:\DPS 920\DPS920_final_project\IMG\center_2026_08_01_19_58_42_908.jpg,D:\DPS 920\DPS920_final_project\IMG\left_2026_08_01_19_58_42_908.jpg,D:\DPS 920\DPS920_final_project\IMG\right_2026_08_01_19_58_42_908.jpg,0.01879699,1.0,0.0,30.19028
D:\DPS 920\DPS920_final_project\IMG\center_2026_08_01_19_53_06_191.jpg,D:\DPS 920\DPS920_final_project\IMG\left_2026_08_01_19_53_06_191.jpg,D:\DPS 920\DPS920_final_project\IMG\right_2026_08_01_19_53_06_191.jpg,-0.04887218,1.0,0.0,30.18947
D:\DPS 920\DPS920_final_project\IMG\center_2026_08_01_20_02_01_913.jpg,D:\DPS 920\DPS920_final_project\IMG\left_2026_08_01_20_02_01_913.jpg,D:\DPS 920\DPS920_final_project\IMG\right_2026_08_01_20_02_01_913.jpg,0.04511278,1.0,0.0,30.18932
D:\DPS 920\DPS920_final_project\IMG\center_2026_08_01_19_51_14_586.jpg,D:\DPS 920\DPS920_final_project\IMG\left_2026_08_01_19_51_14_586.jpg,D:\DPS 920\DPS920_final_project\IMG\right_2026_08_01_19_51_14_586.jpg,-0.03759398,1.0,0.0,30.19014
D:\DPS 920\DPS920_final_project\IMG\center_2026_08_01_20_00_51_783.jpg,D:\DPS 920\DPS920_final_project\IMG\left_2026_08_01_20_00_51_783.jpg,D:\DPS 920\DPS920_final_project\IMG\right_2026_08_01_20_00_51_783.jpg,0.1992481,1.0,0.0,30.18927
D:\DPS 920\DPS920_final_project\IMG\center_2026_08_01_19_51_30_075.jpg,D:\DPS 920\DPS920_final_project\IMG\left_2026_08_01_19_51_30_075.jpg,D:\DPS 920\DPS920_final_project\IMG\right_2026_08_01_19_51_30_075.jpg,-0.1992481,1.0,0.0,30.18938
D:\DPS 920\DPS920_final_project\IMG\center_2026_08_01_19_54_43_551.jpg,D:\DPS 920\DPS920_final_project\IMG\left_2026_08_01_19_54_43_551.jpg,D:\DPS 920\DPS920_final_project\IMG\right_2026_08_01_19_54_43_551.jpg,-0.08646616,1.0,0.0,30.19028
D:\DPS 920\DPS920_final_project\IMG\center_2026_08_01_20_01_55_936.jpg,D:\DPS 920\DPS920_final_project\IMG\left_2026_08_01_20_01_55_936.jpg,D:\DPS 920\DPS920_final_project\IMG\right_2026_08_01_20_01_55_936.jpg,0.1917293,1.0,0.0,30.18921
D:\DPS 920\DPS920_final_project\IMG\center_2026_08_01_20_01_11_669.jpg,D:\DPS 920\DPS920_final_project\IMG\left_2026_08_01_20_01_11_669.jpg,D:\DPS 920\DPS920_final_project\IMG\right_2026_08_01_20_01_11_669.jpg,0.05263158,1.0,0.0,30.19025
D:\DPS 920\DPS920_final_project\IMG\center_2026_08_01_19_51_26_493.jpg,D:\DPS 920\DPS920_final_project\IMG\left_2026_08_01_19_51_26_493.jpg,D:\DPS 920\DPS920_final_project\IMG\right_2026_08_01_19_51_26_493.jpg,-0.04511278,1.0,0.0,30.19036
D:\DPS 920\DPS920_final_project\IMG\center_2026_08_01_19_59_44_138.jpg,D:\DPS 920\DPS920_final_project\IMG\left_2026_08_01_19_59_44_138.jpg,D:\DPS 920\DPS920_final_project\IMG\right_2026_08_01_19_59_44_138.jpg,0.03007519,1.0,0.0,30.19027
D:\DPS 920\DPS920_final_project\IMG\center_2026_08_01_19_53_20_086.jpg,D:\DPS 920\DPS920_final_project\IMG\left_2026_08_01_19_53_20_086.jpg,D:\DPS 920\DPS920_final_project\IMG\right_2026_08_01_19_53_20_086.jpg,-0.07894737,1.0,0.0,30.19015
D:\DPS 920\DPS920_final_project\IMG\center_2026_08_01_19_51_29_562.jpg,D:\DPS 920\DPS920_final_project\IMG\left_2026_08_01_19_51_29_562.jpg,D:\DPS 920\DPS920_final_project\IMG\right_2026_08_01_19_51_29_562.jpg,-0.1992481,1.0,0.0,30.18825
D:\DPS 920\DPS920_final_project\IMG\center_2026_08_01_19_54_34_567.jpg,D:\DPS 920\DPS920_final_project\IMG\left_2026_08_01_19_54_34_567.jpg,D:\DPS 920\DPS920_final_project\IMG\right_2026_08_01_19_54_34_567.jpg,-0.09774436,1.0,0.0,30.19007
D:\DPS 920\DPS920_final_project\IMG\center_2026_08_01_19_54_26_363.jpg,D:\DPS 920\DPS920_final_project\IMG\left_2026_08_01_19_54_26_363.jpg,D:\DPS 920\DPS920_final_project\IMG\right_2026_08_01_19_54_26_363.jpg,0.1879699,1.0,0.0,30.18819
D:\DPS 920\DPS920_final_project\IMG\center_2026_08_01_20_00_50_367.jpg,D:\DPS 920\DPS920_final_project\IMG\left_2026_08_01_20_00_50_367.jpg,D:\DPS 920\DPS920_final_project\IMG\right_2026_08_01_20_00_50_367.jpg,0.2105263,1.0,0.0,30.18935
D:\DPS 920\DPS920_final_project\IMG\center_2026_08_01_19_53_03_415.jpg,D:\DPS 920\DPS920_final_project\IMG\left_2026_08_01_19_53_03_415.jpg,D:\DPS 920\DPS920_final_project\IMG\right_2026_08_01_19_53_03_415.jpg,0.2406015,1.0,0.0,30.19396
D:\DPS 920\DPS920_final_project\IMG\center_2026_08_01_19_54_34_707.jpg,D:\DPS 920\DPS920_final_project\IMG\left_2026_08_01_19_54_34_707.jpg,D:\DPS 920\DPS920_final_project\IMG\right_2026_08_01_19_54_34_707.jpg,-0.09774436,1.0,0.0,30.19007
D:\DPS 920\DPS920_final_project\IMG\center_2026_08_01_19_53_13_094.jpg,D:\DPS 920\DPS920_final_project\IMG\left_2026_08_01_19_53_13_094.jpg,D:\DPS 920\DPS920_final_project\IMG\right_2026_08_01_19_53_13_094.jpg,-0.1466165,1.0,0.0,30.1901
D:\DPS 920\DPS920_final_project\IMG\center_2026_08_01_19_51_50_185.jpg,D:\DPS 920\DPS920_final_project\IMG\left_2026_08_01_19_51_50_185.jpg,D:\DPS 920\DPS920_final_project\IMG\right_2026_08_01_19_51_50_185.jpg,-0.1691729,1.0,0.0,30.18951
D:\DPS 920\DPS920_final_project\IMG\center_2026_08_01_20_00_40_774.jpg,D:\DPS 920\DPS920_final_project\IMG\left_2026_08_01_20_00_40_774.jpg,D:\DPS 920\DPS920_final_project\IMG\right_2026_08_01_20_00_40_774.jpg,-0.2593985,1.0,0.0,30.18808
D:\DPS 920\DPS920_final_project\IMG\center_2026_08_01_19_52_26_653.jpg,D:\DPS 920\DPS920_final_project\IMG\left_2026_08_01_19_52_26_653.jpg,D:\DPS 920\DPS920_final_project\IMG\right_2026_08_01_19_52_26_653.jpg,-0.05639098,1.0,0.0,30.18989
D:\DPS 920\DPS920_final_project\IMG\center_2026_08_01_19_51_56_269.jpg,D:\DPS 920\DPS920_final_project\IMG\left_2026_08_01_19_51_56_269.jpg,D:\DPS 920\DPS920_final_project\IMG\right_2026_08_01_19_51_56_269.jpg,-0.07142857,1.0,0.0,30.19018
D:\DPS 920\DPS920_final_project\IMG\center_2026_08_01_19_52_30_496.jpg,D:\DPS 920\DPS920_final_project\IMG\left_2026_08_01_19_52_30_496.jpg,D:\DPS 920\DPS920_final_project\IMG\right_2026_08_01_19_52_30_496.jpg,-0.08270676,1.0,0.0,30.19031
D:\DPS 920\DPS920_final_project\IMG\center_2026_08_01_19_50_55_717.jpg,D:\DPS 920\DPS920_final_project\IMG\left_2026_08_01_19_50_55_717.jpg,D:\DPS 920\DPS920_final_project\IMG\right_2026_08_01_19_50_55_717.jpg,-0.03007519,1.0,0.0,30.19023
D:\DPS 920\DPS920_final_project\IMG\center_2026_08_01_19_57_57_924.jpg,D:\DPS 920\DPS920_final_project\IMG\left_2026_08_01_19_57_57_924.jpg,D:\DPS 920\DPS920_final_project\IMG\right_2026_08_01_19_57_57_924.jpg,-0.04511278,1.0,0.0,30.19
D:\DPS 920\DPS920_final_project\IMG\center_2026_08_01_20_02_04_966.jpg,D:\DPS 920\DPS920_final_project\IMG\left_2026_08_01_20_02_04_966.jpg,D:\DPS 920\DPS920_final_project\IMG\right_2026_08_01_20_02_04_966.jpg,-0.4135338,1.0,0.0,30.18739
D:\DPS 920\DPS920_final_project\IMG\center_2026_08_01_19_58_18_514.jpg,D:\DPS 920\DPS920_final_project\IMG\left_2026_08_01_19_58_18_514.jpg,D:\DPS 920\DPS920_final_project\IMG\right_2026_08_01_19_58_18_514.jpg,0.007518797,1.0,0.0,30.19031
D:\DPS 920\DPS920_final_project\IMG\center_2026_08_01_19_59_07_896.jpg,D:\DPS 920\DPS920_final_project\IMG\left_2026_08_01_19_59_07_896.jpg,D:\DPS 920\DPS920_final_project\IMG\right_2026_08_01_19_59_07_896.jpg,0.09022556,1.0,0.0,30.19216
D:\DPS 920\DPS920_final_project\IMG\center_2026_08_01_19_53_04_063.jpg,D:\DPS 920\DPS920_final_project\IMG\left_2026_08_01_19_53_04_063.jpg,D:\DPS 920\DPS920_final_project\IMG\right_2026_08_01_19_53_04_063.jpg,0.1203007,1.0,0.0,30.19074
D:\DPS 920\DPS920_final_project\IMG\center_2026_08_01_19_50_36_256.jpg,D:\DPS 920\DPS920_final_project\IMG\left_2026_08_01_19_50_36_256.jpg,D:\DPS 920\DPS920_final_project\IMG\right_2026_08_01_19_50_36_256.jpg,-0.04511278,1.0,0.0,30.19028
D:\DPS 920\DPS920_final_project\IMG\center_2026_08_01_19_53_55_228.jpg,D:\DPS 920\DPS920_final_project\IMG\left_2026_08_01_19_53_55_228.jpg,D:\DPS 920\DPS920_final_project\IMG\right_2026_08_01_19_53_55_228.jpg,-0.07894737,1.0,0.0,30.19018
D:\DPS 920\DPS920_final_project\IMG\center_2026_08_01_19_51_52_122.jpg,D:\DPS 920\DPS920_final_project\IMG\left_2026_08_01_19_51_52_122.jpg,D:\DPS 920\DPS920_final_project\IMG\right_2026_08_01_19_51_52_122.jpg,-0.09022556,1.0,0.0,30.19069
D:\DPS 920\DPS920_final_project\IMG\center_2026_08_01_19_51_36_123.jpg,D:\DPS 920\DPS920_final_project\IMG\left_2026_08_01_19_51_36_123.jpg,D:\DPS 920\DPS920_final_project\IMG\right_2026_08_01_19_51_36_123.jpg,0.02255639,1.0,0.0,30.19027
D:\DPS 920\DPS920_final_project\IMG\center_2026_08_01_19_58_25_907.jpg,D:\DPS 920\DPS920_final_project\IMG\left_2026_08_01_19_58_25_907.jpg,D:\DPS 920\DPS920_final_project\IMG\right_2026_08_01_19_58_25_907.jpg,0.09398497,1.0,0.0,30.18993
D:\DPS 920\DPS920_final_project\IMG\center_2026_08_01_19_53_04_137.jpg,D:\DPS 920\DPS920_final_project\IMG\left_2026_08_01_19_53_04_137.jpg,D:\DPS 920\DPS920_final_project\IMG\right_2026_08_01_19_53_04_137.jpg,0.1390978,1.0,0.0,30.18893
D:\DPS 920\DPS920_final_project\IMG\center_2026_08_01_20_00_29_259.jpg,D:\DPS 920\DPS920_final_project\IMG\left_2026_08_01_20_00_29_259.jpg,D:\DPS 920\DPS920_final_project\IMG\right_2026_08_01_20_00_29_259.jpg,0.09022556,1.0,0.0,30.18998
D:\DPS 920\DPS920_final_project\IMG\center_2026_08_01_19_58_31_950.jpg,D:\DPS 920\DPS920_final_project\IMG\left_2026_08_01_19_58_31_950.jpg,D:\DPS 920\DPS920_final_project\IMG\right_2026_08_01_19_58_31_950.jpg,0.07518797,1.0,0.0,30.19008
D:\DPS 920\DPS920_final_project\IMG\center_2026_08_01_19_54_39_626.jpg,D:\DPS 920\DPS920_final_project\IMG\left_2026_08_01_19_54_39_626.jpg,D:\DPS 920\DPS920_final_project\IMG\right_2026_08_01_19_54_39_626.jpg,-0.03759398,1.0,0.0,30.18981
D:\DPS 920\DPS920_final_project\IMG\center_2026_08_01_20_02_00_937.jpg,D:\DPS 920\DPS920_final_project\IMG\left_2026_08_01_20_02_00_937.jpg,D:\DPS 920\DPS920_final_project\IMG\right_2026_08_01_20_02_00_937.jpg,-0.1090226,1.0,0.0,30.18969
D:\DPS 920\DPS920_final_project\IMG\center_2026_08_01_20_02_05_994.jpg,D:\DPS 920\DPS920_final_project\IMG\left_2026_08_01_20_02_05_994.jpg,D:\DPS 920\DPS920_final_project\IMG\right_2026_08_01_20_02_05_994.jpg,-0.2631579,1.0,0.0,30.18284
D:\DPS 920\DPS920_final_project\IMG\center_2026_08_01_19_54_44_685.jpg,D:\DPS 920\DPS920_final_project\IMG\left_2026_08_01_19_54_44_685.jpg,D:\DPS 920\DPS920_final_project\IMG\right_2026_08_01_19_54_44_685.jpg,-0.07518797,1.0,0.0,30.19011
D:\DPS 920\DPS920_final_project\IMG\center_2026_08_01_19_59_46_741.jpg,D:\DPS 920\DPS920_final_project\IMG\left_2026_08_01_19_59_46_741.jpg,D:\DPS 920\DPS920_final_project\IMG\right_2026_08_01_19_59_46_741.jpg,0.04887218,1.0,0.0,30.19017
D:\DPS 920\DPS920_final_project\IMG\center_2026_08_01_20_02_11_679.jpg,D:\DPS 920\DPS920_final_project\IMG\left_2026_08_01_20_02_11_679.jpg,D:\DPS 920\DPS920_final_project\IMG\right_2026_08_01_20_02_11_679.jpg,0.03383459,1.0,0.0,30.19018
D:\DPS 920\DPS920_final_project\IMG\center_2026_08_01_19_53_56_065.jpg,D:\DPS 920\DPS920_final_project\IMG\left_2026_08_01_19_53_56_065.jpg,D:\DPS 920\DPS920_final_project\IMG\right_2026_08_01_19_53_56_065.jpg,-0.07518797,1.0,0.0,30.19035
D:\DPS 920\DPS920_final_project\IMG\center_2026_08_01_19_53_59_546.jpg,D:\DPS 920\DPS920_final_project\IMG\left_2026_08_01_19_53_59_546.jpg,D:\DPS 920\DPS920_final_project\IMG\right_2026_08_01_19_53_59_546.jpg,-0.04511278,1.0,0.0,30.19023
D:\DPS 920\DPS920_final_project\IMG\center_2026_08_01_19_59_30_546.jpg,D:\DPS 920\DPS920_final_project\IMG\left_2026_08_01_19_59_30_546.jpg,D:\DPS 920\DPS920_final_project\IMG\right_2026_08_01_19_59_30_546.jpg,-0.03759398,1.0,0.0,30.18937
D:\DPS 920\DPS920_final_project\IMG\center_2026_08_01_20_00_29_745.jpg,D:\DPS 920\DPS920_final_project\IMG\left_2026_08_01_20_00_29_745.jpg,D:\DPS 920\DPS920_final_project\IMG\right_2026_08_01_20_00_29_745.jpg,0.1203007,1.0,0.0,30.19066
D:\DPS 920\DPS920_final_project\IMG\center_2026_08_01_20_01_48_651.jpg,D:\DPS 920\DPS920_final_project\IMG\left_2026_08_01_20_01_48_651.jpg,D:\DPS 920\DPS920_final_project\IMG\right_2026_08_01_20_01_48_651.jpg,0.04135338,1.0,0.0,30.19032
D:\DPS 920\DPS920_final_project\IMG\center_2026_08_01_19_51_47_365.jpg,D:\DPS 920\DPS920_final_project\IMG\left_2026_08_01_19_51_47_365.jpg,D:\DPS 920\DPS920_final_project\IMG\right_2026_08_01_19_51_47_365.jpg,-0.06015037,1.0,0.0,30.19024
D:\DPS 920\DPS920_final_project\IMG\center_2026_08_01_19_53_14_644.jpg,D:\DPS 920\DPS920_final_project\IMG\left_2026_08_01_19_53_14_644.jpg,D:\DPS 920\DPS920_final_project\IMG\right_2026_08_01_19_53_14_644.jpg,-0.1428571,1.0,0.0,30.19063
D:\DPS 920\DPS920_final_project\IMG\center_2026_08_01_19_57_41_834.jpg,D:\DPS 920\DPS920_final_project\IMG\left_2026_08_01_19_57_41_834.jpg,D:\DPS 920\DPS920_final_project\IMG\right_2026_08_01_19_57_41_834.jpg,0.1278196,1.0,0.0,30.1896
D:\DPS 920\DPS920_final_project\IMG\center_2026_08_01_19_58_25_197.jpg,D:\DPS 920\DPS920_final_project\IMG\left_2026_08_01_19_58_25_197.jpg,D:\DPS 920\DPS920_final_project\IMG\right_2026_08_01_19_58_25_197.jpg,0.09398497,1.0,0.0,30.19003
D:\DPS 920\DPS920_final_project\IMG\center_2026_08_01_19_57_54_250.jpg,D:\DPS 920\DPS920_final_project\IMG\left_2026_08_01_19_57_54_250.jpg,D:\DPS 920\DPS920_final_project\IMG\right_2026_08_01_19_57_54_250.jpg,-0.2932331,1.0,0.0,30.18804
D:\DPS 920\DPS920_final_project\IMG\center_2026_08_01_19_51_05_375.jpg,D:\DPS 920\DPS920_final_project\IMG\left_2026_08_01_19_51_05_375.jpg,D:\DPS 920\DPS920_final_project\IMG\right_2026_08_01_19_51_05_375.jpg,-0.09398497,1.0,0.0,30.19007
D:\DPS 920\DPS920_final_project\IMG\center_2026_08_01_19_47_04_347.jpg,D:\DPS 920\DPS920_final_project\IMG\left_2026_08_01_19_47_04_347.jpg,D:\DPS 920\DPS920_final_project\IMG\right_2026_08_01_19_47_04_347.jpg,-0.2669173,1.0,0.0,8.323677
D:\DPS 920\DPS920_final_project\IMG\center_2026_08_01_19_53_04_783.jpg,D:\DPS 920\DPS920_final_project\IMG\left_2026_08_01_19_53_04_783.jpg,D:\DPS 920\DPS920_final_project\IMG\right_2026_08_01_19_53_04_783.jpg,0.2067669,1.0,0.0,30.1914
D:\DPS 920\DPS920_final_project\IMG\center_2026_08_01_19_52_28_758.jpg,D:\DPS 920\DPS920_final_project\IMG\left_2026_08_01_19_52_28_758.jpg,D:\DPS 920\DPS920_final_project\IMG\right_2026_08_01_19_52_28_758.jpg,-0.1240602,1.0,0.0,30.19006
D:\DPS 920\DPS920_final_project\IMG\center_2026_08_01_19_59_06_055.jpg,D:\DPS 920\DPS920_final_project\IMG\left_2026_08_01_19_59_06_055.jpg,D:\DPS 920\DPS920_final_project\IMG\right_2026_08_01_19_59_06_055.jpg,0.1052632,1.0,0.0,30.18901
D:\DPS 920\DPS920_final_project\IMG\center_2026_08_01_19_54_14_439.jpg,D:\DPS 920\DPS920_final_project\IMG\left_2026_08_01_19_54_14_439.jpg,D:\DPS 920\DPS920_final_project\IMG\right_2026_08_01_19_54_14_439.jpg,-0.06390978,1.0,0.0,30.19018
D:\DPS 920\DPS920_final_project\IMG\center_2026_08_01_19_58_48_490.jpg,D:\DPS 920\DPS920_final_project\IMG\left_2026_08_01_19_58_48_490.jpg,D:\DPS 920\DPS920_final_project\IMG\right_2026_08_01_19_58_48_490.jpg,0.03383459,1.0,0.0,30.19022
D:\DPS 920\DPS920_final_project\IMG\center_2026_08_01_19_58_06_972.jpg,D:\DPS 920\DPS920_final_project\IMG\left_2026_08_01_19_58_06_972.jpg,D:\DPS 920\DPS920_final_project\IMG\right_2026_08_01_19_58_06_972.jpg,0.04135338,1.0,0.0,30.19024
D:\DPS 920\DPS920_final_project\IMG\center_2026_08_01_19_53_11_183.jpg,D:\DPS 920\DPS920_final_project\IMG\left_2026_08_01_19_53_11_183.jpg,D:\DPS 920\DPS920_final_project\IMG\right_2026_08_01_19_53_11_183.jpg,-0.1203007,1.0,0.0,30.18999
D:\DPS 920\DPS920_final_project\IMG\center_2026_08_01_20_00_15_778.jpg,D:\DPS 920\DPS920_final_project\IMG\left_2026_08_01_20_00_15_778.jpg,D:\DPS 920\DPS920_final_project\IMG\right_2026_08_01_20_00_15_778.jpg,0.02255639,1.0,0.0,30.19031
D:\DPS 920\DPS920_final_project\IMG\center_2026_08_01_19_53_03_486.jpg,D:\DPS 920\DPS920_final_project\IMG\left_2026_08_01_19_53_03_486.jpg,D:\DPS 920\DPS920_final_project\IMG\right_2026_08_01_19_53_03_486.jpg,0.2406015,1.0,0.0,30.19157
D:\DPS 920\DPS920_final_project\IMG\center_2026_08_01_20_02_05_850.jpg,D:\DPS 920\DPS920_final_project\IMG\left_2026_08_01_20_02_05_850.jpg,D:\DPS 920\DPS920_final_project\IMG\right_2026_08_01_20_02_05_850.jpg,-0.1766917,1.0,0.0,30.18583
D:\DPS 920\DPS920_final_project\IMG\center_2026_08_01_19_51_27_922.jpg,D:\DPS 920\DPS920_final_project\IMG\left_2026_08_01_19_51_27_922.jpg,D:\DPS 920\DPS920_final_project\IMG\right_2026_08_01_19_51_27_922.jpg,-0.08270676,1.0,0.0,30.18868
D:\DPS 920\DPS920_final_project\IMG\center_2026_08_01_19_52_49_509.jpg,D:\DPS 920\DPS920_final_project\IMG\left_2026_08_01_19_52_49_509.jpg,D:\DPS 920\DPS920_final_project\IMG\right_2026_08_01_19_52_49_509.jpg,-0.007518797,1.0,0.0,30.19031
D:\DPS 920\DPS920_final_project\IMG\center_2026_08_01_20_00_29_885.jpg,D:\DPS 920\DPS920_final_project\IMG\left_2026_08_01_20_00_29_885.jpg,D:\DPS 920\DPS920_final_project\IMG\right_2026_08_01_20_00_29_885.jpg,0.1278196,1.0,0.0,30.18965
D:\DPS 920\DPS920_final_project\IMG\center_2026_08_01_19_52_54_240.jpg,D:\DPS 920\DPS920_final_project\IMG\left_2026_08_01_19_52_54_240.jpg,D:\DPS 920\DPS920_final_project\IMG\right_2026_08_01_19_52_54_240.jpg,-0.1992481,1.0,0.0,30.18948
D:\DPS 920\DPS920_final_project\IMG\center_2026_08_01_20_01_30_330.jpg,D:\DPS 920\DPS920_final_project\IMG\left_2026_08_01_20_01_30_330.jpg,D:\DPS 920\DPS920_final_project\IMG\right_2026_08_01_20_01_30_330.jpg,0.01879699,1.0,0.0,30.19028
D:\DPS 920\DPS920_final_project\IMG\center_2026_08_01_19_54_19_663.jpg,D:\DPS 920\DPS920_final_project\IMG\left_2026_08_01_19_54_19_663.jpg,D:\DPS 920\DPS920_final_project\IMG\right_2026_08_01_19_54_19_663.jpg,-0.1015038,1.0,0.0,30.19018
D:\DPS 920\DPS920_final_project\IMG\center_2026_08_01_19_59_27_096.jpg,D:\DPS 920\DPS920_final_project\IMG\left_2026_08_01_19_59_27_096.jpg,D:\DPS 920\DPS920_final_project\IMG\right_2026_08_01_19_59_27_096.jpg,0.2142857,1.0,0.0,30.18925
D:\DPS 920\DPS920_final_project\IMG\center_2026_08_01_19_51_21_909.jpg,D:\DPS 920\DPS920_final_project\IMG\left_2026_08_01_19_51_21_909.jpg,D:\DPS 920\DPS920_final_project\IMG\right_2026_08_01_19_51_21_909.jpg,-0.01503759,1.0,0.0,30.18994
D:\DPS 920\DPS920_final_project\IMG\center_2026_08_01_19_52_29_458.jpg,D:\DPS 920\DPS920_final_project\IMG\left_2026_08_01_19_52_29_458.jpg,D:\DPS 920\DPS920_final_project\IMG\right_2026_08_01_19_52_29_458.jpg,-0.1052632,1.0,0.0,30.18988
D:\DPS 920\DPS920_final_project\IMG\center_2026_08_01_19_53_03_622.jpg,D:\DPS 920\DPS920_final_project\IMG\left_2026_08_01_19_53_03_622.jpg,D:\DPS 920\DPS920_final_project\IMG\right_2026_08_01_19_53_03_622.jpg,0.2406015,1.0,0.0,30.18967
D:\DPS 920\DPS920_final_project\IMG\center_2026_08_01_20_01_43_696.jpg,D:\DPS 920\DPS920_final_project\IMG\left_2026_08_01_20_01_43_696.jpg,D:\DPS 920\DPS920_final_project\IMG\right_2026_08_01_20_01_43_696.jpg,0.03007519,1.0,0.0,30.19028
D:\DPS 920\DPS920_final_project\IMG\center_2026_08_01_19_58_35_102.jpg,D:\DPS 920\DPS920_final_project\IMG\left_2026_08_01_19_58_35_102.jpg,D:\DPS 920\DPS920_final_project\IMG\right_2026_08_01_19_58_35_102.jpg,0.03383459,1.0,0.0,30.19028
D:\DPS 920\DPS920_final_project\IMG\center_2026_08_01_19_58_58_489.jpg,D:\DPS 920\DPS920_final_project\IMG\left_2026_08_01_19_58_58_489.jpg,D:\DPS 920\DPS920_final_project\IMG\right_2026_08_01_19_58_58_489.jpg,0.06766918,1.0,0.0,30.19016
D:\DPS 920\DPS920_final_project\IMG\center_2026_08_01_19_51_29_277.jpg,D:\DPS 920\DPS920_final_project\IMG\left_2026_08_01_19_51_29_277.jpg,D:\DPS 920\DPS920_final_project\IMG\right_2026_08_01_19_51_29_277.jpg,-0.1992481,1.0,0.0,30.18984
D:\DPS 920\DPS920_final_project\IMG\center_2026_08_01_19_53_03_139.jpg,D:\DPS 920\DPS920_final_project\IMG\left_2026_08_01_19_53_03_139.jpg,D:\DPS 920\DPS920_final_project\IMG\right_2026_08_01_19_53_03_139.jpg,0.3195489,1.0,0.0,30.1872
D:\DPS 920\DPS920_final_project\IMG\center_2026_08_01_19_57_40_111.jpg,D:\DPS 920\DPS920_final_project\IMG\left_2026_08_01_19_57_40_111.jpg,D:\DPS 920\DPS920_final_project\IMG\right_2026_08_01_19_57_40_111.jpg,0.05639098,1.0,0.0,30.19035
D:\DPS 920\DPS920_final_project\IMG\center_2026_08_01_19_51_11_132.jpg,D:\DPS 920\DPS920_final_project\IMG\left_2026_08_01_19_51_11_132.jpg,D:\DPS 920\DPS920_final_project\IMG\right_2026_08_01_19_51_11_132.jpg,-0.05639098,1.0,0.0,30.19024
D:\DPS 920\DPS920_final_project\IMG\center_2026_08_01_19_53_02_721.jpg,D:\DPS 920\DPS920_final_project\IMG\left_2026_08_01_19_53_02_721.jpg,D:\DPS 920\DPS920_final_project\IMG\right_2026_08_01_19_53_02_721.jpg,0.3045113,1.0,0.0,30.1857
D:\DPS 920\DPS920_final_project\IMG\center_2026_08_01_19_54_38_706.jpg,D:\DPS 920\DPS920_final_project\IMG\left_2026_08_01_19_54_38_706.jpg,D:\DPS 920\DPS920_final_project\IMG\right_2026_08_01_19_54_38_706.jpg,-0.1917293,1.0,0.0,30.18948
D:\DPS 920\DPS920_final_project\IMG\center_2026_08_01_19_53_09_987.jpg,D:\DPS 920\DPS920_final_project\IMG\left_2026_08_01_19_53_09_987.jpg,D:\DPS 920\DPS920_final_project\IMG\right_2026_08_01_19_53_09_987.jpg,-0.03759398,1.0,0.0,30.19013
D:\DPS 920\DPS920_final_project\IMG\center_2026_08_01_19_51_27_500.jpg,D:\DPS 920\DPS920_final_project\IMG\left_2026_08_01_19_51_27_500.jpg,D:\DPS 920\DPS920_final_project\IMG\right_2026_08_01_19_51_27_500.jpg,-0.05639098,1.0,0.0,30.19055
D:\DPS 920\DPS920_final_project\IMG\center_2026_08_01_19_57_38_338.jpg,D:\DPS 920\DPS920_final_project\IMG\left_2026_08_01_19_57_38_338.jpg,D:\DPS 920\DPS920_final_project\IMG\right_2026_08_01_19_57_38_338.jpg,-0.09022556,1.0,0.0,30.189
D:\DPS 920\DPS920_final_project\IMG\center_2026_08_01_19_54_35_275.jpg,D:\DPS 920\DPS920_final_project\IMG\left_2026_08_01_19_54_35_275.jpg,D:\DPS 920\DPS920_final_project\IMG\right_2026_08_01_19_54_35_275.jpg,-0.1052632,1.0,0.0,30.18997
D:\DPS 920\DPS920_final_project\IMG\center_2026_08_01_19_52_53_709.jpg,D:\DPS 920\DPS920_final_project\IMG\left_2026_08_01_19_52_53_709.jpg,D:\DPS 920\DPS920_final_project\IMG\right_2026_08_01_19_52_53_709.jpg,-0.1917293,1.0,0.0,30.18802
D:\DPS 920\DPS920_final_project\IMG\center_2026_08_01_19_54_18_023.jpg,D:\DPS 920\DPS920_final_project\IMG\left_2026_08_01_19_54_18_023.jpg,D:\DPS 920\DPS920_final_project\IMG\right_2026_08_01_19_54_18_023.jpg,-0.1616541,1.0,0.0,30.19007
D:\DPS 920\DPS920_final_project\IMG\center_2026_08_01_19_59_29_207.jpg,D:\DPS 920\DPS920_final_project\IMG\left_2026_08_01_19_59_29_207.jpg,D:\DPS 920\DPS920_final_project\IMG\right_2026_08_01_19_59_29_207.jpg,0.1240602,1.0,0.0,30.19134
D:\DPS 920\DPS920_final_project\IMG\center_2026_08_01_20_00_51_488.jpg,D:\DPS 920\DPS920_final_project\IMG\left_2026_08_01_20_00_51_488.jpg,D:\DPS 920\DPS920_final_project\IMG\right_2026_08_01_20_00_51_488.jpg,0.1992481,1.0,0.0,30.1892
D:\DPS 920\DPS920_final_project\IMG\center_2026_08_01_19_53_25_160.jpg,D:\DPS 920\DPS920_final_project\IMG\left_2026_08_01_19_53_25_160.jpg,D:\DPS 920\DPS920_final_project\IMG\right_2026_08_01_19_53_25_160.jpg,-0.05263158,1.0,0.0,30.18993
D:\DPS 920\DPS920_final_project\IMG\center_2026_08_01_19_59_28_849.jpg,D:\DPS 920\DPS920_final_project\IMG\left_2026_08_01_19_59_28_849.jpg,D:\DPS 920\DPS920_final_project\IMG\right_2026_08_01_19_59_28_849.jpg,0.1992481,1.0,0.0,30.19007
D:\DPS 920\DPS920_final_project\IMG\center_2026_08_01_19_59_27_602.jpg,D:\DPS 920\DPS920_final_project\IMG\left_2026_08_01_19_59_27_602.jpg,D:\DPS 920\DPS920_final_project\IMG\right_2026_08_01_19_59_27_602.jpg,0.2142857,1.0,0.0,30.1912
D:\DPS 920\DPS920_final_project\IMG\center_2026_08_01_20_00_30_099.jpg,D:\DPS 920\DPS920_final_project\IMG\left_2026_08_01_20_00_30_099.jpg,D:\DPS 920\DPS920_final_project\IMG\right_2026_08_01_20_00_30_099.jpg,0.1278196,1.0,0.0,30.18965
D:\DPS 920\DPS920_final_project\IMG\center_2026_08_01_19_53_59_041.jpg,D:\DPS 920\DPS920_final_project\IMG\left_2026_08_01_19_53_59_041.jpg,D:\DPS 920\DPS920_final_project\IMG\right_2026_08_01_19_53_59_041.jpg,-0.04511278,1.0,0.0,30.18982
D:\DPS 920\DPS920_final_project\IMG\center_2026_08_01_19_54_24_745.jpg,D:\DPS 920\DPS920_final_project\IMG\left_2026_08_01_19_54_24_745.jpg,D:\DPS 920\DPS920_final_project\IMG\right_2026_08_01_19_54_24_745.jpg,0.1203007,1.0,0.0,30.18898
D:\DPS 920\DPS920_final_project\IMG\center_2026_08_01_19_58_28_813.jpg,D:\DPS 920\DPS920_final_project\IMG\left_2026_08_01_19_58_28_813.jpg,D:\DPS 920\DPS920_final_project\IMG\right_2026_08_01_19_58_28_813.jpg,0.07894737,1.0,0.0,30.18433
D:\DPS 920\DPS920_final_project\IMG\center_2026_08_01_19_52_50_296.jpg,D:\DPS 920\DPS920_final_project\IMG\left_2026_08_01_19_52_50_296.jpg,D:\DPS 920\DPS920_final_project\IMG\right_2026_08_01_19_52_50_296.jpg,-0.03007519,1.0,0.0,30.19027
D:\DPS 920\DPS920_final_project\IMG\center_2026_08_01_20_02_05_183.jpg,D:\DPS 920\DPS920_final_project\IMG\left_2026_08_01_20_02_05_183.jpg,D:\DPS 920\DPS920_final_project\IMG\right_2026_08_01_20_02_05_183.jpg,-0.3157895,1.0,0.0,30.19171
D:\DPS 920\DPS920_final_project\IMG\center_2026_08_01_19_53_03_070.jpg,D:\DPS 920\DPS920_final_project\IMG\left_2026_08_01_19_53_03_070.jpg,D:\DPS 920\DPS920_final_project\IMG\right_2026_08_01_19_53_03_070.jpg,0.3195489,1.0,0.0,30.18752
D:\DPS 920\DPS920_final_project\IMG\center_2026_08_01_19_51_48_145.jpg,D:\DPS 920\DPS920_final_project\IMG\left_2026_08_01_19_51_48_145.jpg,D:\DPS 920\DPS920_final_project\IMG\right_2026_08_01_19_51_48_145.jpg,-0.1203007,1.0,0.0,30.18946
D:\DPS 920\DPS920_final_project\IMG\center_2026_08_01_19_54_38_922.jpg,D:\DPS 920\DPS920_final_project\IMG\left_2026_08_01_19_54_38_922.jpg,D:\DPS 920\DPS920_final_project\IMG\right_2026_08_01_19_54_38_922.jpg,-0.1015038,1.0,0.0,30.19069
D:\DPS 920\DPS920_final_project\IMG\center_2026_08_01_20_02_16_304.jpg,D:\DPS 920\DPS920_final_project\IMG\left_2026_08_01_20_02_16_304.jpg,D:\DPS 920\DPS920_final_project\IMG\right_2026_08_01_20_02_16_304.jpg,0.1766917,1.0,0.0,30.18888
D:\DPS 920\DPS920_final_project\IMG\center_2026_08_01_20_01_55_360.jpg,D:\DPS 920\DPS920_final_project\IMG\left_2026_08_01_20_01_55_360.jpg,D:\DPS 920\DPS920_final_project\IMG\right_2026_08_01_20_01_55_360.jpg,0.1879699,1.0,0.0,30.18896
D:\DPS 920\DPS920_final_project\IMG\center_2026_08_01_20_00_08_591.jpg,D:\DPS 920\DPS920_final_project\IMG\left_2026_08_01_20_00_08_591.jpg,D:\DPS 920\DPS920_final_project\IMG\right_2026_08_01_20_00_08_591.jpg,0.003759398,1.0,0.0,30.1903
D:\DPS 920\DPS920_final_project\IMG\center_2026_08_01_19_51_46_596.jpg,D:\DPS 920\DPS920_final_project\IMG\left_2026_08_01_19_51_46_596.jpg,D:\DPS 920\DPS920_final_project\IMG\right_2026_08_01_19_51_46_596.jpg,-0.06015037,1.0,0.0,30.19023
D:\DPS 920\DPS920_final_project\IMG\center_2026_08_01_19_59_05_987.jpg,D:\DPS 920\DPS920_final_project\IMG\left_2026_08_01_19_59_05_987.jpg,D:\DPS 920\DPS920_final_project\IMG\right_2026_08_01_19_59_05_987.jpg,0.09022556,1.0,0.0,30.19011
D:\DPS 920\DPS920_final_project\IMG\center_2026_08_01_19_53_55_432.jpg,D:\DPS 920\DPS920_final_project\IMG\left_2026_08_01_19_53_55_432.jpg,D:\DPS 920\DPS920_final_project\IMG\right_2026_08_01_19_53_55_432.jpg,-0.07894737,1.0,0.0,30.19028
D:\DPS 920\DPS920_final_project\IMG\center_2026_08_01_19_54_16_814.jpg,D:\DPS 920\DPS920_final_project\IMG\left_2026_08_01_19_54_16_814.jpg,D:\DPS 920\DPS920_final_project\IMG\right_2026_08_01_19_54_16_814.jpg,-0.1804511,1.0,0.0,30.18987
D:\DPS 920\DPS920_final_project\IMG\center_2026_08_01_19_54_28_717.jpg,D:\DPS 920\DPS920_final_project\IMG\left_2026_08_01_19_54_28_717.jpg,D:\DPS 920\DPS920_final_project\IMG\right_2026_08_01_19_54_28_717.jpg,0.06766918,1.0,0.0,30.18958
D:\DPS 920\DPS920_final_project\IMG\center_2026_08_01_19_57_58_744.jpg,D:\DPS 920\DPS920_final_project\IMG\left_2026_08_01_19_57_58_744.jpg,D:\DPS 920\DPS920_final_project\IMG\right_2026_08_01_19_57_58_744.jpg,0.03007519,1.0,0.0,30.19025
D:\DPS 920\DPS920_final_project\IMG\center_2026_08_01_19_59_22_731.jpg,D:\DPS 920\DPS920_final_project\IMG\left_2026_08_01_19_59_22_731.jpg,D:\DPS 920\DPS920_final_project\IMG\right_2026_08_01_19_59_22_731.jpg,0.1090226,1.0,0.0,30.18982
D:\DPS 920\DPS920_final_project\IMG\center_2026_08_01_19_54_27_138.jpg,D:\DPS 920\DPS920_final_project\IMG\left_2026_08_01_19_54_27_138.jpg,D:\DPS 920\DPS920_final_project\IMG\right_2026_08_01_19_54_27_138.jpg,0.2819549,1.0,0.0,30.18586
D:\DPS 920\DPS920_final_project\IMG\center_2026_08_01_19_54_28_215.jpg,D:\DPS 920\DPS920_final_project\IMG\left_2026_08_01_19_54_28_215.jpg,D:\DPS 920\DPS920_final_project\IMG\right_2026_08_01_19_54_28_215.jpg,0.08646616,1.0,0.0,30.19056
D:\DPS 920\DPS920_final_project\IMG\center_2026_08_01_20_00_33_452.jpg,D:\DPS 920\DPS920_final_project\IMG\left_2026_08_01_20_00_33_452.jpg,D:\DPS 920\DPS920_final_project\IMG\right_2026_08_01_20_00_33_452.jpg,0.06390978,1.0,0.0,30.19076
D:\DPS 920\DPS920_final_project\IMG\center_2026_08_01_20_00_05_618.jpg,D:\DPS 920\DPS920_final_project\IMG\left_2026_08_01_20_00_05_618.jpg,D:\DPS 920\DPS920_final_project\IMG\right_2026_08_01_20_00_05_618.jpg,0.02255639,1.0,0.0,30.19031
D:\DPS 920\DPS920_final_project\IMG\center_2026_08_01_19_50_31_943.jpg,D:\DPS 920\DPS920_final_project\IMG\left_2026_08_01_19_50_31_943.jpg,D:\DPS 920\DPS920_final_project\IMG\right_2026_08_01_19_50_31_943.jpg,-0.05263158,1.0,0.0,30.19021
D:\DPS 920\DPS920_final_project\IMG\center_2026_08_01_19_53_53_832.jpg,D:\DPS 920\DPS920_final_project\IMG\left_2026_08_01_19_53_53_832.jpg,D:\DPS 920\DPS920_final_project\IMG\right_2026_08_01_19_53_53_832.jpg,-0.1353384,1.0,0.0,30.18995
D:\DPS 920\DPS920_final_project\IMG\center_2026_08_01_19_51_27_643.jpg,D:\DPS 920\DPS920_final_project\IMG\left_2026_08_01_19_51_27_643.jpg,D:\DPS 920\DPS920_final_project\IMG\right_2026_08_01_19_51_27_643.jpg,-0.06015037,1.0,0.0,30.18988
D:\DPS 920\DPS920_final_project\IMG\center_2026_08_01_19_53_02_931.jpg,D:\DPS 920\DPS920_final_project\IMG\left_2026_08_01_19_53_02_931.jpg,D:\DPS 920\DPS920_final_project\IMG\right_2026_08_01_19_53_02_931.jpg,0.3195489,1.0,0.0,30.18559
D:\DPS 920\DPS920_final_project\IMG\center_2026_08_01_19_54_19_980.jpg,D:\DPS 920\DPS920_final_project\IMG\left_2026_08_01_19_54_19_980.jpg,D:\DPS 920\DPS920_final_project\IMG\right_2026_08_01_19_54_19_980.jpg,-0.09774436,1.0,0.0,30.19026
D:\DPS 920\DPS920_final_project\IMG\center_2026_08_01_20_00_32_153.jpg,D:\DPS 920\DPS920_final_project\IMG\left_2026_08_01_20_00_32_153.jpg,D:\DPS 920\DPS920_final_project\IMG\right_2026_08_01_20_00_32_153.jpg,0.2030075,1.0,0.0,30.18959
D:\DPS 920\DPS920_final_project\IMG\center_2026_08_01_19_54_13_252.jpg,D:\DPS 920\DPS920_final_project\IMG\left_2026_08_01_19_54_13_252.jpg,D:\DPS 920\DPS920_final_project\IMG\right_2026_08_01_19_54_13_252.jpg,-0.03383459,1.0,0.0,30.19025
D:\DPS 920\DPS920_final_project\IMG\center_2026_08_01_19_51_52_328.jpg,D:\DPS 920\DPS920_final_project\IMG\left_2026_08_01_19_51_52_328.jpg,D:\DPS 920\DPS920_final_project\IMG\right_2026_08_01_19_51_52_328.jpg,-0.03759398,1.0,0.0,30.19062
D:\DPS 920\DPS920_final_project\IMG\center_2026_08_01_19_53_37_094.jpg,D:\DPS 920\DPS920_final_project\IMG\left_2026_08_01_19_53_37_094.jpg,D:\DPS 920\DPS920_final_project\IMG\right_2026_08_01_19_53_37_094.jpg,-0.007518797,1.0,0.0,30.19031
D:\DPS 920\DPS920_final_project\IMG\center_2026_08_01_20_00_30_687.jpg,D:\DPS 920\DPS920_final_project\IMG\left_2026_08_01_20_00_30_687.jpg,D:\DPS 920\DPS920_final_project\IMG\right_2026_08_01_20_00_30_687.jpg,0.1804511,1.0,0.0,30.18902
D:\DPS 920\DPS920_final_project\IMG\center_2026_08_01_19_52_41_675.jpg,D:\DPS 920\DPS920_final_project\IMG\left_2026_08_01_19_52_41_675.jpg,D:\DPS 920\DPS920_final_project\IMG\right_2026_08_01_19_52_41_675.jpg,0.0,1.0,0.0,30.18985
D:\DPS 920\DPS920_final_project\IMG\center_2026_08_01_20_02_15_251.jpg,D:\DPS 920\DPS920_final_project\IMG\left_2026_08_01_20_02_15_251.jpg,D:\DPS 920\DPS920_final_project\IMG\right_2026_08_01_20_02_15_251.jpg,0.2368421,1.0,0.0,30.18941
D:\DPS 920\DPS920_final_project\IMG\center_2026_08_01_19_51_25_180.jpg,D:\DPS 920\DPS920_final_project\IMG\left_2026_08_01_19_51_25_180.jpg,D:\DPS 920\DPS920_final_project\IMG\right_2026_08_01_19_51_25_180.jpg,-0.02631579,1.0,0.0,30.19005
D:\DPS 920\DPS920_final_project\IMG\center_2026_08_01_19_57_35_541.jpg,D:\DPS 920\DPS920_final_project\IMG\left_2026_08_01_19_57_35_541.jpg,D:\DPS 920\DPS920_final_project\IMG\right_2026_08_01_19_57_35_541.jpg,0.3,1.0,0.0,5.524001
D:\DPS 920\DPS920_final_project\IMG\center_2026_08_01_19_58_18_444.jpg,D:\DPS 920\DPS920_final_project\IMG\left_2026_08_01_19_58_18_444.jpg,D:\DPS 920\DPS920_final_project\IMG\right_2026_08_01_19_58_18_444.jpg,0.007518797,1.0,0.0,30.19031
D:\DPS 920\DPS920_final_project\IMG\center_2026_08_01_19_51_30_002.jpg,D:\DPS 920\DPS920_final_project\IMG\left_2026_08_01_19_51_30_002.jpg,D:\DPS 920\DPS920_final_project\IMG\right_2026_08_01_19_51_30_002.jpg,-0.1992481,1.0,0.0,30.18939
D:\DPS 920\DPS920_final_project\IMG\center_2026_08_01_19_59_59_802.jpg,D:\DPS 920\DPS920_final_project\IMG\left_2026_08_01_19_59_59_802.jpg,D:\DPS 920\DPS920_final_project\IMG\right_2026_08_01_19_59_59_802.jpg,0.02631579,1.0,0.0,30.19025
D:\DPS 920\DPS920_final_project\IMG\center_2026_08_01_19_51_08_217.jpg,D:\DPS 920\DPS920_final_project\IMG\left_2026_08_01_19_51_08_217.jpg,D:\DPS 920\DPS920_final_project\IMG\right_2026_08_01_19_51_08_217.jpg,-0.06015037,1.0,0.0,30.19059
D:\DPS 920\DPS920_final_project\IMG\center_2026_08_01_19_57_44_432.jpg,D:\DPS 920\DPS920_final_project\IMG\left_2026_08_01_19_57_44_432.jpg,D:\DPS 920\DPS920_final_project\IMG\right_2026_08_01_19_57_44_432.jpg,0.2368421,1.0,0.0,30.18907
D:\DPS 920\DPS920_final_project\IMG\center_2026_08_01_19_52_34_427.jpg,D:\DPS 920\DPS920_final_project\IMG\left_2026_08_01_19_52_34_427.jpg,D:\DPS 920\DPS920_final_project\IMG\right_2026_08_01_19_52_34_427.jpg,-0.07142857,1.0,0.0,30.19027
D:\DPS 920\DPS920_final_project\IMG\center_2026_08_01_19_59_56_050.jpg,D:\DPS 920\DPS920_final_project\IMG\left_2026_08_01_19_59_56_050.jpg,D:\DPS 920\DPS920_final_project\IMG\right_2026_08_01_19_59_56_050.jpg,0.04135338,1.0,0.0,30.19028
D:\DPS 920\DPS920_final_project\IMG\center_2026_08_01_19_58_28_183.jpg,D:\DPS 920\DPS920_final_project\IMG\left_2026_08_01_19_58_28_183.jpg,D:\DPS 920\DPS920_final_project\IMG\right_2026_08_01_19_58_28_183.jpg,0.04135338,1.0,0.0,30.19136
D:\DPS 920\DPS920_final_project\IMG\center_2026_08_01_19_59_02_844.jpg,D:\DPS 920\DPS920_final_project\IMG\left_2026_08_01_19_59_02_844.jpg,D:\DPS 920\DPS920_final_project\IMG\right_2026_08_01_19_59_02_844.jpg,0.07894737,1.0,0.0,30.19008
D:\DPS 920\DPS920_final_project\IMG\center_2026_08_01_19_59_17_651.jpg,D:\DPS 920\DPS920_final_project\IMG\left_2026_08_01_19_59_17_651.jpg,D:\DPS 920\DPS920_final_project\IMG\right_2026_08_01_19_59_17_651.jpg,-0.2105263,1.0,0.0,30.19254
D:\DPS 920\DPS920_final_project\IMG\center_2026_08_01_19_58_03_378.jpg,D:\DPS 920\DPS920_final_project\IMG\left_2026_08_01_19_58_03_378.jpg,D:\DPS 920\DPS920_final_project\IMG\right_2026_08_01_19_58_03_378.jpg,0.2067669,1.0,0.0,30.18918
D:\DPS 920\DPS920_final_project\IMG\center_2026_08_01_19_59_26_320.jpg,D:\DPS 920\DPS920_final_project\IMG\left_2026_08_01_19_59_26_320.jpg,D:\DPS 920\DPS920_final_project\IMG\right_2026_08_01_19_59_26_320.jpg,0.1278196,1.0,0.0,30.18956
D:\DPS 920\DPS920_final_project\IMG\center_2026_08_01_19_51_50_752.jpg,D:\DPS 920\DPS920_final_project\IMG\left_2026_08_01_19_51_50_752.jpg,D:\DPS 920\DPS920_final_project\IMG\right_2026_08_01_19_51_50_752.jpg,-0.1691729,1.0,0.0,30.18962
D:\DPS 920\DPS920_final_project\IMG\center_2026_08_01_19_53_14_277.jpg,D:\DPS 920\DPS920_final_project\IMG\left_2026_08_01_19_53_14_277.jpg,D:\DPS 920\DPS920_final_project\IMG\right_2026_08_01_19_53_14_277.jpg,-0.2105263,1.0,0.0,30.189
D:\DPS 920\DPS920_final_project\IMG\center_2026_08_01_19_54_00_573.jpg,D:\DPS 920\DPS920_final_project\IMG\left_2026_08_01_19_54_00_573.jpg,D:\DPS 920\DPS920_final_project\IMG\right_2026_08_01_19_54_00_573.jpg,-0.003759398,1.0,0.0,30.19029
D:\DPS 920\DPS920_final_project\IMG\center_2026_08_01_19_54_22_637.jpg,D:\DPS 920\DPS920_final_project\IMG\left_2026_08_01_19_54_22_637.jpg,D:\DPS 920\DPS920_final_project\IMG\right_2026_08_01_19_54_22_637.jpg,-0.003759398,1.0,0.0,30.19047
D:\DPS 920\DPS920_final_project\IMG\center_2026_08_01_19_59_58_658.jpg,D:\DPS 920\DPS920_final_project\IMG\left_2026_08_01_19_59_58_658.jpg,D:\DPS 920\DPS920_final_project\IMG\right_2026_08_01_19_59_58_658.jpg,0.01503759,1.0,0.0,30.19029
D:\DPS 920\DPS920_final_project\IMG\center_2026_08_01_19_50_25_654.jpg,D:\DPS 920\DPS920_final_project\IMG\left_2026_08_01_19_50_25_654.jpg,D:\DPS 920\DPS920_final_project\IMG\right_2026_08_01_19_50_25_654.jpg,-0.1052632,1.0,0.0,11.97635
D:\DPS 920\DPS920_final_project\IMG\center_2026_08_01_19_54_34_430.jpg,D:\DPS 920\DPS920_final_project\IMG\left_2026_08_01_19_54_34_430.jpg,D:\DPS 920\DPS920_final_project\IMG\right_2026_08_01_19_54_34_430.jpg,-0.09774436,1.0,0.0,30.19009
D:\DPS 920\DPS920_final_project\IMG\center_2026_08_01_19_51_44_404.jpg,D:\DPS 920\DPS920_final_project\IMG\left_2026_08_01_19_51_44_404.jpg,D:\DPS 920\DPS920_final_project\IMG\right_2026_08_01_19_51_44_404.jpg,0.02255639,1.0,0.0,30.19033
D:\DPS 920\DPS920_final_project\IMG\center_2026_08_01_20_01_10_838.jpg,D:\DPS 920\DPS920_final_project\IMG\left_2026_08_01_20_01_10_838.jpg,D:\DPS 920\DPS920_final_project\IMG\right_2026_08_01_20_01_10_838.jpg,0.06390978,1.0,0.0,30.19083
D:\DPS 920\DPS920_final_project\IMG\center_2026_08_01_20_00_28_780.jpg,D:\DPS 920\DPS920_final_project\IMG\left_2026_08_01_20_00_28_780.jpg,D:\DPS 920\DPS920_final_project\IMG\right_2026_08_01_20_00_28_780.jpg,0.07518797,1.0,0.0,30.18984
D:\DPS 920\DPS920_final_project\IMG\center_2026_08_01_19_57_54_833.jpg,D:\DPS 920\DPS920_final_project\IMG\left_2026_08_01_19_57_54_833.jpg,D:\DPS 920\DPS920_final_project\IMG\right_2026_08_01_19_57_54_833.jpg,-0.1390978,1.0,0.0,30.1902
D:\DPS 920\DPS920_final_project\IMG\center_2026_08_01_19_53_38_443.jpg,D:\DPS 920\DPS920_final_project\IMG\left_2026_08_01_19_53_38_443.jpg,D:\DPS 920\DPS920_final_project\IMG\right_2026_08_01_19_53_38_443.jpg,-0.03759398,1.0,0.0,30.19033
D:\DPS 920\DPS920_final_project\IMG\center_2026_08_01_20_01_51_756.jpg,D:\DPS 920\DPS920_final_project\IMG\left_2026_08_01_20_01_51_756.jpg,D:\DPS 920\DPS920_final_project\IMG\right_2026_08_01_20_01_51_756.jpg,0.08270676,1.0,0.0,30.19
D:\DPS 920\DPS920_final_project\IMG\center_2026_08_01_20_02_19_573.jpg,D:\DPS 920\DPS920_final_project\IMG\left_2026_08_01_20_02_19_573.jpg,D:\DPS 920\DPS920_final_project\IMG\right_2026_08_01_20_02_19_573.jpg,0.01503759,1.0,0.0,30.19022
D:\DPS 920\DPS920_final_project\IMG\center_2026_08_01_19_59_29_839.jpg,D:\DPS 920\DPS920_final_project\IMG\left_2026_08_01_19_59_29_839.jpg,D:\DPS 920\DPS920_final_project\IMG\right_2026_08_01_19_59_29_839.jpg,0.05639098,1.0,0.0,30.1903
D:\DPS 920\DPS920_final_project\IMG\center_2026_08_01_20_00_30_923.jpg,D:\DPS 920\DPS920_final_project\IMG\left_2026_08_01_20_00_30_923.jpg,D:\DPS 920\DPS920_final_project\IMG\right_2026_08_01_20_00_30_923.jpg,0.2105263,1.0,0.0,30.1894
D:\DPS 920\DPS920_final_project\IMG\center_2026_08_01_19_53_11_470.jpg,D:\DPS 920\DPS920_final_project\IMG\left_2026_08_01_19_53_11_470.jpg,D:\DPS 920\DPS920_final_project\IMG\right_2026_08_01_19_53_11_470.jpg,-0.131579,1.0,0.0,30.18964
D:\DPS 920\DPS920_final_project\IMG\center_2026_08_01_19_59_53_382.jpg,D:\DPS 920\DPS920_final_project\IMG\left_2026_08_01_19_59_53_382.jpg,D:\DPS 920\DPS920_final_project\IMG\right_2026_08_01_19_59_53_382.jpg,0.08270676,1.0,0.0,30.19021
D:\DPS 920\DPS920_final_project\IMG\center_2026_08_01_19_53_39_904.jpg,D:\DPS 920\DPS920_final_project\IMG\left_2026_08_01_19_53_39_904.jpg,D:\DPS 920\DPS920_final_project\IMG\right_2026_08_01_19_53_39_904.jpg,-0.01879699,1.0,0.0,30.19029
D:\DPS 920\DPS920_final_project\IMG\center_2026_08_01_20_01_48_237.jpg,D:\DPS 920\DPS920_final_project\IMG\left_2026_08_01_20_01_48_237.jpg,D:\DPS 920\DPS920_final_project\IMG\right_2026_08_01_20_01_48_237.jpg,0.05639098,1.0,0.0,30.19022
D:\DPS 920\DPS920_final_project\IMG\center_2026_08_01_19_51_56_202.jpg,D:\DPS 920\DPS920_final_project\IMG\left_2026_08_01_19_51_56_202.jpg,D:\DPS 920\DPS920_final_project\IMG\right_2026_08_01_19_51_56_202.jpg,-0.07142857,1.0,0.0,30.19011
D:\DPS 920\DPS920_final_project\IMG\center_2026_08_01_20_02_15_394.jpg,D:\DPS 920\DPS920_final_project\IMG\left_2026_08_01_20_02_15_394.jpg,D:\DPS 920\DPS920_final_project\IMG\right_2026_08_01_20_02_15_394.jpg,0.2368421,1.0,0.0,30.18876
D:\DPS 920\DPS920_final_project\IMG\center_2026_08_01_19_54_15_446.jpg,D:\DPS 920\DPS920_final_project\IMG\left_2026_08_01_19_54_15_446.jpg,D:\DPS 920\DPS920_final_project\IMG\right_2026_08_01_19_54_15_446.jpg,-0.1015038,1.0,0.0,30.18959
D:\DPS 920\DPS920_final_project\IMG\center_2026_08_01_19_59_50_951.jpg,D:\DPS 920\DPS920_final_project\IMG\left_2026_08_01_19_59_50_951.jpg,D:\DPS 920\DPS920_final_project\IMG\right_2026_08_01_19_59_50_951.jpg,0.09774436,1.0,0.0,30.18855
D:\DPS 920\DPS920_final_project\IMG\center_2026_08_01_19_54_26_641.jpg,D:\DPS 920\DPS920_final_project\IMG\left_2026_08_01_19_54_26_641.jpg,D:\DPS 920\DPS920_final_project\IMG\right_2026_08_01_19_54_26_641.jpg,0.1917293,1.0,0.0,30.18635
D:\DPS 920\DPS920_final_project\IMG\center_2026_08_01_19_58_33_384.jpg,D:\DPS 920\DPS920_final_project\IMG\left_2026_08_01_19_58_33_384.jpg,D:\DPS 920\DPS920_final_project\IMG\right_2026_08_01_19_58_33_384.jpg,0.03007519,1.0,0.0,30.19049
D:\DPS 920\DPS920_final_project\IMG\center_2026_08_01_19_51_50_476.jpg,D:\DPS 920\DPS920_final_project\IMG\left_2026_08_01_19_51_50_476.jpg,D:\DPS 920\DPS920_final_project\IMG\right_2026_08_01_19_51_50_476.jpg,-0.1691729,1.0,0.0,30.18925
D:\DPS 920\DPS920_final_project\IMG\center_2026_08_01_19_57_40_671.jpg,D:\DPS 920\DPS920_final_project\IMG\left_2026_08_01_19_57_40_671.jpg,D:\DPS 920\DPS920_final_project\IMG\right_2026_08_01_19_57_40_671.jpg,0.01879699,1.0,0.0,30.19018
D:\DPS 920\DPS920_final_project\IMG\center_2026_08_01_19_52_18_491.jpg,D:\DPS 920\DPS920_final_project\IMG\left_2026_08_01_19_52_18_491.jpg,D:\DPS 920\DPS920_final_project\IMG\right_2026_08_01_19_52_18_491.jpg,-0.0112782,1.0,0.0,30.1903
D:\DPS 920\DPS920_final_project\IMG\center_2026_08_01_19_51_38_192.jpg,D:\DPS 920\DPS920_final_project\IMG\left_2026_08_01_19_51_38_192.jpg,D:\DPS 920\DPS920_final_project\IMG\right_2026_08_01_19_51_38_192.jpg,0.07518797,1.0,0.0,30.19017
D:\DPS 920\DPS920_final_project\IMG\center_2026_08_01_20_00_48_314.jpg,D:\DPS 920\DPS920_final_project\IMG\left_2026_08_01_20_00_48_314.jpg,D:\DPS 920\DPS920_final_project\IMG\right_2026_08_01_20_00_48_314.jpg,0.04887218,1.0,0.0,30.19018
D:\DPS 920\DPS920_final_project\IMG\center_2026_08_01_19_57_39_542.jpg,D:\DPS 920\DPS920_final_project\IMG\left_2026_08_01_19_57_39_542.jpg,D:\DPS 920\DPS920_final_project\IMG\right_2026_08_01_19_57_39_542.jpg,0.1165414,1.0,0.0,30.18932
D:\DPS 920\DPS920_final_project\IMG\center_2026_08_01_20_01_43_076.jpg,D:\DPS 920\DPS920_final_project\IMG\left_2026_08_01_20_01_43_076.jpg,D:\DPS 920\DPS920_final_project\IMG\right_2026_08_01_20_01_43_076.jpg,0.03007519,1.0,0.0,30.19028
D:\DPS 920\DPS920_final_project\IMG\center_2026_08_01_19_53_16_222.jpg,D:\DPS 920\DPS920_final_project\IMG\left_2026_08_01_19_53_16_222.jpg,D:\DPS 920\DPS920_final_project\IMG\right_2026_08_01_19_53_16_222.jpg,-0.09774436,1.0,0.0,30.19005
D:\DPS 920\DPS920_final_project\IMG\center_2026_08_01_20_01_13_377.jpg,D:\DPS 920\DPS920_final_project\IMG\left_2026_08_01_20_01_13_377.jpg,D:\DPS 920\DPS920_final_project\IMG\right_2026_08_01_20_01_13_377.jpg,0.09774436,1.0,0.0,30.19089
D:\DPS 920\DPS920_final_project\IMG\center_2026_08_01_19_54_25_378.jpg,D:\DPS 920\DPS920_final_project\IMG\left_2026_08_01_19_54_25_378.jpg,D:\DPS 920\DPS920_final_project\IMG\right_2026_08_01_19_54_25_378.jpg,0.131579,1.0,0.0,30.18975
D:\DPS 920\DPS920_final_project\IMG\center_2026_08_01_20_00_50_645.jpg,D:\DPS 920\DPS920_final_project\IMG\left_2026_08_01_20_00_50_645.jpg,D:\DPS 920\DPS920_final_project\IMG\right_2026_08_01_20_00_50_645.jpg,0.2105263,1.0,0.0,30.18785
D:\DPS 920\DPS920_final_project\IMG\center_2026_08_01_19_59_00_571.jpg,D:\DPS 920\DPS920_final_project\IMG\left_2026_08_01_19_59_00_571.jpg,D:\DPS 920\DPS920_final_project\IMG\right_2026_08_01_19_59_00_571.jpg,0.05263158,1.0,0.0,30.19019
D:\DPS 920\DPS920_final_project\IMG\center_2026_08_01_19_52_55_280.jpg,D:\DPS 920\DPS920_final_project\IMG\left_2026_08_01_19_52_55_280.jpg,D:\DPS 920\DPS920_final_project\IMG\right_2026_08_01_19_52_55_280.jpg,-0.131579,1.0,0.0,30.1906
D:\DPS 920\DPS920_final_project\IMG\center_2026_08_01_19_58_36_456.jpg,D:\DPS 920\DPS920_final_project\IMG\left_2026_08_01_19_58_36_456.jpg,D:\DPS 920\DPS920_final_project\IMG\right_2026_08_01_19_58_36_456.jpg,0.03383459,1.0,0.0,30.19027
D:\DPS 920\DPS920_final_project\IMG\center_2026_08_01_20_00_00_448.jpg,D:\DPS 920\DPS920_final_project\IMG\left_2026_08_01_20_00_00_448.jpg,D:\DPS 920\DPS920_final_project\IMG\right_2026_08_01_20_00_00_448.jpg,0.02631579,1.0,0.0,30.19013
D:\DPS 920\DPS920_final_project\IMG\center_2026_08_01_19_51_30_695.jpg,D:\DPS 920\DPS920_final_project\IMG\left_2026_08_01_19_51_30_695.jpg,D:\DPS 920\DPS920_final_project\IMG\right_2026_08_01_19_51_30_695.jpg,-0.1992481,1.0,0.0,30.19011
D:\DPS 920\DPS920_final_project\IMG\center_2026_08_01_20_00_11_841.jpg,D:\DPS 920\DPS920_final_project\IMG\left_2026_08_01_20_00_11_841.jpg,D:\DPS 920\DPS920_final_project\IMG\right_2026_08_01_20_00_11_841.jpg,0.003759398,1.0,0.0,30.19032
D:\DPS 920\DPS920_final_project\IMG\center_2026_08_01_20_00_24_046.jpg,D:\DPS 920\DPS920_final_project\IMG\left_2026_08_01_20_00_24_046.jpg,D:\DPS 920\DPS920_final_project\IMG\right_2026_08_01_20_00_24_046.jpg,0.04887218,1.0,0.0,30.19032
D:\DPS 920\DPS920_final_project\IMG\center_2026_08_01_19_59_10_904.jpg,D:\DPS 920\DPS920_final_project\IMG\left_2026_08_01_19_59_10_904.jpg,D:\DPS 920\DPS920_final_project\IMG\right_2026_08_01_19_59_10_904.jpg,-0.01879699,1.0,0.0,30.19046
D:\DPS 920\DPS920_final_project\IMG\center_2026_08_01_20_01_06_090.jpg,D:\DPS 920\DPS920_final_project\IMG\left_2026_08_01_20_01_06_090.jpg,D:\DPS 920\DPS920_final_project\IMG\right_2026_08_01_20_01_06_090.jpg,0.1052632,1.0,0.0,30.19034
D:\DPS 920\DPS920_final_project\IMG\center_2026_08_01_19_53_03_275.jpg,D:\DPS 920\DPS920_final_project\IMG\left_2026_08_01_19_53_03_275.jpg,D:\DPS 920\DPS920_final_project\IMG\right_2026_08_01_19_53_03_275.jpg,0.2481203,1.0,0.0,30.19146
D:\DPS 920\DPS920_final_project\IMG\center_2026_08_01_19_54_43_265.jpg,D:\DPS 920\DPS920_final_project\IMG\left_2026_08_01_19_54_43_265.jpg,D:\DPS 920\DPS920_final_project\IMG\right_2026_08_01_19_54_43_265.jpg,-0.09774436,1.0,0.0,30.18956
D:\DPS 920\DPS920_final_project\IMG\center_2026_08_01_19_58_32_869.jpg,D:\DPS 920\DPS920_final_project\IMG\left_2026_08_01_19_58_32_869.jpg,D:\DPS 920\DPS920_final_project\IMG\right_2026_08_01_19_58_32_869.jpg,0.03007519,1.0,0.0,30.19035
D:\DPS 920\DPS920_final_project\IMG\center_2026_08_01_20_01_52_826.jpg,D:\DPS 920\DPS920_final_project\IMG\left_2026_08_01_20_01_52_826.jpg,D:\DPS 920\DPS920_final_project\IMG\right_2026_08_01_20_01_52_826.jpg,0.1203007,1.0,0.0,30.18847
D:\DPS 920\DPS920_final_project\IMG\center_2026_08_01_19_59_16_794.jpg,D:\DPS 920\DPS920_final_project\IMG\left_2026_08_01_19_59_16_794.jpg,D:\DPS 920\DPS920_final_project\IMG\right_2026_08_01_19_59_16_794.jpg,-0.1917293,1.0,0.0,30.18735
D:\DPS 920\DPS920_final_project\IMG\center_2026_08_01_19_52_57_308.jpg,D:\DPS 920\DPS920_final_project\IMG\left_2026_08_01_19_52_57_308.jpg,D:\DPS 920\DPS920_final_project\IMG\right_2026_08_01_19_52_57_308.jpg,-0.03759398,1.0,0.0,30.19033
D:\DPS 920\DPS920_final_project\IMG\center_2026_08_01_19_52_55_502.jpg,D:\DPS 920\DPS920_final_project\IMG\left_2026_08_01_19_52_55_502.jpg,D:\DPS 920\DPS920_final_project\IMG\right_2026_08_01_19_52_55_502.jpg,-0.1015038,1.0,0.0,30.19061
D:\DPS 920\DPS920_final_project\IMG\center_2026_08_01_19_59_53_536.jpg,D:\DPS 920\DPS920_final_project\IMG\left_2026_08_01_19_59_53_536.jpg,D:\DPS 920\DPS920_final_project\IMG\right_2026_08_01_19_59_53_536.jpg,0.07518797,1.0,0.0,30.1902
D:\DPS 920\DPS920_final_project\IMG\center_2026_08_01_19_53_03_766.jpg,D:\DPS 920\DPS920_final_project\IMG\left_2026_08_01_19_53_03_766.jpg,D:\DPS 920\DPS920_final_project\IMG\right_2026_08_01_19_53_03_766.jpg,0.1917293,1.0,0.0,30.18719
D:\DPS 920\DPS920_final_project\IMG\center_2026_08_01_19_59_32_306.jpg,D:\DPS 920\DPS920_final_project\IMG\left_2026_08_01_19_59_32_306.jpg,D:\DPS 920\DPS920_final_project\IMG\right_2026_08_01_19_59_32_306.jpg,0.04511278,1.0,0.0,30.19014
D:\DPS 920\DPS920_final_project\IMG\center_2026_08_01_19_54_38_432.jpg,D:\DPS 920\DPS920_final_project\IMG\left_2026_08_01_19_54_38_432.jpg,D:\DPS 920\DPS920_final_project\IMG\right_2026_08_01_19_54_38_432.jpg,-0.1917293,1.0,0.0,30.18937
D:\DPS 920\DPS920_final_project\IMG\center_2026_08_01_19_57_47_084.jpg,D:\DPS 920\DPS920_final_project\IMG\left_2026_08_01_19_57_47_084.jpg,D:\DPS 920\DPS920_final_project\IMG\right_2026_08_01_19_57_47_084.jpg,0.09022556,1.0,0.0,30.18985
D:\DPS 920\DPS920_final_project\IMG\center_2026_08_01_19_51_49_468.jpg,D:\DPS 920\DPS920_final_project\IMG\left_2026_08_01_19_51_49_468.jpg,D:\DPS 920\DPS920_final_project\IMG\right_2026_08_01_19_51_49_468.jpg,-0.1616541,1.0,0.0,30.19075
D:\DPS 920\DPS920_final_project\IMG\center_2026_08_01_19_53_16_944.jpg,D:\DPS 920\DPS920_final_project\IMG\left_2026_08_01_19_53_16_944.jpg,D:\DPS 920\DPS920_final_project\IMG\right_2026_08_01_19_53_16_944.jpg,-0.08270676,1.0,0.0,30.18943
D:\DPS 920\DPS920_final_project\IMG\center_2026_08_01_19_57_54_687.jpg,D:\DPS 920\DPS920_final_project\IMG\left_2026_08_01_19_57_54_687.jpg,D:\DPS 920\DPS920_final_project\IMG\right_2026_08_01_19_57_54_687.jpg,-0.1390978,1.0,0.0,30.18342
D:\DPS 920\DPS920_final_project\IMG\center_2026_08_01_19_51_29_928.jpg,D:\DPS 920\DPS920_final_project\IMG\left_2026_08_01_19_51_29_928.jpg,D:\DPS 920\DPS920_final_project\IMG\right_2026_08_01_19_51_29_928.jpg,-0.1992481,1.0,0.0,30.18967
D:\DPS 920\DPS920_final_project\IMG\center_2026_08_01_19_54_38_214.jpg,D:\DPS 920\DPS920_final_project\IMG\left_2026_08_01_19_54_38_214.jpg,D:\DPS 920\DPS920_final_project\IMG\right_2026_08_01_19_54_38_214.jpg,-0.1917293,1.0,0.0,30.1887
D:\DPS 920\DPS920_final_project\IMG\center_2026_08_01_19_50_29_885.jpg,D:\DPS 920\DPS920_final_project\IMG\left_2026_08_01_19_50_29_885.jpg,D:\DPS 920\DPS920_final_project\IMG\right_2026_08_01_19_50_29_885.jpg,-0.07894737,1.0,0.0,30.18998
D:\DPS 920\DPS920_final_project\IMG\center_2026_08_01_19_59_22_432.jpg,D:\DPS 920\DPS920_final_project\IMG\left_2026_08_01_19_59_22_432.jpg,D:\DPS 920\DPS920_final_project\IMG\right_2026_08_01_19_59_22_432.jpg,0.08646616,1.0,0.0,30.18971
D:\DPS 920\DPS920_final_project\IMG\center_2026_08_01_19_54_30_015.jpg,D:\DPS 920\DPS920_final_project\IMG\left_2026_08_01_19_54_30_015.jpg,D:\DPS 920\DPS920_final_project\IMG\right_2026_08_01_19_54_30_015.jpg,-0.003759398,1.0,0.0,30.1905
D:\DPS 920\DPS920_final_project\IMG\center_2026_08_01_19_57_50_215.jpg,D:\DPS 920\DPS920_final_project\IMG\left_2026_08_01_19_57_50_215.jpg,D:\DPS 920\DPS920_final_project\IMG\right_2026_08_01_19_57_50_215.jpg,0.02255639,1.0,0.0,30.19016
D:\DPS 920\DPS920_final_project\IMG\center_2026_08_01_20_01_38_931.jpg,D:\DPS 920\DPS920_final_project\IMG\left_2026_08_01_20_01_38_931.jpg,D:\DPS 920\DPS920_final_project\IMG\right_2026_08_01_20_01_38_931.jpg,0.02255639,1.0,0.0,30.1903
D:\DPS 920\DPS920_final_project\IMG\center_2026_08_01_19_57_44_511.jpg,D:\DPS 920\DPS920_final_project\IMG\left_2026_08_01_19_57_44_511.jpg,D:\DPS 920\DPS920_final_project\IMG\right_2026_08_01_19_57_44_511.jpg,0.2406015,1.0,0.0,30.18855
D:\DPS 920\DPS920_final_project\IMG\center_2026_08_01_19_58_09_832.jpg,D:\DPS 920\DPS920_final_project\IMG\left_2026_08_01_19_58_09_832.jpg,D:\DPS 920\DPS920_final_project\IMG\right_2026_08_01_19_58_09_832.jpg,0.02255639,1.0,0.0,30.19045
D:\DPS 920\DPS920_final_project\IMG\center_2026_08_01_19_53_03_694.jpg,D:\DPS 920\DPS920_final_project\IMG\left_2026_08_01_19_53_03_694.jpg,D:\DPS 920\DPS920_final_project\IMG\right_2026_08_01_19_53_03_694.jpg,0.2368421,1.0,0.0,30.18847
D:\DPS 920\DPS920_final_project\IMG\center_2026_08_01_19_50_38_229.jpg,D:\DPS 920\DPS920_final_project\IMG\left_2026_08_01_19_50_38_229.jpg,D:\DPS 920\DPS920_final_project\IMG\right_2026_08_01_19_50_38_229.jpg,-0.03759398,1.0,0.0,30.19028
D:\DPS 920\DPS920_final_project\IMG\center_2026_08_01_20_01_29_901.jpg,D:\DPS 920\DPS920_final_project\IMG\left_2026_08_01_20_01_29_901.jpg,D:\DPS 920\DPS920_final_project\IMG\right_2026_08_01_20_01_29_901.jpg,0.01879699,1.0,0.0,30.19027
D:\DPS 920\DPS920_final_project\IMG\center_2026_08_01_20_01_52_686.jpg,D:\DPS 920\DPS920_final_project\IMG\left_2026_08_01_20_01_52_686.jpg,D:\DPS 920\DPS920_final_project\IMG\right_2026_08_01_20_01_52_686.jpg,0.1052632,1.0,0.0,30.19
D:\DPS 920\DPS920_final_project\IMG\center_2026_08_01_20_02_11_609.jpg,D:\DPS 920\DPS920_final_project\IMG\left_2026_08_01_20_02_11_609.jpg,D:\DPS 920\DPS920_final_project\IMG\right_2026_08_01_20_02_11_609.jpg,0.03007519,1.0,0.0,30.19025
D:\DPS 920\DPS920_final_project\IMG\center_2026_08_01_19_51_47_724.jpg,D:\DPS 920\DPS920_final_project\IMG\left_2026_08_01_19_51_47_724.jpg,D:\DPS 920\DPS920_final_project\IMG\right_2026_08_01_19_51_47_724.jpg,-0.07518797,1.0,0.0,30.19013
D:\DPS 920\DPS920_final_project\IMG\center_2026_08_01_19_59_37_329.jpg,D:\DPS 920\DPS920_final_project\IMG\left_2026_08_01_19_59_37_329.jpg,D:\DPS 920\DPS920_final_project\IMG\right_2026_08_01_19_59_37_329.jpg,0.007518797,1.0,0.0,30.19067
D:\DPS 920\DPS920_final_project\IMG\center_2026_08_01_20_01_46_673.jpg,D:\DPS 920\DPS920_final_project\IMG\left_2026_08_01_20_01_46_673.jpg,D:\DPS 920\DPS920_final_project\IMG\right_2026_08_01_20_01_46_673.jpg,0.08270676,1.0,0.0,30.19011
D:\DPS 920\DPS920_final_project\IMG\center_2026_08_01_19_54_19_901.jpg,D:\DPS 920\DPS920_final_project\IMG\left_2026_08_01_19_54_19_901.jpg,D:\DPS 920\DPS920_final_project\IMG\right_2026_08_01_19_54_19_901.jpg,-0.09774436,1.0,0.0,30.19015
D:\DPS 920\DPS920_final_project\IMG\center_2026_08_01_20_02_04_896.jpg,D:\DPS 920\DPS920_final_project\IMG\left_2026_08_01_20_02_04_896.jpg,D:\DPS 920\DPS920_final_project\IMG\right_2026_08_01_20_02_04_896.jpg,-0.4360902,1.0,0.0,30.18456
D:\DPS 920\DPS920_final_project\IMG\center_2026_08_01_19_58_30_331.jpg,D:\DPS 920\DPS920_final_project\IMG\left_2026_08_01_19_58_30_331.jpg,D:\DPS 920\DPS920_final_project\IMG\right_2026_08_01_19_58_30_331.jpg,0.07142857,1.0,0.0,30.18988
D:\DPS 920\DPS920_final_project\IMG\center_2026_08_01_19_51_06_687.jpg,D:\DPS 920\DPS920_final_project\IMG\left_2026_08_01_19_51_06_687.jpg,D:\DPS 920\DPS920_final_project\IMG\right_2026_08_01_19_51_06_687.jpg,-0.09398497,1.0,0.0,30.1899
D:\DPS 920\DPS920_final_project\IMG\center_2026_08_01_20_00_46_241.jpg,D:\DPS 920\DPS920_final_project\IMG\left_2026_08_01_20_00_46_241.jpg,D:\DPS 920\DPS920_final_project\IMG\right_2026_08_01_20_00_46_241.jpg,0.01503759,1.0,0.0,30.19031
D:\DPS 920\DPS920_final_project\IMG\center_2026_08_01_19_52_11_022.jpg,D:\DPS 920\DPS920_final_project\IMG\left_2026_08_01_19_52_11_022.jpg,D:\DPS 920\DPS920_final_project\IMG\right_2026_08_01_19_52_11_022.jpg,-0.02255639,1.0,0.0,30.19028
D:\DPS 920\DPS920_final_project\IMG\center_2026_08_01_19_57_43_983.jpg,D:\DPS 920\DPS920_final_project\IMG\left_2026_08_01_19_57_43_983.jpg,D:\DPS 920\DPS920_final_project\IMG\right_2026_08_01_19_57_43_983.jpg,0.2142857,1.0,0.0,30.18787
D:\DPS 920\DPS920_final_project\IMG\center_2026_08_01_20_01_15_579.jpg,D:\DPS 920\DPS920_final_project\IMG\left_2026_08_01_20_01_15_579.jpg,D:\DPS 920\DPS920_final_project\IMG\right_2026_08_01_20_01_15_579.jpg,0.1165414,1.0,0.0,30.18983
D:\DPS 920\DPS920_final_project\IMG\center_2026_08_01_20_00_04_543.jpg,D:\DPS 920\DPS920_final_project\IMG\left_2026_08_01_20_00_04_543.jpg,D:\DPS 920\DPS920_final_project\IMG\right_2026_08_01_20_00_04_543.jpg,0.0,1.0,0.0,30.19026
D:\DPS 920\DPS920_final_project\IMG\center_2026_08_01_19_59_57_795.jpg,D:\DPS 920\DPS920_final_project\IMG\left_2026_08_01_19_59_57_795.jpg,D:\DPS 920\DPS920_final_project\IMG\right_2026_08_01_19_59_57_795.jpg,0.03759398,1.0,0.0,30.19024
D:\DPS 920\DPS920_final_project\IMG\center_2026_08_01_19_50_59_221.jpg,D:\DPS 920\DPS920_final_project\IMG\left_2026_08_01_19_50_59_221.jpg,D:\DPS 920\DPS920_final_project\IMG\right_2026_08_01_19_50_59_221.jpg,-0.03759398,1.0,0.0,30.19025
D:\DPS 920\DPS920_final_project\IMG\center_2026_08_01_20_02_14_830.jpg,D:\DPS 920\DPS920_final_project\IMG\left_2026_08_01_20_02_14_830.jpg,D:\DPS 920\DPS920_final_project\IMG\right_2026_08_01_20_02_14_830.jpg,0.2180451,1.0,0.0,30.18673
D:\DPS 920\DPS920_final_project\IMG\center_2026_08_01_20_00_18_178.jpg,D:\DPS 920\DPS920_final_project\IMG\left_2026_08_01_20_00_18_178.jpg,D:\DPS 920\DPS920_final_project\IMG\right_2026_08_01_20_00_18_178.jpg,0.01879699,1.0,0.0,30.19027
D:\DPS 920\DPS920_final_project\IMG\center_2026_08_01_20_01_59_474.jpg,D:\DPS 920\DPS920_final_project\IMG\left_2026_08_01_20_01_59_474.jpg,D:\DPS 920\DPS920_final_project\IMG\right_2026_08_01_20_01_59_474.jpg,0.06015037,1.0,0.0,30.19027
D:\DPS 920\DPS920_final_project\IMG\center_2026_08_01_19_59_15_862.jpg,D:\DPS 920\DPS920_final_project\IMG\left_2026_08_01_19_59_15_862.jpg,D:\DPS 920\DPS920_final_project\IMG\right_2026_08_01_19_59_15_862.jpg,-0.1015038,1.0,0.0,30.18976
D:\DPS 920\DPS920_final_project\IMG\center_2026_08_01_19_59_19_448.jpg,D:\DPS 920\DPS920_final_project\IMG\left_2026_08_01_19_59_19_448.jpg,D:\DPS 920\DPS920_final_project\IMG\right_2026_08_01_19_59_19_448.jpg,-0.09398497,1.0,0.0,30.19042
D:\DPS 920\DPS920_final_project\IMG\center_2026_08_01_19_51_25_250.jpg,D:\DPS 920\DPS920_final_project\IMG\left_2026_08_01_19_51_25_250.jpg,D:\DPS 920\DPS920_final_project\IMG\right_2026_08_01_19_51_25_250.jpg,-0.02631579,1.0,0.0,30.18995
D:\DPS 920\DPS920_final_project\IMG\center_2026_08_01_19_54_18_319.jpg,D:\DPS 920\DPS920_final_project\IMG\left_2026_08_01_19_54_18_319.jpg,D:\DPS 920\DPS920_final_project\IMG\right_2026_08_01_19_54_18_319.jpg,-0.1616541,1.0,0.0,30.1893
D:\DPS 920\DPS920_final_project\IMG\center_2026_08_01_19_52_30_852.jpg,D:\DPS 920\DPS920_final_project\IMG\left_2026_08_01_19_52_30_852.jpg,D:\DPS 920\DPS920_final_project\IMG\right_2026_08_01_19_52_30_852.jpg,-0.1015038,1.0,0.0,30.18983
D:\DPS 920\DPS920_final_project\IMG\center_2026_08_01_19_51_21_182.jpg,D:\DPS 920\DPS920_final_project\IMG\left_2026_08_01_19_51_21_182.jpg,D:\DPS 920\DPS920_final_project\IMG\right_2026_08_01_19_51_21_182.jpg,-0.007518797,1.0,0.0,30.18993
D:\DPS 920\DPS920_final_project\IMG\center_2026_08_01_19_51_23_352.jpg,D:\DPS 920\DPS920_final_project\IMG\left_2026_08_01_19_51_23_352.jpg,D:\DPS 920\DPS920_final_project\IMG\right_2026_08_01_19_51_23_352.jpg,-0.003759398,1.0,0.0,30.18999
D:\DPS 920\DPS920_final_project\IMG\center_2026_08_01_19_57_55_572.jpg,D:\DPS 920\DPS920_final_project\IMG\left_2026_08_01_19_57_55_572.jpg,D:\DPS 920\DPS920_final_project\IMG\right_2026_08_01_19_57_55_572.jpg,-0.09022556,1.0,0.0,30.19309
D:\DPS 920\DPS920_final_project\IMG\center_2026_08_01_20_00_34_038.jpg,D:\DPS 920\DPS920_final_project\IMG\left_2026_08_01_20_00_34_038.jpg,D:\DPS 920\DPS920_final_project\IMG\right_2026_08_01_20_00_34_038.jpg,-0.02631579,1.0,0.0,30.19029
D:\DPS 920\DPS920_final_project\IMG\center_2026_08_01_20_01_09_125.jpg,D:\DPS 920\DPS920_final_project\IMG\left_2026_08_01_20_01_09_125.jpg,D:\DPS 920\DPS920_final_project\IMG\right_2026_08_01_20_01_09_125.jpg,0.03007519,1.0,0.0,30.19009
D:\DPS 920\DPS920_final_project\IMG\center_2026_08_01_19_50_35_065.jpg,D:\DPS 920\DPS920_final_project\IMG\left_2026_08_01_19_50_35_065.jpg,D:\DPS 920\DPS920_final_project\IMG\right_2026_08_01_19_50_35_065.jpg,-0.05639098,1.0,0.0,30.19033
D:\DPS 920\DPS920_final_project\IMG\center_2026_08_01_20_01_54_627.jpg,D:\DPS 920\DPS920_final_project\IMG\left_2026_08_01_20_01_54_627.jpg,D:\DPS 920\DPS920_final_project\IMG\right_2026_08_01_20_01_54_627.jpg,0.1503759,1.0,0.0,30.18965
D:\DPS 920\DPS920_final_project\IMG\center_2026_08_01_20_01_54_469.jpg,D:\DPS 920\DPS920_final_project\IMG\left_2026_08_01_20_01_54_469.jpg,D:\DPS 920\DPS920_final_project\IMG\right_2026_08_01_20_01_54_469.jpg,0.1503759,1.0,0.0,30.19065
D:\DPS 920\DPS920_final_project\IMG\center_2026_08_01_19_52_58_823.jpg,D:\DPS 920\DPS920_final_project\IMG\left_2026_08_01_19_52_58_823.jpg,D:\DPS 920\DPS920_final_project\IMG\right_2026_08_01_19_52_58_823.jpg,-0.02631579,1.0,0.0,30.19033
D:\DPS 920\DPS920_final_project\IMG\center_2026_08_01_19_52_17_825.jpg,D:\DPS 920\DPS920_final_project\IMG\left_2026_08_01_19_52_17_825.jpg,D:\DPS 920\DPS920_final_project\IMG\right_2026_08_01_19_52_17_825.jpg,-0.007518797,1.0,0.0,30.19028
D:\DPS 920\DPS920_final_project\IMG\center_2026_08_01_19_50_43_437.jpg,D:\DPS 920\DPS920_final_project\IMG\left_2026_08_01_19_50_43_437.jpg,D:\DPS 920\DPS920_final_project\IMG\right_2026_08_01_19_50_43_437.jpg,-0.0112782,1.0,0.0,30.19027
D:\DPS 920\DPS920_final_project\IMG\center_2026_08_01_19_58_32_021.jpg,D:\DPS 920\DPS920_final_project\IMG\left_2026_08_01_19_58_32_021.jpg,D:\DPS 920\DPS920_final_project\IMG\right_2026_08_01_19_58_32_021.jpg,0.07518797,1.0,0.0,30.19008
D:\DPS 920\DPS920_final_project\IMG\center_2026_08_01_19_54_29_145.jpg,D:\DPS 920\DPS920_final_project\IMG\left_2026_08_01_19_54_29_145.jpg,D:\DPS 920\DPS920_final_project\IMG\right_2026_08_01_19_54_29_145.jpg,-0.003759398,1.0,0.0,30.19033
D:\DPS 920\DPS920_final_project\IMG\center_2026_08_01_20_01_45_951.jpg,D:\DPS 920\DPS920_final_project\IMG\left_2026_08_01_20_01_45_951.jpg,D:\DPS 920\DPS920_final_project\IMG\right_2026_08_01_20_01_45_951.jpg,0.05639098,1.0,0.0,30.19021
D:\DPS 920\DPS920_final_project\IMG\center_2026_08_01_20_01_04_266.jpg,D:\DPS 920\DPS920_final_project\IMG\left_2026_08_01_20_01_04_266.jpg,D:\DPS 920\DPS920_final_project\IMG\right_2026_08_01_20_01_04_266.jpg,0.0,1.0,0.0,30.19528
D:\DPS 920\DPS920_final_project\IMG\center_2026_08_01_19_59_43_211.jpg,D:\DPS 920\DPS920_final_project\IMG\left_2026_08_01_19_59_43_211.jpg,D:\DPS 920\DPS920_final_project\IMG\right_2026_08_01_19_59_43_211.jpg,0.01503759,1.0,0.0,30.19031
D:\DPS 920\DPS920_final_project\IMG\center_2026_08_01_19_52_09_403.jpg,D:\DPS 920\DPS920_final_project\IMG\left_2026_08_01_19_52_09_403.jpg,D:\DPS 920\DPS920_final_project\IMG\right_2026_08_01_19_52_09_403.jpg,-0.01503759,1.0,0.0,30.19028
D:\DPS 920\DPS920_final_project\IMG\center_2026_08_01_20_02_13_537.jpg,D:\DPS 920\DPS920_final_project\IMG\left_2026_08_01_20_02_13_537.jpg,D:\DPS 920\DPS920_final_project\IMG\right_2026_08_01_20_02_13_537.jpg,0.2406015,1.0,0.0,30.18665
D:\DPS 920\DPS920_final_project\IMG\center_2026_08_01_19_57_37_773.jpg,D:\DPS 920\DPS920_final_project\IMG\left_2026_08_01_19_57_37_773.jpg,D:\DPS 920\DPS920_final_project\IMG\right_2026_08_01_19_57_37_773.jpg,0.2593985,1.0,0.0,28.65631
D:\DPS 920\DPS920_final_project\IMG\center_2026_08_01_20_01_25_508.jpg,D:\DPS 920\DPS920_final_project\IMG\left_2026_08_01_20_01_25_508.jpg,D:\DPS 920\DPS920_final_project\IMG\right_2026_08_01_20_01_25_508.jpg,0.01879699,1.0,0.0,30.19025
D:\DPS 920\DPS920_final_project\IMG\center_2026_08_01_19_53_25_540.jpg,D:\DPS 920\DPS920_final_project\IMG\left_2026_08_01_19_53_25_540.jpg,D:\DPS 920\DPS920_final_project\IMG\right_2026_08_01_19_53_25_540.jpg,-0.04887218,1.0,0.0,30.19019
D:\DPS 920\DPS920_final_project\IMG\center_2026_08_01_19_53_49_781.jpg,D:\DPS 920\DPS920_final_project\IMG\left_2026_08_01_19_53_49_781.jpg,D:\DPS 920\DPS920_final_project\IMG\right_2026_08_01_19_53_49_781.jpg,-0.07518797,1.0,0.0,30.19007
D:\DPS 920\DPS920_final_project\IMG\center_2026_08_01_20_02_16_026.jpg,D:\DPS 920\DPS920_final_project\IMG\left_2026_08_01_20_02_16_026.jpg,D:\DPS 920\DPS920_final_project\IMG\right_2026_08_01_20_02_16_026.jpg,0.1616541,1.0,0.0,30.18787
D:\DPS 920\DPS920_final_project\IMG\center_2026_08_01_20_01_04_341.jpg,D:\DPS 920\DPS920_final_project\IMG\left_2026_08_01_20_01_04_341.jpg,D:\DPS 920\DPS920_final_project\IMG\right_2026_08_01_20_01_04_341.jpg,0.007518797,1.0,0.0,30.04352
D:\DPS 920\DPS920_final_project\IMG\center_2026_08_01_19_58_04_903.jpg,D:\DPS 920\DPS920_final_project\IMG\left_2026_08_01_19_58_04_903.jpg,D:\DPS 920\DPS920_final_project\IMG\right_2026_08_01_19_58_04_903.jpg,0.1353384,1.0,0.0,30.19106
D:\DPS 920\DPS920_final_project\IMG\center_2026_08_01_19_54_26_007.jpg,D:\DPS 920\DPS920_final_project\IMG\left_2026_08_01_19_54_26_007.jpg,D:\DPS 920\DPS920_final_project\IMG\right_2026_08_01_19_54_26_007.jpg,0.1766917,1.0,0.0,30.18826
D:\DPS 920\DPS920_final_project\IMG\center_2026_08_01_19_58_02_097.jpg,D:\DPS 920\DPS920_final_project\IMG\left_2026_08_01_19_58_02_097.jpg,D:\DPS 920\DPS920_final_project\IMG\right_2026_08_01_19_58_02_097.jpg,0.1428571,1.0,0.0,30.18876
D:\DPS 920\DPS920_final_project\IMG\center_2026_08_01_20_01_21_906.jpg,D:\DPS 920\DPS920_final_project\IMG\left_2026_08_01_20_01_21_906.jpg,D:\DPS 920\DPS920_final_project\IMG\right_2026_08_01_20_01_21_906.jpg,0.03759398,1.0,0.0,30.19028
D:\DPS 920\DPS920_final_project\IMG\center_2026_08_01_19_58_07_115.jpg,D:\DPS 920\DPS920_final_project\IMG\left_2026_08_01_19_58_07_115.jpg,D:\DPS 920\DPS920_final_project\IMG\right_2026_08_01_19_58_07_115.jpg,0.02631579,1.0,0.0,30.19069
D:\DPS 920\DPS920_final_project\IMG\center_2026_08_01_19_52_20_202.jpg,D:\DPS 920\DPS920_final_project\IMG\left_2026_08_01_19_52_20_202.jpg,D:\DPS 920\DPS920_final_project\IMG\right_2026_08_01_19_52_20_202.jpg,-0.03759398,1.0,0.0,30.19025
D:\DPS 920\DPS920_final_project\IMG\center_2026_08_01_20_01_53_381.jpg,D:\DPS 920\DPS920_final_project\IMG\left_2026_08_01_20_01_53_381.jpg,D:\DPS 920\DPS920_final_project\IMG\right_2026_08_01_20_01_53_381.jpg,0.1353384,1.0,0.0,30.19014
D:\DPS 920\DPS920_final_project\IMG\center_2026_08_01_19_51_57_948.jpg,D:\DPS 920\DPS920_final_project\IMG\left_2026_08_01_19_51_57_948.jpg,D:\DPS 920\DPS920_final_project\IMG\right_2026_08_01_19_51_57_948.jpg,-0.05263158,1.0,0.0,30.19027
D:\DPS 920\DPS920_final_project\IMG\center_2026_08_01_20_00_39_855.jpg,D:\DPS 920\DPS920_final_project\IMG\left_2026_08_01_20_00_39_855.jpg,D:\DPS 920\DPS920_final_project\IMG\right_2026_08_01_20_00_39_855.jpg,-0.1165414,1.0,0.0,30.18951
D:\DPS 920\DPS920_final_project\IMG\center_2026_08_01_19_58_43_323.jpg,D:\DPS 920\DPS920_final_project\IMG\left_2026_08_01_19_58_43_323.jpg,D:\DPS 920\DPS920_final_project\IMG\right_2026_08_01_19_58_43_323.jpg,0.01503759,1.0,0.0,30.19031
D:\DPS 920\DPS920_final_project\IMG\center_2026_08_01_20_00_52_003.jpg,D:\DPS 920\DPS920_final_project\IMG\left_2026_08_01_20_00_52_003.jpg,D:\DPS 920\DPS920_final_project\IMG\right_2026_08_01_20_00_52_003.jpg,0.1917293,1.0,0.0,30.19004
D:\DPS 920\DPS920_final_project\IMG\center_2026_08_01_19_58_04_030.jpg,D:\DPS 920\DPS920_final_project\IMG\left_2026_08_01_19_58_04_030.jpg,D:\DPS 920\DPS920_final_project\IMG\right_2026_08_01_19_58_04_030.jpg,0.2180451,1.0,0.0,30.18894
D:\DPS 920\DPS920_final_project\IMG\center_2026_08_01_19_58_04_972.jpg,D:\DPS 920\DPS920_final_project\IMG\left_2026_08_01_19_58_04_972.jpg,D:\DPS 920\DPS920_final_project\IMG\right_2026_08_01_19_58_04_972.jpg,0.1278196,1.0,0.0,30.19074
D:\DPS 920\DPS920_final_project\IMG\center_2026_08_01_20_01_09_403.jpg,D:\DPS 920\DPS920_final_project\IMG\left_2026_08_01_20_01_09_403.jpg,D:\DPS 920\DPS920_final_project\IMG\right_2026_08_01_20_01_09_403.jpg,0.03007519,1.0,0.0,30.19027
D:\DPS 920\DPS920_final_project\IMG\center_2026_08_01_20_02_17_928.jpg,D:\DPS 920\DPS920_final_project\IMG\left_2026_08_01_20_02_17_928.jpg,D:\DPS 920\DPS920_final_project\IMG\right_2026_08_01_20_02_17_928.jpg,0.04135338,1.0,0.0,30.19017
D:\DPS 920\DPS920_final_project\IMG\center_2026_08_01_19_54_36_466.jpg,D:\DPS 920\DPS920_final_project\IMG\left_2026_08_01_19_54_36_466.jpg,D:\DPS 920\DPS920_final_project\IMG\right_2026_08_01_19_54_36_466.jpg,-0.2105263,1.0,0.0,30.18923
D:\DPS 920\DPS920_final_project\IMG\center_2026_08_01_19_50_35_918.jpg,D:\DPS 920\DPS920_final_project\IMG\left_2026_08_01_19_50_35_918.jpg,D:\DPS 920\DPS920_final_project\IMG\right_2026_08_01_19_50_35_918.jpg,-0.04887218,1.0,0.0,30.19014
D:\DPS 920\DPS920_final_project\IMG\center_2026_08_01_19_51_07_314.jpg,D:\DPS 920\DPS920_final_project\IMG\left_2026_08_01_19_51_07_314.jpg,D:\DPS 920\DPS920_final_project\IMG\right_2026_08_01_19_51_07_314.jpg,-0.112782,1.0,0.0,30.18987
D:\DPS 920\DPS920_final_project\IMG\center_2026_08_01_20_01_55_729.jpg,D:\DPS 920\DPS920_final_project\IMG\left_2026_08_01_20_01_55_729.jpg,D:\DPS 920\DPS920_final_project\IMG\right_2026_08_01_20_01_55_729.jpg,0.1917293,1.0,0.0,30.1897
D:\DPS 920\DPS920_final_project\IMG\center_2026_08_01_19_51_04_383.jpg,D:\DPS 920\DPS920_final_project\IMG\left_2026_08_01_19_51_04_383.jpg,D:\DPS 920\DPS920_final_project\IMG\right_2026_08_01_19_51_04_383.jpg,-0.07142857,1.0,0.0,30.19015
D:\DPS 920\DPS920_final_project\IMG\center_2026_08_01_19_54_08_470.jpg,D:\DPS 920\DPS920_final_project\IMG\left_2026_08_01_19_54_08_470.jpg,D:\DPS 920\DPS920_final_project\IMG\right_2026_08_01_19_54_08_470.jpg,-0.003759398,1.0,0.0,30.18993
D:\DPS 920\DPS920_final_project\IMG\center_2026_08_01_19_59_41_333.jpg,D:\DPS 920\DPS920_final_project\IMG\left_2026_08_01_19_59_41_333.jpg,D:\DPS 920\DPS920_final_project\IMG\right_2026_08_01_19_59_41_333.jpg,0.04511278,1.0,0.0,30.19032
D:\DPS 920\DPS920_final_project\IMG\center_2026_08_01_19_53_57_519.jpg,D:\DPS 920\DPS920_final_project\IMG\left_2026_08_01_19_53_57_519.jpg,D:\DPS 920\DPS920_final_project\IMG\right_2026_08_01_19_53_57_519.jpg,-0.04887218,1.0,0.0,30.19029
D:\DPS 920\DPS920_final_project\IMG\center_2026_08_01_19_51_28_714.jpg,D:\DPS 920\DPS920_final_project\IMG\left_2026_08_01_19_51_28_714.jpg,D:\DPS 920\DPS920_final_project\IMG\right_2026_08_01_19_51_28_714.jpg,-0.1879699,1.0,0.0,30.18825
D:\DPS 920\DPS920_final_project\IMG\center_2026_08_01_19_53_12_877.jpg,D:\DPS 920\DPS920_final_project\IMG\left_2026_08_01_19_53_12_877.jpg,D:\DPS 920\DPS920_final_project\IMG\right_2026_08_01_19_53_12_877.jpg,-0.1466165,1.0,0.0,30.18971
D:\DPS 920\DPS920_final_project\IMG\center_2026_08_01_19_53_02_365.jpg,D:\DPS 920\DPS920_final_project\IMG\left_2026_08_01_19_53_02_365.jpg,D:\DPS 920\DPS920_final_project\IMG\right_2026_08_01_19_53_02_365.jpg,0.1992481,1.0,0.0,30.18644
D:\DPS 920\DPS920_final_project\IMG\center_2026_08_01_19_51_56_045.jpg,D:\DPS 920\DPS920_final_project\IMG\left_2026_08_01_19_51_56_045.jpg,D:\DPS 920\DPS920_final_project\IMG\right_2026_08_01_19_51_56_045.jpg,-0.07142857,1.0,0.0,30.19007
D:\DPS 920\DPS920_final_project\IMG\center_2026_08_01_19_53_13_298.jpg,D:\DPS 920\DPS920_final_project\IMG\left_2026_08_01_19_53_13_298.jpg,D:\DPS 920\DPS920_final_project\IMG\right_2026_08_01_19_53_13_298.jpg,-0.1466165,1.0,0.0,30.19053
D:\DPS 920\DPS920_final_project\IMG\center_2026_08_01_20_00_32_295.jpg,D:\DPS 920\DPS920_final_project\IMG\left_2026_08_01_20_00_32_295.jpg,D:\DPS 920\DPS920_final_project\IMG\right_2026_08_01_20_00_32_295.jpg,0.2030075,1.0,0.0,30.1894
D:\DPS 920\DPS920_final_project\IMG\center_2026_08_01_19_58_03_805.jpg,D:\DPS 920\DPS920_final_project\IMG\left_2026_08_01_19_58_03_805.jpg,D:\DPS 920\DPS920_final_project\IMG\right_2026_08_01_19_58_03_805.jpg,0.2180451,1.0,0.0,30.18983
D:\DPS 920\DPS920_final_project\IMG\center_2026_08_01_19_51_27_353.jpg,D:\DPS 920\DPS920_final_project\IMG\left_2026_08_01_19_51_27_353.jpg,D:\DPS 920\DPS920_final_project\IMG\right_2026_08_01_19_51_27_353.jpg,-0.05263158,1.0,0.0,30.1901
D:\DPS 920\DPS920_final_project\IMG\center_2026_08_01_20_01_56_457.jpg,D:\DPS 920\DPS920_final_project\IMG\left_2026_08_01_20_01_56_457.jpg,D:\DPS 920\DPS920_final_project\IMG\right_2026_08_01_20_01_56_457.jpg,0.1578947,1.0,0.0,30.19051
D:\DPS 920\DPS920_final_project\IMG\center_2026_08_01_19_59_04_892.jpg,D:\DPS 920\DPS920_final_project\IMG\left_2026_08_01_19_59_04_892.jpg,D:\DPS 920\DPS920_final_project\IMG\right_2026_08_01_19_59_04_892.jpg,-0.003759398,1.0,0.0,30.1902
D:\DPS 920\DPS920_final_project\IMG\center_2026_08_01_20_01_54_549.jpg,D:\DPS 920\DPS920_final_project\IMG\left_2026_08_01_20_01_54_549.jpg,D:\DPS 920\DPS920_final_project\IMG\right_2026_08_01_20_01_54_549.jpg,0.1503759,1.0,0.0,30.19001
D:\DPS 920\DPS920_final_project\IMG\center_2026_08_01_19_52_27_624.jpg,D:\DPS 920\DPS920_final_project\IMG\left_2026_08_01_19_52_27_624.jpg,D:\DPS 920\DPS920_final_project\IMG\right_2026_08_01_19_52_27_624.jpg,-0.05639098,1.0,0.0,30.19036
D:\DPS 920\DPS920_final_project\IMG\center_2026_08_01_20_00_36_006.jpg,D:\DPS 920\DPS920_final_project\IMG\left_2026_08_01_20_00_36_006.jpg,D:\DPS 920\DPS920_final_project\IMG\right_2026_08_01_20_00_36_006.jpg,0.0112782,1.0,0.0,30.1903
D:\DPS 920\DPS920_final_project\IMG\center_2026_08_01_20_02_14_113.jpg,D:\DPS 920\DPS920_final_project\IMG\left_2026_08_01_20_02_14_113.jpg,D:\DPS 920\DPS920_final_project\IMG\right_2026_08_01_20_02_14_113.jpg,0.1879699,1.0,0.0,30.19106
D:\DPS 920\DPS920_final_project\IMG\center_2026_08_01_19_59_56_622.jpg,D:\DPS 920\DPS920_final_project\IMG\left_2026_08_01_19_59_56_622.jpg,D:\DPS 920\DPS920_final_project\IMG\right_2026_08_01_19_59_56_622.jpg,0.04135338,1.0,0.0,30.19024
D:\DPS 920\DPS920_final_project\IMG\center_2026_08_01_19_57_43_758.jpg,D:\DPS 920\DPS920_final_project\IMG\left_2026_08_01_19_57_43_758.jpg,D:\DPS 920\DPS920_final_project\IMG\right_2026_08_01_19_57_43_758.jpg,0.1729323,1.0,0.0,30.1891
D:\DPS 920\DPS920_final_project\IMG\center_2026_08_01_20_01_46_239.jpg,D:\DPS 920\DPS920_final_project\IMG\left_2026_08_01_20_01_46_239.jpg,D:\DPS 920\DPS920_final_project\IMG\right_2026_08_01_20_01_46_239.jpg,0.07142857,1.0,0.0,30.19008
D:\DPS 920\DPS920_final_project\IMG\center_2026_08_01_19_54_41_911.jpg,D:\DPS 920\DPS920_final_project\IMG\left_2026_08_01_19_54_41_911.jpg,D:\DPS 920\DPS920_final_project\IMG\right_2026_08_01_19_54_41_911.jpg,-0.07518797,1.0,0.0,30.19016
D:\DPS 920\DPS920_final_project\IMG\center_2026_08_01_19_59_43_840.jpg,D:\DPS 920\DPS920_final_project\IMG\left_2026_08_01_19_59_43_840.jpg,D:\DPS 920\DPS920_final_project\IMG\right_2026_08_01_19_59_43_840.jpg,0.03007519,1.0,0.0,30.19017
D:\DPS 920\DPS920_final_project\IMG\center_2026_08_01_19_58_26_773.jpg,D:\DPS 920\DPS920_final_project\IMG\left_2026_08_01_19_58_26_773.jpg,D:\DPS 920\DPS920_final_project\IMG\right_2026_08_01_19_58_26_773.jpg,0.1052632,1.0,0.0,30.18906
D:\DPS 920\DPS920_final_project\IMG\center_2026_08_01_19_52_28_691.jpg,D:\DPS 920\DPS920_final_project\IMG\left_2026_08_01_19_52_28_691.jpg,D:\DPS 920\DPS920_final_project\IMG\right_2026_08_01_19_52_28_691.jpg,-0.1240602,1.0,0.0,30.18972
D:\DPS 920\DPS920_final_project\IMG\center_2026_08_01_19_50_30_756.jpg,D:\DPS 920\DPS920_final_project\IMG\left_2026_08_01_19_50_30_756.jpg,D:\DPS 920\DPS920_final_project\IMG\right_2026_08_01_19_50_30_756.jpg,-0.08270676,1.0,0.0,30.19014
D:\DPS 920\DPS920_final_project\IMG\center_2026_08_01_19_59_44_730.jpg,D:\DPS 920\DPS920_final_project\IMG\left_2026_08_01_19_59_44_730.jpg,D:\DPS 920\DPS920_final_project\IMG\right_2026_08_01_19_59_44_730.jpg,0.03383459,1.0,0.0,30.19025
D:\DPS 920\DPS920_final_project\IMG\center_2026_08_01_19_54_38_355.jpg,D:\DPS 920\DPS920_final_project\IMG\left_2026_08_01_19_54_38_355.jpg,D:\DPS 920\DPS920_final_project\IMG\right_2026_08_01_19_54_38_355.jpg,-0.1917293,1.0,0.0,30.18925
D:\DPS 920\DPS920_final_project\IMG\center_2026_08_01_20_01_49_918.jpg,D:\DPS 920\DPS920_final_project\IMG\left_2026_08_01_20_01_49_918.jpg,D:\DPS 920\DPS920_final_project\IMG\right_2026_08_01_20_01_49_918.jpg,0.07142857,1.0,0.0,30.1902
D:\DPS 920\DPS920_final_project\IMG\center_2026_08_01_20_01_14_960.jpg,D:\DPS 920\DPS920_final_project\IMG\left_2026_08_01_20_01_14_960.jpg,D:\DPS 920\DPS920_final_project\IMG\right_2026_08_01_20_01_14_960.jpg,0.06390978,1.0,0.0,30.19011
D:\DPS 920\DPS920_final_project\IMG\center_2026_08_01_19_59_47_694.jpg,D:\DPS 920\DPS920_final_project\IMG\left_2026_08_01_19_59_47_694.jpg,D:\DPS 920\DPS920_final_project\IMG\right_2026_08_01_19_59_47_694.jpg,0.08270676,1.0,0.0,30.19009
D:\DPS 920\DPS920_final_project\IMG\center_2026_08_01_20_01_07_342.jpg,D:\DPS 920\DPS920_final_project\IMG\left_2026_08_01_20_01_07_342.jpg,D:\DPS 920\DPS920_final_project\IMG\right_2026_08_01_20_01_07_342.jpg,0.03007519,1.0,0.0,30.19026
D:\DPS 920\DPS920_final_project\IMG\center_2026_08_01_19_53_13_641.jpg,D:\DPS 920\DPS920_final_project\IMG\left_2026_08_01_19_53_13_641.jpg,D:\DPS 920\DPS920_final_project\IMG\right_2026_08_01_19_53_13_641.jpg,-0.1466165,1.0,0.0,30.18913
D:\DPS 920\DPS920_final_project\IMG\center_2026_08_01_20_01_13_811.jpg,D:\DPS 920\DPS920_final_project\IMG\left_2026_08_01_20_01_13_811.jpg,D:\DPS 920\DPS920_final_project\IMG\right_2026_08_01_20_01_13_811.jpg,0.09398497,1.0,0.0,30.19011
D:\DPS 920\DPS920_final_project\IMG\center_2026_08_01_19_54_18_935.jpg,D:\DPS 920\DPS920_final_project\IMG\left_2026_08_01_19_54_18_935.jpg,D:\DPS 920\DPS920_final_project\IMG\right_2026_08_01_19_54_18_935.jpg,-0.1390978,1.0,0.0,30.18991
D:\DPS 920\DPS920_final_project\IMG\center_2026_08_01_19_59_13_171.jpg,D:\DPS 920\DPS920_final_project\IMG\left_2026_08_01_19_59_13_171.jpg,D:\DPS 920\DPS920_final_project\IMG\right_2026_08_01_19_59_13_171.jpg,0.02631579,1.0,0.0,30.19029
D:\DPS 920\DPS920_final_project\IMG\center_2026_08_01_19_53_12_034.jpg,D:\DPS 920\DPS920_final_project\IMG\left_2026_08_01_19_53_12_034.jpg,D:\DPS 920\DPS920_final_project\IMG\right_2026_08_01_19_53_12_034.jpg,-0.1466165,1.0,0.0,30.18936
D:\DPS 920\DPS920_final_project\IMG\center_2026_08_01_20_01_54_031.jpg,D:\DPS 920\DPS920_final_project\IMG\left_2026_08_01_20_01_54_031.jpg,D:\DPS 920\DPS920_final_project\IMG\right_2026_08_01_20_01_54_031.jpg,0.1466165,1.0,0.0,30.18967
D:\DPS 920\DPS920_final_project\IMG\center_2026_08_01_19_51_22_784.jpg,D:\DPS 920\DPS920_final_project\IMG\left_2026_08_01_19_51_22_784.jpg,D:\DPS 920\DPS920_final_project\IMG\right_2026_08_01_19_51_22_784.jpg,0.003759398,1.0,0.0,30.18998
D:\DPS 920\DPS920_final_project\IMG\center_2026_08_01_19_52_20_132.jpg,D:\DPS 920\DPS920_final_project\IMG\left_2026_08_01_19_52_20_132.jpg,D:\DPS 920\DPS920_final_project\IMG\right_2026_08_01_19_52_20_132.jpg,-0.03759398,1.0,0.0,30.19028
D:\DPS 920\DPS920_final_project\IMG\center_2026_08_01_19_52_12_293.jpg,D:\DPS 920\DPS920_final_project\IMG\left_2026_08_01_19_52_12_293.jpg,D:\DPS 920\DPS920_final_project\IMG\right_2026_08_01_19_52_12_293.jpg,-0.003759398,1.0,0.0,30.1903
D:\DPS 920\DPS920_final_project\IMG\center_2026_08_01_19_58_04_834.jpg,D:\DPS 920\DPS920_final_project\IMG\left_2026_08_01_19_58_04_834.jpg,D:\DPS 920\DPS920_final_project\IMG\right_2026_08_01_19_58_04_834.jpg,0.1578947,1.0,0.0,30.19107
D:\DPS 920\DPS920_final_project\IMG\center_2026_08_01_19_59_01_984.jpg,D:\DPS 920\DPS920_final_project\IMG\left_2026_08_01_19_59_01_984.jpg,D:\DPS 920\DPS920_final_project\IMG\right_2026_08_01_19_59_01_984.jpg,0.06015037,1.0,0.0,30.1902
D:\DPS 920\DPS920_final_project\IMG\center_2026_08_01_19_51_09_892.jpg,D:\DPS 920\DPS920_final_project\IMG\left_2026_08_01_19_51_09_892.jpg,D:\DPS 920\DPS920_final_project\IMG\right_2026_08_01_19_51_09_892.jpg,-0.03759398,1.0,0.0,30.19036
D:\DPS 920\DPS920_final_project\IMG\center_2026_08_01_19_53_47_151.jpg,D:\DPS 920\DPS920_final_project\IMG\left_2026_08_01_19_53_47_151.jpg,D:\DPS 920\DPS920_final_project\IMG\right_2026_08_01_19_53_47_151.jpg,-0.01879699,1.0,0.0,30.19029
D:\DPS 920\DPS920_final_project\IMG\center_2026_08_01_19_59_04_039.jpg,D:\DPS 920\DPS920_final_project\IMG\left_2026_08_01_19_59_04_039.jpg,D:\DPS 920\DPS920_final_project\IMG\right_2026_08_01_19_59_04_039.jpg,0.1353384,1.0,0.0,30.18961
D:\DPS 920\DPS920_final_project\IMG\center_2026_08_01_20_00_42_199.jpg,D:\DPS 920\DPS920_final_project\IMG\left_2026_08_01_20_00_42_199.jpg,D:\DPS 920\DPS920_final_project\IMG\right_2026_08_01_20_00_42_199.jpg,-0.2406015,1.0,0.0,30.18933
D:\DPS 920\DPS920_final_project\IMG\center_2026_08_01_20_00_55_257.jpg,D:\DPS 920\DPS920_final_project\IMG\left_2026_08_01_20_00_55_257.jpg,D:\DPS 920\DPS920_final_project\IMG\right_2026_08_01_20_00_55_257.jpg,0.06390978,1.0,0.0,30.19015
D:\DPS 920\DPS920_final_project\IMG\center_2026_08_01_19_52_19_695.jpg,D:\DPS 920\DPS920_final_project\IMG\left_2026_08_01_19_52_19_695.jpg,D:\DPS 920\DPS920_final_project\IMG\right_2026_08_01_19_52_19_695.jpg,-0.03759398,1.0,0.0,30.19023
D:\DPS 920\DPS920_final_project\IMG\center_2026_08_01_19_59_16_365.jpg,D:\DPS 920\DPS920_final_project\IMG\left_2026_08_01_19_59_16_365.jpg,D:\DPS 920\DPS920_final_project\IMG\right_2026_08_01_19_59_16_365.jpg,-0.1353384,1.0,0.0,30.18805
D:\DPS 920\DPS920_final_project\IMG\center_2026_08_01_19_50_26_414.jpg,D:\DPS 920\DPS920_final_project\IMG\left_2026_08_01_19_50_26_414.jpg,D:\DPS 920\DPS920_final_project\IMG\right_2026_08_01_19_50_26_414.jpg,-0.1466165,1.0,0.0,20.14936
D:\DPS 920\DPS920_final_project\IMG\center_2026_08_01_20_01_46_891.jpg,D:\DPS 920\DPS920_final_project\IMG\left_2026_08_01_20_01_46_891.jpg,D:\DPS 920\DPS920_final_project\IMG\right_2026_08_01_20_01_46_891.jpg,0.07518797,1.0,0.0,30.19027
D:\DPS 920\DPS920_final_project\IMG\center_2026_08_01_19_54_15_156.jpg,D:\DPS 920\DPS920_final_project\IMG\left_2026_08_01_19_54_15_156.jpg,D:\DPS 920\DPS920_final_project\IMG\right_2026_08_01_19_54_15_156.jpg,-0.08270676,1.0,0.0,30.18983
D:\DPS 920\DPS920_final_project\IMG\center_2026_08_01_20_00_29_124.jpg,D:\DPS 920\DPS920_final_project\IMG\left_2026_08_01_20_00_29_124.jpg,D:\DPS 920\DPS920_final_project\IMG\right_2026_08_01_20_00_29_124.jpg,0.08646616,1.0,0.0,30.19029
D:\DPS 920\DPS920_final_project\IMG\center_2026_08_01_19_51_09_116.jpg,D:\DPS 920\DPS920_final_project\IMG\left_2026_08_01_19_51_09_116.jpg,D:\DPS 920\DPS920_final_project\IMG\right_2026_08_01_19_51_09_116.jpg,-0.08646616,1.0,0.0,30.19034
D:\DPS 920\DPS920_final_project\IMG\center_2026_08_01_19_51_12_680.jpg,D:\DPS 920\DPS920_final_project\IMG\left_2026_08_01_19_51_12_680.jpg,D:\DPS 920\DPS920_final_project\IMG\right_2026_08_01_19_51_12_680.jpg,-0.04511278,1.0,0.0,30.19038
D:\DPS 920\DPS920_final_project\IMG\center_2026_08_01_19_53_49_715.jpg,D:\DPS 920\DPS920_final_project\IMG\left_2026_08_01_19_53_49_715.jpg,D:\DPS 920\DPS920_final_project\IMG\right_2026_08_01_19_53_49_715.jpg,-0.07142857,1.0,0.0,30.19013
D:\DPS 920\DPS920_final_project\IMG\center_2026_08_01_19_54_35_766.jpg,D:\DPS 920\DPS920_final_project\IMG\left_2026_08_01_19_54_35_766.jpg,D:\DPS 920\DPS920_final_project\IMG\right_2026_08_01_19_54_35_766.jpg,-0.1541353,1.0,0.0,30.19
D:\DPS 920\DPS920_final_project\IMG\center_2026_08_01_20_01_55_285.jpg,D:\DPS 920\DPS920_final_project\IMG\left_2026_08_01_20_01_55_285.jpg,D:\DPS 920\DPS920_final_project\IMG\right_2026_08_01_20_01_55_285.jpg,0.1842105,1.0,0.0,30.18915
D:\DPS 920\DPS920_final_project\IMG\center_2026_08_01_20_01_03_628.jpg,D:\DPS 920\DPS920_final_project\IMG\left_2026_08_01_20_01_03_628.jpg,D:\DPS 920\DPS920_final_project\IMG\right_2026_08_01_20_01_03_628.jpg,0.09398497,1.0,0.0,30.18892
D:\DPS 920\DPS920_final_project\IMG\center_2026_08_01_20_02_01_550.jpg,D:\DPS 920\DPS920_final_project\IMG\left_2026_08_01_20_02_01_550.jpg,D:\DPS 920\DPS920_final_project\IMG\right_2026_08_01_20_02_01_550.jpg,-0.05263158,1.0,0.0,30.19037
D:\DPS 920\DPS920_final_project\IMG\center_2026_08_01_19_51_34_764.jpg,D:\DPS 920\DPS920_final_project\IMG\left_2026_08_01_19_51_34_764.jpg,D:\DPS 920\DPS920_final_project\IMG\right_2026_08_01_19_51_34_764.jpg,-0.02631579,1.0,0.0,30.19027
D:\DPS 920\DPS920_final_project\IMG\center_2026_08_01_19_53_15_073.jpg,D:\DPS 920\DPS920_final_project\IMG\left_2026_08_01_19_53_15_073.jpg,D:\DPS 920\DPS920_final_project\IMG\right_2026_08_01_19_53_15_073.jpg,-0.131579,1.0,0.0,30.19022
D:\DPS 920\DPS920_final_project\IMG\center_2026_08_01_19_54_44_614.jpg,D:\DPS 920\DPS920_final_project\IMG\left_2026_08_01_19_54_44_614.jpg,D:\DPS 920\DPS920_final_project\IMG\right_2026_08_01_19_54_44_614.jpg,-0.07518797,1.0,0.0,30.19011
D:\DPS 920\DPS920_final_project\IMG\center_2026_08_01_19_58_26_700.jpg,D:\DPS 920\DPS920_final_project\IMG\left_2026_08_01_19_58_26_700.jpg,D:\DPS 920\DPS920_final_project\IMG\right_2026_08_01_19_58_26_700.jpg,0.09398497,1.0,0.0,30.18991
D:\DPS 920\DPS920_final_project\IMG\center_2026_08_01_19_53_15_426.jpg,D:\DPS 920\DPS920_final_project\IMG\left_2026_08_01_19_53_15_426.jpg,D:\DPS 920\DPS920_final_project\IMG\right_2026_08_01_19_53_15_426.jpg,-0.06015037,1.0,0.0,30.1908
D:\DPS 920\DPS920_final_project\IMG\center_2026_08_01_20_01_14_726.jpg,D:\DPS 920\DPS920_final_project\IMG\left_2026_08_01_20_01_14_726.jpg,D:\DPS 920\DPS920_final_project\IMG\right_2026_08_01_20_01_14_726.jpg,0.05263158,1.0,0.0,30.19036
D:\DPS 920\DPS920_final_project\IMG\center_2026_08_01_19_52_54_684.jpg,D:\DPS 920\DPS920_final_project\IMG\left_2026_08_01_19_52_54_684.jpg,D:\DPS 920\DPS920_final_project\IMG\right_2026_08_01_19_52_54_684.jpg,-0.1954887,1.0,0.0,30.18921
D:\DPS 920\DPS920_final_project\IMG\center_2026_08_01_20_02_04_265.jpg,D:\DPS 920\DPS920_final_project\IMG\left_2026_08_01_20_02_04_265.jpg,D:\DPS 920\DPS920_final_project\IMG\right_2026_08_01_20_02_04_265.jpg,-0.2030075,1.0,0.0,30.18778
D:\DPS 920\DPS920_final_project\IMG\center_2026_08_01_20_01_28_327.jpg,D:\DPS 920\DPS920_final_project\IMG\left_2026_08_01_20_01_28_327.jpg,D:\DPS 920\DPS920_final_project\IMG\right_2026_08_01_20_01_28_327.jpg,0.0112782,1.0,0.0,30.19027
D:\DPS 920\DPS920_final_project\IMG\center_2026_08_01_19_58_02_596.jpg,D:\DPS 920\DPS920_final_project\IMG\left_2026_08_01_19_58_02_596.jpg,D:\DPS 920\DPS920_final_project\IMG\right_2026_08_01_19_58_02_596.jpg,0.1917293,1.0,0.0,30.18813
D:\DPS 920\DPS920_final_project\IMG\center_2026_08_01_20_02_22_323.jpg,D:\DPS 920\DPS920_final_project\IMG\left_2026_08_01_20_02_22_323.jpg,D:\DPS 920\DPS920_final_project\IMG\right_2026_08_01_20_02_22_323.jpg,0.1052632,1.0,0.0,30.18789
D:\DPS 920\DPS920_final_project\IMG\center_2026_08_01_19_51_04_885.jpg,D:\DPS 920\DPS920_final_project\IMG\left_2026_08_01_19_51_04_885.jpg,D:\DPS 920\DPS920_final_project\IMG\right_2026_08_01_19_51_04_885.jpg,-0.09398497,1.0,0.0,30.18993
D:\DPS 920\DPS920_final_project\IMG\center_2026_08_01_19_51_42_894.jpg,D:\DPS 920\DPS920_final_project\IMG\left_2026_08_01_19_51_42_894.jpg,D:\DPS 920\DPS920_final_project\IMG\right_2026_08_01_19_51_42_894.jpg,-0.003759398,1.0,0.0,30.19045
D:\DPS 920\DPS920_final_project\IMG\center_2026_08_01_19_57_48_842.jpg,D:\DPS 920\DPS920_final_project\IMG\left_2026_08_01_19_57_48_842.jpg,D:\DPS 920\DPS920_final_project\IMG\right_2026_08_01_19_57_48_842.jpg,-0.03759398,1.0,0.0,30.18996
D:\DPS 920\DPS920_final_project\IMG\center_2026_08_01_19_53_02_223.jpg,D:\DPS 920\DPS920_final_project\IMG\left_2026_08_01_19_53_02_223.jpg,D:\DPS 920\DPS920_final_project\IMG\right_2026_08_01_19_53_02_223.jpg,0.1390978,1.0,0.0,30.18964
D:\DPS 920\DPS920_final_project\IMG\center_2026_08_01_19_51_58_304.jpg,D:\DPS 920\DPS920_final_project\IMG\left_2026_08_01_19_51_58_304.jpg,D:\DPS 920\DPS920_final_project\IMG\right_2026_08_01_19_51_58_304.jpg,-0.04887218,1.0,0.0,30.19025
D:\DPS 920\DPS920_final_project\IMG\center_2026_08_01_19_59_41_767.jpg,D:\DPS 920\DPS920_final_project\IMG\left_2026_08_01_19_59_41_767.jpg,D:\DPS 920\DPS920_final_project\IMG\right_2026_08_01_19_59_41_767.jpg,0.0112782,1.0,0.0,30.19034
D:\DPS 920\DPS920_final_project\IMG\center_2026_08_01_20_01_11_535.jpg,D:\DPS 920\DPS920_final_project\IMG\left_2026_08_01_20_01_11_535.jpg,D:\DPS 920\DPS920_final_project\IMG\right_2026_08_01_20_01_11_535.jpg,0.05263158,1.0,0.0,30.18995
D:\DPS 920\DPS920_final_project\IMG\center_2026_08_01_19_54_28_571.jpg,D:\DPS 920\DPS920_final_project\IMG\left_2026_08_01_19_54_28_571.jpg,D:\DPS 920\DPS920_final_project\IMG\right_2026_08_01_19_54_28_571.jpg,0.08646616,1.0,0.0,30.19031
D:\DPS 920\DPS920_final_project\IMG\center_2026_08_01_20_00_41_619.jpg,D:\DPS 920\DPS920_final_project\IMG\left_2026_08_01_20_00_41_619.jpg,D:\DPS 920\DPS920_final_project\IMG\right_2026_08_01_20_00_41_619.jpg,-0.2706767,1.0,0.0,30.18879
D:\DPS 920\DPS920_final_project\IMG\center_2026_08_01_19_51_09_334.jpg,D:\DPS 920\DPS920_final_project\IMG\left_2026_08_01_19_51_09_334.jpg,D:\DPS 920\DPS920_final_project\IMG\right_2026_08_01_19_51_09_334.jpg,-0.08270676,1.0,0.0,30.19012
D:\DPS 920\DPS920_final_project\IMG\center_2026_08_01_20_01_12_650.jpg,D:\DPS 920\DPS920_final_project\IMG\left_2026_08_01_20_01_12_650.jpg,D:\DPS 920\DPS920_final_project\IMG\right_2026_08_01_20_01_12_650.jpg,0.1240602,1.0,0.0,30.18893
D:\DPS 920\DPS920_final_project\IMG\center_2026_08_01_19_51_53_537.jpg,D:\DPS 920\DPS920_final_project\IMG\left_2026_08_01_19_51_53_537.jpg,D:\DPS 920\DPS920_final_project\IMG\right_2026_08_01_19_51_53_537.jpg,-0.003759398,1.0,0.0,30.19026
D:\DPS 920\DPS920_final_project\IMG\center_2026_08_01_19_54_09_779.jpg,D:\DPS 920\DPS920_final_project\IMG\left_2026_08_01_19_54_09_779.jpg,D:\DPS 920\DPS920_final_project\IMG\right_2026_08_01_19_54_09_779.jpg,-0.0112782,1.0,0.0,30.18996
D:\DPS 920\DPS920_final_project\IMG\center_2026_08_01_20_01_17_316.jpg,D:\DPS 920\DPS920_final_project\IMG\left_2026_08_01_20_01_17_316.jpg,D:\DPS 920\DPS920_final_project\IMG\right_2026_08_01_20_01_17_316.jpg,0.07142857,1.0,0.0,30.19017
D:\DPS 920\DPS920_final_project\IMG\center_2026_08_01_20_00_34_270.jpg,D:\DPS 920\DPS920_final_project\IMG\left_2026_08_01_20_00_34_270.jpg,D:\DPS 920\DPS920_final_project\IMG\right_2026_08_01_20_00_34_270.jpg,-0.01879699,1.0,0.0,30.19028
D:\DPS 920\DPS920_final_project\IMG\center_2026_08_01_19_58_03_662.jpg,D:\DPS 920\DPS920_final_project\IMG\left_2026_08_01_19_58_03_662.jpg,D:\DPS 920\DPS920_final_project\IMG\right_2026_08_01_19_58_03_662.jpg,0.2180451,1.0,0.0,30.18884
D:\DPS 920\DPS920_final_project\IMG\center_2026_08_01_20_01_13_081.jpg,D:\DPS 920\DPS920_final_project\IMG\left_2026_08_01_20_01_13_081.jpg,D:\DPS 920\DPS920_final_project\IMG\right_2026_08_01_20_01_13_081.jpg,0.1390978,1.0,0.0,30.1899
D:\DPS 920\DPS920_final_project\IMG\center_2026_08_01_19_54_27_924.jpg,D:\DPS 920\DPS920_final_project\IMG\left_2026_08_01_19_54_27_924.jpg,D:\DPS 920\DPS920_final_project\IMG\right_2026_08_01_19_54_27_924.jpg,0.1992481,1.0,0.0,30.19027
D:\DPS 920\DPS920_final_project\IMG\center_2026_08_01_19_58_28_341.jpg,D:\DPS 920\DPS920_final_project\IMG\left_2026_08_01_19_58_28_341.jpg,D:\DPS 920\DPS920_final_project\IMG\right_2026_08_01_19_58_28_341.jpg,0.06015037,1.0,0.0,30.19081
D:\DPS 920\DPS920_final_project\IMG\center_2026_08_01_20_00_42_638.jpg,D:\DPS 920\DPS920_final_project\IMG\left_2026_08_01_20_00_42_638.jpg,D:\DPS 920\DPS920_final_project\IMG\right_2026_08_01_20_00_42_638.jpg,-0.1729323,1.0,0.0,30.19046
D:\DPS 920\DPS920_final_project\IMG\center_2026_08_01_19_59_10_190.jpg,D:\DPS 920\DPS920_final_project\IMG\left_2026_08_01_19_59_10_190.jpg,D:\DPS 920\DPS920_final_project\IMG\right_2026_08_01_19_59_10_190.jpg,0.06766918,1.0,0.0,30.19054
D:\DPS 920\DPS920_final_project\IMG\center_2026_08_01_19_58_24_639.jpg,D:\DPS 920\DPS920_final_project\IMG\left_2026_08_01_19_58_24_639.jpg,D:\DPS 920\DPS920_final_project\IMG\right_2026_08_01_19_58_24_639.jpg,0.09398497,1.0,0.0,30.18993
D:\DPS 920\DPS920_final_project\IMG\center_2026_08_01_19_52_29_036.jpg,D:\DPS 920\DPS920_final_project\IMG\left_2026_08_01_19_52_29_036.jpg,D:\DPS 920\DPS920_final_project\IMG\right_2026_08_01_19_52_29_036.jpg,-0.1090226,1.0,0.0,30.18886
D:\DPS 920\DPS920_final_project\IMG\center_2026_08_01_19_51_40_898.jpg,D:\DPS 920\DPS920_final_project\IMG\left_2026_08_01_19_51_40_898.jpg,D:\DPS 920\DPS920_final_project\IMG\right_2026_08_01_19_51_40_898.jpg,0.1052632,1.0,0.0,30.19179
D:\DPS 920\DPS920_final_project\IMG\center_2026_08_01_19_52_01_380.jpg,D:\DPS 920\DPS920_final_project\IMG\left_2026_08_01_19_52_01_380.jpg,D:\DPS 920\DPS920_final_project\IMG\right_2026_08_01_19_52_01_380.jpg,-0.02631579,1.0,0.0,30.1901
D:\DPS 920\DPS920_final_project\IMG\center_2026_08_01_19_58_31_729.jpg,D:\DPS 920\DPS920_final_project\IMG\left_2026_08_01_19_58_31_729.jpg,D:\DPS 920\DPS920_final_project\IMG\right_2026_08_01_19_58_31_729.jpg,0.07518797,1.0,0.0,30.18987
D:\DPS 920\DPS920_final_project\IMG\center_2026_08_01_19_59_27_810.jpg,D:\DPS 920\DPS920_final_project\IMG\left_2026_08_01_19_59_27_810.jpg,D:\DPS 920\DPS920_final_project\IMG\right_2026_08_01_19_59_27_810.jpg,0.2142857,1.0,0.0,30.19032
D:\DPS 920\DPS920_final_project\IMG\center_2026_08_01_19_58_59_793.jpg,D:\DPS 920\DPS920_final_project\IMG\left_2026_08_01_19_58_59_793.jpg,D:\DPS 920\DPS920_final_project\IMG\right_2026_08_01_19_58_59_793.jpg,0.06390978,1.0,0.0,30.19031
D:\DPS 920\DPS920_final_project\IMG\center_2026_08_01_19_52_30_988.jpg,D:\DPS 920\DPS920_final_project\IMG\left_2026_08_01_19_52_30_988.jpg,D:\DPS 920\DPS920_final_project\IMG\right_2026_08_01_19_52_30_988.jpg,-0.1015038,1.0,0.0,30.1898
D:\DPS 920\DPS920_final_project\IMG\center_2026_08_01_19_59_39_340.jpg,D:\DPS 920\DPS920_final_project\IMG\left_2026_08_01_19_59_39_340.jpg,D:\DPS 920\DPS920_final_project\IMG\right_2026_08_01_19_59_39_340.jpg,0.0,1.0,0.0,30.19066
D:\DPS 920\DPS920_final_project\IMG\center_2026_08_01_20_02_13_400.jpg,D:\DPS 920\DPS920_final_project\IMG\left_2026_08_01_20_02_13_400.jpg,D:\DPS 920\DPS920_final_project\IMG\right_2026_08_01_20_02_13_400.jpg,0.2105263,1.0,0.0,30.18721
D:\DPS 920\DPS920_final_project\IMG\center_2026_08_01_19_52_11_240.jpg,D:\DPS 920\DPS920_final_project\IMG\left_2026_08_01_19_52_11_240.jpg,D:\DPS 920\DPS920_final_project\IMG\right_2026_08_01_19_52_11_240.jpg,-0.02255639,1.0,0.0,30.19028
D:\DPS 920\DPS920_final_project\IMG\center_2026_08_01_20_01_08_288.jpg,D:\DPS 920\DPS920_final_project\IMG\left_2026_08_01_20_01_08_288.jpg,D:\DPS 920\DPS920_final_project\IMG\right_2026_08_01_20_01_08_288.jpg,0.04135338,1.0,0.0,30.19035
D:\DPS 920\DPS920_final_project\IMG\center_2026_08_01_19_51_07_657.jpg,D:\DPS 920\DPS920_final_project\IMG\left_2026_08_01_19_51_07_657.jpg,D:\DPS 920\DPS920_final_project\IMG\right_2026_08_01_19_51_07_657.jpg,-0.112782,1.0,0.0,30.18995
D:\DPS 920\DPS920_final_project\IMG\center_2026_08_01_20_01_55_210.jpg,D:\DPS 920\DPS920_final_project\IMG\left_2026_08_01_20_01_55_210.jpg,D:\DPS 920\DPS920_final_project\IMG\right_2026_08_01_20_01_55_210.jpg,0.1766917,1.0,0.0,30.19005
D:\DPS 920\DPS920_final_project\IMG\center_2026_08_01_19_51_31_156.jpg,D:\DPS 920\DPS920_final_project\IMG\left_2026_08_01_19_51_31_156.jpg,D:\DPS 920\DPS920_final_project\IMG\right_2026_08_01_19_51_31_156.jpg,-0.1917293,1.0,0.0,30.18973
D:\DPS 920\DPS920_final_project\IMG\center_2026_08_01_19_58_34_178.jpg,D:\DPS 920\DPS920_final_project\IMG\left_2026_08_01_19_58_34_178.jpg,D:\DPS 920\DPS920_final_project\IMG\right_2026_08_01_19_58_34_178.jpg,0.03007519,1.0,0.0,30.19053
D:\DPS 920\DPS920_final_project\IMG\center_2026_08_01_19_52_24_514.jpg,D:\DPS 920\DPS920_final_project\IMG\left_2026_08_01_19_52_24_514.jpg,D:\DPS 920\DPS920_final_project\IMG\right_2026_08_01_19_52_24_514.jpg,-0.05639098,1.0,0.0,30.19035
D:\DPS 920\DPS920_final_project\IMG\center_2026_08_01_20_01_56_302.jpg,D:\DPS 920\DPS920_final_project\IMG\left_2026_08_01_20_01_56_302.jpg,D:\DPS 920\DPS920_final_project\IMG\right_2026_08_01_20_01_56_302.jpg,0.1804511,1.0,0.0,30.18975
D:\DPS 920\DPS920_final_project\IMG\center_2026_08_01_19_59_29_985.jpg,D:\DPS 920\DPS920_final_project\IMG\left_2026_08_01_19_59_29_985.jpg,D:\DPS 920\DPS920_final_project\IMG\right_2026_08_01_19_59_29_985.jpg,0.05639098,1.0,0.0,30.18991
D:\DPS 920\DPS920_final_project\IMG\center_2026_08_01_20_00_30_387.jpg,D:\DPS 920\DPS920_final_project\IMG\left_2026_08_01_20_00_30_387.jpg,D:\DPS 920\DPS920_final_project\IMG\right_2026_08_01_20_00_30_387.jpg,0.1278196,1.0,0.0,30.19074
D:\DPS 920\DPS920_final_project\IMG\center_2026_08_01_19_52_24_802.jpg,D:\DPS 920\DPS920_final_project\IMG\left_2026_08_01_19_52_24_802.jpg,D:\DPS 920\DPS920_final_project\IMG\right_2026_08_01_19_52_24_802.jpg,-0.04135338,1.0,0.0,30.19003
D:\DPS 920\DPS920_final_project\IMG\center_2026_08_01_19_50_28_178.jpg,D:\DPS 920\DPS920_final_project\IMG\left_2026_08_01_19_50_28_178.jpg,D:\DPS 920\DPS920_final_project\IMG\right_2026_08_01_19_50_28_178.jpg,-0.131579,1.0,0.0,30.19
D:\DPS 920\DPS920_final_project\IMG\center_2026_08_01_19_59_26_817.jpg,D:\DPS 920\DPS920_final_project\IMG\left_2026_08_01_19_59_26_817.jpg,D:\DPS 920\DPS920_final_project\IMG\right_2026_08_01_19_59_26_817.jpg,0.2142857,1.0,0.0,30.18779
D:\DPS 920\DPS920_final_project\IMG\center_2026_08_01_19_53_51_800.jpg,D:\DPS 920\DPS920_final_project\IMG\left_2026_08_01_19_53_51_800.jpg,D:\DPS 920\DPS920_final_project\IMG\right_2026_08_01_19_53_51_800.jpg,-0.08646616,1.0,0.0,30.19011
D:\DPS 920\DPS920_final_project\IMG\center_2026_08_01_20_01_50_832.jpg,D:\DPS 920\DPS920_final_project\IMG\left_2026_08_01_20_01_50_832.jpg,D:\DPS 920\DPS920_final_project\IMG\right_2026_08_01_20_01_50_832.jpg,0.08646616,1.0,0.0,30.19005
D:\DPS 920\DPS920_final_project\IMG\center_2026_08_01_20_00_40_983.jpg,D:\DPS 920\DPS920_final_project\IMG\left_2026_08_01_20_00_40_983.jpg,D:\DPS 920\DPS920_final_project\IMG\right_2026_08_01_20_00_40_983.jpg,-0.2819549,1.0,0.0,30.18728
D:\DPS 920\DPS920_final_project\IMG\center_2026_08_01_19_59_18_865.jpg,D:\DPS 920\DPS920_final_project\IMG\left_2026_08_01_19_59_18_865.jpg,D:\DPS 920\DPS920_final_project\IMG\right_2026_08_01_19_59_18_865.jpg,-0.1353384,1.0,0.0,30.19049
D:\DPS 920\DPS920_final_project\IMG\center_2026_08_01_19_52_57_010.jpg,D:\DPS 920\DPS920_final_project\IMG\left_2026_08_01_19_52_57_010.jpg,D:\DPS 920\DPS920_final_project\IMG\right_2026_08_01_19_52_57_010.jpg,-0.03759398,1.0,0.0,30.19022
D:\DPS 920\DPS920_final_project\IMG\center_2026_08_01_19_59_24_882.jpg,D:\DPS 920\DPS920_final_project\IMG\left_2026_08_01_19_59_24_882.jpg,D:\DPS 920\DPS920_final_project\IMG\right_2026_08_01_19_59_24_882.jpg,0.09398497,1.0,0.0,30.19002
D:\DPS 920\DPS920_final_project\IMG\center_2026_08_01_19_52_26_516.jpg,D:\DPS 920\DPS920_final_project\IMG\left_2026_08_01_19_52_26_516.jpg,D:\DPS 920\DPS920_final_project\IMG\right_2026_08_01_19_52_26_516.jpg,-0.05639098,1.0,0.0,30.19001
D:\DPS 920\DPS920_final_project\IMG\center_2026_08_01_19_51_00_277.jpg,D:\DPS 920\DPS920_final_project\IMG\left_2026_08_01_19_51_00_277.jpg,D:\DPS 920\DPS920_final_project\IMG\right_2026_08_01_19_51_00_277.jpg,-0.03383459,1.0,0.0,30.19031
D:\DPS 920\DPS920_final_project\IMG\center_2026_08_01_19_59_03_626.jpg,D:\DPS 920\DPS920_final_project\IMG\left_2026_08_01_19_59_03_626.jpg,D:\DPS 920\DPS920_final_project\IMG\right_2026_08_01_19_59_03_626.jpg,0.1052632,1.0,0.0,30.1904
D:\DPS 920\DPS920_final_project\IMG\center_2026_08_01_20_02_14_694.jpg,D:\DPS 920\DPS920_final_project\IMG\left_2026_08_01_20_02_14_694.jpg,D:\DPS 920\DPS920_final_project\IMG\right_2026_08_01_20_02_14_694.jpg,0.2030075,1.0,0.0,30.18914
D:\DPS 920\DPS920_final_project\IMG\center_2026_08_01_19_51_18_862.jpg,D:\DPS 920\DPS920_final_project\IMG\left_2026_08_01_19_51_18_862.jpg,D:\DPS 920\DPS920_final_project\IMG\right_2026_08_01_19_51_18_862.jpg,0.0,1.0,0.0,30.18994
D:\DPS 920\DPS920_final_project\IMG\center_2026_08_01_19_59_25_970.jpg,D:\DPS 920\DPS920_final_project\IMG\left_2026_08_01_19_59_25_970.jpg,D:\DPS 920\DPS920_final_project\IMG\right_2026_08_01_19_59_25_970.jpg,0.09774436,1.0,0.0,30.18996
D:\DPS 920\DPS920_final_project\IMG\center_2026_08_01_19_52_30_569.jpg,D:\DPS 920\DPS920_final_project\IMG\left_2026_08_01_19_52_30_569.jpg,D:\DPS 920\DPS920_final_project\IMG\right_2026_08_01_19_52_30_569.jpg,-0.08270676,1.0,0.0,30.19005
D:\DPS 920\DPS920_final_project\IMG\center_2026_08_01_20_01_30_259.jpg,D:\DPS 920\DPS920_final_project\IMG\left_2026_08_01_20_01_30_259.jpg,D:\DPS 920\DPS920_final_project\IMG\right_2026_08_01_20_01_30_259.jpg,0.01879699,1.0,0.0,30.19028
D:\DPS 920\DPS920_final_project\IMG\center_2026_08_01_19_52_51_959.jpg,D:\DPS 920\DPS920_final_project\IMG\left_2026_08_01_19_52_51_959.jpg,D:\DPS 920\DPS920_final_project\IMG\right_2026_08_01_19_52_51_959.jpg,-0.1992481,1.0,0.0,30.18847
D:\DPS 920\DPS920_final_project\IMG\center_2026_08_01_20_02_14_762.jpg,D:\DPS 920\DPS920_final_project\IMG\left_2026_08_01_20_02_14_762.jpg,D:\DPS 920\DPS920_final_project\IMG\right_2026_08_01_20_02_14_762.jpg,0.2180451,1.0,0.0,30.18794
D:\DPS 920\DPS920_final_project\IMG\center_2026_08_01_20_01_49_714.jpg,D:\DPS 920\DPS920_final_project\IMG\left_2026_08_01_20_01_49_714.jpg,D:\DPS 920\DPS920_final_project\IMG\right_2026_08_01_20_01_49_714.jpg,0.07142857,1.0,0.0,30.19018
D:\DPS 920\DPS920_final_project\IMG\center_2026_08_01_19_59_04_817.jpg,D:\DPS 920\DPS920_final_project\IMG\left_2026_08_01_19_59_04_817.jpg,D:\DPS 920\DPS920_final_project\IMG\right_2026_08_01_19_59_04_817.jpg,-0.003759398,1.0,0.0,30.19006
D:\DPS 920\DPS920_final_project\IMG\center_2026_08_01_19_54_37_781.jpg,D:\DPS 920\DPS920_final_project\IMG\left_2026_08_01_19_54_37_781.jpg,D:\DPS 920\DPS920_final_project\IMG\right_2026_08_01_19_54_37_781.jpg,-0.1616541,1.0,0.0,30.18941
D:\DPS 920\DPS920_final_project\IMG\center_2026_08_01_19_52_16_087.jpg,D:\DPS 920\DPS920_final_project\IMG\left_2026_08_01_19_52_16_087.jpg,D:\DPS 920\DPS920_final_project\IMG\right_2026_08_01_19_52_16_087.jpg,-0.03383459,1.0,0.0,30.19027
D:\DPS 920\DPS920_final_project\IMG\center_2026_08_01_19_50_28_463.jpg,D:\DPS 920\DPS920_final_project\IMG\left_2026_08_01_19_50_28_463.jpg,D:\DPS 920\DPS920_final_project\IMG\right_2026_08_01_19_50_28_463.jpg,-0.131579,1.0,0.0,30.18942
D:\DPS 920\DPS920_final_project\IMG\center_2026_08_01_20_01_50_124.jpg,D:\DPS 920\DPS920_final_project\IMG\left_2026_08_01_20_01_50_124.jpg,D:\DPS 920\DPS920_final_project\IMG\right_2026_08_01_20_01_50_124.jpg,0.07142857,1.0,0.0,30.19019
D:\DPS 920\DPS920_final_project\IMG\center_2026_08_01_20_00_13_428.jpg,D:\DPS 920\DPS920_final_project\IMG\left_2026_08_01_20_00_13_428.jpg,D:\DPS 920\DPS920_final_project\IMG\right_2026_08_01_20_00_13_428.jpg,0.01503759,1.0,0.0,30.19028
D:\DPS 920\DPS920_final_project\IMG\center_2026_08_01_19_52_20_627.jpg,D:\DPS 920\DPS920_final_project\IMG\left_2026_08_01_19_52_20_627.jpg,D:\DPS 920\DPS920_final_project\IMG\right_2026_08_01_19_52_20_627.jpg,-0.04135338,1.0,0.0,30.19025
D:\DPS 920\DPS920_final_project\IMG\center_2026_08_01_19_50_35_780.jpg,D:\DPS 920\DPS920_final_project\IMG\left_2026_08_01_19_50_35_780.jpg,D:\DPS 920\DPS920_final_project\IMG\right_2026_08_01_19_50_35_780.jpg,-0.03759398,1.0,0.0,30.19018
D:\DPS 920\DPS920_final_project\IMG\center_2026_08_01_19_54_02_493.jpg,D:\DPS 920\DPS920_final_project\IMG\left_2026_08_01_19_54_02_493.jpg,D:\DPS 920\DPS920_final_project\IMG\right_2026_08_01_19_54_02_493.jpg,-0.02631579,1.0,0.0,30.19028
D:\DPS 920\DPS920_final_project\IMG\center_2026_08_01_19_53_05_338.jpg,D:\DPS 920\DPS920_final_project\IMG\left_2026_08_01_19_53_05_338.jpg,D:\DPS 920\DPS920_final_project\IMG\right_2026_08_01_19_53_05_338.jpg,-0.07142857,1.0,0.0,30.19021
