center,left,right,steering,throttle,brake,speed
D:\DPS 920\DPS920_final_project\IMG\center_2026_07_28_11_06_06_667.jpg,D:\DPS 920\DPS920_final_project\IMG\left_2026_07_28_11_06_06_667.jpg,D:\DPS 920\DPS920_final_project\IMG\right_2026_07_28_11_06_06_667.jpg,-0.05,1.0,0,30.19068
D:\DPS 920\DPS920_final_project\IMG\center_2026_07_28_11_07_50_823.jpg,D:\DPS 920\DPS920_final_project\IMG\left_2026_07_28_11_07_50_823.jpg,D:\DPS 920\DPS920_final_project\IMG\right_2026_07_28_11_07_50_823.jpg,0.0,1.0,0,30.19069
D:\DPS 920\DPS920_final_project\IMG\center_2026_07_28_11_22_35_529.jpg,D:\DPS 920\DPS920_final_project\IMG\left_2026_07_28_11_22_35_529.jpg,D:\DPS 920\DPS920_final_project\IMG\right_2026_07_28_11_22_35_529.jpg,0.0,1.0,0,30.19027
D:\DPS 920\DPS920_final_project\IMG\center_2026_07_28_11_09_54_769.jpg,D:\DPS 920\DPS920_final_project\IMG\left_2026_07_28_11_09_54_769.jpg,D:\DPS 920\DPS920_final_project\IMG\right_2026_07_28_11_09_54_769.jpg,0.05,1.0,0,30.18975
D:\DPS 920\DPS920_final_project\IMG\center_2026_07_28_11_21_23_693.jpg,D:\DPS 920\DPS920_final_project\IMG\left_2026_07_28_11_21_23_693.jpg,D:\DPS 920\DPS920_final_project\IMG\right_2026_07_28_11_21_23_693.jpg,-0.1,1.0,0,30.18807
D:\DPS 920\DPS920_final_project\IMG\center_2026_07_28_11_08_51_801.jpg,D:\DPS 920\DPS920_final_project\IMG\left_2026_07_28_11_08_51_801.jpg,D:\DPS 920\DPS920_final_project\IMG\right_2026_07_28_11_08_51_801.jpg,-0.2,1.0,0,30.18071
D:\DPS 920\DPS920_final_project\IMG\center_2026_07_28_11_09_51_489.jpg,D:\DPS 920\DPS920_final_project\IMG\left_2026_07_28_11_09_51_489.jpg,D:\DPS 920\DPS920_final_project\IMG\right_2026_07_28_11_09_51_489.jpg,0.2,1.0,0,30.17889
D:\DPS 920\DPS920_final_project\IMG\center_2026_07_28_11_06_20_636.jpg,D:\DPS 920\DPS920_final_project\IMG\left_2026_07_28_11_06_20_636.jpg,D:\DPS 920\DPS920_final_project\IMG\right_2026_07_28_11_06_20_636.jpg,0.0,1.0,0,30.18533
D:\DPS 920\DPS920_final_project\IMG\center_2026_07_28_11_09_39_587.jpg,D:\DPS 920\DPS920_final_project\IMG\left_2026_07_28_11_09_39_587.jpg,D:\DPS 920\DPS920_final_project\IMG\right_2026_07_28_11_09_39_587.jpg,0.2,1.0,0,30.17989
D:\DPS 920\DPS920_final_project\IMG\center_2026_07_28_11_22_42_822.jpg,D:\DPS 920\DPS920_final_project\IMG\left_2026_07_28_11_22_42_822.jpg,D:\DPS 920\DPS920_final_project\IMG\right_2026_07_28_11_22_42_822.jpg,0.0,1.0,0,30.18695
D:\DPS 920\DPS920_final_project\IMG\center_2026_07_28_11_07_43_215.jpg,D:\DPS 920\DPS920_final_project\IMG\left_2026_07_28_11_07_43_215.jpg,D:\DPS 920\DPS920_final_project\IMG\right_2026_07_28_11_07_43_215.jpg,0.0,1.0,0,30.19027
D:\DPS 920\DPS920_final_project\IMG\center_2026_07_28_11_08_28_866.jpg,D:\DPS 920\DPS920_final_project\IMG\left_2026_07_28_11_08_28_866.jpg,D:\DPS 920\DPS920_final_project\IMG\right_2026_07_28_11_08_28_866.jpg,0.25,1.0,0,30.17459
D:\DPS 920\DPS920_final_project\IMG\center_2026_07_28_11_07_10_916.jpg,D:\DPS 920\DPS920_final_project\IMG\left_2026_07_28_11_07_10_916.jpg,D:\DPS 920\DPS920_final_project\IMG\right_2026_07_28_11_07_10_916.jpg,0.0,1.0,0,30.19307
D:\DPS 920\DPS920_final_project\IMG\center_2026_07_28_11_21_36_382.jpg,D:\DPS 920\DPS920_final_project\IMG\left_2026_07_28_11_21_36_382.jpg,D:\DPS 920\DPS920_final_project\IMG\right_2026_07_28_11_21_36_382.jpg,0.0,1.0,0,30.19033
D:\DPS 920\DPS920_final_project\IMG\center_2026_07_28_11_08_25_278.jpg,D:\DPS 920\DPS920_final_project\IMG\left_2026_07_28_11_08_25_278.jpg,D:\DPS 920\DPS920_final_project\IMG\right_2026_07_28_11_08_25_278.jpg,0.15,1.0,0,30.18426
D:\DPS 920\DPS920_final_project\IMG\center_2026_07_28_11_07_14_484.jpg,D:\DPS 920\DPS920_final_project\IMG\left_2026_07_28_11_07_14_484.jpg,D:\DPS 920\DPS920_final_project\IMG\right_2026_07_28_11_07_14_484.jpg,0.1,1.0,0,30.18883
D:\DPS 920\DPS920_final_project\IMG\center_2026_07_28_11_22_45_043.jpg,D:\DPS 920\DPS920_final_project\IMG\left_2026_07_28_11_22_45_043.jpg,D:\DPS 920\DPS920_final_project\IMG\right_2026_07_28_11_22_45_043.jpg,0.0,1.0,0,30.18961
D:\DPS 920\DPS920_final_project\IMG\center_2026_07_28_11_08_27_894.jpg,D:\DPS 920\DPS920_final_project\IMG\left_2026_07_28_11_08_27_894.jpg,D:\DPS 920\DPS920_final_project\IMG\right_2026_07_28_11_08_27_894.jpg,0.0,1.0,0,30.19024
D:\DPS 920\DPS920_final_project\IMG\center_2026_07_28_11_22_00_508.jpg,D:\DPS 920\DPS920_final_project\IMG\left_2026_07_28_11_22_00_508.jpg,D:\DPS 920\DPS920_final_project\IMG\right_2026_07_28_11_22_00_508.jpg,-0.2,1.0,0,30.18118
D:\DPS 920\DPS920_final_project\IMG\center_2026_07_28_11_20_55_183.jpg,D:\DPS 920\DPS920_final_project\IMG\left_2026_07_28_11_20_55_183.jpg,D:\DPS 920\DPS920_final_project\IMG\right_2026_07_28_11_20_55_183.jpg,-0.15,1.0,0,30.18459
D:\DPS 920\DPS920_final_project\IMG\center_2026_07_28_11_22_04_036.jpg,D:\DPS 920\DPS920_final_project\IMG\left_2026_07_28_11_22_04_036.jpg,D:\DPS 920\DPS920_final_project\IMG\right_2026_07_28_11_22_04_036.jpg,0.0,1.0,0,30.19022
D:\DPS 920\DPS920_final_project\IMG\center_2026_07_28_11_22_22_859.jpg,D:\DPS 920\DPS920_final_project\IMG\left_2026_07_28_11_22_22_859.jpg,D:\DPS 920\DPS920_final_project\IMG\right_2026_07_28_11_22_22_859.jpg,-1.0,1.0,0,30.09333
D:\DPS 920\DPS920_final_project\IMG\center_2026_07_28_11_07_43_072.jpg,D:\DPS 920\DPS920_final_project\IMG\left_2026_07_28_11_07_43_072.jpg,D:\DPS 920\DPS920_final_project\IMG\right_2026_07_28_11_07_43_072.jpg,0.1,1.0,0,30.18792
D:\DPS 920\DPS920_final_project\IMG\center_2026_07_28_11_07_42_203.jpg,D:\DPS 920\DPS920_final_project\IMG\left_2026_07_28_11_07_42_203.jpg,D:\DPS 920\DPS920_final_project\IMG\right_2026_07_28_11_07_42_203.jpg,0.05,1.0,0,30.19026
D:\DPS 920\DPS920_final_project\IMG\center_2026_07_28_11_08_08_433.jpg,D:\DPS 920\DPS920_final_project\IMG\left_2026_07_28_11_08_08_433.jpg,D:\DPS 920\DPS920_final_project\IMG\right_2026_07_28_11_08_08_433.jpg,0.0,1.0,0,30.19015
D:\DPS 920\DPS920_final_project\IMG\center_2026_07_28_11_22_34_038.jpg,D:\DPS 920\DPS920_final_project\IMG\left_2026_07_28_11_22_34_038.jpg,D:\DPS 920\DPS920_final_project\IMG\right_2026_07_28_11_22_34_038.jpg,0.2,1.0,0,30.18363
D:\DPS 920\DPS920_final_project\IMG\center_2026_07_28_11_20_38_621.jpg,D:\DPS 920\DPS920_final_project\IMG\left_2026_07_28_11_20_38_621.jpg,D:\DPS 920\DPS920_final_project\IMG\right_2026_07_28_11_20_38_621.jpg,-0.3,1.0,0,30.17215
D:\DPS 920\DPS920_final_project\IMG\center_2026_07_28_11_06_06_227.jpg,D:\DPS 920\DPS920_final_project\IMG\left_2026_07_28_11_06_06_227.jpg,D:\DPS 920\DPS920_final_project\IMG\right_2026_07_28_11_06_06_227.jpg,-0.1,1.0,0,30.19273
D:\DPS 920\DPS920_final_project\IMG\center_2026_07_28_11_09_55_803.jpg,D:\DPS 920\DPS920_final_project\IMG\left_2026_07_28_11_09_55_803.jpg,D:\DPS 920\DPS920_final_project\IMG\right_2026_07_28_11_09_55_803.jpg,0.15,1.0,0,30.18586
D:\DPS 920\DPS920_final_project\IMG\center_2026_07_28_11_22_03_386.jpg,D:\DPS 920\DPS920_final_project\IMG\left_2026_07_28_11_22_03_386.jpg,D:\DPS 920\DPS920_final_project\IMG\right_2026_07_28_11_22_03_386.jpg,-0.15,1.0,0,30.18776
D:\DPS 920\DPS920_final_project\IMG\center_2026_07_28_11_06_31_664.jpg,D:\DPS 920\DPS920_final_project\IMG\left_2026_07_28_11_06_31_664.jpg,D:\DPS 920\DPS920_final_project\IMG\right_2026_07_28_11_06_31_664.jpg,0.0,1.0,0,30.19029
D:\DPS 920\DPS920_final_project\IMG\center_2026_07_28_11_09_13_141.jpg,D:\DPS 920\DPS920_final_project\IMG\left_2026_07_28_11_09_13_141.jpg,D:\DPS 920\DPS920_final_project\IMG\right_2026_07_28_11_09_13_141.jpg,0.0,1.0,0,30.19061
D:\DPS 920\DPS920_final_project\IMG\center_2026_07_28_11_05_58_525.jpg,D:\DPS 920\DPS920_final_project\IMG\left_2026_07_28_11_05_58_525.jpg,D:\DPS 920\DPS920_final_project\IMG\right_2026_07_28_11_05_58_525.jpg,0.05,1.0,0,30.18991
D:\DPS 920\DPS920_final_project\IMG\center_2026_07_28_11_08_31_037.jpg,D:\DPS 920\DPS920_final_project\IMG\left_2026_07_28_11_08_31_037.jpg,D:\DPS 920\DPS920_final_project\IMG\right_2026_07_28_11_08_31_037.jpg,0.0,1.0,0,30.19085
D:\DPS 920\DPS920_final_project\IMG\center_2026_07_28_11_22_51_823.jpg,D:\DPS 920\DPS920_final_project\IMG\left_2026_07_28_11_22_51_823.jpg,D:\DPS 920\DPS920_final_project\IMG\right_2026_07_28_11_22_51_823.jpg,-0.3,1.0,0,30.16956
D:\DPS 920\DPS920_final_project\IMG\center_2026_07_28_11_08_52_516.jpg,D:\DPS 920\DPS920_final_project\IMG\left_2026_07_28_11_08_52_516.jpg,D:\DPS 920\DPS920_final_project\IMG\right_2026_07_28_11_08_52_516.jpg,-0.3,1.0,0,30.1701
D:\DPS 920\DPS920_final_project\IMG\center_2026_07_28_11_22_04_107.jpg,D:\DPS 920\DPS920_final_project\IMG\left_2026_07_28_11_22_04_107.jpg,D:\DPS 920\DPS920_final_project\IMG\right_2026_07_28_11_22_04_107.jpg,0.0,1.0,0,30.1903
D:\DPS 920\DPS920_final_project\IMG\center_2026_07_28_11_20_57_807.jpg,D:\DPS 920\DPS920_final_project\IMG\left_2026_07_28_11_20_57_807.jpg,D:\DPS 920\DPS920_final_project\IMG\right_2026_07_28_11_20_57_807.jpg,0.0,1.0,0,30.18989
D:\DPS 920\DPS920_final_project\IMG\center_2026_07_28_11_21_58_799.jpg,D:\DPS 920\DPS920_final_project\IMG\left_2026_07_28_11_21_58_799.jpg,D:\DPS 920\DPS920_final_project\IMG\right_2026_07_28_11_21_58_799.jpg,-0.3,1.0,0,30.17113
D:\DPS 920\DPS920_final_project\IMG\center_2026_07_28_11_21_25_001.jpg,D:\DPS 920\DPS920_final_project\IMG\left_2026_07_28_11_21_25_001.jpg,D:\DPS 920\DPS920_final_project\IMG\right_2026_07_28_11_21_25_001.jpg,-0.15,1.0,0,30.18556
D:\DPS 920\DPS920_final_project\IMG\center_2026_07_28_11_20_16_455.jpg,D:\DPS 920\DPS920_final_project\IMG\left_2026_07_28_11_20_16_455.jpg,D:\DPS 920\DPS920_final_project\IMG\right_2026_07_28_11_20_16_455.jpg,0.0,1.0,0,30.19027
D:\DPS 920\DPS920_final_project\IMG\center_2026_07_28_11_07_21_403.jpg,D:\DPS 920\DPS920_final_project\IMG\left_2026_07_28_11_07_21_403.jpg,D:\DPS 920\DPS920_final_project\IMG\right_2026_07_28_11_07_21_403.jpg,0.25,1.0,0,30.18032
D:\DPS 920\DPS920_final_project\IMG\center_2026_07_28_11_10_07_919.jpg,D:\DPS 920\DPS920_final_project\IMG\left_2026_07_28_11_10_07_919.jpg,D:\DPS 920\DPS920_final_project\IMG\right_2026_07_28_11_10_07_919.jpg,0.05,1.0,0,30.1899
D:\DPS 920\DPS920_final_project\IMG\center_2026_07_28_11_06_40_843.jpg,D:\DPS 920\DPS920_final_project\IMG\left_2026_07_28_11_06_40_843.jpg,D:\DPS 920\DPS920_final_project\IMG\right_2026_07_28_11_06_40_843.jpg,0.15,1.0,0,30.18386
D:\DPS 920\DPS920_final_project\IMG\center_2026_07_28_11_08_02_668.jpg,D:\DPS 920\DPS920_final_project\IMG\left_2026_07_28_11_08_02_668.jpg,D:\DPS 920\DPS920_final_project\IMG\right_2026_07_28_11_08_02_668.jpg,0.0,1.0,0,30.18992
D:\DPS 920\DPS920_final_project\IMG\center_2026_07_28_11_22_48_292.jpg,D:\DPS 920\DPS920_final_project\IMG\left_2026_07_28_11_22_48_292.jpg,D:\DPS 920\DPS920_final_project\IMG\right_2026_07_28_11_22_48_292.jpg,0.0,1.0,0,30.19001
D:\DPS 920\DPS920_final_project\IMG\center_2026_07_28_11_08_34_086.jpg,D:\DPS 920\DPS920_final_project\IMG\left_2026_07_28_11_08_34_086.jpg,D:\DPS 920\DPS920_final_project\IMG\right_2026_07_28_11_08_34_086.jpg,0.1,1.0,0,30.1881
D:\DPS 920\DPS920_final_project\IMG\center_2026_07_28_11_20_41_280.jpg,D:\DPS 920\DPS920_final_project\IMG\left_2026_07_28_11_20_41_280.jpg,D:\DPS 920\DPS920_final_project\IMG\right_2026_07_28_11_20_41_280.jpg,0.0,1.0,0,30.19007
D:\DPS 920\DPS920_final_project\IMG\center_2026_07_28_11_07_58_711.jpg,D:\DPS 920\DPS920_final_project\IMG\left_2026_07_28_11_07_58_711.jpg,D:\DPS 920\DPS920_final_project\IMG\right_2026_07_28_11_07_58_711.jpg,0.0,1.0,0,30.18921
D:\DPS 920\DPS920_final_project\IMG\center_2026_07_28_11_21_07_509.jpg,D:\DPS 920\DPS920_final_project\IMG\left_2026_07_28_11_21_07_509.jpg,D:\DPS 920\DPS920_final_project\IMG\right_2026_07_28_11_21_07_509.jpg,0.2,1.0,0,30.17973
D:\DPS 920\DPS920_final_project\IMG\center_2026_07_28_11_06_11_884.jpg,D:\DPS 920\DPS920_final_project\IMG\left_2026_07_28_11_06_11_884.jpg,D:\DPS 920\DPS920_final_project\IMG\right_2026_07_28_11_06_11_884.jpg,0.0,1.0,0,30.19015
D:\DPS 920\DPS920_final_project\IMG\center_2026_07_28_11_22_38_369.jpg,D:\DPS 920\DPS920_final_project\IMG\left_2026_07_28_11_22_38_369.jpg,D:\DPS 920\DPS920_final_project\IMG\right_2026_07_28_11_22_38_369.jpg,0.0,1.0,0,30.19029
D:\DPS 920\DPS920_final_project\IMG\center_2026_07_28_11_21_53_596.jpg,D:\DPS 920\DPS920_final_project\IMG\left_2026_07_28_11_21_53_596.jpg,D:\DPS 920\DPS920_final_project\IMG\right_2026_07_28_11_21_53_596.jpg,0.0,1.0,0,30.19017
D:\DPS 920\DPS920_final_project\IMG\center_2026_07_28_11_10_32_397.jpg,D:\DPS 920\DPS920_final_project\IMG\left_2026_07_28_11_10_32_397.jpg,D:\DPS 920\DPS920_final_project\IMG\right_2026_07_28_11_10_32_397.jpg,0.0,1.0,0,30.19065
D:\DPS 920\DPS920_final_project\IMG\center_2026_07_28_11_06_25_011.jpg,D:\DPS 920\DPS920_final_project\IMG\left_2026_07_28_11_06_25_011.jpg,D:\DPS 920\DPS920_final_project\IMG\right_2026_07_28_11_06_25_011.jpg,0.0,1.0,0,30.19064
D:\DPS 920\DPS920_final_project\IMG\center_2026_07_28_11_21_44_368.jpg,D:\DPS 920\DPS920_final_project\IMG\left_2026_07_28_11_21_44_368.jpg,D:\DPS 920\DPS920_final_project\IMG\right_2026_07_28_11_21_44_368.jpg,0.0,1.0,0,30.19037
D:\DPS 920\DPS920_final_project\IMG\center_2026_07_28_11_07_19_581.jpg,D:\DPS 920\DPS920_final_project\IMG\left_2026_07_28_11_07_19_581.jpg,D:\DPS 920\DPS920_final_project\IMG\right_2026_07_28_11_07_19_581.jpg,0.3,1.0,0,30.17392
D:\DPS 920\DPS920_final_project\IMG\center_2026_07_28_11_06_45_735.jpg,D:\DPS 920\DPS920_final_project\IMG\left_2026_07_28_11_06_45_735.jpg,D:\DPS 920\DPS920_final_project\IMG\right_2026_07_28_11_06_45_735.jpg,0.0,1.0,0,30.19013
D:\DPS 920\DPS920_final_project\IMG\center_2026_07_28_11_21_46_828.jpg,D:\DPS 920\DPS920_final_project\IMG\left_2026_07_28_11_21_46_828.jpg,D:\DPS 920\DPS920_final_project\IMG\right_2026_07_28_11_21_46_828.jpg,-0.1,1.0,0,30.18759
D:\DPS 920\DPS920_final_project\IMG\center_2026_07_28_11_10_12_917.jpg,D:\DPS 920\DPS920_final_project\IMG\left_2026_07_28_11_10_12_917.jpg,D:\DPS 920\DPS920_final_project\IMG\right_2026_07_28_11_10_12_917.jpg,0.0,1.0,0,30.19021
D:\DPS 920\DPS920_final_project\IMG\center_2026_07_28_11_06_06_153.jpg,D:\DPS 920\DPS920_final_project\IMG\left_2026_07_28_11_06_06_153.jpg,D:\DPS 920\DPS920_final_project\IMG\right_2026_07_28_11_06_06_153.jpg,0.0,1.0,0,30.18676
D:\DPS 920\DPS920_final_project\IMG\center_2026_07_28_11_09_00_303.jpg,D:\DPS 920\DPS920_final_project\IMG\left_2026_07_28_11_09_00_303.jpg,D:\DPS 920\DPS920_final_project\IMG\right_2026_07_28_11_09_00_303.jpg,0.05,1.0,0,30.19014
D:\DPS 920\DPS920_final_project\IMG\center_2026_07_28_11_06_36_385.jpg,D:\DPS 920\DPS920_final_project\IMG\left_2026_07_28_11_06_36_385.jpg,D:\DPS 920\DPS920_final_project\IMG\right_2026_07_28_11_06_36_385.jpg,0.1,1.0,0,30.18799
D:\DPS 920\DPS920_final_project\IMG\center_2026_07_28_11_08_07_485.jpg,D:\DPS 920\DPS920_final_project\IMG\left_2026_07_28_11_08_07_485.jpg,D:\DPS 920\DPS920_final_project\IMG\right_2026_07_28_11_08_07_485.jpg,0.0,1.0,0,30.19023
D:\DPS 920\DPS920_final_project\IMG\center_2026_07_28_11_08_55_149.jpg,D:\DPS 920\DPS920_final_project\IMG\left_2026_07_28_11_08_55_149.jpg,D:\DPS 920\DPS920_final_project\IMG\right_2026_07_28_11_08_55_149.jpg,-0.15,1.0,0,30.18516
D:\DPS 920\DPS920_final_project\IMG\center_2026_07_28_11_07_30_157.jpg,D:\DPS 920\DPS920_final_project\IMG\left_2026_07_28_11_07_30_157.jpg,D:\DPS 920\DPS920_final_project\IMG\right_2026_07_28_11_07_30_157.jpg,-0.3,1.0,0,30.17389
D:\DPS 920\DPS920_final_project\IMG\center_2026_07_28_11_10_19_836.jpg,D:\DPS 920\DPS920_final_project\IMG\left_2026_07_28_11_10_19_836.jpg,D:\DPS 920\DPS920_final_project\IMG\right_2026_07_28_11_10_19_836.jpg,0.0,1.0,0,30.19031
D:\DPS 920\DPS920_final_project\IMG\center_2026_07_28_11_22_24_582.jpg,D:\DPS 920\DPS920_final_project\IMG\left_2026_07_28_11_22_24_582.jpg,D:\DPS 920\DPS920_final_project\IMG\right_2026_07_28_11_22_24_582.jpg,-0.1,1.0,0,30.18789
D:\DPS 920\DPS920_final_project\IMG\center_2026_07_28_11_07_17_388.jpg,D:\DPS 920\DPS920_final_project\IMG\left_2026_07_28_11_07_17_388.jpg,D:\DPS 920\DPS920_final_project\IMG\right_2026_07_28_11_07_17_388.jpg,0.0,1.0,0,30.19056
D:\DPS 920\DPS920_final_project\IMG\center_2026_07_28_11_07_37_591.jpg,D:\DPS 920\DPS920_final_project\IMG\left_2026_07_28_11_07_37_591.jpg,D:\DPS 920\DPS920_final_project\IMG\right_2026_07_28_11_07_37_591.jpg,0.3,1.0,0,30.17193
D:\DPS 920\DPS920_final_project\IMG\center_2026_07_28_11_09_27_603.jpg,D:\DPS 920\DPS920_final_project\IMG\left_2026_07_28_11_09_27_603.jpg,D:\DPS 920\DPS920_final_project\IMG\right_2026_07_28_11_09_27_603.jpg,0.1,1.0,0,30.18872
D:\DPS 920\DPS920_final_project\IMG\center_2026_07_28_11_20_19_484.jpg,D:\DPS 920\DPS920_final_project\IMG\left_2026_07_28_11_20_19_484.jpg,D:\DPS 920\DPS920_final_project\IMG\right_2026_07_28_11_20_19_484.jpg,0.0,1.0,0,30.19026
D:\DPS 920\DPS920_final_project\IMG\center_2026_07_28_11_07_14_270.jpg,D:\DPS 920\DPS920_final_project\IMG\left_2026_07_28_11_07_14_270.jpg,D:\DPS 920\DPS920_final_project\IMG\right_2026_07_28_11_07_14_270.jpg,0.05,1.0,0,30.19021
D:\DPS 920\DPS920_final_project\IMG\center_2026_07_28_11_06_34_196.jpg,D:\DPS 920\DPS920_final_project\IMG\left_2026_07_28_11_06_34_196.jpg,D:\DPS 920\DPS920_final_project\IMG\right_2026_07_28_11_06_34_196.jpg,0.1,1.0,0,30.18881
D:\DPS 920\DPS920_final_project\IMG\center_2026_07_28_11_06_24_277.jpg,D:\DPS 920\DPS920_final_project\IMG\left_2026_07_28_11_06_24_277.jpg,D:\DPS 920\DPS920_final_project\IMG\right_2026_07_28_11_06_24_277.jpg,0.0,1.0,0,30.19062
D:\DPS 920\DPS920_final_project\IMG\center_2026_07_28_11_07_44_432.jpg,D:\DPS 920\DPS920_final_project\IMG\left_2026_07_28_11_07_44_432.jpg,D:\DPS 920\DPS920_final_project\IMG\right_2026_07_28_11_07_44_432.jpg,0.0,1.0,0,30.38164
D:\DPS 920\DPS920_final_project\IMG\center_2026_07_28_11_22_49_166.jpg,D:\DPS 920\DPS920_final_project\IMG\left_2026_07_28_11_22_49_166.jpg,D:\DPS 920\DPS920_final_project\IMG\right_2026_07_28_11_22_49_166.jpg,-0.15,1.0,0,30.18518
D:\DPS 920\DPS920_final_project\IMG\center_2026_07_28_11_22_31_480.jpg,D:\DPS 920\DPS920_final_project\IMG\left_2026_07_28_11_22_31_480.jpg,D:\DPS 920\DPS920_final_project\IMG\right_2026_07_28_11_22_31_480.jpg,0.1,1.0,0,30.18796
D:\DPS 920\DPS920_final_project\IMG\center_2026_07_28_11_06_16_522.jpg,D:\DPS 920\DPS920_final_project\IMG\left_2026_07_28_11_06_16_522.jpg,D:\DPS 920\DPS920_final_project\IMG\right_2026_07_28_11_06_16_522.jpg,0.15,1.0,0,30.19295
D:\DPS 920\DPS920_final_project\IMG\center_2026_07_28_11_20_59_648.jpg,D:\DPS 920\DPS920_final_project\IMG\left_2026_07_28_11_20_59_648.jpg,D:\DPS 920\DPS920_final_project\IMG\right_2026_07_28_11_20_59_648.jpg,-0.05,1.0,0,30.19074
D:\DPS 920\DPS920_final_project\IMG\center_2026_07_28_11_22_02_196.jpg,D:\DPS 920\DPS920_final_project\IMG\left_2026_07_28_11_22_02_196.jpg,D:\DPS 920\DPS920_final_project\IMG\right_2026_07_28_11_22_02_196.jpg,-0.15,1.0,0,30.18846
D:\DPS 920\DPS920_final_project\IMG\center_2026_07_28_11_07_20_136.jpg,D:\DPS 920\DPS920_final_project\IMG\left_2026_07_28_11_07_20_136.jpg,D:\DPS 920\DPS920_final_project\IMG\right_2026_07_28_11_07_20_136.jpg,0.25,1.0,0,30.17728
D:\DPS 920\DPS920_final_project\IMG\center_2026_07_28_11_09_59_187.jpg,D:\DPS 920\DPS920_final_project\IMG\left_2026_07_28_11_09_59_187.jpg,D:\DPS 920\DPS920_final_project\IMG\right_2026_07_28_11_09_59_187.jpg,0.25,1.0,0,30.17871
D:\DPS 920\DPS920_final_project\IMG\center_2026_07_28_11_07_26_729.jpg,D:\DPS 920\DPS920_final_project\IMG\left_2026_07_28_11_07_26_729.jpg,D:\DPS 920\DPS920_final_project\IMG\right_2026_07_28_11_07_26_729.jpg,-0.05,1.0,0,30.19003
D:\DPS 920\DPS920_final_project\IMG\center_2026_07_28_11_07_15_272.jpg,D:\DPS 920\DPS920_final_project\IMG\left_2026_07_28_11_07_15_272.jpg,D:\DPS 920\DPS920_final_project\IMG\right_2026_07_28_11_07_15_272.jpg,0.0,1.0,0,30.19025
D:\DPS 920\DPS920_final_project\IMG\center_2026_07_28_11_22_17_140.jpg,D:\DPS 920\DPS920_final_project\IMG\left_2026_07_28_11_22_17_140.jpg,D:\DPS 920\DPS920_final_project\IMG\right_2026_07_28_11_22_17_140.jpg,0.0,1.0,0,30.06105
D:\DPS 920\DPS920_final_project\IMG\center_2026_07_28_11_07_29_623.jpg,D:\DPS 920\DPS920_final_project\IMG\left_2026_07_28_11_07_29_623.jpg,D:\DPS 920\DPS920_final_project\IMG\right_2026_07_28_11_07_29_623.jpg,-0.6000001,1.0,0,30.13906
D:\DPS 920\DPS920_final_project\IMG\center_2026_07_28_11_20_41_911.jpg,D:\DPS 920\DPS920_final_project\IMG\left_2026_07_28_11_20_41_911.jpg,D:\DPS 920\DPS920_final_project\IMG\right_2026_07_28_11_20_41_911.jpg,-0.15,1.0,0,30.18539
D:\DPS 920\DPS920_final_project\IMG\center_2026_07_28_11_06_28_025.jpg,D:\DPS 920\DPS920_final_project\IMG\left_2026_07_28_11_06_28_025.jpg,D:\DPS 920\DPS920_final_project\IMG\right_2026_07_28_11_06_28_025.jpg,0.25,1.0,0,30.17527
D:\DPS 920\DPS920_final_project\IMG\center_2026_07_28_11_08_54_865.jpg,D:\DPS 920\DPS920_final_project\IMG\left_2026_07_28_11_08_54_865.jpg,D:\DPS 920\DPS920_final_project\IMG\right_2026_07_28_11_08_54_865.jpg,-0.1,1.0,0,30.18921
D:\DPS 920\DPS920_final_project\IMG\center_2026_07_28_11_07_58_288.jpg,D:\DPS 920\DPS920_final_project\IMG\left_2026_07_28_11_07_58_288.jpg,D:\DPS 920\DPS920_final_project\IMG\right_2026_07_28_11_07_58_288.jpg,0.0,1.0,0,30.19055
D:\DPS 920\DPS920_final_project\IMG\center_2026_07_28_11_21_47_966.jpg,D:\DPS 920\DPS920_final_project\IMG\left_2026_07_28_11_21_47_966.jpg,D:\DPS 920\DPS920_final_project\IMG\right_2026_07_28_11_21_47_966.jpg,-0.05,1.0,0,30.18955
D:\DPS 920\DPS920_final_project\IMG\center_2026_07_28_11_22_23_383.jpg,D:\DPS 920\DPS920_final_project\IMG\left_2026_07_28_11_22_23_383.jpg,D:\DPS 920\DPS920_final_project\IMG\right_2026_07_28_11_22_23_383.jpg,-0.1,1.0,0,30.18811
D:\DPS 920\DPS920_final_project\IMG\center_2026_07_28_11_20_10_675.jpg,D:\DPS 920\DPS920_final_project\IMG\left_2026_07_28_11_20_10_675.jpg,D:\DPS 920\DPS920_final_project\IMG\right_2026_07_28_11_20_10_675.jpg,-0.15,1.0,0,30.18542
D:\DPS 920\DPS920_final_project\IMG\center_2026_07_28_11_08_51_943.jpg,D:\DPS 920\DPS920_final_project\IMG\left_2026_07_28_11_08_51_943.jpg,D:\DPS 920\DPS920_final_project\IMG\right_2026_07_28_11_08_51_943.jpg,-0.5500001,1.0,0,30.13976
D:\DPS 920\DPS920_final_project\IMG\center_2026_07_28_11_20_53_745.jpg,D:\DPS 920\DPS920_final_project\IMG\left_2026_07_28_11_20_53_745.jpg,D:\DPS 920\DPS920_final_project\IMG\right_2026_07_28_11_20_53_745.jpg,-0.2,1.0,0,30.18032
D:\DPS 920\DPS920_final_project\IMG\center_2026_07_28_11_22_28_331.jpg,D:\DPS 920\DPS920_final_project\IMG\left_2026_07_28_11_22_28_331.jpg,D:\DPS 920\DPS920_final_project\IMG\right_2026_07_28_11_22_28_331.jpg,0.0,1.0,0,30.19028
D:\DPS 920\DPS920_final_project\IMG\center_2026_07_28_11_20_04_665.jpg,D:\DPS 920\DPS920_final_project\IMG\left_2026_07_28_11_20_04_665.jpg,D:\DPS 920\DPS920_final_project\IMG\right_2026_07_28_11_20_04_665.jpg,-0.2,1.0,0,30.17976
D:\DPS 920\DPS920_final_project\IMG\center_2026_07_28_11_22_49_789.jpg,D:\DPS 920\DPS920_final_project\IMG\left_2026_07_28_11_22_49_789.jpg,D:\DPS 920\DPS920_final_project\IMG\right_2026_07_28_11_22_49_789.jpg,-0.25,1.0,0,30.17515
D:\DPS 920\DPS920_final_project\IMG\center_2026_07_28_11_09_28_309.jpg,D:\DPS 920\DPS920_final_project\IMG\left_2026_07_28_11_09_28_309.jpg,D:\DPS 920\DPS920_final_project\IMG\right_2026_07_28_11_09_28_309.jpg,0.0,1.0,0,30.19082
D:\DPS 920\DPS920_final_project\IMG\center_2026_07_28_11_09_07_570.jpg,D:\DPS 920\DPS920_final_project\IMG\left_2026_07_28_11_09_07_570.jpg,D:\DPS 920\DPS920_final_project\IMG\right_2026_07_28_11_09_07_570.jpg,0.35,1.0,0,30.02169
D:\DPS 920\DPS920_final_project\IMG\center_2026_07_28_11_21_21_233.jpg,D:\DPS 920\DPS920_final_project\IMG\left_2026_07_28_11_21_21_233.jpg,D:\DPS 920\DPS920_final_project\IMG\right_2026_07_28_11_21_21_233.jpg,-0.2,1.0,0,30.18503
D:\DPS 920\DPS920_final_project\IMG\center_2026_07_28_11_07_54_179.jpg,D:\DPS 920\DPS920_final_project\IMG\left_2026_07_28_11_07_54_179.jpg,D:\DPS 920\DPS920_final_project\IMG\right_2026_07_28_11_07_54_179.jpg,0.2,1.0,0,30.18127
D:\DPS 920\DPS920_final_project\IMG\center_2026_07_28_11_06_48_695.jpg,D:\DPS 920\DPS920_final_project\IMG\left_2026_07_28_11_06_48_695.jpg,D:\DPS 920\DPS920_final_project\IMG\right_2026_07_28_11_06_48_695.jpg,0.1,1.0,0,30.18773
D:\DPS 920\DPS920_final_project\IMG\center_2026_07_28_11_09_37_646.jpg,D:\DPS 920\DPS920_final_project\IMG\left_2026_07_28_11_09_37_646.jpg,D:\DPS 920\DPS920_final_project\IMG\right_2026_07_28_11_09_37_646.jpg,0.15,1.0,0,30.18425
D:\DPS 920\DPS920_final_project\IMG\center_2026_07_28_11_20_07_374.jpg,D:\DPS 920\DPS920_final_project\IMG\left_2026_07_28_11_20_07_374.jpg,D:\DPS 920\DPS920_final_project\IMG\right_2026_07_28_11_20_07_374.jpg,0.0,1.0,0,30.19046
D:\DPS 920\DPS920_final_project\IMG\center_2026_07_28_11_10_23_100.jpg,D:\DPS 920\DPS920_final_project\IMG\left_2026_07_28_11_10_23_100.jpg,D:\DPS 920\DPS920_final_project\IMG\right_2026_07_28_11_10_23_100.jpg,0.1,1.0,0,30.18967
D:\DPS 920\DPS920_final_project\IMG\center_2026_07_28_11_09_44_422.jpg,D:\DPS 920\DPS920_final_project\IMG\left_2026_07_28_11_09_44_422.jpg,D:\DPS 920\DPS920_final_project\IMG\right_2026_07_28_11_09_44_422.jpg,0.0,1.0,0,30.19018
D:\DPS 920\DPS920_final_project\IMG\center_2026_07_28_11_08_21_718.jpg,D:\DPS 920\DPS920_final_project\IMG\left_2026_07_28_11_08_21_718.jpg,D:\DPS 920\DPS920_final_project\IMG\right_2026_07_28_11_08_21_718.jpg,0.0,1.0,0,30.18931
D:\DPS 920\DPS920_final_project\IMG\center_2026_07_28_11_21_57_700.jpg,D:\DPS 920\DPS920_final_project\IMG\left_2026_07_28_11_21_57_700.jpg,D:\DPS 920\DPS920_final_project\IMG\right_2026_07_28_11_21_57_700.jpg,-0.2,1.0,0,30.18378
D:\DPS 920\DPS920_final_project\IMG\center_2026_07_28_11_08_38_427.jpg,D:\DPS 920\DPS920_final_project\IMG\left_2026_07_28_11_08_38_427.jpg,D:\DPS 920\DPS920_final_project\IMG\right_2026_07_28_11_08_38_427.jpg,0.15,1.0,0,30.18551
D:\DPS 920\DPS920_final_project\IMG\center_2026_07_28_11_20_10_372.jpg,D:\DPS 920\DPS920_final_project\IMG\left_2026_07_28_11_20_10_372.jpg,D:\DPS 920\DPS920_final_project\IMG\right_2026_07_28_11_20_10_372.jpg,0.0,1.0,0,30.19042
D:\DPS 920\DPS920_final_project\IMG\center_2026_07_28_11_09_11_176.jpg,D:\DPS 920\DPS920_final_project\IMG\left_2026_07_28_11_09_11_176.jpg,D:\DPS 920\DPS920_final_project\IMG\right_2026_07_28_11_09_11_176.jpg,0.0,1.0,0,30.19064
D:\DPS 920\DPS920_final_project\IMG\center_2026_07_28_11_21_34_765.jpg,D:\DPS 920\DPS920_final_project\IMG\left_2026_07_28_11_21_34_765.jpg,D:\DPS 920\DPS920_final_project\IMG\right_2026_07_28_11_21_34_765.jpg,-0.15,1.0,0,30.18426
D:\DPS 920\DPS920_final_project\IMG\center_2026_07_28_11_22_27_746.jpg,D:\DPS 920\DPS920_final_project\IMG\left_2026_07_28_11_22_27_746.jpg,D:\DPS 920\DPS920_final_project\IMG\right_2026_07_28_11_22_27_746.jpg,-0.05,1.0,0,30.19008
D:\DPS 920\DPS920_final_project\IMG\center_2026_07_28_11_06_57_817.jpg,D:\DPS 920\DPS920_final_project\IMG\left_2026_07_28_11_06_57_817.jpg,D:\DPS 920\DPS920_final_project\IMG\right_2026_07_28_11_06_57_817.jpg,0.0,1.0,0,30.19029
D:\DPS 920\DPS920_final_project\IMG\center_2026_07_28_11_20_36_354.jpg,D:\DPS 920\DPS920_final_project\IMG\left_2026_07_28_11_20_36_354.jpg,D:\DPS 920\DPS920_final_project\IMG\right_2026_07_28_11_20_36_354.jpg,-0.45,1.0,0,30.1573
D:\DPS 920\DPS920_final_project\IMG\center_2026_07_28_11_21_43_114.jpg,D:\DPS 920\DPS920_final_project\IMG\left_2026_07_28_11_21_43_114.jpg,D:\DPS 920\DPS920_final_project\IMG\right_2026_07_28_11_21_43_114.jpg,0.0,1.0,0,30.1903
D:\DPS 920\DPS920_final_project\IMG\center_2026_07_28_11_08_58_237.jpg,D:\DPS 920\DPS920_final_project\IMG\left_2026_07_28_11_08_58_237.jpg,D:\DPS 920\DPS920_final_project\IMG\right_2026_07_28_11_08_58_237.jpg,0.05,1.0,0,30.19014
D:\DPS 920\DPS920_final_project\IMG\center_2026_07_28_11_21_24_785.jpg,D:\DPS 920\DPS920_final_project\IMG\left_2026_07_28_11_21_24_785.jpg,D:\DPS 920\DPS920_final_project\IMG\right_2026_07_28_11_21_24_785.jpg,-0.05,1.0,0,30.19009
D:\DPS 920\DPS920_final_project\IMG\center_2026_07_28_11_06_02_732.jpg,D:\DPS 920\DPS920_final_project\IMG\left_2026_07_28_11_06_02_732.jpg,D:\DPS 920\DPS920_final_project\IMG\right_2026_07_28_11_06_02_732.jpg,0.0,1.0,0,30.18999
D:\DPS 920\DPS920_final_project\IMG\center_2026_07_28_11_06_56_274.jpg,D:\DPS 920\DPS920_final_project\IMG\left_2026_07_28_11_06_56_274.jpg,D:\DPS 920\DPS920_final_project\IMG\right_2026_07_28_11_06_56_274.jpg,0.1,1.0,0,30.18766
D:\DPS 920\DPS920_final_project\IMG\center_2026_07_28_11_10_25_414.jpg,D:\DPS 920\DPS920_final_project\IMG\left_2026_07_28_11_10_25_414.jpg,D:\DPS 920\DPS920_final_project\IMG\right_2026_07_28_11_10_25_414.jpg,0.4,1.0,0,30.16414
D:\DPS 920\DPS920_final_project\IMG\center_2026_07_28_11_09_13_075.jpg,D:\DPS 920\DPS920_final_project\IMG\left_2026_07_28_11_09_13_075.jpg,D:\DPS 920\DPS920_final_project\IMG\right_2026_07_28_11_09_13_075.jpg,0.0,1.0,0,30.19063
D:\DPS 920\DPS920_final_project\IMG\center_2026_07_28_11_21_08_155.jpg,D:\DPS 920\DPS920_final_project\IMG\left_2026_07_28_11_21_08_155.jpg,D:\DPS 920\DPS920_final_project\IMG\right_2026_07_28_11_21_08_155.jpg,0.5500001,1.0,0,30.1393
D:\DPS 920\DPS920_final_project\IMG\center_2026_07_28_11_08_26_339.jpg,D:\DPS 920\DPS920_final_project\IMG\left_2026_07_28_11_08_26_339.jpg,D:\DPS 920\DPS920_final_project\IMG\right_2026_07_28_11_08_26_339.jpg,0.0,1.0,0,30.1901
D:\DPS 920\DPS920_final_project\IMG\center_2026_07_28_11_08_25_709.jpg,D:\DPS 920\DPS920_final_project\IMG\left_2026_07_28_11_08_25_709.jpg,D:\DPS 920\DPS920_final_project\IMG\right_2026_07_28_11_08_25_709.jpg,0.25,1.0,0,30.17489
D:\DPS 920\DPS920_final_project\IMG\center_2026_07_28_11_05_57_423.jpg,D:\DPS 920\DPS920_final_project\IMG\left_2026_07_28_11_05_57_423.jpg,D:\DPS 920\DPS920_final_project\IMG\right_2026_07_28_11_05_57_423.jpg,0.4,1.0,0,24.17409
D:\DPS 920\DPS920_final_project\IMG\center_2026_07_28_11_08_43_581.jpg,D:\DPS 920\DPS920_final_project\IMG\left_2026_07_28_11_08_43_581.jpg,D:\DPS 920\DPS920_final_project\IMG\right_2026_07_28_11_08_43_581.jpg,0.35,1.0,0,30.16654
D:\DPS 920\DPS920_final_project\IMG\center_2026_07_28_11_22_42_466.jpg,D:\DPS 920\DPS920_final_project\IMG\left_2026_07_28_11_22_42_466.jpg,D:\DPS 920\DPS920_final_project\IMG\right_2026_07_28_11_22_42_466.jpg,-0.15,1.0,0,30.18567
D:\DPS 920\DPS920_final_project\IMG\center_2026_07_28_11_05_56_900.jpg,D:\DPS 920\DPS920_final_project\IMG\left_2026_07_28_11_05_56_900.jpg,D:\DPS 920\DPS920_final_project\IMG\right_2026_07_28_11_05_56_900.jpg,0.15,1.0,0,19.12335
D:\DPS 920\DPS920_final_project\IMG\center_2026_07_28_11_22_01_843.jpg,D:\DPS 920\DPS920_final_project\IMG\left_2026_07_28_11_22_01_843.jpg,D:\DPS 920\DPS920_final_project\IMG\right_2026_07_28_11_22_01_843.jpg,-0.15,1.0,0,30.18588
D:\DPS 920\DPS920_final_project\IMG\center_2026_07_28_11_21_28_341.jpg,D:\DPS 920\DPS920_final_project\IMG\left_2026_07_28_11_21_28_341.jpg,D:\DPS 920\DPS920_final_project\IMG\right_2026_07_28_11_21_28_341.jpg,-0.25,1.0,0,30.17519
D:\DPS 920\DPS920_final_project\IMG\center_2026_07_28_11_19_56_295.jpg,D:\DPS 920\DPS920_final_project\IMG\left_2026_07_28_11_19_56_295.jpg,D:\DPS 920\DPS920_final_project\IMG\right_2026_07_28_11_19_56_295.jpg,-0.1,1.0,0,23.66015
D:\DPS 920\DPS920_final_project\IMG\center_2026_07_28_11_22_07_478.jpg,D:\DPS 920\DPS920_final_project\IMG\left_2026_07_28_11_22_07_478.jpg,D:\DPS 920\DPS920_final_project\IMG\right_2026_07_28_11_22_07_478.jpg,-0.2,1.0,0,30.17977
D:\DPS 920\DPS920_final_project\IMG\center_2026_07_28_11_07_46_567.jpg,D:\DPS 920\DPS920_final_project\IMG\left_2026_07_28_11_07_46_567.jpg,D:\DPS 920\DPS920_final_project\IMG\right_2026_07_28_11_07_46_567.jpg,0.0,1.0,0,30.19064
D:\DPS 920\DPS920_final_project\IMG\center_2026_07_28_11_10_06_497.jpg,D:\DPS 920\DPS920_final_project\IMG\left_2026_07_28_11_10_06_497.jpg,D:\DPS 920\DPS920_final_project\IMG\right_2026_07_28_11_10_06_497.jpg,0.0,1.0,0,30.18991
D:\DPS 920\DPS920_final_project\IMG\center_2026_07_28_11_07_22_870.jpg,D:\DPS 920\DPS920_final_project\IMG\left_2026_07_28_11_07_22_870.jpg,D:\DPS 920\DPS920_final_project\IMG\right_2026_07_28_11_07_22_870.jpg,0.25,1.0,0,30.17679
D:\DPS 920\DPS920_final_project\IMG\center_2026_07_28_11_07_39_821.jpg,D:\DPS 920\DPS920_final_project\IMG\left_2026_07_28_11_07_39_821.jpg,D:\DPS 920\DPS920_final_project\IMG\right_2026_07_28_11_07_39_821.jpg,0.2,1.0,0,30.18439
D:\DPS 920\DPS920_final_project\IMG\center_2026_07_28_11_20_38_133.jpg,D:\DPS 920\DPS920_final_project\IMG\left_2026_07_28_11_20_38_133.jpg,D:\DPS 920\DPS920_final_project\IMG\right_2026_07_28_11_20_38_133.jpg,-0.05,1.0,0,30.19002
D:\DPS 920\DPS920_final_project\IMG\center_2026_07_28_11_21_49_126.jpg,D:\DPS 920\DPS920_final_project\IMG\left_2026_07_28_11_21_49_126.jpg,D:\DPS 920\DPS920_final_project\IMG\right_2026_07_28_11_21_49_126.jpg,-0.15,1.0,0,30.18523
D:\DPS 920\DPS920_final_project\IMG\center_2026_07_28_11_09_25_426.jpg,D:\DPS 920\DPS920_final_project\IMG\left_2026_07_28_11_09_25_426.jpg,D:\DPS 920\DPS920_final_project\IMG\right_2026_07_28_11_09_25_426.jpg,0.0,1.0,0,30.19015
D:\DPS 920\DPS920_final_project\IMG\center_2026_07_28_11_22_40_698.jpg,D:\DPS 920\DPS920_final_project\IMG\left_2026_07_28_11_22_40_698.jpg,D:\DPS 920\DPS920_final_project\IMG\right_2026_07_28_11_22_40_698.jpg,-0.35,1.0,0,30.16311
D:\DPS 920\DPS920_final_project\IMG\center_2026_07_28_11_21_51_957.jpg,D:\DPS 920\DPS920_final_project\IMG\left_2026_07_28_11_21_51_957.jpg,D:\DPS 920\DPS920_final_project\IMG\right_2026_07_28_11_21_51_957.jpg,0.0,1.0,0,30.19044
D:\DPS 920\DPS920_final_project\IMG\center_2026_07_28_11_20_16_009.jpg,D:\DPS 920\DPS920_final_project\IMG\left_2026_07_28_11_20_16_009.jpg,D:\DPS 920\DPS920_final_project\IMG\right_2026_07_28_11_20_16_009.jpg,-0.2,1.0,0,30.1802
D:\DPS 920\DPS920_final_project\IMG\center_2026_07_28_11_07_43_719.jpg,D:\DPS 920\DPS920_final_project\IMG\left_2026_07_28_11_07_43_719.jpg,D:\DPS 920\DPS920_final_project\IMG\right_2026_07_28_11_07_43_719.jpg,0.0,1.0,0,30.19031
D:\DPS 920\DPS920_final_project\IMG\center_2026_07_28_11_09_02_837.jpg,D:\DPS 920\DPS920_final_project\IMG\left_2026_07_28_11_09_02_837.jpg,D:\DPS 920\DPS920_final_project\IMG\right_2026_07_28_11_09_02_837.jpg,0.35,1.0,0,30.16896
D:\DPS 920\DPS920_final_project\IMG\center_2026_07_28_11_21_55_968.jpg,D:\DPS 920\DPS920_final_project\IMG\left_2026_07_28_11_21_55_968.jpg,D:\DPS 920\DPS920_final_project\IMG\right_2026_07_28_11_21_55_968.jpg,-0.1,1.0,0,30.18818
D:\DPS 920\DPS920_final_project\IMG\center_2026_07_28_11_20_00_134.jpg,D:\DPS 920\DPS920_final_project\IMG\left_2026_07_28_11_20_00_134.jpg,D:\DPS 920\DPS920_final_project\IMG\right_2026_07_28_11_20_00_134.jpg,-0.1,1.0,0,30.18597
D:\DPS 920\DPS920_final_project\IMG\center_2026_07_28_11_19_54_685.jpg,D:\DPS 920\DPS920_final_project\IMG\left_2026_07_28_11_19_54_685.jpg,D:\DPS 920\DPS920_final_project\IMG\right_2026_07_28_11_19_54_685.jpg,-0.15,1.0,0,7.615044
D:\DPS 920\DPS920_final_project\IMG\center_2026_07_28_11_22_34_484.jpg,D:\DPS 920\DPS920_final_project\IMG\left_2026_07_28_11_22_34_484.jpg,D:\DPS 920\DPS920_final_project\IMG\right_2026_07_28_11_22_34_484.jpg,0.25,1.0,0,30.17754
D:\DPS 920\DPS920_final_project\IMG\center_2026_07_28_11_20_02_759.jpg,D:\DPS 920\DPS920_final_project\IMG\left_2026_07_28_11_20_02_759.jpg,D:\DPS 920\DPS920_final_project\IMG\right_2026_07_28_11_20_02_759.jpg,-0.05,1.0,0,30.18995
D:\DPS 920\DPS920_final_project\IMG\center_2026_07_28_11_22_33_048.jpg,D:\DPS 920\DPS920_final_project\IMG\left_2026_07_28_11_22_33_048.jpg,D:\DPS 920\DPS920_final_project\IMG\right_2026_07_28_11_22_33_048.jpg,0.3,1.0,0,30.17088
D:\DPS 920\DPS920_final_project\IMG\center_2026_07_28_11_10_13_481.jpg,D:\DPS 920\DPS920_final_project\IMG\left_2026_07_28_11_10_13_481.jpg,D:\DPS 920\DPS920_final_project\IMG\right_2026_07_28_11_10_13_481.jpg,0.0,1.0,0,30.18981
D:\DPS 920\DPS920_final_project\IMG\center_2026_07_28_11_21_18_600.jpg,D:\DPS 920\DPS920_final_project\IMG\left_2026_07_28_11_21_18_600.jpg,D:\DPS 920\DPS920_final_project\IMG\right_2026_07_28_11_21_18_600.jpg,0.0,1.0,0,30.18673
D:\DPS 920\DPS920_final_project\IMG\center_2026_07_28_11_10_24_833.jpg,D:\DPS 920\DPS920_final_project\IMG\left_2026_07_28_11_10_24_833.jpg,D:\DPS 920\DPS920_final_project\IMG\right_2026_07_28_11_10_24_833.jpg,0.15,1.0,0,30.18593
D:\DPS 920\DPS920_final_project\IMG\center_2026_07_28_11_21_27_162.jpg,D:\DPS 920\DPS920_final_project\IMG\left_2026_07_28_11_21_27_162.jpg,D:\DPS 920\DPS920_final_project\IMG\right_2026_07_28_11_21_27_162.jpg,0.0,1.0,0,30.1894
D:\DPS 920\DPS920_final_project\IMG\center_2026_07_28_11_21_34_832.jpg,D:\DPS 920\DPS920_final_project\IMG\left_2026_07_28_11_21_34_832.jpg,D:\DPS 920\DPS920_final_project\IMG\right_2026_07_28_11_21_34_832.jpg,0.0,1.0,0,30.19103
D:\DPS 920\DPS920_final_project\IMG\center_2026_07_28_11_20_54_269.jpg,D:\DPS 920\DPS920_final_project\IMG\left_2026_07_28_11_20_54_269.jpg,D:\DPS 920\DPS920_final_project\IMG\right_2026_07_28_11_20_54_269.jpg,0.0,1.0,0,30.14827
D:\DPS 920\DPS920_final_project\IMG\center_2026_07_28_11_22_00_290.jpg,D:\DPS 920\DPS920_final_project\IMG\left_2026_07_28_11_22_00_290.jpg,D:\DPS 920\DPS920_final_project\IMG\right_2026_07_28_11_22_00_290.jpg,-0.1,1.0,0,30.18858
D:\DPS 920\DPS920_final_project\IMG\center_2026_07_28_11_09_36_157.jpg,D:\DPS 920\DPS920_final_project\IMG\left_2026_07_28_11_09_36_157.jpg,D:\DPS 920\DPS920_final_project\IMG\right_2026_07_28_11_09_36_157.jpg,0.15,1.0,0,30.18444
D:\DPS 920\DPS920_final_project\IMG\center_2026_07_28_11_21_02_789.jpg,D:\DPS 920\DPS920_final_project\IMG\left_2026_07_28_11_21_02_789.jpg,D:\DPS 920\DPS920_final_project\IMG\right_2026_07_28_11_21_02_789.jpg,-0.15,1.0,0,30.18463
D:\DPS 920\DPS920_final_project\IMG\center_2026_07_28_11_07_22_035.jpg,D:\DPS 920\DPS920_final_project\IMG\left_2026_07_28_11_07_22_035.jpg,D:\DPS 920\DPS920_final_project\IMG\right_2026_07_28_11_07_22_035.jpg,0.05,1.0,0,30.19021
D:\DPS 920\DPS920_final_project\IMG\center_2026_07_28_11_08_09_376.jpg,D:\DPS 920\DPS920_final_project\IMG\left_2026_07_28_11_08_09_376.jpg,D:\DPS 920\DPS920_final_project\IMG\right_2026_07_28_11_08_09_376.jpg,0.0,1.0,0,30.19019
D:\DPS 920\DPS920_final_project\IMG\center_2026_07_28_11_09_34_518.jpg,D:\DPS 920\DPS920_final_project\IMG\left_2026_07_28_11_09_34_518.jpg,D:\DPS 920\DPS920_final_project\IMG\right_2026_07_28_11_09_34_518.jpg,0.15,1.0,0,30.18456
D:\DPS 920\DPS920_final_project\IMG\center_2026_07_28_11_06_53_665.jpg,D:\DPS 920\DPS920_final_project\IMG\left_2026_07_28_11_06_53_665.jpg,D:\DPS 920\DPS920_final_project\IMG\right_2026_07_28_11_06_53_665.jpg,0.0,1.0,0,30.19029
D:\DPS 920\DPS920_final_project\IMG\center_2026_07_28_11_20_58_830.jpg,D:\DPS 920\DPS920_final_project\IMG\left_2026_07_28_11_20_58_830.jpg,D:\DPS 920\DPS920_final_project\IMG\right_2026_07_28_11_20_58_830.jpg,-0.3,1.0,0,30.17288
D:\DPS 920\DPS920_final_project\IMG\center_2026_07_28_11_09_27_321.jpg,D:\DPS 920\DPS920_final_project\IMG\left_2026_07_28_11_09_27_321.jpg,D:\DPS 920\DPS920_final_project\IMG\right_2026_07_28_11_09_27_321.jpg,0.15,1.0,0,30.18763
D:\DPS 920\DPS920_final_project\IMG\center_2026_07_28_11_08_54_227.jpg,D:\DPS 920\DPS920_final_project\IMG\left_2026_07_28_11_08_54_227.jpg,D:\DPS 920\DPS920_final_project\IMG\right_2026_07_28_11_08_54_227.jpg,0.0,1.0,0,30.19031
D:\DPS 920\DPS920_final_project\IMG\center_2026_07_28_11_20_53_524.jpg,D:\DPS 920\DPS920_final_project\IMG\left_2026_07_28_11_20_53_524.jpg,D:\DPS 920\DPS920_final_project\IMG\right_2026_07_28_11_20_53_524.jpg,0.0,1.0,0,30.19033
D:\DPS 920\DPS920_final_project\IMG\center_2026_07_28_11_10_18_944.jpg,D:\DPS 920\DPS920_final_project\IMG\left_2026_07_28_11_10_18_944.jpg,D:\DPS 920\DPS920_final_project\IMG\right_2026_07_28_11_10_18_944.jpg,0.0,1.0,0,30.19032
D:\DPS 920\DPS920_final_project\IMG\center_2026_07_28_11_07_26_578.jpg,D:\DPS 920\DPS920_final_project\IMG\left_2026_07_28_11_07_26_578.jpg,D:\DPS 920\DPS920_final_project\IMG\right_2026_07_28_11_07_26_578.jpg,-0.15,1.0,0,30.18497
D:\DPS 920\DPS920_final_project\IMG\center_2026_07_28_11_21_29_645.jpg,D:\DPS 920\DPS920_final_project\IMG\left_2026_07_28_11_21_29_645.jpg,D:\DPS 920\DPS920_final_project\IMG\right_2026_07_28_11_21_29_645.jpg,-0.15,1.0,0,30.18589
D:\DPS 920\DPS920_final_project\IMG\center_2026_07_28_11_09_13_288.jpg,D:\DPS 920\DPS920_final_project\IMG\left_2026_07_28_11_09_13_288.jpg,D:\DPS 920\DPS920_final_project\IMG\right_2026_07_28_11_09_13_288.jpg,0.1,1.0,0,30.18808
D:\DPS 920\DPS920_final_project\IMG\center_2026_07_28_11_19_58_540.jpg,D:\DPS 920\DPS920_final_project\IMG\left_2026_07_28_11_19_58_540.jpg,D:\DPS 920\DPS920_final_project\IMG\right_2026_07_28_11_19_58_540.jpg,-0.2,1.0,0,30.18417
D:\DPS 920\DPS920_final_project\IMG\center_2026_07_28_11_08_33_670.jpg,D:\DPS 920\DPS920_final_project\IMG\left_2026_07_28_11_08_33_670.jpg,D:\DPS 920\DPS920_final_project\IMG\right_2026_07_28_11_08_33_670.jpg,0.15,1.0,0,30.18457
D:\DPS 920\DPS920_final_project\IMG\center_2026_07_28_11_10_30_960.jpg,D:\DPS 920\DPS920_final_project\IMG\left_2026_07_28_11_10_30_960.jpg,D:\DPS 920\DPS920_final_project\IMG\right_2026_07_28_11_10_30_960.jpg,-0.05,1.0,0,30.18975
D:\DPS 920\DPS920_final_project\IMG\center_2026_07_28_11_07_30_723.jpg,D:\DPS 920\DPS920_final_project\IMG\left_2026_07_28_11_07_30_723.jpg,D:\DPS 920\DPS920_final_project\IMG\right_2026_07_28_11_07_30_723.jpg,-0.2,1.0,0,30.18933
D:\DPS 920\DPS920_final_project\IMG\center_2026_07_28_11_20_35_412.jpg,D:\DPS 920\DPS920_final_project\IMG\left_2026_07_28_11_20_35_412.jpg,D:\DPS 920\DPS920_final_project\IMG\right_2026_07_28_11_20_35_412.jpg,-0.3,1.0,0,30.17367
D:\DPS 920\DPS920_final_project\IMG\center_2026_07_28_11_06_19_987.jpg,D:\DPS 920\DPS920_final_project\IMG\left_2026_07_28_11_06_19_987.jpg,D:\DPS 920\DPS920_final_project\IMG\right_2026_07_28_11_06_19_987.jpg,0.2,1.0,0,30.17984
D:\DPS 920\DPS920_final_project\IMG\center_2026_07_28_11_21_16_896.jpg,D:\DPS 920\DPS920_final_project\IMG\left_2026_07_28_11_21_16_896.jpg,D:\DPS 920\DPS920_final_project\IMG\right_2026_07_28_11_21_16_896.jpg,0.0,1.0,0,30.18862
D:\DPS 920\DPS920_final_project\IMG\center_2026_07_28_11_08_27_336.jpg,D:\DPS 920\DPS920_final_project\IMG\left_2026_07_28_11_08_27_336.jpg,D:\DPS 920\DPS920_final_project\IMG\right_2026_07_28_11_08_27_336.jpg,0.05,1.0,0,30.18989
D:\DPS 920\DPS920_final_project\IMG\center_2026_07_28_11_06_02_187.jpg,D:\DPS 920\DPS920_final_project\IMG\left_2026_07_28_11_06_02_187.jpg,D:\DPS 920\DPS920_final_project\IMG\right_2026_07_28_11_06_02_187.jpg,-0.2,1.0,0,30.17964
D:\DPS 920\DPS920_final_project\IMG\center_2026_07_28_11_21_45_857.jpg,D:\DPS 920\DPS920_final_project\IMG\left_2026_07_28_11_21_45_857.jpg,D:\DPS 920\DPS920_final_project\IMG\right_2026_07_28_11_21_45_857.jpg,-0.2,1.0,0,30.17949
D:\DPS 920\DPS920_final_project\IMG\center_2026_07_28_11_09_59_986.jpg,D:\DPS 920\DPS920_final_project\IMG\left_2026_07_28_11_09_59_986.jpg,D:\DPS 920\DPS920_final_project\IMG\right_2026_07_28_11_09_59_986.jpg,0.0,1.0,0,30.1897
D:\DPS 920\DPS920_final_project\IMG\center_2026_07_28_11_20_17_348.jpg,D:\DPS 920\DPS920_final_project\IMG\left_2026_07_28_11_20_17_348.jpg,D:\DPS 920\DPS920_final_project\IMG\right_2026_07_28_11_20_17_348.jpg,0.0,1.0,0,30.19029
D:\DPS 920\DPS920_final_project\IMG\center_2026_07_28_11_08_06_888.jpg,D:\DPS 920\DPS920_final_project\IMG\left_2026_07_28_11_08_06_888.jpg,D:\DPS 920\DPS920_final_project\IMG\right_2026_07_28_11_08_06_888.jpg,0.05,1.0,0,30.19019
D:\DPS 920\DPS920_final_project\IMG\center_2026_07_28_11_07_28_175.jpg,D:\DPS 920\DPS920_final_project\IMG\left_2026_07_28_11_07_28_175.jpg,D:\DPS 920\DPS920_final_project\IMG\right_2026_07_28_11_07_28_175.jpg,-0.25,1.0,0,30.177
D:\DPS 920\DPS920_final_project\IMG\center_2026_07_28_11_06_56_070.jpg,D:\DPS 920\DPS920_final_project\IMG\left_2026_07_28_11_06_56_070.jpg,D:\DPS 920\DPS920_final_project\IMG\right_2026_07_28_11_06_56_070.jpg,0.0,1.0,0,30.19027
D:\DPS 920\DPS920_final_project\IMG\center_2026_07_28_11_09_29_909.jpg,D:\DPS 920\DPS920_final_project\IMG\left_2026_07_28_11_09_29_909.jpg,D:\DPS 920\DPS920_final_project\IMG\right_2026_07_28_11_09_29_909.jpg,0.0,1.0,0,30.18147
D:\DPS 920\DPS920_final_project\IMG\center_2026_07_28_11_19_56_727.jpg,D:\DPS 920\DPS920_final_project\IMG\left_2026_07_28_11_19_56_727.jpg,D:\DPS 920\DPS920_final_project\IMG\right_2026_07_28_11_19_56_727.jpg,-0.05,1.0,0,27.60989
D:\DPS 920\DPS920_final_project\IMG\center_2026_07_28_11_21_34_617.jpg,D:\DPS 920\DPS920_final_project\IMG\left_2026_07_28_11_21_34_617.jpg,D:\DPS 920\DPS920_final_project\IMG\right_2026_07_28_11_21_34_617.jpg,0.0,1.0,0,30.1904
D:\DPS 920\DPS920_final_project\IMG\center_2026_07_28_11_07_15_618.jpg,D:\DPS 920\DPS920_final_project\IMG\left_2026_07_28_11_07_15_618.jpg,D:\DPS 920\DPS920_final_project\IMG\right_2026_07_28_11_07_15_618.jpg,0.2,1.0,0,30.18297
D:\DPS 920\DPS920_final_project\IMG\center_2026_07_28_11_21_11_816.jpg,D:\DPS 920\DPS920_final_project\IMG\left_2026_07_28_11_21_11_816.jpg,D:\DPS 920\DPS920_final_project\IMG\right_2026_07_28_11_21_11_816.jpg,0.3,1.0,0,30.16966
D:\DPS 920\DPS920_final_project\IMG\center_2026_07_28_11_20_36_139.jpg,D:\DPS 920\DPS920_final_project\IMG\left_2026_07_28_11_20_36_139.jpg,D:\DPS 920\DPS920_final_project\IMG\right_2026_07_28_11_20_36_139.jpg,-0.35,1.0,0,30.16526
D:\DPS 920\DPS920_final_project\IMG\center_2026_07_28_11_09_55_062.jpg,D:\DPS 920\DPS920_final_project\IMG\left_2026_07_28_11_09_55_062.jpg,D:\DPS 920\DPS920_final_project\IMG\right_2026_07_28_11_09_55_062.jpg,0.1,1.0,0,30.18709
D:\DPS 920\DPS920_final_project\IMG\center_2026_07_28_11_10_14_505.jpg,D:\DPS 920\DPS920_final_project\IMG\left_2026_07_28_11_10_14_505.jpg,D:\DPS 920\DPS920_final_project\IMG\right_2026_07_28_11_10_14_505.jpg,-0.6000001,1.0,0,30.13423
D:\DPS 920\DPS920_final_project\IMG\center_2026_07_28_11_07_30_233.jpg,D:\DPS 920\DPS920_final_project\IMG\left_2026_07_28_11_07_30_233.jpg,D:\DPS 920\DPS920_final_project\IMG\right_2026_07_28_11_07_30_233.jpg,0.0,1.0,0,30.19008
D:\DPS 920\DPS920_final_project\IMG\center_2026_07_28_11_08_36_267.jpg,D:\DPS 920\DPS920_final_project\IMG\left_2026_07_28_11_08_36_267.jpg,D:\DPS 920\DPS920_final_project\IMG\right_2026_07_28_11_08_36_267.jpg,0.15,1.0,0,30.18501
D:\DPS 920\DPS920_final_project\IMG\center_2026_07_28_11_07_17_673.jpg,D:\DPS 920\DPS920_final_project\IMG\left_2026_07_28_11_07_17_673.jpg,D:\DPS 920\DPS920_final_project\IMG\right_2026_07_28_11_07_17_673.jpg,0.35,1.0,0,30.16353
D:\DPS 920\DPS920_final_project\IMG\center_2026_07_28_11_09_21_755.jpg,D:\DPS 920\DPS920_final_project\IMG\left_2026_07_28_11_09_21_755.jpg,D:\DPS 920\DPS920_final_project\IMG\right_2026_07_28_11_09_21_755.jpg,0.25,1.0,0,30.17443
D:\DPS 920\DPS920_final_project\IMG\center_2026_07_28_11_10_08_153.jpg,D:\DPS 920\DPS920_final_project\IMG\left_2026_07_28_11_10_08_153.jpg,D:\DPS 920\DPS920_final_project\IMG\right_2026_07_28_11_10_08_153.jpg,0.0,1.0,0,30.18977
D:\DPS 920\DPS920_final_project\IMG\center_2026_07_28_11_20_33_370.jpg,D:\DPS 920\DPS920_final_project\IMG\left_2026_07_28_11_20_33_370.jpg,D:\DPS 920\DPS920_final_project\IMG\right_2026_07_28_11_20_33_370.jpg,-0.1,1.0,0,30.18839
D:\DPS 920\DPS920_final_project\IMG\center_2026_07_28_11_07_39_544.jpg,D:\DPS 920\DPS920_final_project\IMG\left_2026_07_28_11_07_39_544.jpg,D:\DPS 920\DPS920_final_project\IMG\right_2026_07_28_11_07_39_544.jpg,0.1,1.0,0,30.19028
D:\DPS 920\DPS920_final_project\IMG\center_2026_07_28_11_06_45_585.jpg,D:\DPS 920\DPS920_final_project\IMG\left_2026_07_28_11_06_45_585.jpg,D:\DPS 920\DPS920_final_project\IMG\right_2026_07_28_11_06_45_585.jpg,0.05,1.0,0,30.19001
D:\DPS 920\DPS920_final_project\IMG\center_2026_07_28_11_07_09_247.jpg,D:\DPS 920\DPS920_final_project\IMG\left_2026_07_28_11_07_09_247.jpg,D:\DPS 920\DPS920_final_project\IMG\right_2026_07_28_11_07_09_247.jpg,0.2,1.0,0,30.18037
D:\DPS 920\DPS920_final_project\IMG\center_2026_07_28_11_08_09_162.jpg,D:\DPS 920\DPS920_final_project\IMG\left_2026_07_28_11_08_09_162.jpg,D:\DPS 920\DPS920_final_project\IMG\right_2026_07_28_11_08_09_162.jpg,0.1,1.0,0,30.18758
D:\DPS 920\DPS920_final_project\IMG\center_2026_07_28_11_06_40_912.jpg,D:\DPS 920\DPS920_final_project\IMG\left_2026_07_28_11_06_40_912.jpg,D:\DPS 920\DPS920_final_project\IMG\right_2026_07_28_11_06_40_912.jpg,0.0,1.0,0,30.18425
D:\DPS 920\DPS920_final_project\IMG\center_2026_07_28_11_06_53_391.jpg,D:\DPS 920\DPS920_final_project\IMG\left_2026_07_28_11_06_53_391.jpg,D:\DPS 920\DPS920_final_project\IMG\right_2026_07_28_11_06_53_391.jpg,0.0,1.0,0,30.19029
D:\DPS 920\DPS920_final_project\IMG\center_2026_07_28_11_08_11_056.jpg,D:\DPS 920\DPS920_final_project\IMG\left_2026_07_28_11_08_11_056.jpg,D:\DPS 920\DPS920_final_project\IMG\right_2026_07_28_11_08_11_056.jpg,0.05,1.0,0,30.18998
D:\DPS 920\DPS920_final_project\IMG\center_2026_07_28_11_10_09_040.jpg,D:\DPS 920\DPS920_final_project\IMG\left_2026_07_28_11_10_09_040.jpg,D:\DPS 920\DPS920_final_project\IMG\right_2026_07_28_11_10_09_040.jpg,0.05,1.0,0,30.19011
D:\DPS 920\DPS920_final_project\IMG\center_2026_07_28_11_10_23_756.jpg,D:\DPS 920\DPS920_final_project\IMG\left_2026_07_28_11_10_23_756.jpg,D:\DPS 920\DPS920_final_project\IMG\right_2026_07_28_11_10_23_756.jpg,0.1,1.0,0,30.18999
D:\DPS 920\DPS920_final_project\IMG\center_2026_07_28_11_22_19_566.jpg,D:\DPS 920\DPS920_final_project\IMG\left_2026_07_28_11_22_19_566.jpg,D:\DPS 920\DPS920_final_project\IMG\right_2026_07_28_11_22_19_566.jpg,0.0,1.0,0,30.19016
D:\DPS 920\DPS920_final_project\IMG\center_2026_07_28_11_06_05_359.jpg,D:\DPS 920\DPS920_final_project\IMG\left_2026_07_28_11_06_05_359.jpg,D:\DPS 920\DPS920_final_project\IMG\right_2026_07_28_11_06_05_359.jpg,-0.4,1.0,0,30.15011
D:\DPS 920\DPS920_final_project\IMG\center_2026_07_28_11_10_17_032.jpg,D:\DPS 920\DPS920_final_project\IMG\left_2026_07_28_11_10_17_032.jpg,D:\DPS 920\DPS920_final_project\IMG\right_2026_07_28_11_10_17_032.jpg,0.0,1.0,0,30.18959
D:\DPS 920\DPS920_final_project\IMG\center_2026_07_28_11_10_06_570.jpg,D:\DPS 920\DPS920_final_project\IMG\left_2026_07_28_11_10_06_570.jpg,D:\DPS 920\DPS920_final_project\IMG\right_2026_07_28_11_10_06_570.jpg,0.15,1.0,0,30.18894
D:\DPS 920\DPS920_final_project\IMG\center_2026_07_28_11_22_45_671.jpg,D:\DPS 920\DPS920_final_project\IMG\left_2026_07_28_11_22_45_671.jpg,D:\DPS 920\DPS920_final_project\IMG\right_2026_07_28_11_22_45_671.jpg,-0.25,1.0,0,30.17488
D:\DPS 920\DPS920_final_project\IMG\center_2026_07_28_11_06_37_797.jpg,D:\DPS 920\DPS920_final_project\IMG\left_2026_07_28_11_06_37_797.jpg,D:\DPS 920\DPS920_final_project\IMG\right_2026_07_28_11_06_37_797.jpg,0.45,1.0,0,30.15402
D:\DPS 920\DPS920_final_project\IMG\center_2026_07_28_11_06_32_753.jpg,D:\DPS 920\DPS920_final_project\IMG\left_2026_07_28_11_06_32_753.jpg,D:\DPS 920\DPS920_final_project\IMG\right_2026_07_28_11_06_32_753.jpg,0.05,1.0,0,30.18979
D:\DPS 920\DPS920_final_project\IMG\center_2026_07_28_11_20_03_575.jpg,D:\DPS 920\DPS920_final_project\IMG\left_2026_07_28_11_20_03_575.jpg,D:\DPS 920\DPS920_final_project\IMG\right_2026_07_28_11_20_03_575.jpg,-0.05,1.0,0,30.18968
D:\DPS 920\DPS920_final_project\IMG\center_2026_07_28_11_21_23_160.jpg,D:\DPS 920\DPS920_final_project\IMG\left_2026_07_28_11_21_23_160.jpg,D:\DPS 920\DPS920_final_project\IMG\right_2026_07_28_11_21_23_160.jpg,-0.25,1.0,0,30.17923
D:\DPS 920\DPS920_final_project\IMG\center_2026_07_28_11_09_49_232.jpg,D:\DPS 920\DPS920_final_project\IMG\left_2026_07_28_11_09_49_232.jpg,D:\DPS 920\DPS920_final_project\IMG\right_2026_07_28_11_09_49_232.jpg,0.0,1.0,0,30.19044
D:\DPS 920\DPS920_final_project\IMG\center_2026_07_28_11_10_26_487.jpg,D:\DPS 920\DPS920_final_project\IMG\left_2026_07_28_11_10_26_487.jpg,D:\DPS 920\DPS920_final_project\IMG\right_2026_07_28_11_10_26_487.jpg,0.3,1.0,0,30.1735
D:\DPS 920\DPS920_final_project\IMG\center_2026_07_28_11_08_52_014.jpg,D:\DPS 920\DPS920_final_project\IMG\left_2026_07_28_11_08_52_014.jpg,D:\DPS 920\DPS920_final_project\IMG\right_2026_07_28_11_08_52_014.jpg,-0.7500002,1.0,0,30.11751
D:\DPS 920\DPS920_final_project\IMG\center_2026_07_28_11_20_59_440.jpg,D:\DPS 920\DPS920_final_project\IMG\left_2026_07_28_11_20_59_440.jpg,D:\DPS 920\DPS920_final_project\IMG\right_2026_07_28_11_20_59_440.jpg,-0.45,1.0,0,30.15548
D:\DPS 920\DPS920_final_project\IMG\center_2026_07_28_11_09_59_329.jpg,D:\DPS 920\DPS920_final_project\IMG\left_2026_07_28_11_09_59_329.jpg,D:\DPS 920\DPS920_final_project\IMG\right_2026_07_28_11_09_59_329.jpg,0.0,1.0,0,30.18965
D:\DPS 920\DPS920_final_project\IMG\center_2026_07_28_11_20_40_772.jpg,D:\DPS 920\DPS920_final_project\IMG\left_2026_07_28_11_20_40_772.jpg,D:\DPS 920\DPS920_final_project\IMG\right_2026_07_28_11_20_40_772.jpg,-0.1,1.0,0,30.18768
D:\DPS 920\DPS920_final_project\IMG\center_2026_07_28_11_10_15_222.jpg,D:\DPS 920\DPS920_final_project\IMG\left_2026_07_28_11_10_15_222.jpg,D:\DPS 920\DPS920_final_project\IMG\right_2026_07_28_11_10_15_222.jpg,-0.45,1.0,0,30.15439
D:\DPS 920\DPS920_final_project\IMG\center_2026_07_28_11_20_27_022.jpg,D:\DPS 920\DPS920_final_project\IMG\left_2026_07_28_11_20_27_022.jpg,D:\DPS 920\DPS920_final_project\IMG\right_2026_07_28_11_20_27_022.jpg,0.0,1.0,0,30.19024
D:\DPS 920\DPS920_final_project\IMG\center_2026_07_28_11_07_16_196.jpg,D:\DPS 920\DPS920_final_project\IMG\left_2026_07_28_11_07_16_196.jpg,D:\DPS 920\DPS920_final_project\IMG\right_2026_07_28_11_07_16_196.jpg,0.2,1.0,0,30.1813
D:\DPS 920\DPS920_final_project\IMG\center_2026_07_28_11_20_25_267.jpg,D:\DPS 920\DPS920_final_project\IMG\left_2026_07_28_11_20_25_267.jpg,D:\DPS 920\DPS920_final_project\IMG\right_2026_07_28_11_20_25_267.jpg,-0.1,1.0,0,30.18763
D:\DPS 920\DPS920_final_project\IMG\center_2026_07_28_11_07_05_308.jpg,D:\DPS 920\DPS920_final_project\IMG\left_2026_07_28_11_07_05_308.jpg,D:\DPS 920\DPS920_final_project\IMG\right_2026_07_28_11_07_05_308.jpg,0.0,1.0,0,30.19025
D:\DPS 920\DPS920_final_project\IMG\center_2026_07_28_11_06_02_872.jpg,D:\DPS 920\DPS920_final_project\IMG\left_2026_07_28_11_06_02_872.jpg,D:\DPS 920\DPS920_final_project\IMG\right_2026_07_28_11_06_02_872.jpg,-0.1,1.0,0,30.18847
D:\DPS 920\DPS920_final_project\IMG\center_2026_07_28_11_07_41_771.jpg,D:\DPS 920\DPS920_final_project\IMG\left_2026_07_28_11_07_41_771.jpg,D:\DPS 920\DPS920_final_project\IMG\right_2026_07_28_11_07_41_771.jpg,0.15,1.0,0,30.18618
D:\DPS 920\DPS920_final_project\IMG\center_2026_07_28_11_19_56_013.jpg,D:\DPS 920\DPS920_final_project\IMG\left_2026_07_28_11_19_56_013.jpg,D:\DPS 920\DPS920_final_project\IMG\right_2026_07_28_11_19_56_013.jpg,-0.25,1.0,0,20.90532
D:\DPS 920\DPS920_final_project\IMG\center_2026_07_28_11_20_45_751.jpg,D:\DPS 920\DPS920_final_project\IMG\left_2026_07_28_11_20_45_751.jpg,D:\DPS 920\DPS920_final_project\IMG\right_2026_07_28_11_20_45_751.jpg,0.0,1.0,0,30.1901
D:\DPS 920\DPS920_final_project\IMG\center_2026_07_28_11_22_24_054.jpg,D:\DPS 920\DPS920_final_project\IMG\left_2026_07_28_11_22_24_054.jpg,D:\DPS 920\DPS920_final_project\IMG\right_2026_07_28_11_22_24_054.jpg,-0.3,1.0,0,30.17311
D:\DPS 920\DPS920_final_project\IMG\center_2026_07_28_11_22_44_689.jpg,D:\DPS 920\DPS920_final_project\IMG\left_2026_07_28_11_22_44_689.jpg,D:\DPS 920\DPS920_final_project\IMG\right_2026_07_28_11_22_44_689.jpg,-0.25,1.0,0,30.17599
D:\DPS 920\DPS920_final_project\IMG\center_2026_07_28_11_19_57_169.jpg,D:\DPS 920\DPS920_final_project\IMG\left_2026_07_28_11_19_57_169.jpg,D:\DPS 920\DPS920_final_project\IMG\right_2026_07_28_11_19_57_169.jpg,0.0,1.0,0,30.19059
D:\DPS 920\DPS920_final_project\IMG\center_2026_07_28_11_05_59_972.jpg,D:\DPS 920\DPS920_final_project\IMG\left_2026_07_28_11_05_59_972.jpg,D:\DPS 920\DPS920_final_project\IMG\right_2026_07_28_11_05_59_972.jpg,0.15,1.0,0,30.18427
D:\DPS 920\DPS920_final_project\IMG\center_2026_07_28_11_09_30_523.jpg,D:\DPS 920\DPS920_final_project\IMG\left_2026_07_28_11_09_30_523.jpg,D:\DPS 920\DPS920_final_project\IMG\right_2026_07_28_11_09_30_523.jpg,0.0,1.0,0,30.19028
D:\DPS 920\DPS920_final_project\IMG\center_2026_07_28_11_09_25_775.jpg,D:\DPS 920\DPS920_final_project\IMG\left_2026_07_28_11_09_25_775.jpg,D:\DPS 920\DPS920_final_project\IMG\right_2026_07_28_11_09_25_775.jpg,0.2,1.0,0,30.18098
D:\DPS 920\DPS920_final_project\IMG\center_2026_07_28_11_08_03_525.jpg,D:\DPS 920\DPS920_final_project\IMG\left_2026_07_28_11_08_03_525.jpg,D:\DPS 920\DPS920_final_project\IMG\right_2026_07_28_11_08_03_525.jpg,0.0,1.0,0,30.19036
D:\DPS 920\DPS920_final_project\IMG\center_2026_07_28_11_20_04_219.jpg,D:\DPS 920\DPS920_final_project\IMG\left_2026_07_28_11_20_04_219.jpg,D:\DPS 920\DPS920_final_project\IMG\right_2026_07_28_11_20_04_219.jpg,0.0,1.0,0,30.1912
D:\DPS 920\DPS920_final_project\IMG\center_2026_07_28_11_06_30_138.jpg,D:\DPS 920\DPS920_final_project\IMG\left_2026_07_28_11_06_30_138.jpg,D:\DPS 920\DPS920_final_project\IMG\right_2026_07_28_11_06_30_138.jpg,0.0,1.0,0,30.19082
D:\DPS 920\DPS920_final_project\IMG\center_2026_07_28_11_09_34_746.jpg,D:\DPS 920\DPS920_final_project\IMG\left_2026_07_28_11_09_34_746.jpg,D:\DPS 920\DPS920_final_project\IMG\right_2026_07_28_11_09_34_746.jpg,0.0,1.0,0,30.19025
D:\DPS 920\DPS920_final_project\IMG\center_2026_07_28_11_08_24_487.jpg,D:\DPS 920\DPS920_final_project\IMG\left_2026_07_28_11_08_24_487.jpg,D:\DPS 920\DPS920_final_project\IMG\right_2026_07_28_11_08_24_487.jpg,0.15,1.0,0,30.18432
D:\DPS 920\DPS920_final_project\IMG\center_2026_07_28_11_07_18_557.jpg,D:\DPS 920\DPS920_final_project\IMG\left_2026_07_28_11_07_18_557.jpg,D:\DPS 920\DPS920_final_project\IMG\right_2026_07_28_11_07_18_557.jpg,0.2,1.0,0,30.18154
D:\DPS 920\DPS920_final_project\IMG\center_2026_07_28_11_10_11_663.jpg,D:\DPS 920\DPS920_final_project\IMG\left_2026_07_28_11_10_11_663.jpg,D:\DPS 920\DPS920_final_project\IMG\right_2026_07_28_11_10_11_663.jpg,0.0,1.0,0,30.19032
D:\DPS 920\DPS920_final_project\IMG\center_2026_07_28_11_08_29_154.jpg,D:\DPS 920\DPS920_final_project\IMG\left_2026_07_28_11_08_29_154.jpg,D:\DPS 920\DPS920_final_project\IMG\right_2026_07_28_11_08_29_154.jpg,0.0,1.0,0,30.19023
D:\DPS 920\DPS920_final_project\IMG\center_2026_07_28_11_09_58_328.jpg,D:\DPS 920\DPS920_final_project\IMG\left_2026_07_28_11_09_58_328.jpg,D:\DPS 920\DPS920_final_project\IMG\right_2026_07_28_11_09_58_328.jpg,0.0,1.0,0,30.19044
D:\DPS 920\DPS920_final_project\IMG\center_2026_07_28_11_21_27_677.jpg,D:\DPS 920\DPS920_final_project\IMG\left_2026_07_28_11_21_27_677.jpg,D:\DPS 920\DPS920_final_project\IMG\right_2026_07_28_11_21_27_677.jpg,-0.3,1.0,0,30.17335
D:\DPS 920\DPS920_final_project\IMG\center_2026_07_28_11_20_54_873.jpg,D:\DPS 920\DPS920_final_project\IMG\left_2026_07_28_11_20_54_873.jpg,D:\DPS 920\DPS920_final_project\IMG\right_2026_07_28_11_20_54_873.jpg,-0.05,1.0,0,30.19005
D:\DPS 920\DPS920_final_project\IMG\center_2026_07_28_11_07_13_778.jpg,D:\DPS 920\DPS920_final_project\IMG\left_2026_07_28_11_07_13_778.jpg,D:\DPS 920\DPS920_final_project\IMG\right_2026_07_28_11_07_13_778.jpg,0.0,1.0,0,30.19032
D:\DPS 920\DPS920_final_project\IMG\center_2026_07_28_11_09_26_201.jpg,D:\DPS 920\DPS920_final_project\IMG\left_2026_07_28_11_09_26_201.jpg,D:\DPS 920\DPS920_final_project\IMG\right_2026_07_28_11_09_26_201.jpg,0.05,1.0,0,30.19039
D:\DPS 920\DPS920_final_project\IMG\center_2026_07_28_11_22_43_181.jpg,D:\DPS 920\DPS920_final_project\IMG\left_2026_07_28_11_22_43_181.jpg,D:\DPS 920\DPS920_final_project\IMG\right_2026_07_28_11_22_43_181.jpg,0.0,1.0,0,30.18112
D:\DPS 920\DPS920_final_project\IMG\center_2026_07_28_11_22_19_117.jpg,D:\DPS 920\DPS920_final_project\IMG\left_2026_07_28_11_22_19_117.jpg,D:\DPS 920\DPS920_final_project\IMG\right_2026_07_28_11_22_19_117.jpg,0.0,1.0,0,30.19022
D:\DPS 920\DPS920_final_project\IMG\center_2026_07_28_11_10_18_343.jpg,D:\DPS 920\DPS920_final_project\IMG\left_2026_07_28_11_10_18_343.jpg,D:\DPS 920\DPS920_final_project\IMG\right_2026_07_28_11_10_18_343.jpg,0.2,1.0,0,30.18032
D:\DPS 920\DPS920_final_project\IMG\center_2026_07_28_11_08_50_294.jpg,D:\DPS 920\DPS920_final_project\IMG\left_2026_07_28_11_08_50_294.jpg,D:\DPS 920\DPS920_final_project\IMG\right_2026_07_28_11_08_50_294.jpg,-0.35,1.0,0,30.16362
D:\DPS 920\DPS920_final_project\IMG\center_2026_07_28_11_20_35_203.jpg,D:\DPS 920\DPS920_final_project\IMG\left_2026_07_28_11_20_35_203.jpg,D:\DPS 920\DPS920_final_project\IMG\right_2026_07_28_11_20_35_203.jpg,-0.2,1.0,0,30.18201
D:\DPS 920\DPS920_final_project\IMG\center_2026_07_28_11_07_35_790.jpg,D:\DPS 920\DPS920_final_project\IMG\left_2026_07_28_11_07_35_790.jpg,D:\DPS 920\DPS920_final_project\IMG\right_2026_07_28_11_07_35_790.jpg,0.2,1.0,0,30.18024
D:\DPS 920\DPS920_final_project\IMG\center_2026_07_28_11_22_43_975.jpg,D:\DPS 920\DPS920_final_project\IMG\left_2026_07_28_11_22_43_975.jpg,D:\DPS 920\DPS920_final_project\IMG\right_2026_07_28_11_22_43_975.jpg,0.0,1.0,0,30.18942
D:\DPS 920\DPS920_final_project\IMG\center_2026_07_28_11_22_28_917.jpg,D:\DPS 920\DPS920_final_project\IMG\left_2026_07_28_11_22_28_917.jpg,D:\DPS 920\DPS920_final_project\IMG\right_2026_07_28_11_22_28_917.jpg,0.0,1.0,0,30.19027
D:\DPS 920\DPS920_final_project\IMG\center_2026_07_28_11_08_25_640.jpg,D:\DPS 920\DPS920_final_project\IMG\left_2026_07_28_11_08_25_640.jpg,D:\DPS 920\DPS920_final_project\IMG\right_2026_07_28_11_08_25_640.jpg,0.1,1.0,0,30.18785
D:\DPS 920\DPS920_final_project\IMG\center_2026_07_28_11_10_14_210.jpg,D:\DPS 920\DPS920_final_project\IMG\left_2026_07_28_11_10_14_210.jpg,D:\DPS 920\DPS920_final_project\IMG\right_2026_07_28_11_10_14_210.jpg,0.0,1.0,0,30.18857
D:\DPS 920\DPS920_final_project\IMG\center_2026_07_28_11_21_10_435.jpg,D:\DPS 920\DPS920_final_project\IMG\left_2026_07_28_11_21_10_435.jpg,D:\DPS 920\DPS920_final_project\IMG\right_2026_07_28_11_21_10_435.jpg,0.15,1.0,0,30.18742
D:\DPS 920\DPS920_final_project\IMG\center_2026_07_28_11_07_20_913.jpg,D:\DPS 920\DPS920_final_project\IMG\left_2026_07_28_11_07_20_913.jpg,D:\DPS 920\DPS920_final_project\IMG\right_2026_07_28_11_07_20_913.jpg,0.4,1.0,0,30.1624
D:\DPS 920\DPS920_final_project\IMG\center_2026_07_28_11_21_28_266.jpg,D:\DPS 920\DPS920_final_project\IMG\left_2026_07_28_11_21_28_266.jpg,D:\DPS 920\DPS920_final_project\IMG\right_2026_07_28_11_21_28_266.jpg,-0.05,1.0,0,30.18979
D:\DPS 920\DPS920_final_project\IMG\center_2026_07_28_11_07_17_009.jpg,D:\DPS 920\DPS920_final_project\IMG\left_2026_07_28_11_07_17_009.jpg,D:\DPS 920\DPS920_final_project\IMG\right_2026_07_28_11_07_17_009.jpg,0.0,1.0,0,30.19008
D:\DPS 920\DPS920_final_project\IMG\center_2026_07_28_11_08_01_274.jpg,D:\DPS 920\DPS920_final_project\IMG\left_2026_07_28_11_08_01_274.jpg,D:\DPS 920\DPS920_final_project\IMG\right_2026_07_28_11_08_01_274.jpg,0.25,1.0,0,30.17673
D:\DPS 920\DPS920_final_project\IMG\center_2026_07_28_11_07_13_346.jpg,D:\DPS 920\DPS920_final_project\IMG\left_2026_07_28_11_07_13_346.jpg,D:\DPS 920\DPS920_final_project\IMG\right_2026_07_28_11_07_13_346.jpg,0.1,1.0,0,30.18837
D:\DPS 920\DPS920_final_project\IMG\center_2026_07_28_11_22_17_514.jpg,D:\DPS 920\DPS920_final_project\IMG\left_2026_07_28_11_22_17_514.jpg,D:\DPS 920\DPS920_final_project\IMG\right_2026_07_28_11_22_17_514.jpg,0.0,1.0,0,30.28197
D:\DPS 920\DPS920_final_project\IMG\center_2026_07_28_11_21_26_425.jpg,D:\DPS 920\DPS920_final_project\IMG\left_2026_07_28_11_21_26_425.jpg,D:\DPS 920\DPS920_final_project\IMG\right_2026_07_28_11_21_26_425.jpg,-0.1,1.0,0,30.18834
D:\DPS 920\DPS920_final_project\IMG\center_2026_07_28_11_20_04_446.jpg,D:\DPS 920\DPS920_final_project\IMG\left_2026_07_28_11_20_04_446.jpg,D:\DPS 920\DPS920_final_project\IMG\right_2026_07_28_11_20_04_446.jpg,0.0,1.0,0,30.19021
D:\DPS 920\DPS920_final_project\IMG\center_2026_07_28_11_06_06_744.jpg,D:\DPS 920\DPS920_final_project\IMG\left_2026_07_28_11_06_06_744.jpg,D:\DPS 920\DPS920_final_project\IMG\right_2026_07_28_11_06_06_744.jpg,-0.25,1.0,0,30.1822
D:\DPS 920\DPS920_final_project\IMG\center_2026_07_28_11_09_55_357.jpg,D:\DPS 920\DPS920_final_project\IMG\left_2026_07_28_11_09_55_357.jpg,D:\DPS 920\DPS920_final_project\IMG\right_2026_07_28_11_09_55_357.jpg,0.25,1.0,0,30.17533
D:\DPS 920\DPS920_final_project\IMG\center_2026_07_28_11_06_41_773.jpg,D:\DPS 920\DPS920_final_project\IMG\left_2026_07_28_11_06_41_773.jpg,D:\DPS 920\DPS920_final_project\IMG\right_2026_07_28_11_06_41_773.jpg,0.1,1.0,0,30.19004
D:\DPS 920\DPS920_final_project\IMG\center_2026_07_28_11_21_32_245.jpg,D:\DPS 920\DPS920_final_project\IMG\left_2026_07_28_11_21_32_245.jpg,D:\DPS 920\DPS920_final_project\IMG\right_2026_07_28_11_21_32_245.jpg,-0.15,1.0,0,30.1842
D:\DPS 920\DPS920_final_project\IMG\center_2026_07_28_11_21_54_823.jpg,D:\DPS 920\DPS920_final_project\IMG\left_2026_07_28_11_21_54_823.jpg,D:\DPS 920\DPS920_final_project\IMG\right_2026_07_28_11_21_54_823.jpg,-0.15,1.0,0,30.18542
D:\DPS 920\DPS920_final_project\IMG\center_2026_07_28_11_22_30_981.jpg,D:\DPS 920\DPS920_final_project\IMG\left_2026_07_28_11_22_30_981.jpg,D:\DPS 920\DPS920_final_project\IMG\right_2026_07_28_11_22_30_981.jpg,0.25,1.0,0,30.1752
D:\DPS 920\DPS920_final_project\IMG\center_2026_07_28_11_09_41_353.jpg,D:\DPS 920\DPS920_final_project\IMG\left_2026_07_28_11_09_41_353.jpg,D:\DPS 920\DPS920_final_project\IMG\right_2026_07_28_11_09_41_353.jpg,0.0,1.0,0,30.19013
D:\DPS 920\DPS920_final_project\IMG\center_2026_07_28_11_06_34_841.jpg,D:\DPS 920\DPS920_final_project\IMG\left_2026_07_28_11_06_34_841.jpg,D:\DPS 920\DPS920_final_project\IMG\right_2026_07_28_11_06_34_841.jpg,0.15,1.0,0,30.18415
D:\DPS 920\DPS920_final_project\IMG\center_2026_07_28_11_10_13_842.jpg,D:\DPS 920\DPS920_final_project\IMG\left_2026_07_28_11_10_13_842.jpg,D:\DPS 920\DPS920_final_project\IMG\right_2026_07_28_11_10_13_842.jpg,-0.2,1.0,0,30.181
D:\DPS 920\DPS920_final_project\IMG\center_2026_07_28_11_22_01_987.jpg,D:\DPS 920\DPS920_final_project\IMG\left_2026_07_28_11_22_01_987.jpg,D:\DPS 920\DPS920_final_project\IMG\right_2026_07_28_11_22_01_987.jpg,-0.1,1.0,0,30.18983
D:\DPS 920\DPS920_final_project\IMG\center_2026_07_28_11_07_24_857.jpg,D:\DPS 920\DPS920_final_project\IMG\left_2026_07_28_11_07_24_857.jpg,D:\DPS 920\DPS920_final_project\IMG\right_2026_07_28_11_07_24_857.jpg,-0.15,1.0,0,30.18427
D:\DPS 920\DPS920_final_project\IMG\center_2026_07_28_11_06_44_065.jpg,D:\DPS 920\DPS920_final_project\IMG\left_2026_07_28_11_06_44_065.jpg,D:\DPS 920\DPS920_final_project\IMG\right_2026_07_28_11_06_44_065.jpg,0.25,1.0,0,30.17583
D:\DPS 920\DPS920_final_project\IMG\center_2026_07_28_11_09_15_391.jpg,D:\DPS 920\DPS920_final_project\IMG\left_2026_07_28_11_09_15_391.jpg,D:\DPS 920\DPS920_final_project\IMG\right_2026_07_28_11_09_15_391.jpg,0.05,1.0,0,30.21424
D:\DPS 920\DPS920_final_project\IMG\center_2026_07_28_11_08_52_443.jpg,D:\DPS 920\DPS920_final_project\IMG\left_2026_07_28_11_08_52_443.jpg,D:\DPS 920\DPS920_final_project\IMG\right_2026_07_28_11_08_52_443.jpg,-0.1,1.0,0,30.19122
D:\DPS 920\DPS920_final_project\IMG\center_2026_07_28_11_10_28_594.jpg,D:\DPS 920\DPS920_final_project\IMG\left_2026_07_28_11_10_28_594.jpg,D:\DPS 920\DPS920_final_project\IMG\right_2026_07_28_11_10_28_594.jpg,0.0,1.0,0,30.19034
D:\DPS 920\DPS920_final_project\IMG\center_2026_07_28_11_08_24_345.jpg,D:\DPS 920\DPS920_final_project\IMG\left_2026_07_28_11_08_24_345.jpg,D:\DPS 920\DPS920_final_project\IMG\right_2026_07_28_11_08_24_345.jpg,0.0,1.0,0,30.1903
D:\DPS 920\DPS920_final_project\IMG\center_2026_07_28_11_07_35_411.jpg,D:\DPS 920\DPS920_final_project\IMG\left_2026_07_28_11_07_35_411.jpg,D:\DPS 920\DPS920_final_project\IMG\right_2026_07_28_11_07_35_411.jpg,0.0,1.0,0,30.19028
D:\DPS 920\DPS920_final_project\IMG\center_2026_07_28_11_20_33_514.jpg,D:\DPS 920\DPS920_final_project\IMG\left_2026_07_28_11_20_33_514.jpg,D:\DPS 920\DPS920_final_project\IMG\right_2026_07_28_11_20_33_514.jpg,-0.05,1.0,0,30.19155
D:\DPS 920\DPS920_final_project\IMG\center_2026_07_28_11_20_37_148.jpg,D:\DPS 920\DPS920_final_project\IMG\left_2026_07_28_11_20_37_148.jpg,D:\DPS 920\DPS920_final_project\IMG\right_2026_07_28_11_20_37_148.jpg,-0.35,1.0,0,30.16349
D:\DPS 920\DPS920_final_project\IMG\center_2026_07_28_11_09_39_098.jpg,D:\DPS 920\DPS920_final_project\IMG\left_2026_07_28_11_09_39_098.jpg,D:\DPS 920\DPS920_final_project\IMG\right_2026_07_28_11_09_39_098.jpg,0.0,1.0,0,30.19024
D:\DPS 920\DPS920_final_project\IMG\center_2026_07_28_11_09_47_622.jpg,D:\DPS 920\DPS920_final_project\IMG\left_2026_07_28_11_09_47_622.jpg,D:\DPS 920\DPS920_final_project\IMG\right_2026_07_28_11_09_47_622.jpg,0.2,1.0,0,30.17955
D:\DPS 920\DPS920_final_project\IMG\center_2026_07_28_11_08_17_966.jpg,D:\DPS 920\DPS920_final_project\IMG\left_2026_07_28_11_08_17_966.jpg,D:\DPS 920\DPS920_final_project\IMG\right_2026_07_28_11_08_17_966.jpg,0.0,1.0,0,30.19034
D:\DPS 920\DPS920_final_project\IMG\center_2026_07_28_11_20_12_195.jpg,D:\DPS 920\DPS920_final_project\IMG\left_2026_07_28_11_20_12_195.jpg,D:\DPS 920\DPS920_final_project\IMG\right_2026_07_28_11_20_12_195.jpg,-0.2,1.0,0,30.1797
D:\DPS 920\DPS920_final_project\IMG\center_2026_07_28_11_19_59_181.jpg,D:\DPS 920\DPS920_final_project\IMG\left_2026_07_28_11_19_59_181.jpg,D:\DPS 920\DPS920_final_project\IMG\right_2026_07_28_11_19_59_181.jpg,-0.1,1.0,0,30.1903
D:\DPS 920\DPS920_final_project\IMG\center_2026_07_28_11_10_07_326.jpg,D:\DPS 920\DPS920_final_project\IMG\left_2026_07_28_11_10_07_326.jpg,D:\DPS 920\DPS920_final_project\IMG\right_2026_07_28_11_10_07_326.jpg,0.05,1.0,0,30.19009
D:\DPS 920\DPS920_final_project\IMG\center_2026_07_28_11_08_54_651.jpg,D:\DPS 920\DPS920_final_project\IMG\left_2026_07_28_11_08_54_651.jpg,D:\DPS 920\DPS920_final_project\IMG\right_2026_07_28_11_08_54_651.jpg,0.0,1.0,0,30.19
D:\DPS 920\DPS920_final_project\IMG\center_2026_07_28_11_21_25_502.jpg,D:\DPS 920\DPS920_final_project\IMG\left_2026_07_28_11_21_25_502.jpg,D:\DPS 920\DPS920_final_project\IMG\right_2026_07_28_11_21_25_502.jpg,-0.15,1.0,0,30.18804
D:\DPS 920\DPS920_final_project\IMG\center_2026_07_28_11_21_09_282.jpg,D:\DPS 920\DPS920_final_project\IMG\left_2026_07_28_11_21_09_282.jpg,D:\DPS 920\DPS920_final_project\IMG\right_2026_07_28_11_21_09_282.jpg,0.4,1.0,0,30.16225
D:\DPS 920\DPS920_final_project\IMG\center_2026_07_28_11_06_42_842.jpg,D:\DPS 920\DPS920_final_project\IMG\left_2026_07_28_11_06_42_842.jpg,D:\DPS 920\DPS920_final_project\IMG\right_2026_07_28_11_06_42_842.jpg,0.05,1.0,0,30.19031
D:\DPS 920\DPS920_final_project\IMG\center_2026_07_28_11_09_24_812.jpg,D:\DPS 920\DPS920_final_project\IMG\left_2026_07_28_11_09_24_812.jpg,D:\DPS 920\DPS920_final_project\IMG\right_2026_07_28_11_09_24_812.jpg,0.0,1.0,0,30.19032
D:\DPS 920\DPS920_final_project\IMG\center_2026_07_28_11_20_36_068.jpg,D:\DPS 920\DPS920_final_project\IMG\left_2026_07_28_11_20_36_068.jpg,D:\DPS 920\DPS920_final_project\IMG\right_2026_07_28_11_20_36_068.jpg,-0.15,1.0,0,30.18594
D:\DPS 920\DPS920_final_project\IMG\center_2026_07_28_11_21_50_633.jpg,D:\DPS 920\DPS920_final_project\IMG\left_2026_07_28_11_21_50_633.jpg,D:\DPS 920\DPS920_final_project\IMG\right_2026_07_28_11_21_50_633.jpg,0.0,1.0,0,30.19033
D:\DPS 920\DPS920_final_project\IMG\center_2026_07_28_11_10_04_475.jpg,D:\DPS 920\DPS920_final_project\IMG\left_2026_07_28_11_10_04_475.jpg,D:\DPS 920\DPS920_final_project\IMG\right_2026_07_28_11_10_04_475.jpg,0.15,1.0,0,30.18369
D:\DPS 920\DPS920_final_project\IMG\center_2026_07_28_11_06_10_418.jpg,D:\DPS 920\DPS920_final_project\IMG\left_2026_07_28_11_06_10_418.jpg,D:\DPS 920\DPS920_final_project\IMG\right_2026_07_28_11_06_10_418.jpg,0.0,1.0,0,30.19026
D:\DPS 920\DPS920_final_project\IMG\center_2026_07_28_11_09_01_998.jpg,D:\DPS 920\DPS920_final_project\IMG\left_2026_07_28_11_09_01_998.jpg,D:\DPS 920\DPS920_final_project\IMG\right_2026_07_28_11_09_01_998.jpg,0.3,1.0,0,30.17553
D:\DPS 920\DPS920_final_project\IMG\center_2026_07_28_11_20_39_126.jpg,D:\DPS 920\DPS920_final_project\IMG\left_2026_07_28_11_20_39_126.jpg,D:\DPS 920\DPS920_final_project\IMG\right_2026_07_28_11_20_39_126.jpg,-0.15,1.0,0,30.18579
D:\DPS 920\DPS920_final_project\IMG\center_2026_07_28_11_20_25_612.jpg,D:\DPS 920\DPS920_final_project\IMG\left_2026_07_28_11_20_25_612.jpg,D:\DPS 920\DPS920_final_project\IMG\right_2026_07_28_11_20_25_612.jpg,0.0,1.0,0,30.19028
D:\DPS 920\DPS920_final_project\IMG\center_2026_07_28_11_20_27_812.jpg,D:\DPS 920\DPS920_final_project\IMG\left_2026_07_28_11_20_27_812.jpg,D:\DPS 920\DPS920_final_project\IMG\right_2026_07_28_11_20_27_812.jpg,-0.1,1.0,0,30.18813
D:\DPS 920\DPS920_final_project\IMG\center_2026_07_28_11_20_01_522.jpg,D:\DPS 920\DPS920_final_project\IMG\left_2026_07_28_11_20_01_522.jpg,D:\DPS 920\DPS920_final_project\IMG\right_2026_07_28_11_20_01_522.jpg,-0.1,1.0,0,30.18937
D:\DPS 920\DPS920_final_project\IMG\center_2026_07_28_11_21_25_358.jpg,D:\DPS 920\DPS920_final_project\IMG\left_2026_07_28_11_21_25_358.jpg,D:\DPS 920\DPS920_final_project\IMG\right_2026_07_28_11_21_25_358.jpg,-0.1,1.0,0,30.18917
D:\DPS 920\DPS920_final_project\IMG\center_2026_07_28_11_06_22_207.jpg,D:\DPS 920\DPS920_final_project\IMG\left_2026_07_28_11_06_22_207.jpg,D:\DPS 920\DPS920_final_project\IMG\right_2026_07_28_11_06_22_207.jpg,0.0,1.0,0,30.19063
D:\DPS 920\DPS920_final_project\IMG\center_2026_07_28_11_08_32_665.jpg,D:\DPS 920\DPS920_final_project\IMG\left_2026_07_28_11_08_32_665.jpg,D:\DPS 920\DPS920_final_project\IMG\right_2026_07_28_11_08_32_665.jpg,0.05,1.0,0,30.18999
D:\DPS 920\DPS920_final_project\IMG\center_2026_07_28_11_21_39_108.jpg,D:\DPS 920\DPS920_final_project\IMG\left_2026_07_28_11_21_39_108.jpg,D:\DPS 920\DPS920_final_project\IMG\right_2026_07_28_11_21_39_108.jpg,-0.05,1.0,0,30.1897
D:\DPS 920\DPS920_final_project\IMG\center_2026_07_28_11_08_06_395.jpg,D:\DPS 920\DPS920_final_project\IMG\left_2026_07_28_11_08_06_395.jpg,D:\DPS 920\DPS920_final_project\IMG\right_2026_07_28_11_08_06_395.jpg,0.2,1.0,0,30.17979
D:\DPS 920\DPS920_final_project\IMG\center_2026_07_28_11_07_42_491.jpg,D:\DPS 920\DPS920_final_project\IMG\left_2026_07_28_11_07_42_491.jpg,D:\DPS 920\DPS920_final_project\IMG\right_2026_07_28_11_07_42_491.jpg,0.15,1.0,0,30.18619
D:\DPS 920\DPS920_final_project\IMG\center_2026_07_28_11_07_27_459.jpg,D:\DPS 920\DPS920_final_project\IMG\left_2026_07_28_11_07_27_459.jpg,D:\DPS 920\DPS920_final_project\IMG\right_2026_07_28_11_07_27_459.jpg,-0.05,1.0,0,30.18921
D:\DPS 920\DPS920_final_project\IMG\center_2026_07_28_11_08_08_213.jpg,D:\DPS 920\DPS920_final_project\IMG\left_2026_07_28_11_08_08_213.jpg,D:\DPS 920\DPS920_final_project\IMG\right_2026_07_28_11_08_08_213.jpg,0.35,1.0,0,30.16301
D:\DPS 920\DPS920_final_project\IMG\center_2026_07_28_11_10_07_760.jpg,D:\DPS 920\DPS920_final_project\IMG\left_2026_07_28_11_10_07_760.jpg,D:\DPS 920\DPS920_final_project\IMG\right_2026_07_28_11_10_07_760.jpg,0.2,1.0,0,30.18377
D:\DPS 920\DPS920_final_project\IMG\center_2026_07_28_11_20_35_701.jpg,D:\DPS 920\DPS920_final_project\IMG\left_2026_07_28_11_20_35_701.jpg,D:\DPS 920\DPS920_final_project\IMG\right_2026_07_28_11_20_35_701.jpg,0.0,1.0,0,30.18993
D:\DPS 920\DPS920_final_project\IMG\center_2026_07_28_11_06_17_908.jpg,D:\DPS 920\DPS920_final_project\IMG\left_2026_07_28_11_06_17_908.jpg,D:\DPS 920\DPS920_final_project\IMG\right_2026_07_28_11_06_17_908.jpg,0.1,1.0,0,30.18912
D:\DPS 920\DPS920_final_project\IMG\center_2026_07_28_11_06_30_568.jpg,D:\DPS 920\DPS920_final_project\IMG\left_2026_07_28_11_06_30_568.jpg,D:\DPS 920\DPS920_final_project\IMG\right_2026_07_28_11_06_30_568.jpg,0.3,1.0,0,30.17235
D:\DPS 920\DPS920_final_project\IMG\center_2026_07_28_11_22_14_794.jpg,D:\DPS 920\DPS920_final_project\IMG\left_2026_07_28_11_22_14_794.jpg,D:\DPS 920\DPS920_final_project\IMG\right_2026_07_28_11_22_14_794.jpg,0.0,1.0,0,30.18992
D:\DPS 920\DPS920_final_project\IMG\center_2026_07_28_11_06_39_782.jpg,D:\DPS 920\DPS920_final_project\IMG\left_2026_07_28_11_06_39_782.jpg,D:\DPS 920\DPS920_final_project\IMG\right_2026_07_28_11_06_39_782.jpg,0.05,1.0,0,30.19042
D:\DPS 920\DPS920_final_project\IMG\center_2026_07_28_11_20_39_274.jpg,D:\DPS 920\DPS920_final_project\IMG\left_2026_07_28_11_20_39_274.jpg,D:\DPS 920\DPS920_final_project\IMG\right_2026_07_28_11_20_39_274.jpg,-0.05,1.0,0,30.19008
D:\DPS 920\DPS920_final_project\IMG\center_2026_07_28_11_10_19_540.jpg,D:\DPS 920\DPS920_final_project\IMG\left_2026_07_28_11_10_19_540.jpg,D:\DPS 920\DPS920_final_project\IMG\right_2026_07_28_11_10_19_540.jpg,0.0,1.0,0,30.19047
D:\DPS 920\DPS920_final_project\IMG\center_2026_07_28_11_10_08_817.jpg,D:\DPS 920\DPS920_final_project\IMG\left_2026_07_28_11_10_08_817.jpg,D:\DPS 920\DPS920_final_project\IMG\right_2026_07_28_11_10_08_817.jpg,0.1,1.0,0,30.18822
D:\DPS 920\DPS920_final_project\IMG\center_2026_07_28_11_07_38_281.jpg,D:\DPS 920\DPS920_final_project\IMG\left_2026_07_28_11_07_38_281.jpg,D:\DPS 920\DPS920_final_project\IMG\right_2026_07_28_11_07_38_281.jpg,0.0,1.0,0,30.18307
D:\DPS 920\DPS920_final_project\IMG\center_2026_07_28_11_07_51_620.jpg,D:\DPS 920\DPS920_final_project\IMG\left_2026_07_28_11_07_51_620.jpg,D:\DPS 920\DPS920_final_project\IMG\right_2026_07_28_11_07_51_620.jpg,0.0,1.0,0,30.19068
D:\DPS 920\DPS920_final_project\IMG\center_2026_07_28_11_20_48_836.jpg,D:\DPS 920\DPS920_final_project\IMG\left_2026_07_28_11_20_48_836.jpg,D:\DPS 920\DPS920_final_project\IMG\right_2026_07_28_11_20_48_836.jpg,-0.05,1.0,0,30.18938
D:\DPS 920\DPS920_final_project\IMG\center_2026_07_28_11_08_53_880.jpg,D:\DPS 920\DPS920_final_project\IMG\left_2026_07_28_11_08_53_880.jpg,D:\DPS 920\DPS920_final_project\IMG\right_2026_07_28_11_08_53_880.jpg,-0.2,1.0,0,30.18068
D:\DPS 920\DPS920_final_project\IMG\center_2026_07_28_11_08_44_117.jpg,D:\DPS 920\DPS920_final_project\IMG\left_2026_07_28_11_08_44_117.jpg,D:\DPS 920\DPS920_final_project\IMG\right_2026_07_28_11_08_44_117.jpg,0.35,1.0,0,30.16529
D:\DPS 920\DPS920_final_project\IMG\center_2026_07_28_11_09_00_158.jpg,D:\DPS 920\DPS920_final_project\IMG\left_2026_07_28_11_09_00_158.jpg,D:\DPS 920\DPS920_final_project\IMG\right_2026_07_28_11_09_00_158.jpg,0.35,1.0,0,30.16489
D:\DPS 920\DPS920_final_project\IMG\center_2026_07_28_11_10_17_171.jpg,D:\DPS 920\DPS920_final_project\IMG\left_2026_07_28_11_10_17_171.jpg,D:\DPS 920\DPS920_final_project\IMG\right_2026_07_28_11_10_17_171.jpg,-0.3,1.0,0,30.17247
D:\DPS 920\DPS920_final_project\IMG\center_2026_07_28_11_10_21_296.jpg,D:\DPS 920\DPS920_final_project\IMG\left_2026_07_28_11_10_21_296.jpg,D:\DPS 920\DPS920_final_project\IMG\right_2026_07_28_11_10_21_296.jpg,0.0,1.0,0,30.19034
D:\DPS 920\DPS920_final_project\IMG\center_2026_07_28_11_21_51_597.jpg,D:\DPS 920\DPS920_final_project\IMG\left_2026_07_28_11_21_51_597.jpg,D:\DPS 920\DPS920_final_project\IMG\right_2026_07_28_11_21_51_597.jpg,-0.05,1.0,0,30.1895
D:\DPS 920\DPS920_final_project\IMG\center_2026_07_28_11_21_58_730.jpg,D:\DPS 920\DPS920_final_project\IMG\left_2026_07_28_11_21_58_730.jpg,D:\DPS 920\DPS920_final_project\IMG\right_2026_07_28_11_21_58_730.jpg,-0.1,1.0,0,30.18937
D:\DPS 920\DPS920_final_project\IMG\center_2026_07_28_11_07_19_650.jpg,D:\DPS 920\DPS920_final_project\IMG\left_2026_07_28_11_07_19_650.jpg,D:\DPS 920\DPS920_final_project\IMG\right_2026_07_28_11_07_19_650.jpg,0.5000001,1.0,0,30.15009
D:\DPS 920\DPS920_final_project\IMG\center_2026_07_28_11_20_20_935.jpg,D:\DPS 920\DPS920_final_project\IMG\left_2026_07_28_11_20_20_935.jpg,D:\DPS 920\DPS920_final_project\IMG\right_2026_07_28_11_20_20_935.jpg,-0.15,1.0,0,30.184
D:\DPS 920\DPS920_final_project\IMG\center_2026_07_28_11_09_44_210.jpg,D:\DPS 920\DPS920_final_project\IMG\left_2026_07_28_11_09_44_210.jpg,D:\DPS 920\DPS920_final_project\IMG\right_2026_07_28_11_09_44_210.jpg,0.0,1.0,0,30.19017
D:\DPS 920\DPS920_final_project\IMG\center_2026_07_28_11_22_31_053.jpg,D:\DPS 920\DPS920_final_project\IMG\left_2026_07_28_11_22_31_053.jpg,D:\DPS 920\DPS920_final_project\IMG\right_2026_07_28_11_22_31_053.jpg,0.4,1.0,0,30.15737
D:\DPS 920\DPS920_final_project\IMG\center_2026_07_28_11_20_02_455.jpg,D:\DPS 920\DPS920_final_project\IMG\left_2026_07_28_11_20_02_455.jpg,D:\DPS 920\DPS920_final_project\IMG\right_2026_07_28_11_20_02_455.jpg,-0.05,1.0,0,30.19008
D:\DPS 920\DPS920_final_project\IMG\center_2026_07_28_11_20_36_211.jpg,D:\DPS 920\DPS920_final_project\IMG\left_2026_07_28_11_20_36_211.jpg,D:\DPS 920\DPS920_final_project\IMG\right_2026_07_28_11_20_36_211.jpg,-0.1,1.0,0,30.19001
D:\DPS 920\DPS920_final_project\IMG\center_2026_07_28_11_07_57_588.jpg,D:\DPS 920\DPS920_final_project\IMG\left_2026_07_28_11_07_57_588.jpg,D:\DPS 920\DPS920_final_project\IMG\right_2026_07_28_11_07_57_588.jpg,0.2,1.0,0,30.18098
D:\DPS 920\DPS920_final_project\IMG\center_2026_07_28_11_07_17_604.jpg,D:\DPS 920\DPS920_final_project\IMG\left_2026_07_28_11_07_17_604.jpg,D:\DPS 920\DPS920_final_project\IMG\right_2026_07_28_11_07_17_604.jpg,0.15,1.0,0,30.1846
D:\DPS 920\DPS920_final_project\IMG\center_2026_07_28_11_07_38_420.jpg,D:\DPS 920\DPS920_final_project\IMG\left_2026_07_28_11_07_38_420.jpg,D:\DPS 920\DPS920_final_project\IMG\right_2026_07_28_11_07_38_420.jpg,0.15,1.0,0,30.18859
D:\DPS 920\DPS920_final_project\IMG\center_2026_07_28_11_09_48_351.jpg,D:\DPS 920\DPS920_final_project\IMG\left_2026_07_28_11_09_48_351.jpg,D:\DPS 920\DPS920_final_project\IMG\right_2026_07_28_11_09_48_351.jpg,0.1,1.0,0,30.18752
D:\DPS 920\DPS920_final_project\IMG\center_2026_07_28_11_09_06_198.jpg,D:\DPS 920\DPS920_final_project\IMG\left_2026_07_28_11_09_06_198.jpg,D:\DPS 920\DPS920_final_project\IMG\right_2026_07_28_11_09_06_198.jpg,0.1,1.0,0,30.18764
D:\DPS 920\DPS920_final_project\IMG\center_2026_07_28_11_07_00_740.jpg,D:\DPS 920\DPS920_final_project\IMG\left_2026_07_28_11_07_00_740.jpg,D:\DPS 920\DPS920_final_project\IMG\right_2026_07_28_11_07_00_740.jpg,0.0,1.0,0,30.1903
D:\DPS 920\DPS920_final_project\IMG\center_2026_07_28_11_20_34_204.jpg,D:\DPS 920\DPS920_final_project\IMG\left_2026_07_28_11_20_34_204.jpg,D:\DPS 920\DPS920_final_project\IMG\right_2026_07_28_11_20_34_204.jpg,-0.15,1.0,0,30.18606
D:\DPS 920\DPS920_final_project\IMG\center_2026_07_28_11_09_38_308.jpg,D:\DPS 920\DPS920_final_project\IMG\left_2026_07_28_11_09_38_308.jpg,D:\DPS 920\DPS920_final_project\IMG\right_2026_07_28_11_09_38_308.jpg,0.0,1.0,0,30.19031
D:\DPS 920\DPS920_final_project\IMG\center_2026_07_28_11_20_25_680.jpg,D:\DPS 920\DPS920_final_project\IMG\left_2026_07_28_11_20_25_680.jpg,D:\DPS 920\DPS920_final_project\IMG\right_2026_07_28_11_20_25_680.jpg,0.0,1.0,0,30.19026
D:\DPS 920\DPS920_final_project\IMG\center_2026_07_28_11_07_10_705.jpg,D:\DPS 920\DPS920_final_project\IMG\left_2026_07_28_11_07_10_705.jpg,D:\DPS 920\DPS920_final_project\IMG\right_2026_07_28_11_07_10_705.jpg,0.0,1.0,0,30.18997
D:\DPS 920\DPS920_final_project\IMG\center_2026_07_28_11_22_36_557.jpg,D:\DPS 920\DPS920_final_project\IMG\left_2026_07_28_11_22_36_557.jpg,D:\DPS 920\DPS920_final_project\IMG\right_2026_07_28_11_22_36_557.jpg,0.0,1.0,0,30.19029
D:\DPS 920\DPS920_final_project\IMG\center_2026_07_28_11_19_57_242.jpg,D:\DPS 920\DPS920_final_project\IMG\left_2026_07_28_11_19_57_242.jpg,D:\DPS 920\DPS920_final_project\IMG\right_2026_07_28_11_19_57_242.jpg,-0.1,1.0,0,30.18785
D:\DPS 920\DPS920_final_project\IMG\center_2026_07_28_11_22_29_127.jpg,D:\DPS 920\DPS920_final_project\IMG\left_2026_07_28_11_22_29_127.jpg,D:\DPS 920\DPS920_final_project\IMG\right_2026_07_28_11_22_29_127.jpg,0.2,1.0,0,30.17986
D:\DPS 920\DPS920_final_project\IMG\center_2026_07_28_11_22_49_401.jpg,D:\DPS 920\DPS920_final_project\IMG\left_2026_07_28_11_22_49_401.jpg,D:\DPS 920\DPS920_final_project\IMG\right_2026_07_28_11_22_49_401.jpg,-0.2,1.0,0,30.18064
D:\DPS 920\DPS920_final_project\IMG\center_2026_07_28_11_19_58_465.jpg,D:\DPS 920\DPS920_final_project\IMG\left_2026_07_28_11_19_58_465.jpg,D:\DPS 920\DPS920_final_project\IMG\right_2026_07_28_11_19_58_465.jpg,0.0,1.0,0,30.18992
D:\DPS 920\DPS920_final_project\IMG\center_2026_07_28_11_10_12_418.jpg,D:\DPS 920\DPS920_final_project\IMG\left_2026_07_28_11_10_12_418.jpg,D:\DPS 920\DPS920_final_project\IMG\right_2026_07_28_11_10_12_418.jpg,-0.15,1.0,0,30.18442
D:\DPS 920\DPS920_final_project\IMG\center_2026_07_28_11_10_04_852.jpg,D:\DPS 920\DPS920_final_project\IMG\left_2026_07_28_11_10_04_852.jpg,D:\DPS 920\DPS920_final_project\IMG\right_2026_07_28_11_10_04_852.jpg,0.0,1.0,0,30.17962
D:\DPS 920\DPS920_final_project\IMG\center_2026_07_28_11_08_39_662.jpg,D:\DPS 920\DPS920_final_project\IMG\left_2026_07_28_11_08_39_662.jpg,D:\DPS 920\DPS920_final_project\IMG\right_2026_07_28_11_08_39_662.jpg,0.15,1.0,0,30.18614
D:\DPS 920\DPS920_final_project\IMG\center_2026_07_28_11_21_54_541.jpg,D:\DPS 920\DPS920_final_project\IMG\left_2026_07_28_11_21_54_541.jpg,D:\DPS 920\DPS920_final_project\IMG\right_2026_07_28_11_21_54_541.jpg,0.0,1.0,0,30.19021
D:\DPS 920\DPS920_final_project\IMG\center_2026_07_28_11_07_33_828.jpg,D:\DPS 920\DPS920_final_project\IMG\left_2026_07_28_11_07_33_828.jpg,D:\DPS 920\DPS920_final_project\IMG\right_2026_07_28_11_07_33_828.jpg,0.0,1.0,0,30.19032
D:\DPS 920\DPS920_final_project\IMG\center_2026_07_28_11_21_56_843.jpg,D:\DPS 920\DPS920_final_project\IMG\left_2026_07_28_11_21_56_843.jpg,D:\DPS 920\DPS920_final_project\IMG\right_2026_07_28_11_21_56_843.jpg,-0.1,1.0,0,30.18822
D:\DPS 920\DPS920_final_project\IMG\center_2026_07_28_11_08_01_875.jpg,D:\DPS 920\DPS920_final_project\IMG\left_2026_07_28_11_08_01_875.jpg,D:\DPS 920\DPS920_final_project\IMG\right_2026_07_28_11_08_01_875.jpg,0.1,1.0,0,30.1894
D:\DPS 920\DPS920_final_project\IMG\center_2026_07_28_11_09_47_403.jpg,D:\DPS 920\DPS920_final_project\IMG\left_2026_07_28_11_09_47_403.jpg,D:\DPS 920\DPS920_final_project\IMG\right_2026_07_28_11_09_47_403.jpg,0.0,1.0,0,30.19023
D:\DPS 920\DPS920_final_project\IMG\center_2026_07_28_11_20_09_718.jpg,D:\DPS 920\DPS920_final_project\IMG\left_2026_07_28_11_20_09_718.jpg,D:\DPS 920\DPS920_final_project\IMG\right_2026_07_28_11_20_09_718.jpg,-0.15,1.0,0,30.18386
D:\DPS 920\DPS920_final_project\IMG\center_2026_07_28_11_07_43_645.jpg,D:\DPS 920\DPS920_final_project\IMG\left_2026_07_28_11_07_43_645.jpg,D:\DPS 920\DPS920_final_project\IMG\right_2026_07_28_11_07_43_645.jpg,0.0,1.0,0,30.1902
D:\DPS 920\DPS920_final_project\IMG\center_2026_07_28_11_21_22_578.jpg,D:\DPS 920\DPS920_final_project\IMG\left_2026_07_28_11_21_22_578.jpg,D:\DPS 920\DPS920_final_project\IMG\right_2026_07_28_11_21_22_578.jpg,-0.1,1.0,0,30.18972
D:\DPS 920\DPS920_final_project\IMG\center_2026_07_28_11_20_35_345.jpg,D:\DPS 920\DPS920_final_project\IMG\left_2026_07_28_11_20_35_345.jpg,D:\DPS 920\DPS920_final_project\IMG\right_2026_07_28_11_20_35_345.jpg,-0.15,1.0,0,30.18782
D:\DPS 920\DPS920_final_project\IMG\center_2026_07_28_11_08_20_437.jpg,D:\DPS 920\DPS920_final_project\IMG\left_2026_07_28_11_08_20_437.jpg,D:\DPS 920\DPS920_final_project\IMG\right_2026_07_28_11_08_20_437.jpg,0.0,1.0,0,30.19101
D:\DPS 920\DPS920_final_project\IMG\center_2026_07_28_11_06_06_012.jpg,D:\DPS 920\DPS920_final_project\IMG\left_2026_07_28_11_06_06_012.jpg,D:\DPS 920\DPS920_final_project\IMG\right_2026_07_28_11_06_06_012.jpg,-0.9000002,1.0,0,30.10179
D:\DPS 920\DPS920_final_project\IMG\center_2026_07_28_11_06_29_695.jpg,D:\DPS 920\DPS920_final_project\IMG\left_2026_07_28_11_06_29_695.jpg,D:\DPS 920\DPS920_final_project\IMG\right_2026_07_28_11_06_29_695.jpg,0.0,1.0,0,30.19021
D:\DPS 920\DPS920_final_project\IMG\center_2026_07_28_11_21_16_554.jpg,D:\DPS 920\DPS920_final_project\IMG\left_2026_07_28_11_21_16_554.jpg,D:\DPS 920\DPS920_final_project\IMG\right_2026_07_28_11_21_16_554.jpg,-0.45,1.0,0,30.15218
D:\DPS 920\DPS920_final_project\IMG\center_2026_07_28_11_20_42_616.jpg,D:\DPS 920\DPS920_final_project\IMG\left_2026_07_28_11_20_42_616.jpg,D:\DPS 920\DPS920_final_project\IMG\right_2026_07_28_11_20_42_616.jpg,0.0,1.0,0,30.19032
D:\DPS 920\DPS920_final_project\IMG\center_2026_07_28_11_08_18_036.jpg,D:\DPS 920\DPS920_final_project\IMG\left_2026_07_28_11_08_18_036.jpg,D:\DPS 920\DPS920_final_project\IMG\right_2026_07_28_11_08_18_036.jpg,0.0,1.0,0,30.19032
D:\DPS 920\DPS920_final_project\IMG\center_2026_07_28_11_22_41_119.jpg,D:\DPS 920\DPS920_final_project\IMG\left_2026_07_28_11_22_41_119.jpg,D:\DPS 920\DPS920_final_project\IMG\right_2026_07_28_11_22_41_119.jpg,-0.1,1.0,0,30.18722
D:\DPS 920\DPS920_final_project\IMG\center_2026_07_28_11_22_45_882.jpg,D:\DPS 920\DPS920_final_project\IMG\left_2026_07_28_11_22_45_882.jpg,D:\DPS 920\DPS920_final_project\IMG\right_2026_07_28_11_22_45_882.jpg,-0.05,1.0,0,30.19017
D:\DPS 920\DPS920_final_project\IMG\center_2026_07_28_11_07_35_123.jpg,D:\DPS 920\DPS920_final_project\IMG\left_2026_07_28_11_07_35_123.jpg,D:\DPS 920\DPS920_final_project\IMG\right_2026_07_28_11_07_35_123.jpg,0.2,1.0,0,30.17982
D:\DPS 920\DPS920_final_project\IMG\center_2026_07_28_11_20_06_952.jpg,D:\DPS 920\DPS920_final_project\IMG\left_2026_07_28_11_20_06_952.jpg,D:\DPS 920\DPS920_final_project\IMG\right_2026_07_28_11_20_06_952.jpg,0.0,1.0,0,30.19018
D:\DPS 920\DPS920_final_project\IMG\center_2026_07_28_11_09_03_260.jpg,D:\DPS 920\DPS920_final_project\IMG\left_2026_07_28_11_09_03_260.jpg,D:\DPS 920\DPS920_final_project\IMG\right_2026_07_28_11_09_03_260.jpg,0.25,1.0,0,30.17939
D:\DPS 920\DPS920_final_project\IMG\center_2026_07_28_11_06_10_061.jpg,D:\DPS 920\DPS920_final_project\IMG\left_2026_07_28_11_06_10_061.jpg,D:\DPS 920\DPS920_final_project\IMG\right_2026_07_28_11_06_10_061.jpg,0.0,1.0,0,30.19024
D:\DPS 920\DPS920_final_project\IMG\center_2026_07_28_11_07_42_058.jpg,D:\DPS 920\DPS920_final_project\IMG\left_2026_07_28_11_07_42_058.jpg,D:\DPS 920\DPS920_final_project\IMG\right_2026_07_28_11_07_42_058.jpg,0.0,1.0,0,30.18673
D:\DPS 920\DPS920_final_project\IMG\center_2026_07_28_11_08_01_950.jpg,D:\DPS 920\DPS920_final_project\IMG\left_2026_07_28_11_08_01_950.jpg,D:\DPS 920\DPS920_final_project\IMG\right_2026_07_28_11_08_01_950.jpg,0.3,1.0,0,30.17187
D:\DPS 920\DPS920_final_project\IMG\center_2026_07_28_11_06_50_811.jpg,D:\DPS 920\DPS920_final_project\IMG\left_2026_07_28_11_06_50_811.jpg,D:\DPS 920\DPS920_final_project\IMG\right_2026_07_28_11_06_50_811.jpg,0.1,1.0,0,30.18768
D:\DPS 920\DPS920_final_project\IMG\center_2026_07_28_11_07_15_687.jpg,D:\DPS 920\DPS920_final_project\IMG\left_2026_07_28_11_07_15_687.jpg,D:\DPS 920\DPS920_final_project\IMG\right_2026_07_28_11_07_15_687.jpg,0.35,1.0,0,30.16579
D:\DPS 920\DPS920_final_project\IMG\center_2026_07_28_11_08_53_314.jpg,D:\DPS 920\DPS920_final_project\IMG\left_2026_07_28_11_08_53_314.jpg,D:\DPS 920\DPS920_final_project\IMG\right_2026_07_28_11_08_53_314.jpg,-0.8500001,1.0,0,30.1053
D:\DPS 920\DPS920_final_project\IMG\center_2026_07_28_11_07_25_606.jpg,D:\DPS 920\DPS920_final_project\IMG\left_2026_07_28_11_07_25_606.jpg,D:\DPS 920\DPS920_final_project\IMG\right_2026_07_28_11_07_25_606.jpg,0.0,1.0,0,30.19018
D:\DPS 920\DPS920_final_project\IMG\center_2026_07_28_11_07_53_555.jpg,D:\DPS 920\DPS920_final_project\IMG\left_2026_07_28_11_07_53_555.jpg,D:\DPS 920\DPS920_final_project\IMG\right_2026_07_28_11_07_53_555.jpg,0.0,1.0,0,30.19031
D:\DPS 920\DPS920_final_project\IMG\center_2026_07_28_11_22_24_201.jpg,D:\DPS 920\DPS920_final_project\IMG\left_2026_07_28_11_22_24_201.jpg,D:\DPS 920\DPS920_final_project\IMG\right_2026_07_28_11_22_24_201.jpg,-0.2,1.0,0,30.1837
D:\DPS 920\DPS920_final_project\IMG\center_2026_07_28_11_20_28_609.jpg,D:\DPS 920\DPS920_final_project\IMG\left_2026_07_28_11_20_28_609.jpg,D:\DPS 920\DPS920_final_project\IMG\right_2026_07_28_11_20_28_609.jpg,0.0,1.0,0,30.19066
D:\DPS 920\DPS920_final_project\IMG\center_2026_07_28_11_07_48_962.jpg,D:\DPS 920\DPS920_final_project\IMG\left_2026_07_28_11_07_48_962.jpg,D:\DPS 920\DPS920_final_project\IMG\right_2026_07_28_11_07_48_962.jpg,0.0,1.0,0,30.19064
D:\DPS 920\DPS920_final_project\IMG\center_2026_07_28_11_06_30_778.jpg,D:\DPS 920\DPS920_final_project\IMG\left_2026_07_28_11_06_30_778.jpg,D:\DPS 920\DPS920_final_project\IMG\right_2026_07_28_11_06_30_778.jpg,0.0,1.0,0,30.18983
D:\DPS 920\DPS920_final_project\IMG\center_2026_07_28_11_20_39_997.jpg,D:\DPS 920\DPS920_final_project\IMG\left_2026_07_28_11_20_39_997.jpg,D:\DPS 920\DPS920_final_project\IMG\right_2026_07_28_11_20_39_997.jpg,-0.1,1.0,0,30.18877
D:\DPS 920\DPS920_final_project\IMG\center_2026_07_28_11_21_00_723.jpg,D:\DPS 920\DPS920_final_project\IMG\left_2026_07_28_11_21_00_723.jpg,D:\DPS 920\DPS920_final_project\IMG\right_2026_07_28_11_21_00_723.jpg,-0.1,1.0,0,30.18762
D:\DPS 920\DPS920_final_project\IMG\center_2026_07_28_11_07_20_294.jpg,D:\DPS 920\DPS920_final_project\IMG\left_2026_07_28_11_07_20_294.jpg,D:\DPS 920\DPS920_final_project\IMG\right_2026_07_28_11_07_20_294.jpg,0.0,1.0,0,30.18885
D:\DPS 920\DPS920_final_project\IMG\center_2026_07_28_11_10_12_701.jpg,D:\DPS 920\DPS920_final_project\IMG\left_2026_07_28_11_10_12_701.jpg,D:\DPS 920\DPS920_final_project\IMG\right_2026_07_28_11_10_12_701.jpg,-0.25,1.0,0,30.17576
D:\DPS 920\DPS920_final_project\IMG\center_2026_07_28_11_06_17_016.jpg,D:\DPS 920\DPS920_final_project\IMG\left_2026_07_28_11_06_17_016.jpg,D:\DPS 920\DPS920_final_project\IMG\right_2026_07_28_11_06_17_016.jpg,0.0,1.0,0,30.18821
D:\DPS 920\DPS920_final_project\IMG\center_2026_07_28_11_10_15_075.jpg,D:\DPS 920\DPS920_final_project\IMG\left_2026_07_28_11_10_15_075.jpg,D:\DPS 920\DPS920_final_project\IMG\right_2026_07_28_11_10_15_075.jpg,-0.1,1.0,0,30.19156
D:\DPS 920\DPS920_final_project\IMG\center_2026_07_28_11_09_02_559.jpg,D:\DPS 920\DPS920_final_project\IMG\left_2026_07_28_11_09_02_559.jpg,D:\DPS 920\DPS920_final_project\IMG\right_2026_07_28_11_09_02_559.jpg,0.2,1.0,0,30.18951
D:\DPS 920\DPS920_final_project\IMG\center_2026_07_28_11_06_44_600.jpg,D:\DPS 920\DPS920_final_project\IMG\left_2026_07_28_11_06_44_600.jpg,D:\DPS 920\DPS920_final_project\IMG\right_2026_07_28_11_06_44_600.jpg,0.3,1.0,0,30.1696
D:\DPS 920\DPS920_final_project\IMG\center_2026_07_28_11_20_51_596.jpg,D:\DPS 920\DPS920_final_project\IMG\left_2026_07_28_11_20_51_596.jpg,D:\DPS 920\DPS920_final_project\IMG\right_2026_07_28_11_20_51_596.jpg,0.0,1.0,0,30.18995
D:\DPS 920\DPS920_final_project\IMG\center_2026_07_28_11_10_05_914.jpg,D:\DPS 920\DPS920_final_project\IMG\left_2026_07_28_11_10_05_914.jpg,D:\DPS 920\DPS920_final_project\IMG\right_2026_07_28_11_10_05_914.jpg,0.2,1.0,0,30.18243
D:\DPS 920\DPS920_final_project\IMG\center_2026_07_28_11_06_46_107.jpg,D:\DPS 920\DPS920_final_project\IMG\left_2026_07_28_11_06_46_107.jpg,D:\DPS 920\DPS920_final_project\IMG\right_2026_07_28_11_06_46_107.jpg,0.0,1.0,0,30.19016
D:\DPS 920\DPS920_final_project\IMG\center_2026_07_28_11_06_25_585.jpg,D:\DPS 920\DPS920_final_project\IMG\left_2026_07_28_11_06_25_585.jpg,D:\DPS 920\DPS920_final_project\IMG\right_2026_07_28_11_06_25_585.jpg,0.0,1.0,0,30.19064
D:\DPS 920\DPS920_final_project\IMG\center_2026_07_28_11_09_26_551.jpg,D:\DPS 920\DPS920_final_project\IMG\left_2026_07_28_11_09_26_551.jpg,D:\DPS 920\DPS920_final_project\IMG\right_2026_07_28_11_09_26_551.jpg,0.15,1.0,0,30.18813
D:\DPS 920\DPS920_final_project\IMG\center_2026_07_28_11_22_38_648.jpg,D:\DPS 920\DPS920_final_project\IMG\left_2026_07_28_11_22_38_648.jpg,D:\DPS 920\DPS920_final_project\IMG\right_2026_07_28_11_22_38_648.jpg,0.0,1.0,0,30.18448
D:\DPS 920\DPS920_final_project\IMG\center_2026_07_28_11_07_28_757.jpg,D:\DPS 920\DPS920_final_project\IMG\left_2026_07_28_11_07_28_757.jpg,D:\DPS 920\DPS920_final_project\IMG\right_2026_07_28_11_07_28_757.jpg,-0.4,1.0,0,30.16013
D:\DPS 920\DPS920_final_project\IMG\center_2026_07_28_11_08_00_975.jpg,D:\DPS 920\DPS920_final_project\IMG\left_2026_07_28_11_08_00_975.jpg,D:\DPS 920\DPS920_final_project\IMG\right_2026_07_28_11_08_00_975.jpg,0.15,1.0,0,30.18628
D:\DPS 920\DPS920_final_project\IMG\center_2026_07_28_11_21_02_134.jpg,D:\DPS 920\DPS920_final_project\IMG\left_2026_07_28_11_21_02_134.jpg,D:\DPS 920\DPS920_final_project\IMG\right_2026_07_28_11_21_02_134.jpg,-0.1,1.0,0,30.18924
D:\DPS 920\DPS920_final_project\IMG\center_2026_07_28_11_10_29_304.jpg,D:\DPS 920\DPS920_final_project\IMG\left_2026_07_28_11_10_29_304.jpg,D:\DPS 920\DPS920_final_project\IMG\right_2026_07_28_11_10_29_304.jpg,0.0,1.0,0,30.1903
D:\DPS 920\DPS920_final_project\IMG\center_2026_07_28_11_21_54_027.jpg,D:\DPS 920\DPS920_final_project\IMG\left_2026_07_28_11_21_54_027.jpg,D:\DPS 920\DPS920_final_project\IMG\right_2026_07_28_11_21_54_027.jpg,-0.1,1.0,0,30.18901
D:\DPS 920\DPS920_final_project\IMG\center_2026_07_28_11_21_21_809.jpg,D:\DPS 920\DPS920_final_project\IMG\left_2026_07_28_11_21_21_809.jpg,D:\DPS 920\DPS920_final_project\IMG\right_2026_07_28_11_21_21_809.jpg,-0.2,1.0,0,30.18059
D:\DPS 920\DPS920_final_project\IMG\center_2026_07_28_11_07_38_073.jpg,D:\DPS 920\DPS920_final_project\IMG\left_2026_07_28_11_07_38_073.jpg,D:\DPS 920\DPS920_final_project\IMG\right_2026_07_28_11_07_38_073.jpg,0.25,1.0,0,30.17729
D:\DPS 920\DPS920_final_project\IMG\center_2026_07_28_11_07_11_836.jpg,D:\DPS 920\DPS920_final_project\IMG\left_2026_07_28_11_07_11_836.jpg,D:\DPS 920\DPS920_final_project\IMG\right_2026_07_28_11_07_11_836.jpg,0.1,1.0,0,30.18767
D:\DPS 920\DPS920_final_project\IMG\center_2026_07_28_11_08_14_133.jpg,D:\DPS 920\DPS920_final_project\IMG\left_2026_07_28_11_08_14_133.jpg,D:\DPS 920\DPS920_final_project\IMG\right_2026_07_28_11_08_14_133.jpg,0.0,1.0,0,30.1898
D:\DPS 920\DPS920_final_project\IMG\center_2026_07_28_11_06_01_647.jpg,D:\DPS 920\DPS920_final_project\IMG\left_2026_07_28_11_06_01_647.jpg,D:\DPS 920\DPS920_final_project\IMG\right_2026_07_28_11_06_01_647.jpg,0.05,1.0,0,30.18971
D:\DPS 920\DPS920_final_project\IMG\center_2026_07_28_11_21_53_885.jpg,D:\DPS 920\DPS920_final_project\IMG\left_2026_07_28_11_21_53_885.jpg,D:\DPS 920\DPS920_final_project\IMG\right_2026_07_28_11_21_53_885.jpg,-0.2,1.0,0,30.1813
D:\DPS 920\DPS920_final_project\IMG\center_2026_07_28_11_22_20_724.jpg,D:\DPS 920\DPS920_final_project\IMG\left_2026_07_28_11_22_20_724.jpg,D:\DPS 920\DPS920_final_project\IMG\right_2026_07_28_11_22_20_724.jpg,-0.1,1.0,0,30.1875
D:\DPS 920\DPS920_final_project\IMG\center_2026_07_28_11_21_59_287.jpg,D:\DPS 920\DPS920_final_project\IMG\left_2026_07_28_11_21_59_287.jpg,D:\DPS 920\DPS920_final_project\IMG\right_2026_07_28_11_21_59_287.jpg,-0.1,1.0,0,30.18769
D:\DPS 920\DPS920_final_project\IMG\center_2026_07_28_11_21_18_806.jpg,D:\DPS 920\DPS920_final_project\IMG\left_2026_07_28_11_21_18_806.jpg,D:\DPS 920\DPS920_final_project\IMG\right_2026_07_28_11_21_18_806.jpg,-0.4,1.0,0,30.16232
D:\DPS 920\DPS920_final_project\IMG\center_2026_07_28_11_06_23_847.jpg,D:\DPS 920\DPS920_final_project\IMG\left_2026_07_28_11_06_23_847.jpg,D:\DPS 920\DPS920_final_project\IMG\right_2026_07_28_11_06_23_847.jpg,0.0,1.0,0,30.19068
D:\DPS 920\DPS920_final_project\IMG\center_2026_07_28_11_09_54_694.jpg,D:\DPS 920\DPS920_final_project\IMG\left_2026_07_28_11_09_54_694.jpg,D:\DPS 920\DPS920_final_project\IMG\right_2026_07_28_11_09_54_694.jpg,0.0,1.0,0,30.19029
D:\DPS 920\DPS920_final_project\IMG\center_2026_07_28_11_06_37_565.jpg,D:\DPS 920\DPS920_final_project\IMG\left_2026_07_28_11_06_37_565.jpg,D:\DPS 920\DPS920_final_project\IMG\right_2026_07_28_11_06_37_565.jpg,0.0,1.0,0,30.19071
D:\DPS 920\DPS920_final_project\IMG\center_2026_07_28_11_07_52_982.jpg,D:\DPS 920\DPS920_final_project\IMG\left_2026_07_28_11_07_52_982.jpg,D:\DPS 920\DPS920_final_project\IMG\right_2026_07_28_11_07_52_982.jpg,0.0,1.0,0,30.19022
D:\DPS 920\DPS920_final_project\IMG\center_2026_07_28_11_06_11_610.jpg,D:\DPS 920\DPS920_final_project\IMG\left_2026_07_28_11_06_11_610.jpg,D:\DPS 920\DPS920_final_project\IMG\right_2026_07_28_11_06_11_610.jpg,0.05,1.0,0,30.18992
D:\DPS 920\DPS920_final_project\IMG\center_2026_07_28_11_09_07_795.jpg,D:\DPS 920\DPS920_final_project\IMG\left_2026_07_28_11_09_07_795.jpg,D:\DPS 920\DPS920_final_project\IMG\right_2026_07_28_11_09_07_795.jpg,0.0,1.0,0,30.19111
D:\DPS 920\DPS920_final_project\IMG\center_2026_07_28_11_08_28_796.jpg,D:\DPS 920\DPS920_final_project\IMG\left_2026_07_28_11_08_28_796.jpg,D:\DPS 920\DPS920_final_project\IMG\right_2026_07_28_11_08_28_796.jpg,0.1,1.0,0,30.18769
D:\DPS 920\DPS920_final_project\IMG\center_2026_07_28_11_21_10_360.jpg,D:\DPS 920\DPS920_final_project\IMG\left_2026_07_28_11_21_10_360.jpg,D:\DPS 920\DPS920_final_project\IMG\right_2026_07_28_11_21_10_360.jpg,0.0,1.0,0,30.18976
D:\DPS 920\DPS920_final_project\IMG\center_2026_07_28_11_22_30_124.jpg,D:\DPS 920\DPS920_final_project\IMG\left_2026_07_28_11_22_30_124.jpg,D:\DPS 920\DPS920_final_project\IMG\right_2026_07_28_11_22_30_124.jpg,0.0,1.0,0,30.19001
D:\DPS 920\DPS920_final_project\IMG\center_2026_07_28_11_10_10_557.jpg,D:\DPS 920\DPS920_final_project\IMG\left_2026_07_28_11_10_10_557.jpg,D:\DPS 920\DPS920_final_project\IMG\right_2026_07_28_11_10_10_557.jpg,0.0,1.0,0,30.19033
D:\DPS 920\DPS920_final_project\IMG\center_2026_07_28_11_21_03_400.jpg,D:\DPS 920\DPS920_final_project\IMG\left_2026_07_28_11_21_03_400.jpg,D:\DPS 920\DPS920_final_project\IMG\right_2026_07_28_11_21_03_400.jpg,0.0,1.0,0,30.19032
D:\DPS 920\DPS920_final_project\IMG\center_2026_07_28_11_09_29_753.jpg,D:\DPS 920\DPS920_final_project\IMG\left_2026_07_28_11_09_29_753.jpg,D:\DPS 920\DPS920_final_project\IMG\right_2026_07_28_11_09_29_753.jpg,0.1,1.0,0,30.18639
D:\DPS 920\DPS920_final_project\IMG\center_2026_07_28_11_10_03_106.jpg,D:\DPS 920\DPS920_final_project\IMG\left_2026_07_28_11_10_03_106.jpg,D:\DPS 920\DPS920_final_project\IMG\right_2026_07_28_11_10_03_106.jpg,0.0,1.0,0,30.18955
D:\DPS 920\DPS920_final_project\IMG\center_2026_07_28_11_08_32_251.jpg,D:\DPS 920\DPS920_final_project\IMG\left_2026_07_28_11_08_32_251.jpg,D:\DPS 920\DPS920_final_project\IMG\right_2026_07_28_11_08_32_251.jpg,0.25,1.0,0,30.17619
D:\DPS 920\DPS920_final_project\IMG\center_2026_07_28_11_08_34_653.jpg,D:\DPS 920\DPS920_final_project\IMG\left_2026_07_28_11_08_34_653.jpg,D:\DPS 920\DPS920_final_project\IMG\right_2026_07_28_11_08_34_653.jpg,0.0,1.0,0,30.19063
D:\DPS 920\DPS920_final_project\IMG\center_2026_07_28_11_06_58_820.jpg,D:\DPS 920\DPS920_final_project\IMG\left_2026_07_28_11_06_58_820.jpg,D:\DPS 920\DPS920_final_project\IMG\right_2026_07_28_11_06_58_820.jpg,-0.15,1.0,0,30.18422
D:\DPS 920\DPS920_final_project\IMG\center_2026_07_28_11_10_26_705.jpg,D:\DPS 920\DPS920_final_project\IMG\left_2026_07_28_11_10_26_705.jpg,D:\DPS 920\DPS920_final_project\IMG\right_2026_07_28_11_10_26_705.jpg,0.2,1.0,0,30.18647
D:\DPS 920\DPS920_final_project\IMG\center_2026_07_28_11_07_07_644.jpg,D:\DPS 920\DPS920_final_project\IMG\left_2026_07_28_11_07_07_644.jpg,D:\DPS 920\DPS920_final_project\IMG\right_2026_07_28_11_07_07_644.jpg,0.05,1.0,0,30.18995
D:\DPS 920\DPS920_final_project\IMG\center_2026_07_28_11_20_44_544.jpg,D:\DPS 920\DPS920_final_project\IMG\left_2026_07_28_11_20_44_544.jpg,D:\DPS 920\DPS920_final_project\IMG\right_2026_07_28_11_20_44_544.jpg,0.0,1.0,0,30.1902
D:\DPS 920\DPS920_final_project\IMG\center_2026_07_28_11_22_26_355.jpg,D:\DPS 920\DPS920_final_project\IMG\left_2026_07_28_11_22_26_355.jpg,D:\DPS 920\DPS920_final_project\IMG\right_2026_07_28_11_22_26_355.jpg,0.0,1.0,0,30.1903
D:\DPS 920\DPS920_final_project\IMG\center_2026_07_28_11_07_55_689.jpg,D:\DPS 920\DPS920_final_project\IMG\left_2026_07_28_11_07_55_689.jpg,D:\DPS 920\DPS920_final_project\IMG\right_2026_07_28_11_07_55_689.jpg,0.0,1.0,0,30.19027
D:\DPS 920\DPS920_final_project\IMG\center_2026_07_28_11_21_08_010.jpg,D:\DPS 920\DPS920_final_project\IMG\left_2026_07_28_11_21_08_010.jpg,D:\DPS 920\DPS920_final_project\IMG\right_2026_07_28_11_21_08_010.jpg,0.2,1.0,0,30.17874
D:\DPS 920\DPS920_final_project\IMG\center_2026_07_28_11_20_52_013.jpg,D:\DPS 920\DPS920_final_project\IMG\left_2026_07_28_11_20_52_013.jpg,D:\DPS 920\DPS920_final_project\IMG\right_2026_07_28_11_20_52_013.jpg,0.0,1.0,0,30.18995
D:\DPS 920\DPS920_final_project\IMG\center_2026_07_28_11_21_04_894.jpg,D:\DPS 920\DPS920_final_project\IMG\left_2026_07_28_11_21_04_894.jpg,D:\DPS 920\DPS920_final_project\IMG\right_2026_07_28_11_21_04_894.jpg,0.0,1.0,0,30.19033
D:\DPS 920\DPS920_final_project\IMG\center_2026_07_28_11_20_21_376.jpg,D:\DPS 920\DPS920_final_project\IMG\left_2026_07_28_11_20_21_376.jpg,D:\DPS 920\DPS920_final_project\IMG\right_2026_07_28_11_20_21_376.jpg,0.0,1.0,0,30.19024
D:\DPS 920\DPS920_final_project\IMG\center_2026_07_28_11_05_58_226.jpg,D:\DPS 920\DPS920_final_project\IMG\left_2026_07_28_11_05_58_226.jpg,D:\DPS 920\DPS920_final_project\IMG\right_2026_07_28_11_05_58_226.jpg,0.05,1.0,0,30.18953
D:\DPS 920\DPS920_final_project\IMG\center_2026_07_28_11_08_02_460.jpg,D:\DPS 920\DPS920_final_project\IMG\left_2026_07_28_11_08_02_460.jpg,D:\DPS 920\DPS920_final_project\IMG\right_2026_07_28_11_08_02_460.jpg,0.2,1.0,0,30.18349
D:\DPS 920\DPS920_final_project\IMG\center_2026_07_28_11_06_08_117.jpg,D:\DPS 920\DPS920_final_project\IMG\left_2026_07_28_11_06_08_117.jpg,D:\DPS 920\DPS920_final_project\IMG\right_2026_07_28_11_06_08_117.jpg,-0.05,1.0,0,30.19012
D:\DPS 920\DPS920_final_project\IMG\center_2026_07_28_11_20_42_823.jpg,D:\DPS 920\DPS920_final_project\IMG\left_2026_07_28_11_20_42_823.jpg,D:\DPS 920\DPS920_final_project\IMG\right_2026_07_28_11_20_42_823.jpg,-0.3,1.0,0,30.16926
D:\DPS 920\DPS920_final_project\IMG\center_2026_07_28_11_20_37_640.jpg,D:\DPS 920\DPS920_final_project\IMG\left_2026_07_28_11_20_37_640.jpg,D:\DPS 920\DPS920_final_project\IMG\right_2026_07_28_11_20_37_640.jpg,-0.1,1.0,0,30.18895
D:\DPS 920\DPS920_final_project\IMG\center_2026_07_28_11_20_59_717.jpg,D:\DPS 920\DPS920_final_project\IMG\left_2026_07_28_11_20_59_717.jpg,D:\DPS 920\DPS920_final_project\IMG\right_2026_07_28_11_20_59_717.jpg,-0.2,1.0,0,30.18358
D:\DPS 920\DPS920_final_project\IMG\center_2026_07_28_11_06_38_180.jpg,D:\DPS 920\DPS920_final_project\IMG\left_2026_07_28_11_06_38_180.jpg,D:\DPS 920\DPS920_final_project\IMG\right_2026_07_28_11_06_38_180.jpg,0.0,1.0,0,30.18867
D:\DPS 920\DPS920_final_project\IMG\center_2026_07_28_11_09_22_555.jpg,D:\DPS 920\DPS920_final_project\IMG\left_2026_07_28_11_09_22_555.jpg,D:\DPS 920\DPS920_final_project\IMG\right_2026_07_28_11_09_22_555.jpg,0.25,1.0,0,30.17558
D:\DPS 920\DPS920_final_project\IMG\center_2026_07_28_11_06_42_546.jpg,D:\DPS 920\DPS920_final_project\IMG\left_2026_07_28_11_06_42_546.jpg,D:\DPS 920\DPS920_final_project\IMG\right_2026_07_28_11_06_42_546.jpg,0.0,1.0,0,30.19138
D:\DPS 920\DPS920_final_project\IMG\center_2026_07_28_11_20_37_077.jpg,D:\DPS 920\DPS920_final_project\IMG\left_2026_07_28_11_20_37_077.jpg,D:\DPS 920\DPS920_final_project\IMG\right_2026_07_28_11_20_37_077.jpg,-0.15,1.0,0,30.18434
D:\DPS 920\DPS920_final_project\IMG\center_2026_07_28_11_21_19_017.jpg,D:\DPS 920\DPS920_final_project\IMG\left_2026_07_28_11_21_19_017.jpg,D:\DPS 920\DPS920_final_project\IMG\right_2026_07_28_11_21_19_017.jpg,-0.2,1.0,0,30.1868
D:\DPS 920\DPS920_final_project\IMG\center_2026_07_28_11_22_23_603.jpg,D:\DPS 920\DPS920_final_project\IMG\left_2026_07_28_11_22_23_603.jpg,D:\DPS 920\DPS920_final_project\IMG\right_2026_07_28_11_22_23_603.jpg,-0.15,1.0,0,30.18688
D:\DPS 920\DPS920_final_project\IMG\center_2026_07_28_11_21_59_215.jpg,D:\DPS 920\DPS920_final_project\IMG\left_2026_07_28_11_21_59_215.jpg,D:\DPS 920\DPS920_final_project\IMG\right_2026_07_28_11_21_59_215.jpg,0.0,1.0,0,30.19029
D:\DPS 920\DPS920_final_project\IMG\center_2026_07_28_11_21_12_885.jpg,D:\DPS 920\DPS920_final_project\IMG\left_2026_07_28_11_21_12_885.jpg,D:\DPS 920\DPS920_final_project\IMG\right_2026_07_28_11_21_12_885.jpg,0.0,1.0,0,30.19033
D:\DPS 920\DPS920_final_project\IMG\center_2026_07_28_11_22_32_120.jpg,D:\DPS 920\DPS920_final_project\IMG\left_2026_07_28_11_22_32_120.jpg,D:\DPS 920\DPS920_final_project\IMG\right_2026_07_28_11_22_32_120.jpg,0.8000001,1.0,0,30.11122
D:\DPS 920\DPS920_final_project\IMG\center_2026_07_28_11_21_28_984.jpg,D:\DPS 920\DPS920_final_project\IMG\left_2026_07_28_11_21_28_984.jpg,D:\DPS 920\DPS920_final_project\IMG\right_2026_07_28_11_21_28_984.jpg,0.0,1.0,0,30.1909
D:\DPS 920\DPS920_final_project\IMG\center_2026_07_28_11_10_08_447.jpg,D:\DPS 920\DPS920_final_project\IMG\left_2026_07_28_11_10_08_447.jpg,D:\DPS 920\DPS920_final_project\IMG\right_2026_07_28_11_10_08_447.jpg,0.0,1.0,0,30.1901
D:\DPS 920\DPS920_final_project\IMG\center_2026_07_28_11_10_26_195.jpg,D:\DPS 920\DPS920_final_project\IMG\left_2026_07_28_11_10_26_195.jpg,D:\DPS 920\DPS920_final_project\IMG\right_2026_07_28_11_10_26_195.jpg,0.05,1.0,0,30.19125
D:\DPS 920\DPS920_final_project\IMG\center_2026_07_28_11_06_04_038.jpg,D:\DPS 920\DPS920_final_project\IMG\left_2026_07_28_11_06_04_038.jpg,D:\DPS 920\DPS920_final_project\IMG\right_2026_07_28_11_06_04_038.jpg,-0.2,1.0,0,30.18027
D:\DPS 920\DPS920_final_project\IMG\center_2026_07_28_11_20_46_608.jpg,D:\DPS 920\DPS920_final_project\IMG\left_2026_07_28_11_20_46_608.jpg,D:\DPS 920\DPS920_final_project\IMG\right_2026_07_28_11_20_46_608.jpg,0.0,1.0,0,30.18995
D:\DPS 920\DPS920_final_project\IMG\center_2026_07_28_11_08_23_364.jpg,D:\DPS 920\DPS920_final_project\IMG\left_2026_07_28_11_08_23_364.jpg,D:\DPS 920\DPS920_final_project\IMG\right_2026_07_28_11_08_23_364.jpg,0.2,1.0,0,30.17985
D:\DPS 920\DPS920_final_project\IMG\center_2026_07_28_11_08_03_804.jpg,D:\DPS 920\DPS920_final_project\IMG\left_2026_07_28_11_08_03_804.jpg,D:\DPS 920\DPS920_final_project\IMG\right_2026_07_28_11_08_03_804.jpg,0.2,1.0,0,30.17986
D:\DPS 920\DPS920_final_project\IMG\center_2026_07_28_11_10_18_270.jpg,D:\DPS 920\DPS920_final_project\IMG\left_2026_07_28_11_10_18_270.jpg,D:\DPS 920\DPS920_final_project\IMG\right_2026_07_28_11_10_18_270.jpg,0.0,1.0,0,30.1903
D:\DPS 920\DPS920_final_project\IMG\center_2026_07_28_11_10_25_272.jpg,D:\DPS 920\DPS920_final_project\IMG\left_2026_07_28_11_10_25_272.jpg,D:\DPS 920\DPS920_final_project\IMG\right_2026_07_28_11_10_25_272.jpg,0.05,1.0,0,30.18966
D:\DPS 920\DPS920_final_project\IMG\center_2026_07_28_11_09_59_118.jpg,D:\DPS 920\DPS920_final_project\IMG\left_2026_07_28_11_09_59_118.jpg,D:\DPS 920\DPS920_final_project\IMG\right_2026_07_28_11_09_59_118.jpg,0.1,1.0,0,30.18951
D:\DPS 920\DPS920_final_project\IMG\center_2026_07_28_11_19_57_452.jpg,D:\DPS 920\DPS920_final_project\IMG\left_2026_07_28_11_19_57_452.jpg,D:\DPS 920\DPS920_final_project\IMG\right_2026_07_28_11_19_57_452.jpg,-0.2,1.0,0,30.18266
D:\DPS 920\DPS920_final_project\IMG\center_2026_07_28_11_21_19_660.jpg,D:\DPS 920\DPS920_final_project\IMG\left_2026_07_28_11_21_19_660.jpg,D:\DPS 920\DPS920_final_project\IMG\right_2026_07_28_11_21_19_660.jpg,-0.4,1.0,0,30.16092
D:\DPS 920\DPS920_final_project\IMG\center_2026_07_28_11_08_05_150.jpg,D:\DPS 920\DPS920_final_project\IMG\left_2026_07_28_11_08_05_150.jpg,D:\DPS 920\DPS920_final_project\IMG\right_2026_07_28_11_08_05_150.jpg,0.2,1.0,0,30.18209
D:\DPS 920\DPS920_final_project\IMG\center_2026_07_28_11_20_57_510.jpg,D:\DPS 920\DPS920_final_project\IMG\left_2026_07_28_11_20_57_510.jpg,D:\DPS 920\DPS920_final_project\IMG\right_2026_07_28_11_20_57_510.jpg,-0.05,1.0,0,30.19003
D:\DPS 920\DPS920_final_project\IMG\center_2026_07_28_11_22_44_335.jpg,D:\DPS 920\DPS920_final_project\IMG\left_2026_07_28_11_22_44_335.jpg,D:\DPS 920\DPS920_final_project\IMG\right_2026_07_28_11_22_44_335.jpg,-0.1,1.0,0,30.18963
D:\DPS 920\DPS920_final_project\IMG\center_2026_07_28_11_20_00_808.jpg,D:\DPS 920\DPS920_final_project\IMG\left_2026_07_28_11_20_00_808.jpg,D:\DPS 920\DPS920_final_project\IMG\right_2026_07_28_11_20_00_808.jpg,0.0,1.0,0,30.18996
D:\DPS 920\DPS920_final_project\IMG\center_2026_07_28_11_07_22_571.jpg,D:\DPS 920\DPS920_final_project\IMG\left_2026_07_28_11_07_22_571.jpg,D:\DPS 920\DPS920_final_project\IMG\right_2026_07_28_11_07_22_571.jpg,0.2,1.0,0,30.18301
D:\DPS 920\DPS920_final_project\IMG\center_2026_07_28_11_08_51_520.jpg,D:\DPS 920\DPS920_final_project\IMG\left_2026_07_28_11_08_51_520.jpg,D:\DPS 920\DPS920_final_project\IMG\right_2026_07_28_11_08_51_520.jpg,-0.15,1.0,0,30.18895
D:\DPS 920\DPS920_final_project\IMG\center_2026_07_28_11_09_01_423.jpg,D:\DPS 920\DPS920_final_project\IMG\left_2026_07_28_11_09_01_423.jpg,D:\DPS 920\DPS920_final_project\IMG\right_2026_07_28_11_09_01_423.jpg,0.15,1.0,0,30.18804
D:\DPS 920\DPS920_final_project\IMG\center_2026_07_28_11_08_58_649.jpg,D:\DPS 920\DPS920_final_project\IMG\left_2026_07_28_11_08_58_649.jpg,D:\DPS 920\DPS920_final_project\IMG\right_2026_07_28_11_08_58_649.jpg,0.0,1.0,0,30.1903
D:\DPS 920\DPS920_final_project\IMG\center_2026_07_28_11_20_30_552.jpg,D:\DPS 920\DPS920_final_project\IMG\left_2026_07_28_11_20_30_552.jpg,D:\DPS 920\DPS920_final_project\IMG\right_2026_07_28_11_20_30_552.jpg,-0.3,1.0,0,30.17034
D:\DPS 920\DPS920_final_project\IMG\center_2026_07_28_11_08_24_775.jpg,D:\DPS 920\DPS920_final_project\IMG\left_2026_07_28_11_08_24_775.jpg,D:\DPS 920\DPS920_final_project\IMG\right_2026_07_28_11_08_24_775.jpg,0.0,1.0,0,30.1903
D:\DPS 920\DPS920_final_project\IMG\center_2026_07_28_11_21_18_668.jpg,D:\DPS 920\DPS920_final_project\IMG\left_2026_07_28_11_21_18_668.jpg,D:\DPS 920\DPS920_final_project\IMG\right_2026_07_28_11_21_18_668.jpg,-0.05,1.0,0,30.1909
D:\DPS 920\DPS920_final_project\IMG\center_2026_07_28_11_10_27_218.jpg,D:\DPS 920\DPS920_final_project\IMG\left_2026_07_28_11_10_27_218.jpg,D:\DPS 920\DPS920_final_project\IMG\right_2026_07_28_11_10_27_218.jpg,0.2,1.0,0,30.18485
D:\DPS 920\DPS920_final_project\IMG\center_2026_07_28_11_07_06_914.jpg,D:\DPS 920\DPS920_final_project\IMG\left_2026_07_28_11_07_06_914.jpg,D:\DPS 920\DPS920_final_project\IMG\right_2026_07_28_11_07_06_914.jpg,0.0,1.0,0,30.19121
D:\DPS 920\DPS920_final_project\IMG\center_2026_07_28_11_22_20_151.jpg,D:\DPS 920\DPS920_final_project\IMG\left_2026_07_28_11_22_20_151.jpg,D:\DPS 920\DPS920_final_project\IMG\right_2026_07_28_11_22_20_151.jpg,-0.45,1.0,0,30.15298
D:\DPS 920\DPS920_final_project\IMG\center_2026_07_28_11_07_32_951.jpg,D:\DPS 920\DPS920_final_project\IMG\left_2026_07_28_11_07_32_951.jpg,D:\DPS 920\DPS920_final_project\IMG\right_2026_07_28_11_07_32_951.jpg,-0.2,1.0,0,30.17975
D:\DPS 920\DPS920_final_project\IMG\center_2026_07_28_11_22_24_278.jpg,D:\DPS 920\DPS920_final_project\IMG\left_2026_07_28_11_22_24_278.jpg,D:\DPS 920\DPS920_final_project\IMG\right_2026_07_28_11_22_24_278.jpg,0.0,1.0,0,30.18975
D:\DPS 920\DPS920_final_project\IMG\center_2026_07_28_11_09_54_189.jpg,D:\DPS 920\DPS920_final_project\IMG\left_2026_07_28_11_09_54_189.jpg,D:\DPS 920\DPS920_final_project\IMG\right_2026_07_28_11_09_54_189.jpg,0.0,1.0,0,30.19069
D:\DPS 920\DPS920_final_project\IMG\center_2026_07_28_11_10_19_315.jpg,D:\DPS 920\DPS920_final_project\IMG\left_2026_07_28_11_10_19_315.jpg,D:\DPS 920\DPS920_final_project\IMG\right_2026_07_28_11_10_19_315.jpg,0.25,1.0,0,30.17637
D:\DPS 920\DPS920_final_project\IMG\center_2026_07_28_11_21_08_794.jpg,D:\DPS 920\DPS920_final_project\IMG\left_2026_07_28_11_21_08_794.jpg,D:\DPS 920\DPS920_final_project\IMG\right_2026_07_28_11_21_08_794.jpg,0.7,1.0,0,30.11606
D:\DPS 920\DPS920_final_project\IMG\center_2026_07_28_11_22_34_704.jpg,D:\DPS 920\DPS920_final_project\IMG\left_2026_07_28_11_22_34_704.jpg,D:\DPS 920\DPS920_final_project\IMG\right_2026_07_28_11_22_34_704.jpg,0.1,1.0,0,30.18892
D:\DPS 920\DPS920_final_project\IMG\center_2026_07_28_11_06_49_634.jpg,D:\DPS 920\DPS920_final_project\IMG\left_2026_07_28_11_06_49_634.jpg,D:\DPS 920\DPS920_final_project\IMG\right_2026_07_28_11_06_49_634.jpg,0.25,1.0,0,30.17491
D:\DPS 920\DPS920_final_project\IMG\center_2026_07_28_11_07_45_787.jpg,D:\DPS 920\DPS920_final_project\IMG\left_2026_07_28_11_07_45_787.jpg,D:\DPS 920\DPS920_final_project\IMG\right_2026_07_28_11_07_45_787.jpg,0.0,1.0,0,30.19063
D:\DPS 920\DPS920_final_project\IMG\center_2026_07_28_11_06_37_098.jpg,D:\DPS 920\DPS920_final_project\IMG\left_2026_07_28_11_06_37_098.jpg,D:\DPS 920\DPS920_final_project\IMG\right_2026_07_28_11_06_37_098.jpg,0.0,1.0,0,30.18943
D:\DPS 920\DPS920_final_project\IMG\center_2026_07_28_11_21_52_464.jpg,D:\DPS 920\DPS920_final_project\IMG\left_2026_07_28_11_21_52_464.jpg,D:\DPS 920\DPS920_final_project\IMG\right_2026_07_28_11_21_52_464.jpg,-0.1,1.0,0,30.18817
D:\DPS 920\DPS920_final_project\IMG\center_2026_07_28_11_09_07_865.jpg,D:\DPS 920\DPS920_final_project\IMG\left_2026_07_28_11_09_07_865.jpg,D:\DPS 920\DPS920_final_project\IMG\right_2026_07_28_11_09_07_865.jpg,0.0,1.0,0,30.19035
D:\DPS 920\DPS920_final_project\IMG\center_2026_07_28_11_21_38_409.jpg,D:\DPS 920\DPS920_final_project\IMG\left_2026_07_28_11_21_38_409.jpg,D:\DPS 920\DPS920_final_project\IMG\right_2026_07_28_11_21_38_409.jpg,0.0,1.0,0,30.18993
D:\DPS 920\DPS920_final_project\IMG\center_2026_07_28_11_10_05_201.jpg,D:\DPS 920\DPS920_final_project\IMG\left_2026_07_28_11_10_05_201.jpg,D:\DPS 920\DPS920_final_project\IMG\right_2026_07_28_11_10_05_201.jpg,0.05,1.0,0,30.19191
D:\DPS 920\DPS920_final_project\IMG\center_2026_07_28_11_19_58_691.jpg,D:\DPS 920\DPS920_final_project\IMG\left_2026_07_28_11_19_58_691.jpg,D:\DPS 920\DPS920_final_project\IMG\right_2026_07_28_11_19_58_691.jpg,-0.15,1.0,0,30.18667
D:\DPS 920\DPS920_final_project\IMG\center_2026_07_28_11_19_55_939.jpg,D:\DPS 920\DPS920_final_project\IMG\left_2026_07_28_11_19_55_939.jpg,D:\DPS 920\DPS920_final_project\IMG\right_2026_07_28_11_19_55_939.jpg,-0.1,1.0,0,20.34053
D:\DPS 920\DPS920_final_project\IMG\center_2026_07_28_11_06_18_120.jpg,D:\DPS 920\DPS920_final_project\IMG\left_2026_07_28_11_06_18_120.jpg,D:\DPS 920\DPS920_final_project\IMG\right_2026_07_28_11_06_18_120.jpg,0.1,1.0,0,30.18953
D:\DPS 920\DPS920_final_project\IMG\center_2026_07_28_11_07_01_886.jpg,D:\DPS 920\DPS920_final_project\IMG\left_2026_07_28_11_07_01_886.jpg,D:\DPS 920\DPS920_final_project\IMG\right_2026_07_28_11_07_01_886.jpg,0.05,1.0,0,30.19002
D:\DPS 920\DPS920_final_project\IMG\center_2026_07_28_11_07_56_552.jpg,D:\DPS 920\DPS920_final_project\IMG\left_2026_07_28_11_07_56_552.jpg,D:\DPS 920\DPS920_final_project\IMG\right_2026_07_28_11_07_56_552.jpg,0.0,1.0,0,30.19031
D:\DPS 920\DPS920_final_project\IMG\center_2026_07_28_11_08_33_172.jpg,D:\DPS 920\DPS920_final_project\IMG\left_2026_07_28_11_08_33_172.jpg,D:\DPS 920\DPS920_final_project\IMG\right_2026_07_28_11_08_33_172.jpg,0.3,1.0,0,30.17145
D:\DPS 920\DPS920_final_project\IMG\center_2026_07_28_11_21_26_868.jpg,D:\DPS 920\DPS920_final_project\IMG\left_2026_07_28_11_21_26_868.jpg,D:\DPS 920\DPS920_final_project\IMG\right_2026_07_28_11_21_26_868.jpg,-0.05,1.0,0,30.18995
D:\DPS 920\DPS920_final_project\IMG\center_2026_07_28_11_08_40_975.jpg,D:\DPS 920\DPS920_final_project\IMG\left_2026_07_28_11_08_40_975.jpg,D:\DPS 920\DPS920_final_project\IMG\right_2026_07_28_11_08_40_975.jpg,0.15,1.0,0,30.18429
D:\DPS 920\DPS920_final_project\IMG\center_2026_07_28_11_06_02_578.jpg,D:\DPS 920\DPS920_final_project\IMG\left_2026_07_28_11_06_02_578.jpg,D:\DPS 920\DPS920_final_project\IMG\right_2026_07_28_11_06_02_578.jpg,-0.1,1.0,0,30.18934
D:\DPS 920\DPS920_final_project\IMG\center_2026_07_28_11_21_00_948.jpg,D:\DPS 920\DPS920_final_project\IMG\left_2026_07_28_11_21_00_948.jpg,D:\DPS 920\DPS920_final_project\IMG\right_2026_07_28_11_21_00_948.jpg,-0.1,1.0,0,30.18882
D:\DPS 920\DPS920_final_project\IMG\center_2026_07_28_11_22_33_606.jpg,D:\DPS 920\DPS920_final_project\IMG\left_2026_07_28_11_22_33_606.jpg,D:\DPS 920\DPS920_final_project\IMG\right_2026_07_28_11_22_33_606.jpg,0.2,1.0,0,30.1826
D:\DPS 920\DPS920_final_project\IMG\center_2026_07_28_11_22_15_559.jpg,D:\DPS 920\DPS920_final_project\IMG\left_2026_07_28_11_22_15_559.jpg,D:\DPS 920\DPS920_final_project\IMG\right_2026_07_28_11_22_15_559.jpg,0.0,1.0,0,30.18999
D:\DPS 920\DPS920_final_project\IMG\center_2026_07_28_11_06_27_176.jpg,D:\DPS 920\DPS920_final_project\IMG\left_2026_07_28_11_06_27_176.jpg,D:\DPS 920\DPS920_final_project\IMG\right_2026_07_28_11_06_27_176.jpg,0.0,1.0,0,30.19064
D:\DPS 920\DPS920_final_project\IMG\center_2026_07_28_11_06_07_835.jpg,D:\DPS 920\DPS920_final_project\IMG\left_2026_07_28_11_06_07_835.jpg,D:\DPS 920\DPS920_final_project\IMG\right_2026_07_28_11_06_07_835.jpg,0.0,1.0,0,30.1903
D:\DPS 920\DPS920_final_project\IMG\center_2026_07_28_11_05_57_038.jpg,D:\DPS 920\DPS920_final_project\IMG\left_2026_07_28_11_05_57_038.jpg,D:\DPS 920\DPS920_final_project\IMG\right_2026_07_28_11_05_57_038.jpg,0.0,1.0,0,20.52301
D:\DPS 920\DPS920_final_project\IMG\center_2026_07_28_11_07_13_920.jpg,D:\DPS 920\DPS920_final_project\IMG\left_2026_07_28_11_07_13_920.jpg,D:\DPS 920\DPS920_final_project\IMG\right_2026_07_28_11_07_13_920.jpg,0.2,1.0,0,30.18038
D:\DPS 920\DPS920_final_project\IMG\center_2026_07_28_11_08_40_391.jpg,D:\DPS 920\DPS920_final_project\IMG\left_2026_07_28_11_08_40_391.jpg,D:\DPS 920\DPS920_final_project\IMG\right_2026_07_28_11_08_40_391.jpg,0.1,1.0,0,30.18926
D:\DPS 920\DPS920_final_project\IMG\center_2026_07_28_11_06_50_735.jpg,D:\DPS 920\DPS920_final_project\IMG\left_2026_07_28_11_06_50_735.jpg,D:\DPS 920\DPS920_final_project\IMG\right_2026_07_28_11_06_50_735.jpg,0.0,1.0,0,30.19032
D:\DPS 920\DPS920_final_project\IMG\center_2026_07_28_11_22_30_337.jpg,D:\DPS 920\DPS920_final_project\IMG\left_2026_07_28_11_22_30_337.jpg,D:\DPS 920\DPS920_final_project\IMG\right_2026_07_28_11_22_30_337.jpg,0.1,1.0,0,30.18818
D:\DPS 920\DPS920_final_project\IMG\center_2026_07_28_11_08_48_231.jpg,D:\DPS 920\DPS920_final_project\IMG\left_2026_07_28_11_08_48_231.jpg,D:\DPS 920\DPS920_final_project\IMG\right_2026_07_28_11_08_48_231.jpg,0.0,1.0,0,30.1903
D:\DPS 920\DPS920_final_project\IMG\center_2026_07_28_11_09_04_132.jpg,D:\DPS 920\DPS920_final_project\IMG\left_2026_07_28_11_09_04_132.jpg,D:\DPS 920\DPS920_final_project\IMG\right_2026_07_28_11_09_04_132.jpg,0.7,1.0,0,30.12402
D:\DPS 920\DPS920_final_project\IMG\center_2026_07_28_11_08_37_944.jpg,D:\DPS 920\DPS920_final_project\IMG\left_2026_07_28_11_08_37_944.jpg,D:\DPS 920\DPS920_final_project\IMG\right_2026_07_28_11_08_37_944.jpg,0.25,1.0,0,30.17698
D:\DPS 920\DPS920_final_project\IMG\center_2026_07_28_11_08_38_078.jpg,D:\DPS 920\DPS920_final_project\IMG\left_2026_07_28_11_08_38_078.jpg,D:\DPS 920\DPS920_final_project\IMG\right_2026_07_28_11_08_38_078.jpg,0.0,1.0,0,30.1896
D:\DPS 920\DPS920_final_project\IMG\center_2026_07_28_11_22_20_864.jpg,D:\DPS 920\DPS920_final_project\IMG\left_2026_07_28_11_22_20_864.jpg,D:\DPS 920\DPS920_final_project\IMG\right_2026_07_28_11_22_20_864.jpg,-0.45,1.0,0,30.15095
D:\DPS 920\DPS920_final_project\IMG\center_2026_07_28_11_21_23_006.jpg,D:\DPS 920\DPS920_final_project\IMG\left_2026_07_28_11_21_23_006.jpg,D:\DPS 920\DPS920_final_project\IMG\right_2026_07_28_11_21_23_006.jpg,-0.3,1.0,0,30.17373
D:\DPS 920\DPS920_final_project\IMG\center_2026_07_28_11_20_05_192.jpg,D:\DPS 920\DPS920_final_project\IMG\left_2026_07_28_11_20_05_192.jpg,D:\DPS 920\DPS920_final_project\IMG\right_2026_07_28_11_20_05_192.jpg,-0.2,1.0,0,30.18231
D:\DPS 920\DPS920_final_project\IMG\center_2026_07_28_11_05_57_860.jpg,D:\DPS 920\DPS920_final_project\IMG\left_2026_07_28_11_05_57_860.jpg,D:\DPS 920\DPS920_final_project\IMG\right_2026_07_28_11_05_57_860.jpg,-0.15,1.0,0,27.76365
D:\DPS 920\DPS920_final_project\IMG\center_2026_07_28_11_22_33_534.jpg,D:\DPS 920\DPS920_final_project\IMG\left_2026_07_28_11_22_33_534.jpg,D:\DPS 920\DPS920_final_project\IMG\right_2026_07_28_11_22_33_534.jpg,0.0,1.0,0,30.19094
D:\DPS 920\DPS920_final_project\IMG\center_2026_07_28_11_07_59_285.jpg,D:\DPS 920\DPS920_final_project\IMG\left_2026_07_28_11_07_59_285.jpg,D:\DPS 920\DPS920_final_project\IMG\right_2026_07_28_11_07_59_285.jpg,0.0,1.0,0,30.19068
D:\DPS 920\DPS920_final_project\IMG\center_2026_07_28_11_20_35_487.jpg,D:\DPS 920\DPS920_final_project\IMG\left_2026_07_28_11_20_35_487.jpg,D:\DPS 920\DPS920_final_project\IMG\right_2026_07_28_11_20_35_487.jpg,-0.5000001,1.0,0,30.1487
D:\DPS 920\DPS920_final_project\IMG\center_2026_07_28_11_09_32_596.jpg,D:\DPS 920\DPS920_final_project\IMG\left_2026_07_28_11_09_32_596.jpg,D:\DPS 920\DPS920_final_project\IMG\right_2026_07_28_11_09_32_596.jpg,0.15,1.0,0,30.18398
D:\DPS 920\DPS920_final_project\IMG\center_2026_07_28_11_20_05_556.jpg,D:\DPS 920\DPS920_final_project\IMG\left_2026_07_28_11_20_05_556.jpg,D:\DPS 920\DPS920_final_project\IMG\right_2026_07_28_11_20_05_556.jpg,0.0,1.0,0,30.1886
D:\DPS 920\DPS920_final_project\IMG\center_2026_07_28_11_06_50_294.jpg,D:\DPS 920\DPS920_final_project\IMG\left_2026_07_28_11_06_50_294.jpg,D:\DPS 920\DPS920_final_project\IMG\right_2026_07_28_11_06_50_294.jpg,0.0,1.0,0,30.19031
D:\DPS 920\DPS920_final_project\IMG\center_2026_07_28_11_22_48_771.jpg,D:\DPS 920\DPS920_final_project\IMG\left_2026_07_28_11_22_48_771.jpg,D:\DPS 920\DPS920_final_project\IMG\right_2026_07_28_11_22_48_771.jpg,-0.25,1.0,0,30.17479
D:\DPS 920\DPS920_final_project\IMG\center_2026_07_28_11_07_31_215.jpg,D:\DPS 920\DPS920_final_project\IMG\left_2026_07_28_11_07_31_215.jpg,D:\DPS 920\DPS920_final_project\IMG\right_2026_07_28_11_07_31_215.jpg,-0.3,1.0,0,30.17197
D:\DPS 920\DPS920_final_project\IMG\center_2026_07_28_11_20_02_835.jpg,D:\DPS 920\DPS920_final_project\IMG\left_2026_07_28_11_20_02_835.jpg,D:\DPS 920\DPS920_final_project\IMG\right_2026_07_28_11_20_02_835.jpg,-0.2,1.0,0,30.18131
D:\DPS 920\DPS920_final_project\IMG\center_2026_07_28_11_08_04_868.jpg,D:\DPS 920\DPS920_final_project\IMG\left_2026_07_28_11_08_04_868.jpg,D:\DPS 920\DPS920_final_project\IMG\right_2026_07_28_11_08_04_868.jpg,0.35,1.0,0,30.16315
D:\DPS 920\DPS920_final_project\IMG\center_2026_07_28_11_21_17_409.jpg,D:\DPS 920\DPS920_final_project\IMG\left_2026_07_28_11_21_17_409.jpg,D:\DPS 920\DPS920_final_project\IMG\right_2026_07_28_11_21_17_409.jpg,-0.15,1.0,0,30.18172
D:\DPS 920\DPS920_final_project\IMG\center_2026_07_28_11_21_22_366.jpg,D:\DPS 920\DPS920_final_project\IMG\left_2026_07_28_11_21_22_366.jpg,D:\DPS 920\DPS920_final_project\IMG\right_2026_07_28_11_21_22_366.jpg,-0.05,1.0,0,30.19007
D:\DPS 920\DPS920_final_project\IMG\center_2026_07_28_11_20_38_553.jpg,D:\DPS 920\DPS920_final_project\IMG\left_2026_07_28_11_20_38_553.jpg,D:\DPS 920\DPS920_final_project\IMG\right_2026_07_28_11_20_38_553.jpg,-0.1,1.0,0,30.18941
D:\DPS 920\DPS920_final_project\IMG\center_2026_07_28_11_06_15_155.jpg,D:\DPS 920\DPS920_final_project\IMG\left_2026_07_28_11_06_15_155.jpg,D:\DPS 920\DPS920_final_project\IMG\right_2026_07_28_11_06_15_155.jpg,0.3,1.0,0,30.17547
D:\DPS 920\DPS920_final_project\IMG\center_2026_07_28_11_22_19_492.jpg,D:\DPS 920\DPS920_final_project\IMG\left_2026_07_28_11_22_19_492.jpg,D:\DPS 920\DPS920_final_project\IMG\right_2026_07_28_11_22_19_492.jpg,0.0,1.0,0,30.19016
D:\DPS 920\DPS920_final_project\IMG\center_2026_07_28_11_08_58_091.jpg,D:\DPS 920\DPS920_final_project\IMG\left_2026_07_28_11_08_58_091.jpg,D:\DPS 920\DPS920_final_project\IMG\right_2026_07_28_11_08_58_091.jpg,0.4,1.0,0,30.15851
D:\DPS 920\DPS920_final_project\IMG\center_2026_07_28_11_09_54_477.jpg,D:\DPS 920\DPS920_final_project\IMG\left_2026_07_28_11_09_54_477.jpg,D:\DPS 920\DPS920_final_project\IMG\right_2026_07_28_11_09_54_477.jpg,0.15,1.0,0,30.18403
D:\DPS 920\DPS920_final_project\IMG\center_2026_07_28_11_08_06_957.jpg,D:\DPS 920\DPS920_final_project\IMG\left_2026_07_28_11_08_06_957.jpg,D:\DPS 920\DPS920_final_project\IMG\right_2026_07_28_11_08_06_957.jpg,0.25,1.0,0,30.17481
D:\DPS 920\DPS920_final_project\IMG\center_2026_07_28_11_07_31_358.jpg,D:\DPS 920\DPS920_final_project\IMG\left_2026_07_28_11_07_31_358.jpg,D:\DPS 920\DPS920_final_project\IMG\right_2026_07_28_11_07_31_358.jpg,-0.15,1.0,0,30.18727
D:\DPS 920\DPS920_final_project\IMG\center_2026_07_28_11_20_17_999.jpg,D:\DPS 920\DPS920_final_project\IMG\left_2026_07_28_11_20_17_999.jpg,D:\DPS 920\DPS920_final_project\IMG\right_2026_07_28_11_20_17_999.jpg,0.0,1.0,0,30.19033
D:\DPS 920\DPS920_final_project\IMG\center_2026_07_28_11_21_58_252.jpg,D:\DPS 920\DPS920_final_project\IMG\left_2026_07_28_11_21_58_252.jpg,D:\DPS 920\DPS920_final_project\IMG\right_2026_07_28_11_21_58_252.jpg,-0.25,1.0,0,30.17775
D:\DPS 920\DPS920_final_project\IMG\center_2026_07_28_11_06_39_068.jpg,D:\DPS 920\DPS920_final_project\IMG\left_2026_07_28_11_06_39_068.jpg,D:\DPS 920\DPS920_final_project\IMG\right_2026_07_28_11_06_39_068.jpg,0.0,1.0,0,30.18947
D:\DPS 920\DPS920_final_project\IMG\center_2026_07_28_11_09_46_110.jpg,D:\DPS 920\DPS920_final_project\IMG\left_2026_07_28_11_09_46_110.jpg,D:\DPS 920\DPS920_final_project\IMG\right_2026_07_28_11_09_46_110.jpg,0.2,1.0,0,30.17919
D:\DPS 920\DPS920_final_project\IMG\center_2026_07_28_11_10_07_400.jpg,D:\DPS 920\DPS920_final_project\IMG\left_2026_07_28_11_10_07_400.jpg,D:\DPS 920\DPS920_final_project\IMG\right_2026_07_28_11_10_07_400.jpg,0.25,1.0,0,30.1786
D:\DPS 920\DPS920_final_project\IMG\center_2026_07_28_11_08_46_764.jpg,D:\DPS 920\DPS920_final_project\IMG\left_2026_07_28_11_08_46_764.jpg,D:\DPS 920\DPS920_final_project\IMG\right_2026_07_28_11_08_46_764.jpg,0.0,1.0,0,30.1903
D:\DPS 920\DPS920_final_project\IMG\center_2026_07_28_11_10_02_067.jpg,D:\DPS 920\DPS920_final_project\IMG\left_2026_07_28_11_10_02_067.jpg,D:\DPS 920\DPS920_final_project\IMG\right_2026_07_28_11_10_02_067.jpg,0.1,1.0,0,30.18665
D:\DPS 920\DPS920_final_project\IMG\center_2026_07_28_11_06_42_615.jpg,D:\DPS 920\DPS920_final_project\IMG\left_2026_07_28_11_06_42_615.jpg,D:\DPS 920\DPS920_final_project\IMG\right_2026_07_28_11_06_42_615.jpg,0.2,1.0,0,30.18071
D:\DPS 920\DPS920_final_project\IMG\center_2026_07_28_11_08_34_792.jpg,D:\DPS 920\DPS920_final_project\IMG\left_2026_07_28_11_08_34_792.jpg,D:\DPS 920\DPS920_final_project\IMG\right_2026_07_28_11_08_34_792.jpg,0.2,1.0,0,30.18228
D:\DPS 920\DPS920_final_project\IMG\center_2026_07_28_11_20_53_452.jpg,D:\DPS 920\DPS920_final_project\IMG\left_2026_07_28_11_20_53_452.jpg,D:\DPS 920\DPS920_final_project\IMG\right_2026_07_28_11_20_53_452.jpg,-0.05,1.0,0,30.1896
D:\DPS 920\DPS920_final_project\IMG\center_2026_07_28_11_22_07_624.jpg,D:\DPS 920\DPS920_final_project\IMG\left_2026_07_28_11_22_07_624.jpg,D:\DPS 920\DPS920_final_project\IMG\right_2026_07_28_11_22_07_624.jpg,0.0,1.0,0,30.19023
D:\DPS 920\DPS920_final_project\IMG\center_2026_07_28_11_09_18_450.jpg,D:\DPS 920\DPS920_final_project\IMG\left_2026_07_28_11_09_18_450.jpg,D:\DPS 920\DPS920_final_project\IMG\right_2026_07_28_11_09_18_450.jpg,0.0,1.0,0,30.19012
D:\DPS 920\DPS920_final_project\IMG\center_2026_07_28_11_06_05_866.jpg,D:\DPS 920\DPS920_final_project\IMG\left_2026_07_28_11_06_05_866.jpg,D:\DPS 920\DPS920_final_project\IMG\right_2026_07_28_11_06_05_866.jpg,-0.5000001,1.0,0,30.14685
D:\DPS 920\DPS920_final_project\IMG\center_2026_07_28_11_06_44_370.jpg,D:\DPS 920\DPS920_final_project\IMG\left_2026_07_28_11_06_44_370.jpg,D:\DPS 920\DPS920_final_project\IMG\right_2026_07_28_11_06_44_370.jpg,0.0,1.0,0,30.18721
D:\DPS 920\DPS920_final_project\IMG\center_2026_07_28_11_08_45_844.jpg,D:\DPS 920\DPS920_final_project\IMG\left_2026_07_28_11_08_45_844.jpg,D:\DPS 920\DPS920_final_project\IMG\right_2026_07_28_11_08_45_844.jpg,0.1,1.0,0,30.18786
D:\DPS 920\DPS920_final_project\IMG\center_2026_07_28_11_20_29_488.jpg,D:\DPS 920\DPS920_final_project\IMG\left_2026_07_28_11_20_29_488.jpg,D:\DPS 920\DPS920_final_project\IMG\right_2026_07_28_11_20_29_488.jpg,-0.2,1.0,0,30.18109
D:\DPS 920\DPS920_final_project\IMG\center_2026_07_28_11_07_15_756.jpg,D:\DPS 920\DPS920_final_project\IMG\left_2026_07_28_11_07_15_756.jpg,D:\DPS 920\DPS920_final_project\IMG\right_2026_07_28_11_07_15_756.jpg,0.5500001,1.0,0,30.14013
D:\DPS 920\DPS920_final_project\IMG\center_2026_07_28_11_21_39_873.jpg,D:\DPS 920\DPS920_final_project\IMG\left_2026_07_28_11_21_39_873.jpg,D:\DPS 920\DPS920_final_project\IMG\right_2026_07_28_11_21_39_873.jpg,-0.1,1.0,0,30.18762
D:\DPS 920\DPS920_final_project\IMG\center_2026_07_28_11_08_51_015.jpg,D:\DPS 920\DPS920_final_project\IMG\left_2026_07_28_11_08_51_015.jpg,D:\DPS 920\DPS920_final_project\IMG\right_2026_07_28_11_08_51_015.jpg,-0.25,1.0,0,30.17687
D:\DPS 920\DPS920_final_project\IMG\center_2026_07_28_11_08_49_630.jpg,D:\DPS 920\DPS920_final_project\IMG\left_2026_07_28_11_08_49_630.jpg,D:\DPS 920\DPS920_final_project\IMG\right_2026_07_28_11_08_49_630.jpg,0.0,1.0,0,30.18595
D:\DPS 920\DPS920_final_project\IMG\center_2026_07_28_11_10_14_650.jpg,D:\DPS 920\DPS920_final_project\IMG\left_2026_07_28_11_10_14_650.jpg,D:\DPS 920\DPS920_final_project\IMG\right_2026_07_28_11_10_14_650.jpg,-0.1,1.0,0,30.19078
D:\DPS 920\DPS920_final_project\IMG\center_2026_07_28_11_19_59_036.jpg,D:\DPS 920\DPS920_final_project\IMG\left_2026_07_28_11_19_59_036.jpg,D:\DPS 920\DPS920_final_project\IMG\right_2026_07_28_11_19_59_036.jpg,-0.15,1.0,0,30.18809
D:\DPS 920\DPS920_final_project\IMG\center_2026_07_28_11_21_53_163.jpg,D:\DPS 920\DPS920_final_project\IMG\left_2026_07_28_11_21_53_163.jpg,D:\DPS 920\DPS920_final_project\IMG\right_2026_07_28_11_21_53_163.jpg,0.0,1.0,0,30.18602
D:\DPS 920\DPS920_final_project\IMG\center_2026_07_28_11_20_01_879.jpg,D:\DPS 920\DPS920_final_project\IMG\left_2026_07_28_11_20_01_879.jpg,D:\DPS 920\DPS920_final_project\IMG\right_2026_07_28_11_20_01_879.jpg,-0.1,1.0,0,30.18818
D:\DPS 920\DPS920_final_project\IMG\center_2026_07_28_11_07_29_552.jpg,D:\DPS 920\DPS920_final_project\IMG\left_2026_07_28_11_07_29_552.jpg,D:\DPS 920\DPS920_final_project\IMG\right_2026_07_28_11_07_29_552.jpg,-0.45,1.0,0,30.15203
D:\DPS 920\DPS920_final_project\IMG\center_2026_07_28_11_20_42_542.jpg,D:\DPS 920\DPS920_final_project\IMG\left_2026_07_28_11_20_42_542.jpg,D:\DPS 920\DPS920_final_project\IMG\right_2026_07_28_11_20_42_542.jpg,0.0,1.0,0,30.19035
D:\DPS 920\DPS920_final_project\IMG\center_2026_07_28_11_08_00_228.jpg,D:\DPS 920\DPS920_final_project\IMG\left_2026_07_28_11_08_00_228.jpg,D:\DPS 920\DPS920_final_project\IMG\right_2026_07_28_11_08_00_228.jpg,0.0,1.0,0,30.1889
D:\DPS 920\DPS920_final_project\IMG\center_2026_07_28_11_20_03_935.jpg,D:\DPS 920\DPS920_final_project\IMG\left_2026_07_28_11_20_03_935.jpg,D:\DPS 920\DPS920_final_project\IMG\right_2026_07_28_11_20_03_935.jpg,-0.15,1.0,0,30.18572
D:\DPS 920\DPS920_final_project\IMG\center_2026_07_28_11_06_01_715.jpg,D:\DPS 920\DPS920_final_project\IMG\left_2026_07_28_11_06_01_715.jpg,D:\DPS 920\DPS920_final_project\IMG\right_2026_07_28_11_06_01_715.jpg,0.25,1.0,0,30.17476
D:\DPS 920\DPS920_final_project\IMG\center_2026_07_28_11_07_33_466.jpg,D:\DPS 920\DPS920_final_project\IMG\left_2026_07_28_11_07_33_466.jpg,D:\DPS 920\DPS920_final_project\IMG\right_2026_07_28_11_07_33_466.jpg,0.0,1.0,0,30.1903
D:\DPS 920\DPS920_final_project\IMG\center_2026_07_28_11_09_27_891.jpg,D:\DPS 920\DPS920_final_project\IMG\left_2026_07_28_11_09_27_891.jpg,D:\DPS 920\DPS920_final_project\IMG\right_2026_07_28_11_09_27_891.jpg,0.25,1.0,0,30.17677
D:\DPS 920\DPS920_final_project\IMG\center_2026_07_28_11_10_06_954.jpg,D:\DPS 920\DPS920_final_project\IMG\left_2026_07_28_11_10_06_954.jpg,D:\DPS 920\DPS920_final_project\IMG\right_2026_07_28_11_10_06_954.jpg,0.0,1.0,0,30.18867
D:\DPS 920\DPS920_final_project\IMG\center_2026_07_28_11_10_19_465.jpg,D:\DPS 920\DPS920_final_project\IMG\left_2026_07_28_11_10_19_465.jpg,D:\DPS 920\DPS920_final_project\IMG\right_2026_07_28_11_10_19_465.jpg,0.1,1.0,0,30.18915
D:\DPS 920\DPS920_final_project\IMG\center_2026_07_28_11_10_28_013.jpg,D:\DPS 920\DPS920_final_project\IMG\left_2026_07_28_11_10_28_013.jpg,D:\DPS 920\DPS920_final_project\IMG\right_2026_07_28_11_10_28_013.jpg,0.0,1.0,0,30.18645
D:\DPS 920\DPS920_final_project\IMG\center_2026_07_28_11_21_49_201.jpg,D:\DPS 920\DPS920_final_project\IMG\left_2026_07_28_11_21_49_201.jpg,D:\DPS 920\DPS920_final_project\IMG\right_2026_07_28_11_21_49_201.jpg,0.0,1.0,0,30.19059
D:\DPS 920\DPS920_final_project\IMG\center_2026_07_28_11_09_22_264.jpg,D:\DPS 920\DPS920_final_project\IMG\left_2026_07_28_11_09_22_264.jpg,D:\DPS 920\DPS920_final_project\IMG\right_2026_07_28_11_09_22_264.jpg,0.2,1.0,0,30.18109
D:\DPS 920\DPS920_final_project\IMG\center_2026_07_28_11_10_05_063.jpg,D:\DPS 920\DPS920_final_project\IMG\left_2026_07_28_11_10_05_063.jpg,D:\DPS 920\DPS920_final_project\IMG\right_2026_07_28_11_10_05_063.jpg,0.2,1.0,0,30.18414
D:\DPS 920\DPS920_final_project\IMG\center_2026_07_28_11_10_16_692.jpg,D:\DPS 920\DPS920_final_project\IMG\left_2026_07_28_11_10_16_692.jpg,D:\DPS 920\DPS920_final_project\IMG\right_2026_07_28_11_10_16_692.jpg,-0.05,1.0,0,30.18822
D:\DPS 920\DPS920_final_project\IMG\center_2026_07_28_11_07_36_235.jpg,D:\DPS 920\DPS920_final_project\IMG\left_2026_07_28_11_07_36_235.jpg,D:\DPS 920\DPS920_final_project\IMG\right_2026_07_28_11_07_36_235.jpg,0.25,1.0,0,30.17644
D:\DPS 920\DPS920_final_project\IMG\center_2026_07_28_11_22_07_769.jpg,D:\DPS 920\DPS920_final_project\IMG\left_2026_07_28_11_22_07_769.jpg,D:\DPS 920\DPS920_final_project\IMG\right_2026_07_28_11_22_07_769.jpg,0.0,1.0,0,30.19041
D:\DPS 920\DPS920_final_project\IMG\center_2026_07_28_11_20_38_910.jpg,D:\DPS 920\DPS920_final_project\IMG\left_2026_07_28_11_20_38_910.jpg,D:\DPS 920\DPS920_final_project\IMG\right_2026_07_28_11_20_38_910.jpg,-0.1,1.0,0,30.18979
D:\DPS 920\DPS920_final_project\IMG\center_2026_07_28_11_20_18_067.jpg,D:\DPS 920\DPS920_final_project\IMG\left_2026_07_28_11_20_18_067.jpg,D:\DPS 920\DPS920_final_project\IMG\right_2026_07_28_11_20_18_067.jpg,-0.1,1.0,0,30.18754
D:\DPS 920\DPS920_final_project\IMG\center_2026_07_28_11_21_21_304.jpg,D:\DPS 920\DPS920_final_project\IMG\left_2026_07_28_11_21_21_304.jpg,D:\DPS 920\DPS920_final_project\IMG\right_2026_07_28_11_21_21_304.jpg,-0.4,1.0,0,30.16231
D:\DPS 920\DPS920_final_project\IMG\center_2026_07_28_11_09_39_727.jpg,D:\DPS 920\DPS920_final_project\IMG\left_2026_07_28_11_09_39_727.jpg,D:\DPS 920\DPS920_final_project\IMG\right_2026_07_28_11_09_39_727.jpg,0.0,1.0,0,30.19015
D:\DPS 920\DPS920_final_project\IMG\center_2026_07_28_11_07_02_473.jpg,D:\DPS 920\DPS920_final_project\IMG\left_2026_07_28_11_07_02_473.jpg,D:\DPS 920\DPS920_final_project\IMG\right_2026_07_28_11_07_02_473.jpg,0.15,1.0,0,30.18427
D:\DPS 920\DPS920_final_project\IMG\center_2026_07_28_11_06_00_503.jpg,D:\DPS 920\DPS920_final_project\IMG\left_2026_07_28_11_06_00_503.jpg,D:\DPS 920\DPS920_final_project\IMG\right_2026_07_28_11_06_00_503.jpg,0.0,1.0,0,30.1903
D:\DPS 920\DPS920_final_project\IMG\center_2026_07_28_11_20_13_476.jpg,D:\DPS 920\DPS920_final_project\IMG\left_2026_07_28_11_20_13_476.jpg,D:\DPS 920\DPS920_final_project\IMG\right_2026_07_28_11_20_13_476.jpg,0.0,1.0,0,30.19089
D:\DPS 920\DPS920_final_project\IMG\center_2026_07_28_11_20_28_324.jpg,D:\DPS 920\DPS920_final_project\IMG\left_2026_07_28_11_20_28_324.jpg,D:\DPS 920\DPS920_final_project\IMG\right_2026_07_28_11_20_28_324.jpg,0.0,1.0,0,30.18996
D:\DPS 920\DPS920_final_project\IMG\center_2026_07_28_11_09_03_050.jpg,D:\DPS 920\DPS920_final_project\IMG\left_2026_07_28_11_09_03_050.jpg,D:\DPS 920\DPS920_final_project\IMG\right_2026_07_28_11_09_03_050.jpg,0.25,1.0,0,30.17981
D:\DPS 920\DPS920_final_project\IMG\center_2026_07_28_11_06_30_069.jpg,D:\DPS 920\DPS920_final_project\IMG\left_2026_07_28_11_06_30_069.jpg,D:\DPS 920\DPS920_final_project\IMG\right_2026_07_28_11_06_30_069.jpg,0.1,1.0,0,30.18825
D:\DPS 920\DPS920_final_project\IMG\center_2026_07_28_11_20_33_931.jpg,D:\DPS 920\DPS920_final_project\IMG\left_2026_07_28_11_20_33_931.jpg,D:\DPS 920\DPS920_final_project\IMG\right_2026_07_28_11_20_33_931.jpg,0.0,1.0,0,30.18757
D:\DPS 920\DPS920_final_project\IMG\center_2026_07_28_11_09_31_199.jpg,D:\DPS 920\DPS920_final_project\IMG\left_2026_07_28_11_09_31_199.jpg,D:\DPS 920\DPS920_final_project\IMG\right_2026_07_28_11_09_31_199.jpg,0.0,1.0,0,30.19037
D:\DPS 920\DPS920_final_project\IMG\center_2026_07_28_11_09_23_447.jpg,D:\DPS 920\DPS920_final_project\IMG\left_2026_07_28_11_09_23_447.jpg,D:\DPS 920\DPS920_final_project\IMG\right_2026_07_28_11_09_23_447.jpg,0.0,1.0,0,30.18811
D:\DPS 920\DPS920_final_project\IMG\center_2026_07_28_11_20_55_410.jpg,D:\DPS 920\DPS920_final_project\IMG\left_2026_07_28_11_20_55_410.jpg,D:\DPS 920\DPS920_final_project\IMG\right_2026_07_28_11_20_55_410.jpg,-0.2,1.0,0,30.18038
D:\DPS 920\DPS920_final_project\IMG\center_2026_07_28_11_22_33_965.jpg,D:\DPS 920\DPS920_final_project\IMG\left_2026_07_28_11_22_33_965.jpg,D:\DPS 920\DPS920_final_project\IMG\right_2026_07_28_11_22_33_965.jpg,0.05,1.0,0,30.18813
D:\DPS 920\DPS920_final_project\IMG\center_2026_07_28_11_09_04_913.jpg,D:\DPS 920\DPS920_final_project\IMG\left_2026_07_28_11_09_04_913.jpg,D:\DPS 920\DPS920_final_project\IMG\right_2026_07_28_11_09_04_913.jpg,0.25,1.0,0,30.17286
D:\DPS 920\DPS920_final_project\IMG\center_2026_07_28_11_10_16_461.jpg,D:\DPS 920\DPS920_final_project\IMG\left_2026_07_28_11_10_16_461.jpg,D:\DPS 920\DPS920_final_project\IMG\right_2026_07_28_11_10_16_461.jpg,-0.15,1.0,0,30.1897
D:\DPS 920\DPS920_final_project\IMG\center_2026_07_28_11_09_01_214.jpg,D:\DPS 920\DPS920_final_project\IMG\left_2026_07_28_11_09_01_214.jpg,D:\DPS 920\DPS920_final_project\IMG\right_2026_07_28_11_09_01_214.jpg,0.45,1.0,0,30.15219
D:\DPS 920\DPS920_final_project\IMG\center_2026_07_28_11_22_50_246.jpg,D:\DPS 920\DPS920_final_project\IMG\left_2026_07_28_11_22_50_246.jpg,D:\DPS 920\DPS920_final_project\IMG\right_2026_07_28_11_22_50_246.jpg,-0.2,1.0,0,30.18076
D:\DPS 920\DPS920_final_project\IMG\center_2026_07_28_11_09_04_844.jpg,D:\DPS 920\DPS920_final_project\IMG\left_2026_07_28_11_09_04_844.jpg,D:\DPS 920\DPS920_final_project\IMG\right_2026_07_28_11_09_04_844.jpg,0.05,1.0,0,30.18917
D:\DPS 920\DPS920_final_project\IMG\center_2026_07_28_11_08_25_207.jpg,D:\DPS 920\DPS920_final_project\IMG\left_2026_07_28_11_08_25_207.jpg,D:\DPS 920\DPS920_final_project\IMG\right_2026_07_28_11_08_25_207.jpg,0.0,1.0,0,30.19031
D:\DPS 920\DPS920_final_project\IMG\center_2026_07_28_11_06_16_089.jpg,D:\DPS 920\DPS920_final_project\IMG\left_2026_07_28_11_06_16_089.jpg,D:\DPS 920\DPS920_final_project\IMG\right_2026_07_28_11_06_16_089.jpg,0.4,1.0,0,30.16049
D:\DPS 920\DPS920_final_project\IMG\center_2026_07_28_11_09_48_864.jpg,D:\DPS 920\DPS920_final_project\IMG\left_2026_07_28_11_09_48_864.jpg,D:\DPS 920\DPS920_final_project\IMG\right_2026_07_28_11_09_48_864.jpg,0.0,1.0,0,30.18945
D:\DPS 920\DPS920_final_project\IMG\center_2026_07_28_11_22_41_540.jpg,D:\DPS 920\DPS920_final_project\IMG\left_2026_07_28_11_22_41_540.jpg,D:\DPS 920\DPS920_final_project\IMG\right_2026_07_28_11_22_41_540.jpg,-0.2,1.0,0,30.18356
D:\DPS 920\DPS920_final_project\IMG\center_2026_07_28_11_06_49_564.jpg,D:\DPS 920\DPS920_final_project\IMG\left_2026_07_28_11_06_49_564.jpg,D:\DPS 920\DPS920_final_project\IMG\right_2026_07_28_11_06_49_564.jpg,0.05,1.0,0,30.18974
D:\DPS 920\DPS920_final_project\IMG\center_2026_07_28_11_07_34_700.jpg,D:\DPS 920\DPS920_final_project\IMG\left_2026_07_28_11_07_34_700.jpg,D:\DPS 920\DPS920_final_project\IMG\right_2026_07_28_11_07_34_700.jpg,0.0,1.0,0,30.19031
D:\DPS 920\DPS920_final_project\IMG\center_2026_07_28_11_22_51_675.jpg,D:\DPS 920\DPS920_final_project\IMG\left_2026_07_28_11_22_51_675.jpg,D:\DPS 920\DPS920_final_project\IMG\right_2026_07_28_11_22_51_675.jpg,0.0,1.0,0,30.19029
D:\DPS 920\DPS920_final_project\IMG\center_2026_07_28_11_07_53_623.jpg,D:\DPS 920\DPS920_final_project\IMG\left_2026_07_28_11_07_53_623.jpg,D:\DPS 920\DPS920_final_project\IMG\right_2026_07_28_11_07_53_623.jpg,0.1,1.0,0,30.18771
D:\DPS 920\DPS920_final_project\IMG\center_2026_07_28_11_21_46_154.jpg,D:\DPS 920\DPS920_final_project\IMG\left_2026_07_28_11_21_46_154.jpg,D:\DPS 920\DPS920_final_project\IMG\right_2026_07_28_11_21_46_154.jpg,0.0,1.0,0,30.1903
D:\DPS 920\DPS920_final_project\IMG\center_2026_07_28_11_21_10_510.jpg,D:\DPS 920\DPS920_final_project\IMG\left_2026_07_28_11_21_10_510.jpg,D:\DPS 920\DPS920_final_project\IMG\right_2026_07_28_11_21_10_510.jpg,0.35,1.0,0,30.16709
D:\DPS 920\DPS920_final_project\IMG\center_2026_07_28_11_09_28_515.jpg,D:\DPS 920\DPS920_final_project\IMG\left_2026_07_28_11_09_28_515.jpg,D:\DPS 920\DPS920_final_project\IMG\right_2026_07_28_11_09_28_515.jpg,0.3,1.0,0,30.16879
D:\DPS 920\DPS920_final_project\IMG\center_2026_07_28_11_07_22_102.jpg,D:\DPS 920\DPS920_final_project\IMG\left_2026_07_28_11_07_22_102.jpg,D:\DPS 920\DPS920_final_project\IMG\right_2026_07_28_11_07_22_102.jpg,0.2,1.0,0,30.18269
D:\DPS 920\DPS920_final_project\IMG\center_2026_07_28_11_08_44_049.jpg,D:\DPS 920\DPS920_final_project\IMG\left_2026_07_28_11_08_44_049.jpg,D:\DPS 920\DPS920_final_project\IMG\right_2026_07_28_11_08_44_049.jpg,0.15,1.0,0,30.18557
D:\DPS 920\DPS920_final_project\IMG\center_2026_07_28_11_21_57_346.jpg,D:\DPS 920\DPS920_final_project\IMG\left_2026_07_28_11_21_57_346.jpg,D:\DPS 920\DPS920_final_project\IMG\right_2026_07_28_11_21_57_346.jpg,-0.1,1.0,0,30.18957
D:\DPS 920\DPS920_final_project\IMG\center_2026_07_28_11_21_52_315.jpg,D:\DPS 920\DPS920_final_project\IMG\left_2026_07_28_11_21_52_315.jpg,D:\DPS 920\DPS920_final_project\IMG\right_2026_07_28_11_21_52_315.jpg,-0.15,1.0,0,30.18574
D:\DPS 920\DPS920_final_project\IMG\center_2026_07_28_11_21_54_609.jpg,D:\DPS 920\DPS920_final_project\IMG\left_2026_07_28_11_21_54_609.jpg,D:\DPS 920\DPS920_final_project\IMG\right_2026_07_28_11_21_54_609.jpg,-0.05,1.0,0,30.18956
D:\DPS 920\DPS920_final_project\IMG\center_2026_07_28_11_09_04_558.jpg,D:\DPS 920\DPS920_final_project\IMG\left_2026_07_28_11_09_04_558.jpg,D:\DPS 920\DPS920_final_project\IMG\right_2026_07_28_11_09_04_558.jpg,-0.25,1.0,0,30.17068
D:\DPS 920\DPS920_final_project\IMG\center_2026_07_28_11_09_01_640.jpg,D:\DPS 920\DPS920_final_project\IMG\left_2026_07_28_11_09_01_640.jpg,D:\DPS 920\DPS920_final_project\IMG\right_2026_07_28_11_09_01_640.jpg,0.15,1.0,0,30.18814
D:\DPS 920\DPS920_final_project\IMG\center_2026_07_28_11_07_42_785.jpg,D:\DPS 920\DPS920_final_project\IMG\left_2026_07_28_11_07_42_785.jpg,D:\DPS 920\DPS920_final_project\IMG\right_2026_07_28_11_07_42_785.jpg,0.1,1.0,0,30.18815
D:\DPS 920\DPS920_final_project\IMG\center_2026_07_28_11_08_39_732.jpg,D:\DPS 920\DPS920_final_project\IMG\left_2026_07_28_11_08_39_732.jpg,D:\DPS 920\DPS920_final_project\IMG\right_2026_07_28_11_08_39_732.jpg,0.35,1.0,0,30.16491
D:\DPS 920\DPS920_final_project\IMG\center_2026_07_28_11_10_31_888.jpg,D:\DPS 920\DPS920_final_project\IMG\left_2026_07_28_11_10_31_888.jpg,D:\DPS 920\DPS920_final_project\IMG\right_2026_07_28_11_10_31_888.jpg,0.0,1.0,0,30.19065
D:\DPS 920\DPS920_final_project\IMG\center_2026_07_28_11_08_11_578.jpg,D:\DPS 920\DPS920_final_project\IMG\left_2026_07_28_11_08_11_578.jpg,D:\DPS 920\DPS920_final_project\IMG\right_2026_07_28_11_08_11_578.jpg,0.0,1.0,0,30.19006
D:\DPS 920\DPS920_final_project\IMG\center_2026_07_28_11_10_07_691.jpg,D:\DPS 920\DPS920_final_project\IMG\left_2026_07_28_11_10_07_691.jpg,D:\DPS 920\DPS920_final_project\IMG\right_2026_07_28_11_10_07_691.jpg,0.05,1.0,0,30.19011
D:\DPS 920\DPS920_final_project\IMG\center_2026_07_28_11_22_51_749.jpg,D:\DPS 920\DPS920_final_project\IMG\left_2026_07_28_11_22_51_749.jpg,D:\DPS 920\DPS920_final_project\IMG\right_2026_07_28_11_22_51_749.jpg,-0.1,1.0,0,30.18794
D:\DPS 920\DPS920_final_project\IMG\center_2026_07_28_11_09_19_745.jpg,D:\DPS 920\DPS920_final_project\IMG\left_2026_07_28_11_09_19_745.jpg,D:\DPS 920\DPS920_final_project\IMG\right_2026_07_28_11_09_19_745.jpg,0.0,1.0,0,30.19018
D:\DPS 920\DPS920_final_project\IMG\center_2026_07_28_11_22_12_949.jpg,D:\DPS 920\DPS920_final_project\IMG\left_2026_07_28_11_22_12_949.jpg,D:\DPS 920\DPS920_final_project\IMG\right_2026_07_28_11_22_12_949.jpg,0.1,1.0,0,30.1873
D:\DPS 920\DPS920_final_project\IMG\center_2026_07_28_11_08_05_498.jpg,D:\DPS 920\DPS920_final_project\IMG\left_2026_07_28_11_08_05_498.jpg,D:\DPS 920\DPS920_final_project\IMG\right_2026_07_28_11_08_05_498.jpg,0.05,1.0,0,30.18993
D:\DPS 920\DPS920_final_project\IMG\center_2026_07_28_11_08_03_736.jpg,D:\DPS 920\DPS920_final_project\IMG\left_2026_07_28_11_08_03_736.jpg,D:\DPS 920\DPS920_final_project\IMG\right_2026_07_28_11_08_03_736.jpg,0.05,1.0,0,30.18991
D:\DPS 920\DPS920_final_project\IMG\center_2026_07_28_11_09_43_275.jpg,D:\DPS 920\DPS920_final_project\IMG\left_2026_07_28_11_09_43_275.jpg,D:\DPS 920\DPS920_final_project\IMG\right_2026_07_28_11_09_43_275.jpg,0.2,1.0,0,30.18091
D:\DPS 920\DPS920_final_project\IMG\center_2026_07_28_11_20_31_661.jpg,D:\DPS 920\DPS920_final_project\IMG\left_2026_07_28_11_20_31_661.jpg,D:\DPS 920\DPS920_final_project\IMG\right_2026_07_28_11_20_31_661.jpg,0.0,1.0,0,30.19201
D:\DPS 920\DPS920_final_project\IMG\center_2026_07_28_11_21_19_305.jpg,D:\DPS 920\DPS920_final_project\IMG\left_2026_07_28_11_21_19_305.jpg,D:\DPS 920\DPS920_final_project\IMG\right_2026_07_28_11_21_19_305.jpg,-0.2,1.0,0,30.18589
D:\DPS 920\DPS920_final_project\IMG\center_2026_07_28_11_22_08_275.jpg,D:\DPS 920\DPS920_final_project\IMG\left_2026_07_28_11_22_08_275.jpg,D:\DPS 920\DPS920_final_project\IMG\right_2026_07_28_11_22_08_275.jpg,0.0,1.0,0,30.19014
D:\DPS 920\DPS920_final_project\IMG\center_2026_07_28_11_08_01_496.jpg,D:\DPS 920\DPS920_final_project\IMG\left_2026_07_28_11_08_01_496.jpg,D:\DPS 920\DPS920_final_project\IMG\right_2026_07_28_11_08_01_496.jpg,0.2,1.0,0,30.18258
D:\DPS 920\DPS920_final_project\IMG\center_2026_07_28_11_08_37_434.jpg,D:\DPS 920\DPS920_final_project\IMG\left_2026_07_28_11_08_37_434.jpg,D:\DPS 920\DPS920_final_project\IMG\right_2026_07_28_11_08_37_434.jpg,0.1,1.0,0,30.18884
D:\DPS 920\DPS920_final_project\IMG\center_2026_07_28_11_08_21_577.jpg,D:\DPS 920\DPS920_final_project\IMG\left_2026_07_28_11_08_21_577.jpg,D:\DPS 920\DPS920_final_project\IMG\right_2026_07_28_11_08_21_577.jpg,0.05,1.0,0,30.18983
D:\DPS 920\DPS920_final_project\IMG\center_2026_07_28_11_06_35_382.jpg,D:\DPS 920\DPS920_final_project\IMG\left_2026_07_28_11_06_35_382.jpg,D:\DPS 920\DPS920_final_project\IMG\right_2026_07_28_11_06_35_382.jpg,0.1,1.0,0,30.18847
D:\DPS 920\DPS920_final_project\IMG\center_2026_07_28_11_22_38_933.jpg,D:\DPS 920\DPS920_final_project\IMG\left_2026_07_28_11_22_38_933.jpg,D:\DPS 920\DPS920_final_project\IMG\right_2026_07_28_11_22_38_933.jpg,0.0,1.0,0,30.19023
D:\DPS 920\DPS920_final_project\IMG\center_2026_07_28_11_21_16_487.jpg,D:\DPS 920\DPS920_final_project\IMG\left_2026_07_28_11_21_16_487.jpg,D:\DPS 920\DPS920_final_project\IMG\right_2026_07_28_11_21_16_487.jpg,-0.3,1.0,0,30.17009
D:\DPS 920\DPS920_final_project\IMG\center_2026_07_28_11_07_03_404.jpg,D:\DPS 920\DPS920_final_project\IMG\left_2026_07_28_11_07_03_404.jpg,D:\DPS 920\DPS920_final_project\IMG\right_2026_07_28_11_07_03_404.jpg,0.25,1.0,0,30.17517
D:\DPS 920\DPS920_final_project\IMG\center_2026_07_28_11_08_36_702.jpg,D:\DPS 920\DPS920_final_project\IMG\left_2026_07_28_11_08_36_702.jpg,D:\DPS 920\DPS920_final_project\IMG\right_2026_07_28_11_08_36_702.jpg,0.1,1.0,0,30.18914
D:\DPS 920\DPS920_final_project\IMG\center_2026_07_28_11_06_11_340.jpg,D:\DPS 920\DPS920_final_project\IMG\left_2026_07_28_11_06_11_340.jpg,D:\DPS 920\DPS920_final_project\IMG\right_2026_07_28_11_06_11_340.jpg,0.0,1.0,0,30.19029
D:\DPS 920\DPS920_final_project\IMG\center_2026_07_28_11_07_52_915.jpg,D:\DPS 920\DPS920_final_project\IMG\left_2026_07_28_11_07_52_915.jpg,D:\DPS 920\DPS920_final_project\IMG\right_2026_07_28_11_07_52_915.jpg,0.0,1.0,0,30.19012
D:\DPS 920\DPS920_final_project\IMG\center_2026_07_28_11_06_15_588.jpg,D:\DPS 920\DPS920_final_project\IMG\left_2026_07_28_11_06_15_588.jpg,D:\DPS 920\DPS920_final_project\IMG\right_2026_07_28_11_06_15_588.jpg,0.7500002,1.0,0,30.11714
D:\DPS 920\DPS920_final_project\IMG\center_2026_07_28_11_08_40_245.jpg,D:\DPS 920\DPS920_final_project\IMG\left_2026_07_28_11_08_40_245.jpg,D:\DPS 920\DPS920_final_project\IMG\right_2026_07_28_11_08_40_245.jpg,0.25,1.0,0,30.17679
D:\DPS 920\DPS920_final_project\IMG\center_2026_07_28_11_08_59_231.jpg,D:\DPS 920\DPS920_final_project\IMG\left_2026_07_28_11_08_59_231.jpg,D:\DPS 920\DPS920_final_project\IMG\right_2026_07_28_11_08_59_231.jpg,0.2,1.0,0,30.1798
D:\DPS 920\DPS920_final_project\IMG\center_2026_07_28_11_20_29_767.jpg,D:\DPS 920\DPS920_final_project\IMG\left_2026_07_28_11_20_29_767.jpg,D:\DPS 920\DPS920_final_project\IMG\right_2026_07_28_11_20_29_767.jpg,-0.1,1.0,0,30.18901
D:\DPS 920\DPS920_final_project\IMG\center_2026_07_28_11_08_40_463.jpg,D:\DPS 920\DPS920_final_project\IMG\left_2026_07_28_11_08_40_463.jpg,D:\DPS 920\DPS920_final_project\IMG\right_2026_07_28_11_08_40_463.jpg,0.25,1.0,0,30.17673
D:\DPS 920\DPS920_final_project\IMG\center_2026_07_28_11_08_48_632.jpg,D:\DPS 920\DPS920_final_project\IMG\left_2026_07_28_11_08_48_632.jpg,D:\DPS 920\DPS920_final_project\IMG\right_2026_07_28_11_08_48_632.jpg,0.0,1.0,0,30.19031
D:\DPS 920\DPS920_final_project\IMG\center_2026_07_28_11_22_17_944.jpg,D:\DPS 920\DPS920_final_project\IMG\left_2026_07_28_11_22_17_944.jpg,D:\DPS 920\DPS920_final_project\IMG\right_2026_07_28_11_22_17_944.jpg,0.0,1.0,0,30.19036
D:\DPS 920\DPS920_final_project\IMG\center_2026_07_28_11_20_18_758.jpg,D:\DPS 920\DPS920_final_project\IMG\left_2026_07_28_11_20_18_758.jpg,D:\DPS 920\DPS920_final_project\IMG\right_2026_07_28_11_20_18_758.jpg,-0.15,1.0,0,30.18392
D:\DPS 920\DPS920_final_project\IMG\center_2026_07_28_11_07_37_379.jpg,D:\DPS 920\DPS920_final_project\IMG\left_2026_07_28_11_07_37_379.jpg,D:\DPS 920\DPS920_final_project\IMG\right_2026_07_28_11_07_37_379.jpg,0.3,1.0,0,30.17138
D:\DPS 920\DPS920_final_project\IMG\center_2026_07_28_11_06_43_769.jpg,D:\DPS 920\DPS920_final_project\IMG\left_2026_07_28_11_06_43_769.jpg,D:\DPS 920\DPS920_final_project\IMG\right_2026_07_28_11_06_43_769.jpg,0.1,1.0,0,30.18865
D:\DPS 920\DPS920_final_project\IMG\center_2026_07_28_11_08_29_521.jpg,D:\DPS 920\DPS920_final_project\IMG\left_2026_07_28_11_08_29_521.jpg,D:\DPS 920\DPS920_final_project\IMG\right_2026_07_28_11_08_29_521.jpg,0.0,1.0,0,30.19021
D:\DPS 920\DPS920_final_project\IMG\center_2026_07_28_11_06_12_897.jpg,D:\DPS 920\DPS920_final_project\IMG\left_2026_07_28_11_06_12_897.jpg,D:\DPS 920\DPS920_final_project\IMG\right_2026_07_28_11_06_12_897.jpg,0.0,1.0,0,30.19028
D:\DPS 920\DPS920_final_project\IMG\center_2026_07_28_11_09_53_522.jpg,D:\DPS 920\DPS920_final_project\IMG\left_2026_07_28_11_09_53_522.jpg,D:\DPS 920\DPS920_final_project\IMG\right_2026_07_28_11_09_53_522.jpg,0.0,1.0,0,30.19015
D:\DPS 920\DPS920_final_project\IMG\center_2026_07_28_11_08_02_951.jpg,D:\DPS 920\DPS920_final_project\IMG\left_2026_07_28_11_08_02_951.jpg,D:\DPS 920\DPS920_final_project\IMG\right_2026_07_28_11_08_02_951.jpg,0.1,1.0,0,30.18974
D:\DPS 920\DPS920_final_project\IMG\center_2026_07_28_11_22_03_033.jpg,D:\DPS 920\DPS920_final_project\IMG\left_2026_07_28_11_22_03_033.jpg,D:\DPS 920\DPS920_final_project\IMG\right_2026_07_28_11_22_03_033.jpg,-0.1,1.0,0,30.18768
D:\DPS 920\DPS920_final_project\IMG\center_2026_07_28_11_10_27_290.jpg,D:\DPS 920\DPS920_final_project\IMG\left_2026_07_28_11_10_27_290.jpg,D:\DPS 920\DPS920_final_project\IMG\right_2026_07_28_11_10_27_290.jpg,0.4,1.0,0,30.16216
D:\DPS 920\DPS920_final_project\IMG\center_2026_07_28_11_10_13_198.jpg,D:\DPS 920\DPS920_final_project\IMG\left_2026_07_28_11_10_13_198.jpg,D:\DPS 920\DPS920_final_project\IMG\right_2026_07_28_11_10_13_198.jpg,0.0,1.0,0,30.19019
D:\DPS 920\DPS920_final_project\IMG\center_2026_07_28_11_06_27_454.jpg,D:\DPS 920\DPS920_final_project\IMG\left_2026_07_28_11_06_27_454.jpg,D:\DPS 920\DPS920_final_project\IMG\right_2026_07_28_11_06_27_454.jpg,0.0,1.0,0,30.19063
D:\DPS 920\DPS920_final_project\IMG\center_2026_07_28_11_20_41_701.jpg,D:\DPS 920\DPS920_final_project\IMG\left_2026_07_28_11_20_41_701.jpg,D:\DPS 920\DPS920_final_project\IMG\right_2026_07_28_11_20_41_701.jpg,-0.15,1.0,0,30.18472
D:\DPS 920\DPS920_final_project\IMG\center_2026_07_28_11_10_23_901.jpg,D:\DPS 920\DPS920_final_project\IMG\left_2026_07_28_11_10_23_901.jpg,D:\DPS 920\DPS920_final_project\IMG\right_2026_07_28_11_10_23_901.jpg,0.15,1.0,0,30.1884
D:\DPS 920\DPS920_final_project\IMG\center_2026_07_28_11_06_50_583.jpg,D:\DPS 920\DPS920_final_project\IMG\left_2026_07_28_11_06_50_583.jpg,D:\DPS 920\DPS920_final_project\IMG\right_2026_07_28_11_06_50_583.jpg,0.0,1.0,0,30.19028
D:\DPS 920\DPS920_final_project\IMG\center_2026_07_28_11_21_16_137.jpg,D:\DPS 920\DPS920_final_project\IMG\left_2026_07_28_11_21_16_137.jpg,D:\DPS 920\DPS920_final_project\IMG\right_2026_07_28_11_21_16_137.jpg,-0.2,1.0,0,30.17992
D:\DPS 920\DPS920_final_project\IMG\center_2026_07_28_11_07_01_741.jpg,D:\DPS 920\DPS920_final_project\IMG\left_2026_07_28_11_07_01_741.jpg,D:\DPS 920\DPS920_final_project\IMG\right_2026_07_28_11_07_01_741.jpg,0.0,1.0,0,30.18597
D:\DPS 920\DPS920_final_project\IMG\center_2026_07_28_11_09_29_296.jpg,D:\DPS 920\DPS920_final_project\IMG\left_2026_07_28_11_09_29_296.jpg,D:\DPS 920\DPS920_final_project\IMG\right_2026_07_28_11_09_29_296.jpg,0.2,1.0,0,30.1804
D:\DPS 920\DPS920_final_project\IMG\center_2026_07_28_11_20_38_692.jpg,D:\DPS 920\DPS920_final_project\IMG\left_2026_07_28_11_20_38_692.jpg,D:\DPS 920\DPS920_final_project\IMG\right_2026_07_28_11_20_38_692.jpg,-0.05,1.0,0,30.18983
D:\DPS 920\DPS920_final_project\IMG\center_2026_07_28_11_22_01_626.jpg,D:\DPS 920\DPS920_final_project\IMG\left_2026_07_28_11_22_01_626.jpg,D:\DPS 920\DPS920_final_project\IMG\right_2026_07_28_11_22_01_626.jpg,-0.05,1.0,0,30.19026
D:\DPS 920\DPS920_final_project\IMG\center_2026_07_28_11_06_44_523.jpg,D:\DPS 920\DPS920_final_project\IMG\left_2026_07_28_11_06_44_523.jpg,D:\DPS 920\DPS920_final_project\IMG\right_2026_07_28_11_06_44_523.jpg,0.1,1.0,0,30.18852
D:\DPS 920\DPS920_final_project\IMG\center_2026_07_28_11_06_43_986.jpg,D:\DPS 920\DPS920_final_project\IMG\left_2026_07_28_11_06_43_986.jpg,D:\DPS 920\DPS920_final_project\IMG\right_2026_07_28_11_06_43_986.jpg,0.05,1.0,0,30.1899
D:\DPS 920\DPS920_final_project\IMG\center_2026_07_28_11_07_17_820.jpg,D:\DPS 920\DPS920_final_project\IMG\left_2026_07_28_11_07_17_820.jpg,D:\DPS 920\DPS920_final_project\IMG\right_2026_07_28_11_07_17_820.jpg,0.0,1.0,0,30.18235
D:\DPS 920\DPS920_final_project\IMG\center_2026_07_28_11_10_28_875.jpg,D:\DPS 920\DPS920_final_project\IMG\left_2026_07_28_11_10_28_875.jpg,D:\DPS 920\DPS920_final_project\IMG\right_2026_07_28_11_10_28_875.jpg,0.3,1.0,0,30.16929
D:\DPS 920\DPS920_final_project\IMG\center_2026_07_28_11_21_54_250.jpg,D:\DPS 920\DPS920_final_project\IMG\left_2026_07_28_11_21_54_250.jpg,D:\DPS 920\DPS920_final_project\IMG\right_2026_07_28_11_21_54_250.jpg,0.0,1.0,0,30.19025
D:\DPS 920\DPS920_final_project\IMG\center_2026_07_28_11_20_23_934.jpg,D:\DPS 920\DPS920_final_project\IMG\left_2026_07_28_11_20_23_934.jpg,D:\DPS 920\DPS920_final_project\IMG\right_2026_07_28_11_20_23_934.jpg,0.0,1.0,0,30.19032
D:\DPS 920\DPS920_final_project\IMG\center_2026_07_28_11_07_08_885.jpg,D:\DPS 920\DPS920_final_project\IMG\left_2026_07_28_11_07_08_885.jpg,D:\DPS 920\DPS920_final_project\IMG\right_2026_07_28_11_07_08_885.jpg,0.15,1.0,0,30.18533
D:\DPS 920\DPS920_final_project\IMG\center_2026_07_28_11_21_48_973.jpg,D:\DPS 920\DPS920_final_project\IMG\left_2026_07_28_11_21_48_973.jpg,D:\DPS 920\DPS920_final_project\IMG\right_2026_07_28_11_21_48_973.jpg,-0.2,1.0,0,30.1795
D:\DPS 920\DPS920_final_project\IMG\center_2026_07_28_11_07_21_334.jpg,D:\DPS 920\DPS920_final_project\IMG\left_2026_07_28_11_07_21_334.jpg,D:\DPS 920\DPS920_final_project\IMG\right_2026_07_28_11_07_21_334.jpg,0.1,1.0,0,30.19065
D:\DPS 920\DPS920_final_project\IMG\center_2026_07_28_11_20_07_518.jpg,D:\DPS 920\DPS920_final_project\IMG\left_2026_07_28_11_20_07_518.jpg,D:\DPS 920\DPS920_final_project\IMG\right_2026_07_28_11_20_07_518.jpg,-0.1,1.0,0,30.18646
D:\DPS 920\DPS920_final_project\IMG\center_2026_07_28_11_09_02_346.jpg,D:\DPS 920\DPS920_final_project\IMG\left_2026_07_28_11_09_02_346.jpg,D:\DPS 920\DPS920_final_project\IMG\right_2026_07_28_11_09_02_346.jpg,0.5000001,1.0,0,30.1536
D:\DPS 920\DPS920_final_project\IMG\center_2026_07_28_11_22_43_540.jpg,D:\DPS 920\DPS920_final_project\IMG\left_2026_07_28_11_22_43_540.jpg,D:\DPS 920\DPS920_final_project\IMG\right_2026_07_28_11_22_43_540.jpg,-0.45,1.0,0,30.15322
D:\DPS 920\DPS920_final_project\IMG\center_2026_07_28_11_09_10_160.jpg,D:\DPS 920\DPS920_final_project\IMG\left_2026_07_28_11_09_10_160.jpg,D:\DPS 920\DPS920_final_project\IMG\right_2026_07_28_11_09_10_160.jpg,0.0,1.0,0,30.19061
D:\DPS 920\DPS920_final_project\IMG\center_2026_07_28_11_09_26_340.jpg,D:\DPS 920\DPS920_final_project\IMG\left_2026_07_28_11_09_26_340.jpg,D:\DPS 920\DPS920_final_project\IMG\right_2026_07_28_11_09_26_340.jpg,0.4,1.0,0,30.16025
D:\DPS 920\DPS920_final_project\IMG\center_2026_07_28_11_06_09_915.jpg,D:\DPS 920\DPS920_final_project\IMG\left_2026_07_28_11_06_09_915.jpg,D:\DPS 920\DPS920_final_project\IMG\right_2026_07_28_11_06_09_915.jpg,0.0,1.0,0,30.19025
D:\DPS 920\DPS920_final_project\IMG\center_2026_07_28_11_21_22_026.jpg,D:\DPS 920\DPS920_final_project\IMG\left_2026_07_28_11_21_22_026.jpg,D:\DPS 920\DPS920_final_project\IMG\right_2026_07_28_11_21_22_026.jpg,-0.15,1.0,0,30.18631
D:\DPS 920\DPS920_final_project\IMG\center_2026_07_28_11_07_40_401.jpg,D:\DPS 920\DPS920_final_project\IMG\left_2026_07_28_11_07_40_401.jpg,D:\DPS 920\DPS920_final_project\IMG\right_2026_07_28_11_07_40_401.jpg,0.25,1.0,0,30.18129
D:\DPS 920\DPS920_final_project\IMG\center_2026_07_28_11_20_02_983.jpg,D:\DPS 920\DPS920_final_project\IMG\left_2026_07_28_11_20_02_983.jpg,D:\DPS 920\DPS920_final_project\IMG\right_2026_07_28_11_20_02_983.jpg,-0.2,1.0,0,30.18492
D:\DPS 920\DPS920_final_project\IMG\center_2026_07_28_11_22_10_302.jpg,D:\DPS 920\DPS920_final_project\IMG\left_2026_07_28_11_22_10_302.jpg,D:\DPS 920\DPS920_final_project\IMG\right_2026_07_28_11_22_10_302.jpg,-0.05,1.0,0,30.18933
D:\DPS 920\DPS920_final_project\IMG\center_2026_07_28_11_21_20_653.jpg,D:\DPS 920\DPS920_final_project\IMG\left_2026_07_28_11_21_20_653.jpg,D:\DPS 920\DPS920_final_project\IMG\right_2026_07_28_11_21_20_653.jpg,-0.3,1.0,0,30.17585
D:\DPS 920\DPS920_final_project\IMG\center_2026_07_28_11_22_05_172.jpg,D:\DPS 920\DPS920_final_project\IMG\left_2026_07_28_11_22_05_172.jpg,D:\DPS 920\DPS920_final_project\IMG\right_2026_07_28_11_22_05_172.jpg,-0.2,1.0,0,30.18037
D:\DPS 920\DPS920_final_project\IMG\center_2026_07_28_11_07_55_178.jpg,D:\DPS 920\DPS920_final_project\IMG\left_2026_07_28_11_07_55_178.jpg,D:\DPS 920\DPS920_final_project\IMG\right_2026_07_28_11_07_55_178.jpg,0.05,1.0,0,30.18971
D:\DPS 920\DPS920_final_project\IMG\center_2026_07_28_11_09_28_722.jpg,D:\DPS 920\DPS920_final_project\IMG\left_2026_07_28_11_09_28_722.jpg,D:\DPS 920\DPS920_final_project\IMG\right_2026_07_28_11_09_28_722.jpg,0.0,1.0,0,30.19019
D:\DPS 920\DPS920_final_project\IMG\center_2026_07_28_11_19_59_258.jpg,D:\DPS 920\DPS920_final_project\IMG\left_2026_07_28_11_19_59_258.jpg,D:\DPS 920\DPS920_final_project\IMG\right_2026_07_28_11_19_59_258.jpg,-0.25,1.0,0,30.17952
D:\DPS 920\DPS920_final_project\IMG\center_2026_07_28_11_22_13_898.jpg,D:\DPS 920\DPS920_final_project\IMG\left_2026_07_28_11_22_13_898.jpg,D:\DPS 920\DPS920_final_project\IMG\right_2026_07_28_11_22_13_898.jpg,0.0,1.0,0,30.18994
D:\DPS 920\DPS920_final_project\IMG\center_2026_07_28_11_07_58_358.jpg,D:\DPS 920\DPS920_final_project\IMG\left_2026_07_28_11_07_58_358.jpg,D:\DPS 920\DPS920_final_project\IMG\right_2026_07_28_11_07_58_358.jpg,0.15,1.0,0,30.18417
D:\DPS 920\DPS920_final_project\IMG\center_2026_07_28_11_21_11_743.jpg,D:\DPS 920\DPS920_final_project\IMG\left_2026_07_28_11_21_11_743.jpg,D:\DPS 920\DPS920_final_project\IMG\right_2026_07_28_11_21_11_743.jpg,0.15,1.0,0,30.1846
D:\DPS 920\DPS920_final_project\IMG\center_2026_07_28_11_22_25_552.jpg,D:\DPS 920\DPS920_final_project\IMG\left_2026_07_28_11_22_25_552.jpg,D:\DPS 920\DPS920_final_project\IMG\right_2026_07_28_11_22_25_552.jpg,-0.15,1.0,0,30.18678
D:\DPS 920\DPS920_final_project\IMG\center_2026_07_28_11_08_13_993.jpg,D:\DPS 920\DPS920_final_project\IMG\left_2026_07_28_11_08_13_993.jpg,D:\DPS 920\DPS920_final_project\IMG\right_2026_07_28_11_08_13_993.jpg,0.2,1.0,0,30.18094
D:\DPS 920\DPS920_final_project\IMG\center_2026_07_28_11_21_16_692.jpg,D:\DPS 920\DPS920_final_project\IMG\left_2026_07_28_11_21_16_692.jpg,D:\DPS 920\DPS920_final_project\IMG\right_2026_07_28_11_21_16_692.jpg,0.0,1.0,0,30.16765
D:\DPS 920\DPS920_final_project\IMG\center_2026_07_28_11_10_00_501.jpg,D:\DPS 920\DPS920_final_project\IMG\left_2026_07_28_11_10_00_501.jpg,D:\DPS 920\DPS920_final_project\IMG\right_2026_07_28_11_10_00_501.jpg,0.1,1.0,0,30.18887
D:\DPS 920\DPS920_final_project\IMG\center_2026_07_28_11_10_09_848.jpg,D:\DPS 920\DPS920_final_project\IMG\left_2026_07_28_11_10_09_848.jpg,D:\DPS 920\DPS920_final_project\IMG\right_2026_07_28_11_10_09_848.jpg,0.2,1.0,0,30.17984
D:\DPS 920\DPS920_final_project\IMG\center_2026_07_28_11_07_11_420.jpg,D:\DPS 920\DPS920_final_project\IMG\left_2026_07_28_11_07_11_420.jpg,D:\DPS 920\DPS920_final_project\IMG\right_2026_07_28_11_07_11_420.jpg,0.0,1.0,0,30.19029
D:\DPS 920\DPS920_final_project\IMG\center_2026_07_28_11_22_50_097.jpg,D:\DPS 920\DPS920_final_project\IMG\left_2026_07_28_11_22_50_097.jpg,D:\DPS 920\DPS920_final_project\IMG\right_2026_07_28_11_22_50_097.jpg,0.0,1.0,0,30.19042
D:\DPS 920\DPS920_final_project\IMG\center_2026_07_28_11_08_41_338.jpg,D:\DPS 920\DPS920_final_project\IMG\left_2026_07_28_11_08_41_338.jpg,D:\DPS 920\DPS920_final_project\IMG\right_2026_07_28_11_08_41_338.jpg,0.0,1.0,0,30.1881
D:\DPS 920\DPS920_final_project\IMG\center_2026_07_28_11_08_10_467.jpg,D:\DPS 920\DPS920_final_project\IMG\left_2026_07_28_11_08_10_467.jpg,D:\DPS 920\DPS920_final_project\IMG\right_2026_07_28_11_08_10_467.jpg,0.15,1.0,0,30.18421
D:\DPS 920\DPS920_final_project\IMG\center_2026_07_28_11_09_18_303.jpg,D:\DPS 920\DPS920_final_project\IMG\left_2026_07_28_11_09_18_303.jpg,D:\DPS 920\DPS920_final_project\IMG\right_2026_07_28_11_09_18_303.jpg,0.15,1.0,0,30.18537
D:\DPS 920\DPS920_final_project\IMG\center_2026_07_28_11_08_49_998.jpg,D:\DPS 920\DPS920_final_project\IMG\left_2026_07_28_11_08_49_998.jpg,D:\DPS 920\DPS920_final_project\IMG\right_2026_07_28_11_08_49_998.jpg,-0.1,1.0,0,30.18835
D:\DPS 920\DPS920_final_project\IMG\center_2026_07_28_11_09_35_576.jpg,D:\DPS 920\DPS920_final_project\IMG\left_2026_07_28_11_09_35_576.jpg,D:\DPS 920\DPS920_final_project\IMG\right_2026_07_28_11_09_35_576.jpg,0.0,1.0,0,30.19033
D:\DPS 920\DPS920_final_project\IMG\center_2026_07_28_11_21_44_670.jpg,D:\DPS 920\DPS920_final_project\IMG\left_2026_07_28_11_21_44_670.jpg,D:\DPS 920\DPS920_final_project\IMG\right_2026_07_28_11_21_44_670.jpg,-0.15,1.0,0,30.18411
D:\DPS 920\DPS920_final_project\IMG\center_2026_07_28_11_06_07_976.jpg,D:\DPS 920\DPS920_final_project\IMG\left_2026_07_28_11_06_07_976.jpg,D:\DPS 920\DPS920_final_project\IMG\right_2026_07_28_11_06_07_976.jpg,-0.3,1.0,0,30.16985
D:\DPS 920\DPS920_final_project\IMG\center_2026_07_28_11_20_45_180.jpg,D:\DPS 920\DPS920_final_project\IMG\left_2026_07_28_11_20_45_180.jpg,D:\DPS 920\DPS920_final_project\IMG\right_2026_07_28_11_20_45_180.jpg,0.0,1.0,0,30.18996
D:\DPS 920\DPS920_final_project\IMG\center_2026_07_28_11_07_16_551.jpg,D:\DPS 920\DPS920_final_project\IMG\left_2026_07_28_11_07_16_551.jpg,D:\DPS 920\DPS920_final_project\IMG\right_2026_07_28_11_07_16_551.jpg,0.5000001,1.0,0,30.14524
D:\DPS 920\DPS920_final_project\IMG\center_2026_07_28_11_09_57_912.jpg,D:\DPS 920\DPS920_final_project\IMG\left_2026_07_28_11_09_57_912.jpg,D:\DPS 920\DPS920_final_project\IMG\right_2026_07_28_11_09_57_912.jpg,0.25,1.0,0,30.17443
D:\DPS 920\DPS920_final_project\IMG\center_2026_07_28_11_10_02_880.jpg,D:\DPS 920\DPS920_final_project\IMG\left_2026_07_28_11_10_02_880.jpg,D:\DPS 920\DPS920_final_project\IMG\right_2026_07_28_11_10_02_880.jpg,0.15,1.0,0,30.18994
D:\DPS 920\DPS920_final_project\IMG\center_2026_07_28_11_06_14_732.jpg,D:\DPS 920\DPS920_final_project\IMG\left_2026_07_28_11_06_14_732.jpg,D:\DPS 920\DPS920_final_project\IMG\right_2026_07_28_11_06_14_732.jpg,0.0,1.0,0,30.18981
D:\DPS 920\DPS920_final_project\IMG\center_2026_07_28_11_10_25_771.jpg,D:\DPS 920\DPS920_final_project\IMG\left_2026_07_28_11_10_25_771.jpg,D:\DPS 920\DPS920_final_project\IMG\right_2026_07_28_11_10_25_771.jpg,0.6000001,1.0,0,30.13791
D:\DPS 920\DPS920_final_project\IMG\center_2026_07_28_11_09_24_662.jpg,D:\DPS 920\DPS920_final_project\IMG\left_2026_07_28_11_09_24_662.jpg,D:\DPS 920\DPS920_final_project\IMG\right_2026_07_28_11_09_24_662.jpg,0.15,1.0,0,30.18641
D:\DPS 920\DPS920_final_project\IMG\center_2026_07_28_11_06_54_232.jpg,D:\DPS 920\DPS920_final_project\IMG\left_2026_07_28_11_06_54_232.jpg,D:\DPS 920\DPS920_final_project\IMG\right_2026_07_28_11_06_54_232.jpg,0.25,1.0,0,30.17501
D:\DPS 920\DPS920_final_project\IMG\center_2026_07_28_11_09_42_706.jpg,D:\DPS 920\DPS920_final_project\IMG\left_2026_07_28_11_09_42_706.jpg,D:\DPS 920\DPS920_final_project\IMG\right_2026_07_28_11_09_42_706.jpg,0.0,1.0,0,30.19033
D:\DPS 920\DPS920_final_project\IMG\center_2026_07_28_11_08_38_942.jpg,D:\DPS 920\DPS920_final_project\IMG\left_2026_07_28_11_08_38_942.jpg,D:\DPS 920\DPS920_final_project\IMG\right_2026_07_28_11_08_38_942.jpg,0.05,1.0,0,30.18978
D:\DPS 920\DPS920_final_project\IMG\center_2026_07_28_11_06_39_990.jpg,D:\DPS 920\DPS920_final_project\IMG\left_2026_07_28_11_06_39_990.jpg,D:\DPS 920\DPS920_final_project\IMG\right_2026_07_28_11_06_39_990.jpg,0.6000001,1.0,0,30.13269
D:\DPS 920\DPS920_final_project\IMG\center_2026_07_28_11_20_58_907.jpg,D:\DPS 920\DPS920_final_project\IMG\left_2026_07_28_11_20_58_907.jpg,D:\DPS 920\DPS920_final_project\IMG\right_2026_07_28_11_20_58_907.jpg,-0.5000001,1.0,0,30.14794
D:\DPS 920\DPS920_final_project\IMG\center_2026_07_28_11_06_19_040.jpg,D:\DPS 920\DPS920_final_project\IMG\left_2026_07_28_11_06_19_040.jpg,D:\DPS 920\DPS920_final_project\IMG\right_2026_07_28_11_06_19_040.jpg,0.2,1.0,0,30.17985
D:\DPS 920\DPS920_final_project\IMG\center_2026_07_28_11_22_49_323.jpg,D:\DPS 920\DPS920_final_project\IMG\left_2026_07_28_11_22_49_323.jpg,D:\DPS 920\DPS920_final_project\IMG\right_2026_07_28_11_22_49_323.jpg,0.0,1.0,0,30.19017
D:\DPS 920\DPS920_final_project\IMG\center_2026_07_28_11_19_57_674.jpg,D:\DPS 920\DPS920_final_project\IMG\left_2026_07_28_11_19_57_674.jpg,D:\DPS 920\DPS920_final_project\IMG\right_2026_07_28_11_19_57_674.jpg,-0.35,1.0,0,30.16673
D:\DPS 920\DPS920_final_project\IMG\center_2026_07_28_11_08_00_754.jpg,D:\DPS 920\DPS920_final_project\IMG\left_2026_07_28_11_08_00_754.jpg,D:\DPS 920\DPS920_final_project\IMG\right_2026_07_28_11_08_00_754.jpg,0.25,1.0,0,30.17687
D:\DPS 920\DPS920_final_project\IMG\center_2026_07_28_11_09_38_873.jpg,D:\DPS 920\DPS920_final_project\IMG\left_2026_07_28_11_09_38_873.jpg,D:\DPS 920\DPS920_final_project\IMG\right_2026_07_28_11_09_38_873.jpg,0.2,1.0,0,30.17981
D:\DPS 920\DPS920_final_project\IMG\center_2026_07_28_11_21_21_739.jpg,D:\DPS 920\DPS920_final_project\IMG\left_2026_07_28_11_21_21_739.jpg,D:\DPS 920\DPS920_final_project\IMG\right_2026_07_28_11_21_21_739.jpg,-0.05,1.0,0,30.18942
D:\DPS 920\DPS920_final_project\IMG\center_2026_07_28_11_20_57_739.jpg,D:\DPS 920\DPS920_final_project\IMG\left_2026_07_28_11_20_57_739.jpg,D:\DPS 920\DPS920_final_project\IMG\right_2026_07_28_11_20_57_739.jpg,0.0,1.0,0,30.18872
D:\DPS 920\DPS920_final_project\IMG\center_2026_07_28_11_10_02_584.jpg,D:\DPS 920\DPS920_final_project\IMG\left_2026_07_28_11_10_02_584.jpg,D:\DPS 920\DPS920_final_project\IMG\right_2026_07_28_11_10_02_584.jpg,0.25,1.0,0,30.17595
D:\DPS 920\DPS920_final_project\IMG\center_2026_07_28_11_09_03_189.jpg,D:\DPS 920\DPS920_final_project\IMG\left_2026_07_28_11_09_03_189.jpg,D:\DPS 920\DPS920_final_project\IMG\right_2026_07_28_11_09_03_189.jpg,0.05,1.0,0,30.18992
D:\DPS 920\DPS920_final_project\IMG\center_2026_07_28_11_06_15_083.jpg,D:\DPS 920\DPS920_final_project\IMG\left_2026_07_28_11_06_15_083.jpg,D:\DPS 920\DPS920_final_project\IMG\right_2026_07_28_11_06_15_083.jpg,0.1,1.0,0,30.19083
D:\DPS 920\DPS920_final_project\IMG\center_2026_07_28_11_07_39_469.jpg,D:\DPS 920\DPS920_final_project\IMG\left_2026_07_28_11_07_39_469.jpg,D:\DPS 920\DPS920_final_project\IMG\right_2026_07_28_11_07_39_469.jpg,0.0,1.0,0,30.17351
D:\DPS 920\DPS920_final_project\IMG\center_2026_07_28_11_21_52_390.jpg,D:\DPS 920\DPS920_final_project\IMG\left_2026_07_28_11_21_52_390.jpg,D:\DPS 920\DPS920_final_project\IMG\right_2026_07_28_11_21_52_390.jpg,0.0,1.0,0,30.19012
D:\DPS 920\DPS920_final_project\IMG\center_2026_07_28_11_09_31_354.jpg,D:\DPS 920\DPS920_final_project\IMG\left_2026_07_28_11_09_31_354.jpg,D:\DPS 920\DPS920_final_project\IMG\right_2026_07_28_11_09_31_354.jpg,0.3,1.0,0,30.16972
D:\DPS 920\DPS920_final_project\IMG\center_2026_07_28_11_05_57_507.jpg,D:\DPS 920\DPS920_final_project\IMG\left_2026_07_28_11_05_57_507.jpg,D:\DPS 920\DPS920_final_project\IMG\right_2026_07_28_11_05_57_507.jpg,0.6000001,1.0,0,24.79467
D:\DPS 920\DPS920_final_project\IMG\center_2026_07_28_11_07_38_005.jpg,D:\DPS 920\DPS920_final_project\IMG\left_2026_07_28_11_07_38_005.jpg,D:\DPS 920\DPS920_final_project\IMG\right_2026_07_28_11_07_38_005.jpg,0.05,1.0,0,30.18991
D:\DPS 920\DPS920_final_project\IMG\center_2026_07_28_11_06_19_911.jpg,D:\DPS 920\DPS920_final_project\IMG\left_2026_07_28_11_06_19_911.jpg,D:\DPS 920\DPS920_final_project\IMG\right_2026_07_28_11_06_19_911.jpg,0.05,1.0,0,30.18972
D:\DPS 920\DPS920_final_project\IMG\center_2026_07_28_11_08_21_928.jpg,D:\DPS 920\DPS920_final_project\IMG\left_2026_07_28_11_08_21_928.jpg,D:\DPS 920\DPS920_final_project\IMG\right_2026_07_28_11_08_21_928.jpg,0.3,1.0,0,30.17089
D:\DPS 920\DPS920_final_project\IMG\center_2026_07_28_11_09_30_065.jpg,D:\DPS 920\DPS920_final_project\IMG\left_2026_07_28_11_09_30_065.jpg,D:\DPS 920\DPS920_final_project\IMG\right_2026_07_28_11_09_30_065.jpg,0.1,1.0,0,30.18977
D:\DPS 920\DPS920_final_project\IMG\center_2026_07_28_11_22_07_910.jpg,D:\DPS 920\DPS920_final_project\IMG\left_2026_07_28_11_22_07_910.jpg,D:\DPS 920\DPS920_final_project\IMG\right_2026_07_28_11_22_07_910.jpg,-0.1,1.0,0,30.18771
D:\DPS 920\DPS920_final_project\IMG\center_2026_07_28_11_07_13_850.jpg,D:\DPS 920\DPS920_final_project\IMG\left_2026_07_28_11_07_13_850.jpg,D:\DPS 920\DPS920_final_project\IMG\right_2026_07_28_11_07_13_850.jpg,0.05,1.0,0,30.19027
D:\DPS 920\DPS920_final_project\IMG\center_2026_07_28_11_21_35_329.jpg,D:\DPS 920\DPS920_final_project\IMG\left_2026_07_28_11_21_35_329.jpg,D:\DPS 920\DPS920_final_project\IMG\right_2026_07_28_11_21_35_329.jpg,0.0,1.0,0,30.19018
D:\DPS 920\DPS920_final_project\IMG\center_2026_07_28_11_06_43_849.jpg,D:\DPS 920\DPS920_final_project\IMG\left_2026_07_28_11_06_43_849.jpg,D:\DPS 920\DPS920_final_project\IMG\right_2026_07_28_11_06_43_849.jpg,0.0,1.0,0,30.19088
D:\DPS 920\DPS920_final_project\IMG\center_2026_07_28_11_09_28_446.jpg,D:\DPS 920\DPS920_final_project\IMG\left_2026_07_28_11_09_28_446.jpg,D:\DPS 920\DPS920_final_project\IMG\right_2026_07_28_11_09_28_446.jpg,0.1,1.0,0,30.18762
D:\DPS 920\DPS920_final_project\IMG\center_2026_07_28_11_07_56_695.jpg,D:\DPS 920\DPS920_final_project\IMG\left_2026_07_28_11_07_56_695.jpg,D:\DPS 920\DPS920_final_project\IMG\right_2026_07_28_11_07_56_695.jpg,0.2,1.0,0,30.17983
D:\DPS 920\DPS920_final_project\IMG\center_2026_07_28_11_10_18_648.jpg,D:\DPS 920\DPS920_final_project\IMG\left_2026_07_28_11_10_18_648.jpg,D:\DPS 920\DPS920_final_project\IMG\right_2026_07_28_11_10_18_648.jpg,0.0,1.0,0,30.19029
D:\DPS 920\DPS920_final_project\IMG\center_2026_07_28_11_09_21_337.jpg,D:\DPS 920\DPS920_final_project\IMG\left_2026_07_28_11_09_21_337.jpg,D:\DPS 920\DPS920_final_project\IMG\right_2026_07_28_11_09_21_337.jpg,0.0,1.0,0,30.18995
D:\DPS 920\DPS920_final_project\IMG\center_2026_07_28_11_09_01_494.jpg,D:\DPS 920\DPS920_final_project\IMG\left_2026_07_28_11_09_01_494.jpg,D:\DPS 920\DPS920_final_project\IMG\right_2026_07_28_11_09_01_494.jpg,0.35,1.0,0,30.16558
D:\DPS 920\DPS920_final_project\IMG\center_2026_07_28_11_06_39_638.jpg,D:\DPS 920\DPS920_final_project\IMG\left_2026_07_28_11_06_39_638.jpg,D:\DPS 920\DPS920_final_project\IMG\right_2026_07_28_11_06_39_638.jpg,0.0,1.0,0,30.19034
D:\DPS 920\DPS920_final_project\IMG\center_2026_07_28_11_06_58_745.jpg,D:\DPS 920\DPS920_final_project\IMG\left_2026_07_28_11_06_58_745.jpg,D:\DPS 920\DPS920_final_project\IMG\right_2026_07_28_11_06_58_745.jpg,0.0,1.0,0,30.19029
D:\DPS 920\DPS920_final_project\IMG\center_2026_07_28_11_22_47_184.jpg,D:\DPS 920\DPS920_final_project\IMG\left_2026_07_28_11_22_47_184.jpg,D:\DPS 920\DPS920_final_project\IMG\right_2026_07_28_11_22_47_184.jpg,-0.6000001,1.0,0,30.135
D:\DPS 920\DPS920_final_project\IMG\center_2026_07_28_11_08_56_768.jpg,D:\DPS 920\DPS920_final_project\IMG\left_2026_07_28_11_08_56_768.jpg,D:\DPS 920\DPS920_final_project\IMG\right_2026_07_28_11_08_56_768.jpg,0.0,1.0,0,30.19029
D:\DPS 920\DPS920_final_project\IMG\center_2026_07_28_11_06_12_681.jpg,D:\DPS 920\DPS920_final_project\IMG\left_2026_07_28_11_06_12_681.jpg,D:\DPS 920\DPS920_final_project\IMG\right_2026_07_28_11_06_12_681.jpg,0.25,1.0,0,30.17439
D:\DPS 920\DPS920_final_project\IMG\center_2026_07_28_11_07_55_758.jpg,D:\DPS 920\DPS920_final_project\IMG\left_2026_07_28_11_07_55_758.jpg,D:\DPS 920\DPS920_final_project\IMG\right_2026_07_28_11_07_55_758.jpg,0.15,1.0,0,30.18505
D:\DPS 920\DPS920_final_project\IMG\center_2026_07_28_11_09_10_666.jpg,D:\DPS 920\DPS920_final_project\IMG\left_2026_07_28_11_09_10_666.jpg,D:\DPS 920\DPS920_final_project\IMG\right_2026_07_28_11_09_10_666.jpg,0.0,1.0,0,30.19061
D:\DPS 920\DPS920_final_project\IMG\center_2026_07_28_11_22_22_626.jpg,D:\DPS 920\DPS920_final_project\IMG\left_2026_07_28_11_22_22_626.jpg,D:\DPS 920\DPS920_final_project\IMG\right_2026_07_28_11_22_22_626.jpg,-0.4,1.0,0,30.16091
D:\DPS 920\DPS920_final_project\IMG\center_2026_07_28_11_10_08_296.jpg,D:\DPS 920\DPS920_final_project\IMG\left_2026_07_28_11_10_08_296.jpg,D:\DPS 920\DPS920_final_project\IMG\right_2026_07_28_11_10_08_296.jpg,0.25,1.0,0,30.17742
D:\DPS 920\DPS920_final_project\IMG\center_2026_07_28_11_07_40_478.jpg,D:\DPS 920\DPS920_final_project\IMG\left_2026_07_28_11_07_40_478.jpg,D:\DPS 920\DPS920_final_project\IMG\right_2026_07_28_11_07_40_478.jpg,0.45,1.0,0,30.15673
D:\DPS 920\DPS920_final_project\IMG\center_2026_07_28_11_21_12_524.jpg,D:\DPS 920\DPS920_final_project\IMG\left_2026_07_28_11_21_12_524.jpg,D:\DPS 920\DPS920_final_project\IMG\right_2026_07_28_11_21_12_524.jpg,0.0,1.0,0,30.19027
D:\DPS 920\DPS920_final_project\IMG\center_2026_07_28_11_21_23_920.jpg,D:\DPS 920\DPS920_final_project\IMG\left_2026_07_28_11_21_23_920.jpg,D:\DPS 920\DPS920_final_project\IMG\right_2026_07_28_11_21_23_920.jpg,-0.2,1.0,0,30.18159
D:\DPS 920\DPS920_final_project\IMG\center_2026_07_28_11_09_19_596.jpg,D:\DPS 920\DPS920_final_project\IMG\left_2026_07_28_11_09_19_596.jpg,D:\DPS 920\DPS920_final_project\IMG\right_2026_07_28_11_09_19_596.jpg,0.0,1.0,0,30.19019
D:\DPS 920\DPS920_final_project\IMG\center_2026_07_28_11_22_18_814.jpg,D:\DPS 920\DPS920_final_project\IMG\left_2026_07_28_11_22_18_814.jpg,D:\DPS 920\DPS920_final_project\IMG\right_2026_07_28_11_22_18_814.jpg,-0.1,1.0,0,30.1892
D:\DPS 920\DPS920_final_project\IMG\center_2026_07_28_11_09_42_417.jpg,D:\DPS 920\DPS920_final_project\IMG\left_2026_07_28_11_09_42_417.jpg,D:\DPS 920\DPS920_final_project\IMG\right_2026_07_28_11_09_42_417.jpg,0.0,1.0,0,30.1904
D:\DPS 920\DPS920_final_project\IMG\center_2026_07_28_11_06_38_338.jpg,D:\DPS 920\DPS920_final_project\IMG\left_2026_07_28_11_06_38_338.jpg,D:\DPS 920\DPS920_final_project\IMG\right_2026_07_28_11_06_38_338.jpg,0.3,1.0,0,30.1693
D:\DPS 920\DPS920_final_project\IMG\center_2026_07_28_11_08_38_216.jpg,D:\DPS 920\DPS920_final_project\IMG\left_2026_07_28_11_08_38_216.jpg,D:\DPS 920\DPS920_final_project\IMG\right_2026_07_28_11_08_38_216.jpg,0.25,1.0,0,30.17755
D:\DPS 920\DPS920_final_project\IMG\center_2026_07_28_11_06_34_273.jpg,D:\DPS 920\DPS920_final_project\IMG\left_2026_07_28_11_06_34_273.jpg,D:\DPS 920\DPS920_final_project\IMG\right_2026_07_28_11_06_34_273.jpg,0.3,1.0,0,30.17121
D:\DPS 920\DPS920_final_project\IMG\center_2026_07_28_11_20_25_817.jpg,D:\DPS 920\DPS920_final_project\IMG\left_2026_07_28_11_20_25_817.jpg,D:\DPS 920\DPS920_final_project\IMG\right_2026_07_28_11_20_25_817.jpg,-0.25,1.0,0,30.17442
D:\DPS 920\DPS920_final_project\IMG\center_2026_07_28_11_05_57_926.jpg,D:\DPS 920\DPS920_final_project\IMG\left_2026_07_28_11_05_57_926.jpg,D:\DPS 920\DPS920_final_project\IMG\right_2026_07_28_11_05_57_926.jpg,-0.3,1.0,0,28.2617
D:\DPS 920\DPS920_final_project\IMG\center_2026_07_28_11_07_31_074.jpg,D:\DPS 920\DPS920_final_project\IMG\left_2026_07_28_11_07_31_074.jpg,D:\DPS 920\DPS920_final_project\IMG\right_2026_07_28_11_07_31_074.jpg,0.0,1.0,0,30.18951
D:\DPS 920\DPS920_final_project\IMG\center_2026_07_28_11_08_17_615.jpg,D:\DPS 920\DPS920_final_project\IMG\left_2026_07_28_11_08_17_615.jpg,D:\DPS 920\DPS920_final_project\IMG\right_2026_07_28_11_08_17_615.jpg,0.2,1.0,0,30.17948
D:\DPS 920\DPS920_final_project\IMG\center_2026_07_28_11_20_36_638.jpg,D:\DPS 920\DPS920_final_project\IMG\left_2026_07_28_11_20_36_638.jpg,D:\DPS 920\DPS920_final_project\IMG\right_2026_07_28_11_20_36_638.jpg,-0.05,1.0,0,30.19028
D:\DPS 920\DPS920_final_project\IMG\center_2026_07_28_11_09_51_418.jpg,D:\DPS 920\DPS920_final_project\IMG\left_2026_07_28_11_09_51_418.jpg,D:\DPS 920\DPS920_final_project\IMG\right_2026_07_28_11_09_51_418.jpg,0.05,1.0,0,30.18965
D:\DPS 920\DPS920_final_project\IMG\center_2026_07_28_11_20_59_856.jpg,D:\DPS 920\DPS920_final_project\IMG\left_2026_07_28_11_20_59_856.jpg,D:\DPS 920\DPS920_final_project\IMG\right_2026_07_28_11_20_59_856.jpg,-0.5500001,1.0,0,30.1415
D:\DPS 920\DPS920_final_project\IMG\center_2026_07_28_11_07_11_490.jpg,D:\DPS 920\DPS920_final_project\IMG\left_2026_07_28_11_07_11_490.jpg,D:\DPS 920\DPS920_final_project\IMG\right_2026_07_28_11_07_11_490.jpg,0.0,1.0,0,30.19032
D:\DPS 920\DPS920_final_project\IMG\center_2026_07_28_11_08_01_201.jpg,D:\DPS 920\DPS920_final_project\IMG\left_2026_07_28_11_08_01_201.jpg,D:\DPS 920\DPS920_final_project\IMG\right_2026_07_28_11_08_01_201.jpg,0.05,1.0,0,30.1901
D:\DPS 920\DPS920_final_project\IMG\center_2026_07_28_11_06_58_106.jpg,D:\DPS 920\DPS920_final_project\IMG\left_2026_07_28_11_06_58_106.jpg,D:\DPS 920\DPS920_final_project\IMG\right_2026_07_28_11_06_58_106.jpg,0.35,1.0,0,30.16348
D:\DPS 920\DPS920_final_project\IMG\center_2026_07_28_11_07_13_495.jpg,D:\DPS 920\DPS920_final_project\IMG\left_2026_07_28_11_07_13_495.jpg,D:\DPS 920\DPS920_final_project\IMG\right_2026_07_28_11_07_13_495.jpg,0.0,1.0,0,30.18993
D:\DPS 920\DPS920_final_project\IMG\center_2026_07_28_11_09_27_042.jpg,D:\DPS 920\DPS920_final_project\IMG\left_2026_07_28_11_09_27_042.jpg,D:\DPS 920\DPS920_final_project\IMG\right_2026_07_28_11_09_27_042.jpg,0.15,1.0,0,30.18662
D:\DPS 920\DPS920_final_project\IMG\center_2026_07_28_11_22_39_990.jpg,D:\DPS 920\DPS920_final_project\IMG\left_2026_07_28_11_22_39_990.jpg,D:\DPS 920\DPS920_final_project\IMG\right_2026_07_28_11_22_39_990.jpg,-0.4,1.0,0,30.16113
D:\DPS 920\DPS920_final_project\IMG\center_2026_07_28_11_20_35_056.jpg,D:\DPS 920\DPS920_final_project\IMG\left_2026_07_28_11_20_35_056.jpg,D:\DPS 920\DPS920_final_project\IMG\right_2026_07_28_11_20_35_056.jpg,-0.2,1.0,0,30.18187
D:\DPS 920\DPS920_final_project\IMG\center_2026_07_28_11_22_39_293.jpg,D:\DPS 920\DPS920_final_project\IMG\left_2026_07_28_11_22_39_293.jpg,D:\DPS 920\DPS920_final_project\IMG\right_2026_07_28_11_22_39_293.jpg,0.0,1.0,0,30.18663
D:\DPS 920\DPS920_final_project\IMG\center_2026_07_28_11_06_16_310.jpg,D:\DPS 920\DPS920_final_project\IMG\left_2026_07_28_11_06_16_310.jpg,D:\DPS 920\DPS920_final_project\IMG\right_2026_07_28_11_06_16_310.jpg,0.9500002,1.0,0,30.09764
D:\DPS 920\DPS920_final_project\IMG\center_2026_07_28_11_21_55_543.jpg,D:\DPS 920\DPS920_final_project\IMG\left_2026_07_28_11_21_55_543.jpg,D:\DPS 920\DPS920_final_project\IMG\right_2026_07_28_11_21_55_543.jpg,-0.15,1.0,0,30.18474
D:\DPS 920\DPS920_final_project\IMG\center_2026_07_28_11_09_55_431.jpg,D:\DPS 920\DPS920_final_project\IMG\left_2026_07_28_11_09_55_431.jpg,D:\DPS 920\DPS920_final_project\IMG\right_2026_07_28_11_09_55_431.jpg,0.0,1.0,0,30.19028
D:\DPS 920\DPS920_final_project\IMG\center_2026_07_28_11_08_52_373.jpg,D:\DPS 920\DPS920_final_project\IMG\left_2026_07_28_11_08_52_373.jpg,D:\DPS 920\DPS920_final_project\IMG\right_2026_07_28_11_08_52_373.jpg,0.0,1.0,0,30.19285
D:\DPS 920\DPS920_final_project\IMG\center_2026_07_28_11_09_10_450.jpg,D:\DPS 920\DPS920_final_project\IMG\left_2026_07_28_11_09_10_450.jpg,D:\DPS 920\DPS920_final_project\IMG\right_2026_07_28_11_09_10_450.jpg,0.2,1.0,0,30.18033
D:\DPS 920\DPS920_final_project\IMG\center_2026_07_28_11_09_33_663.jpg,D:\DPS 920\DPS920_final_project\IMG\left_2026_07_28_11_09_33_663.jpg,D:\DPS 920\DPS920_final_project\IMG\right_2026_07_28_11_09_33_663.jpg,0.0,1.0,0,30.19035
D:\DPS 920\DPS920_final_project\IMG\center_2026_07_28_11_10_13_557.jpg,D:\DPS 920\DPS920_final_project\IMG\left_2026_07_28_11_10_13_557.jpg,D:\DPS 920\DPS920_final_project\IMG\right_2026_07_28_11_10_13_557.jpg,-0.05,1.0,0,30.19006
D:\DPS 920\DPS920_final_project\IMG\center_2026_07_28_11_22_27_512.jpg,D:\DPS 920\DPS920_final_project\IMG\left_2026_07_28_11_22_27_512.jpg,D:\DPS 920\DPS920_final_project\IMG\right_2026_07_28_11_22_27_512.jpg,-0.15,1.0,0,30.18424
D:\DPS 920\DPS920_final_project\IMG\center_2026_07_28_11_10_16_233.jpg,D:\DPS 920\DPS920_final_project\IMG\left_2026_07_28_11_10_16_233.jpg,D:\DPS 920\DPS920_final_project\IMG\right_2026_07_28_11_10_16_233.jpg,-0.4,1.0,0,30.16292
D:\DPS 920\DPS920_final_project\IMG\center_2026_07_28_11_21_13_095.jpg,D:\DPS 920\DPS920_final_project\IMG\left_2026_07_28_11_21_13_095.jpg,D:\DPS 920\DPS920_final_project\IMG\right_2026_07_28_11_21_13_095.jpg,0.0,1.0,0,30.19032
D:\DPS 920\DPS920_final_project\IMG\center_2026_07_28_11_22_41_963.jpg,D:\DPS 920\DPS920_final_project\IMG\left_2026_07_28_11_22_41_963.jpg,D:\DPS 920\DPS920_final_project\IMG\right_2026_07_28_11_22_41_963.jpg,-0.45,1.0,0,30.15285
D:\DPS 920\DPS920_final_project\IMG\center_2026_07_28_11_19_56_580.jpg,D:\DPS 920\DPS920_final_project\IMG\left_2026_07_28_11_19_56_580.jpg,D:\DPS 920\DPS920_final_project\IMG\right_2026_07_28_11_19_56_580.jpg,-0.5000001,1.0,0,26.37098
D:\DPS 920\DPS920_final_project\IMG\center_2026_07_28_11_20_44_962.jpg,D:\DPS 920\DPS920_final_project\IMG\left_2026_07_28_11_20_44_962.jpg,D:\DPS 920\DPS920_final_project\IMG\right_2026_07_28_11_20_44_962.jpg,-0.2,1.0,0,30.17935
D:\DPS 920\DPS920_final_project\IMG\center_2026_07_28_11_22_02_271.jpg,D:\DPS 920\DPS920_final_project\IMG\left_2026_07_28_11_22_02_271.jpg,D:\DPS 920\DPS920_final_project\IMG\right_2026_07_28_11_22_02_271.jpg,0.0,1.0,0,30.18992
D:\DPS 920\DPS920_final_project\IMG\center_2026_07_28_11_22_22_784.jpg,D:\DPS 920\DPS920_final_project\IMG\left_2026_07_28_11_22_22_784.jpg,D:\DPS 920\DPS920_final_project\IMG\right_2026_07_28_11_22_22_784.jpg,-0.8000001,1.0,0,30.11148
D:\DPS 920\DPS920_final_project\IMG\center_2026_07_28_11_09_48_797.jpg,D:\DPS 920\DPS920_final_project\IMG\left_2026_07_28_11_09_48_797.jpg,D:\DPS 920\DPS920_final_project\IMG\right_2026_07_28_11_09_48_797.jpg,0.0,1.0,0,30.19023
D:\DPS 920\DPS920_final_project\IMG\center_2026_07_28_11_20_54_344.jpg,D:\DPS 920\DPS920_final_project\IMG\left_2026_07_28_11_20_54_344.jpg,D:\DPS 920\DPS920_final_project\IMG\right_2026_07_28_11_20_54_344.jpg,0.0,1.0,0,30.18814
D:\DPS 920\DPS920_final_project\IMG\center_2026_07_28_11_07_46_074.jpg,D:\DPS 920\DPS920_final_project\IMG\left_2026_07_28_11_07_46_074.jpg,D:\DPS 920\DPS920_final_project\IMG\right_2026_07_28_11_07_46_074.jpg,0.0,1.0,0,30.19063
D:\DPS 920\DPS920_final_project\IMG\center_2026_07_28_11_20_56_208.jpg,D:\DPS 920\DPS920_final_project\IMG\left_2026_07_28_11_20_56_208.jpg,D:\DPS 920\DPS920_final_project\IMG\right_2026_07_28_11_20_56_208.jpg,-0.25,1.0,0,30.17426
D:\DPS 920\DPS920_final_project\IMG\center_2026_07_28_11_08_31_972.jpg,D:\DPS 920\DPS920_final_project\IMG\left_2026_07_28_11_08_31_972.jpg,D:\DPS 920\DPS920_final_project\IMG\right_2026_07_28_11_08_31_972.jpg,0.05,1.0,0,30.19035
D:\DPS 920\DPS920_final_project\IMG\center_2026_07_28_11_07_26_221.jpg,D:\DPS 920\DPS920_final_project\IMG\left_2026_07_28_11_07_26_221.jpg,D:\DPS 920\DPS920_final_project\IMG\right_2026_07_28_11_07_26_221.jpg,-0.05,1.0,0,30.18971
D:\DPS 920\DPS920_final_project\IMG\center_2026_07_28_11_10_00_783.jpg,D:\DPS 920\DPS920_final_project\IMG\left_2026_07_28_11_10_00_783.jpg,D:\DPS 920\DPS920_final_project\IMG\right_2026_07_28_11_10_00_783.jpg,0.2,1.0,0,30.18301
D:\DPS 920\DPS920_final_project\IMG\center_2026_07_28_11_07_02_824.jpg,D:\DPS 920\DPS920_final_project\IMG\left_2026_07_28_11_07_02_824.jpg,D:\DPS 920\DPS920_final_project\IMG\right_2026_07_28_11_07_02_824.jpg,0.0,1.0,0,30.1903
D:\DPS 920\DPS920_final_project\IMG\center_2026_07_28_11_07_55_036.jpg,D:\DPS 920\DPS920_final_project\IMG\left_2026_07_28_11_07_55_036.jpg,D:\DPS 920\DPS920_final_project\IMG\right_2026_07_28_11_07_55_036.jpg,0.0,1.0,0,30.19029
D:\DPS 920\DPS920_final_project\IMG\center_2026_07_28_11_22_17_216.jpg,D:\DPS 920\DPS920_final_project\IMG\left_2026_07_28_11_22_17_216.jpg,D:\DPS 920\DPS920_final_project\IMG\right_2026_07_28_11_22_17_216.jpg,0.0,1.0,0,30.2199
D:\DPS 920\DPS920_final_project\IMG\center_2026_07_28_11_07_27_739.jpg,D:\DPS 920\DPS920_final_project\IMG\left_2026_07_28_11_07_27_739.jpg,D:\DPS 920\DPS920_final_project\IMG\right_2026_07_28_11_07_27_739.jpg,-0.05,1.0,0,30.18951
D:\DPS 920\DPS920_final_project\IMG\center_2026_07_28_11_06_18_406.jpg,D:\DPS 920\DPS920_final_project\IMG\left_2026_07_28_11_06_18_406.jpg,D:\DPS 920\DPS920_final_project\IMG\right_2026_07_28_11_06_18_406.jpg,0.0,1.0,0,30.19019
D:\DPS 920\DPS920_final_project\IMG\center_2026_07_28_11_20_43_968.jpg,D:\DPS 920\DPS920_final_project\IMG\left_2026_07_28_11_20_43_968.jpg,D:\DPS 920\DPS920_final_project\IMG\right_2026_07_28_11_20_43_968.jpg,-0.05,1.0,0,30.19008
D:\DPS 920\DPS920_final_project\IMG\center_2026_07_28_11_19_58_102.jpg,D:\DPS 920\DPS920_final_project\IMG\left_2026_07_28_11_19_58_102.jpg,D:\DPS 920\DPS920_final_project\IMG\right_2026_07_28_11_19_58_102.jpg,-0.3,1.0,0,30.17467
D:\DPS 920\DPS920_final_project\IMG\center_2026_07_28_11_06_38_796.jpg,D:\DPS 920\DPS920_final_project\IMG\left_2026_07_28_11_06_38_796.jpg,D:\DPS 920\DPS920_final_project\IMG\right_2026_07_28_11_06_38_796.jpg,0.25,1.0,0,30.17517
D:\DPS 920\DPS920_final_project\IMG\center_2026_07_28_11_10_04_996.jpg,D:\DPS 920\DPS920_final_project\IMG\left_2026_07_28_11_10_04_996.jpg,D:\DPS 920\DPS920_final_project\IMG\right_2026_07_28_11_10_04_996.jpg,0.05,1.0,0,30.19058
D:\DPS 920\DPS920_final_project\IMG\center_2026_07_28_11_08_41_702.jpg,D:\DPS 920\DPS920_final_project\IMG\left_2026_07_28_11_08_41_702.jpg,D:\DPS 920\DPS920_final_project\IMG\right_2026_07_28_11_08_41_702.jpg,0.15,1.0,0,30.18546
D:\DPS 920\DPS920_final_project\IMG\center_2026_07_28_11_08_02_741.jpg,D:\DPS 920\DPS920_final_project\IMG\left_2026_07_28_11_08_02_741.jpg,D:\DPS 920\DPS920_final_project\IMG\right_2026_07_28_11_08_02_741.jpg,0.2,1.0,0,30.18147
D:\DPS 920\DPS920_final_project\IMG\center_2026_07_28_11_22_10_376.jpg,D:\DPS 920\DPS920_final_project\IMG\left_2026_07_28_11_22_10_376.jpg,D:\DPS 920\DPS920_final_project\IMG\right_2026_07_28_11_22_10_376.jpg,0.0,1.0,0,30.19022
D:\DPS 920\DPS920_final_project\IMG\center_2026_07_28_11_09_40_006.jpg,D:\DPS 920\DPS920_final_project\IMG\left_2026_07_28_11_09_40_006.jpg,D:\DPS 920\DPS920_final_project\IMG\right_2026_07_28_11_09_40_006.jpg,0.15,1.0,0,30.18453
D:\DPS 920\DPS920_final_project\IMG\center_2026_07_28_11_08_43_145.jpg,D:\DPS 920\DPS920_final_project\IMG\left_2026_07_28_11_08_43_145.jpg,D:\DPS 920\DPS920_final_project\IMG\right_2026_07_28_11_08_43_145.jpg,0.7500002,1.0,0,30.1153
D:\DPS 920\DPS920_final_project\IMG\center_2026_07_28_11_08_39_522.jpg,D:\DPS 920\DPS920_final_project\IMG\left_2026_07_28_11_08_39_522.jpg,D:\DPS 920\DPS920_final_project\IMG\right_2026_07_28_11_08_39_522.jpg,0.2,1.0,0,30.18054
D:\DPS 920\DPS920_final_project\IMG\center_2026_07_28_11_20_30_264.jpg,D:\DPS 920\DPS920_final_project\IMG\left_2026_07_28_11_20_30_264.jpg,D:\DPS 920\DPS920_final_project\IMG\right_2026_07_28_11_20_30_264.jpg,-0.1,1.0,0,30.18763
D:\DPS 920\DPS920_final_project\IMG\center_2026_07_28_11_08_42_927.jpg,D:\DPS 920\DPS920_final_project\IMG\left_2026_07_28_11_08_42_927.jpg,D:\DPS 920\DPS920_final_project\IMG\right_2026_07_28_11_08_42_927.jpg,0.2,1.0,0,30.1813
D:\DPS 920\DPS920_final_project\IMG\center_2026_07_28_11_09_59_620.jpg,D:\DPS 920\DPS920_final_project\IMG\left_2026_07_28_11_09_59_620.jpg,D:\DPS 920\DPS920_final_project\IMG\right_2026_07_28_11_09_59_620.jpg,0.2,1.0,0,30.1817
D:\DPS 920\DPS920_final_project\IMG\center_2026_07_28_11_08_12_968.jpg,D:\DPS 920\DPS920_final_project\IMG\left_2026_07_28_11_08_12_968.jpg,D:\DPS 920\DPS920_final_project\IMG\right_2026_07_28_11_08_12_968.jpg,0.0,1.0,0,30.1903
D:\DPS 920\DPS920_final_project\IMG\center_2026_07_28_11_06_37_486.jpg,D:\DPS 920\DPS920_final_project\IMG\left_2026_07_28_11_06_37_486.jpg,D:\DPS 920\DPS920_final_project\IMG\right_2026_07_28_11_06_37_486.jpg,0.2,1.0,0,30.18237
D:\DPS 920\DPS920_final_project\IMG\center_2026_07_28_11_09_40_783.jpg,D:\DPS 920\DPS920_final_project\IMG\left_2026_07_28_11_09_40_783.jpg,D:\DPS 920\DPS920_final_project\IMG\right_2026_07_28_11_09_40_783.jpg,0.0,1.0,0,30.19027
D:\DPS 920\DPS920_final_project\IMG\center_2026_07_28_11_20_42_752.jpg,D:\DPS 920\DPS920_final_project\IMG\left_2026_07_28_11_20_42_752.jpg,D:\DPS 920\DPS920_final_project\IMG\right_2026_07_28_11_20_42_752.jpg,-0.1,1.0,0,30.18765
D:\DPS 920\DPS920_final_project\IMG\center_2026_07_28_11_20_22_562.jpg,D:\DPS 920\DPS920_final_project\IMG\left_2026_07_28_11_20_22_562.jpg,D:\DPS 920\DPS920_final_project\IMG\right_2026_07_28_11_20_22_562.jpg,0.0,1.0,0,30.19031
D:\DPS 920\DPS920_final_project\IMG\center_2026_07_28_11_06_53_116.jpg,D:\DPS 920\DPS920_final_project\IMG\left_2026_07_28_11_06_53_116.jpg,D:\DPS 920\DPS920_final_project\IMG\right_2026_07_28_11_06_53_116.jpg,0.0,1.0,0,30.19031
D:\DPS 920\DPS920_final_project\IMG\center_2026_07_28_11_06_14_589.jpg,D:\DPS 920\DPS920_final_project\IMG\left_2026_07_28_11_06_14_589.jpg,D:\DPS 920\DPS920_final_project\IMG\right_2026_07_28_11_06_14_589.jpg,0.15,1.0,0,30.18742
D:\DPS 920\DPS920_final_project\IMG\center_2026_07_28_11_07_07_944.jpg,D:\DPS 920\DPS920_final_project\IMG\left_2026_07_28_11_07_07_944.jpg,D:\DPS 920\DPS920_final_project\IMG\right_2026_07_28_11_07_07_944.jpg,0.0,1.0,0,30.19044
D:\DPS 920\DPS920_final_project\IMG\center_2026_07_28_11_21_57_417.jpg,D:\DPS 920\DPS920_final_project\IMG\left_2026_07_28_11_21_57_417.jpg,D:\DPS 920\DPS920_final_project\IMG\right_2026_07_28_11_21_57_417.jpg,-0.25,1.0,0,30.17765
D:\DPS 920\DPS920_final_project\IMG\center_2026_07_28_11_20_31_245.jpg,D:\DPS 920\DPS920_final_project\IMG\left_2026_07_28_11_20_31_245.jpg,D:\DPS 920\DPS920_final_project\IMG\right_2026_07_28_11_20_31_245.jpg,-0.25,1.0,0,30.17489
D:\DPS 920\DPS920_final_project\IMG\center_2026_07_28_11_20_59_065.jpg,D:\DPS 920\DPS920_final_project\IMG\left_2026_07_28_11_20_59_065.jpg,D:\DPS 920\DPS920_final_project\IMG\right_2026_07_28_11_20_59_065.jpg,-0.9000002,1.0,0,30.10118
D:\DPS 920\DPS920_final_project\IMG\center_2026_07_28_11_06_14_375.jpg,D:\DPS 920\DPS920_final_project\IMG\left_2026_07_28_11_06_14_375.jpg,D:\DPS 920\DPS920_final_project\IMG\right_2026_07_28_11_06_14_375.jpg,0.2,1.0,0,30.18429
D:\DPS 920\DPS920_final_project\IMG\center_2026_07_28_11_09_01_927.jpg,D:\DPS 920\DPS920_final_project\IMG\left_2026_07_28_11_09_01_927.jpg,D:\DPS 920\DPS920_final_project\IMG\right_2026_07_28_11_09_01_927.jpg,0.1,1.0,0,30.19212
D:\DPS 920\DPS920_final_project\IMG\center_2026_07_28_11_06_24_864.jpg,D:\DPS 920\DPS920_final_project\IMG\left_2026_07_28_11_06_24_864.jpg,D:\DPS 920\DPS920_final_project\IMG\right_2026_07_28_11_06_24_864.jpg,0.0,1.0,0,30.19065
D:\DPS 920\DPS920_final_project\IMG\center_2026_07_28_11_08_27_403.jpg,D:\DPS 920\DPS920_final_project\IMG\left_2026_07_28_11_08_27_403.jpg,D:\DPS 920\DPS920_final_project\IMG\right_2026_07_28_11_08_27_403.jpg,0.2,1.0,0,30.17954
D:\DPS 920\DPS920_final_project\IMG\center_2026_07_28_11_09_58_124.jpg,D:\DPS 920\DPS920_final_project\IMG\left_2026_07_28_11_09_58_124.jpg,D:\DPS 920\DPS920_final_project\IMG\right_2026_07_28_11_09_58_124.jpg,0.05,1.0,0,30.1902
D:\DPS 920\DPS920_final_project\IMG\center_2026_07_28_11_09_00_517.jpg,D:\DPS 920\DPS920_final_project\IMG\left_2026_07_28_11_09_00_517.jpg,D:\DPS 920\DPS920_final_project\IMG\right_2026_07_28_11_09_00_517.jpg,0.1,1.0,0,30.18929
D:\DPS 920\DPS920_final_project\IMG\center_2026_07_28_11_20_40_990.jpg,D:\DPS 920\DPS920_final_project\IMG\left_2026_07_28_11_20_40_990.jpg,D:\DPS 920\DPS920_final_project\IMG\right_2026_07_28_11_20_40_990.jpg,-0.1,1.0,0,30.18883
D:\DPS 920\DPS920_final_project\IMG\center_2026_07_28_11_06_45_373.jpg,D:\DPS 920\DPS920_final_project\IMG\left_2026_07_28_11_06_45_373.jpg,D:\DPS 920\DPS920_final_project\IMG\right_2026_07_28_11_06_45_373.jpg,0.25,1.0,0,30.17422
D:\DPS 920\DPS920_final_project\IMG\center_2026_07_28_11_07_57_369.jpg,D:\DPS 920\DPS920_final_project\IMG\left_2026_07_28_11_07_57_369.jpg,D:\DPS 920\DPS920_final_project\IMG\right_2026_07_28_11_07_57_369.jpg,0.2,1.0,0,30.17986
D:\DPS 920\DPS920_final_project\IMG\center_2026_07_28_11_06_52_683.jpg,D:\DPS 920\DPS920_final_project\IMG\left_2026_07_28_11_06_52_683.jpg,D:\DPS 920\DPS920_final_project\IMG\right_2026_07_28_11_06_52_683.jpg,0.0,1.0,0,30.19028
D:\DPS 920\DPS920_final_project\IMG\center_2026_07_28_11_22_39_151.jpg,D:\DPS 920\DPS920_final_project\IMG\left_2026_07_28_11_22_39_151.jpg,D:\DPS 920\DPS920_final_project\IMG\right_2026_07_28_11_22_39_151.jpg,0.0,1.0,0,30.18989
D:\DPS 920\DPS920_final_project\IMG\center_2026_07_28_11_06_20_562.jpg,D:\DPS 920\DPS920_final_project\IMG\left_2026_07_28_11_06_20_562.jpg,D:\DPS 920\DPS920_final_project\IMG\right_2026_07_28_11_06_20_562.jpg,0.15,1.0,0,30.18664
D:\DPS 920\DPS920_final_project\IMG\center_2026_07_28_11_21_18_948.jpg,D:\DPS 920\DPS920_final_project\IMG\left_2026_07_28_11_21_18_948.jpg,D:\DPS 920\DPS920_final_project\IMG\right_2026_07_28_11_21_18_948.jpg,-0.05,1.0,0,30.19028
D:\DPS 920\DPS920_final_project\IMG\center_2026_07_28_11_21_06_813.jpg,D:\DPS 920\DPS920_final_project\IMG\left_2026_07_28_11_21_06_813.jpg,D:\DPS 920\DPS920_final_project\IMG\right_2026_07_28_11_21_06_813.jpg,0.05,1.0,0,30.19019
D:\DPS 920\DPS920_final_project\IMG\center_2026_07_28_11_07_24_098.jpg,D:\DPS 920\DPS920_final_project\IMG\left_2026_07_28_11_07_24_098.jpg,D:\DPS 920\DPS920_final_project\IMG\right_2026_07_28_11_07_24_098.jpg,0.0,1.0,0,30.19038
D:\DPS 920\DPS920_final_project\IMG\center_2026_07_28_11_07_26_875.jpg,D:\DPS 920\DPS920_final_project\IMG\left_2026_07_28_11_07_26_875.jpg,D:\DPS 920\DPS920_final_project\IMG\right_2026_07_28_11_07_26_875.jpg,0.0,1.0,0,30.19012
D:\DPS 920\DPS920_final_project\IMG\center_2026_07_28_11_07_00_597.jpg,D:\DPS 920\DPS920_final_project\IMG\left_2026_07_28_11_07_00_597.jpg,D:\DPS 920\DPS920_final_project\IMG\right_2026_07_28_11_07_00_597.jpg,0.0,1.0,0,30.19031
D:\DPS 920\DPS920_final_project\IMG\center_2026_07_28_11_07_36_158.jpg,D:\DPS 920\DPS920_final_project\IMG\left_2026_07_28_11_07_36_158.jpg,D:\DPS 920\DPS920_final_project\IMG\right_2026_07_28_11_07_36_158.jpg,0.05,1.0,0,30.19
D:\DPS 920\DPS920_final_project\IMG\center_2026_07_28_11_08_50_501.jpg,D:\DPS 920\DPS920_final_project\IMG\left_2026_07_28_11_08_50_501.jpg,D:\DPS 920\DPS920_final_project\IMG\right_2026_07_28_11_08_50_501.jpg,-0.1,1.0,0,30.18876
D:\DPS 920\DPS920_final_project\IMG\center_2026_07_28_11_22_37_595.jpg,D:\DPS 920\DPS920_final_project\IMG\left_2026_07_28_11_22_37_595.jpg,D:\DPS 920\DPS920_final_project\IMG\right_2026_07_28_11_22_37_595.jpg,0.0,1.0,0,30.19029
D:\DPS 920\DPS920_final_project\IMG\center_2026_07_28_11_21_19_804.jpg,D:\DPS 920\DPS920_final_project\IMG\left_2026_07_28_11_21_19_804.jpg,D:\DPS 920\DPS920_final_project\IMG\right_2026_07_28_11_21_19_804.jpg,-0.1,1.0,0,30.19047
D:\DPS 920\DPS920_final_project\IMG\center_2026_07_28_11_20_40_426.jpg,D:\DPS 920\DPS920_final_project\IMG\left_2026_07_28_11_20_40_426.jpg,D:\DPS 920\DPS920_final_project\IMG\right_2026_07_28_11_20_40_426.jpg,0.0,1.0,0,30.1903
D:\DPS 920\DPS920_final_project\IMG\center_2026_07_28_11_20_48_351.jpg,D:\DPS 920\DPS920_final_project\IMG\left_2026_07_28_11_20_48_351.jpg,D:\DPS 920\DPS920_final_project\IMG\right_2026_07_28_11_20_48_351.jpg,0.0,1.0,0,30.18993
D:\DPS 920\DPS920_final_project\IMG\center_2026_07_28_11_08_20_506.jpg,D:\DPS 920\DPS920_final_project\IMG\left_2026_07_28_11_08_20_506.jpg,D:\DPS 920\DPS920_final_project\IMG\right_2026_07_28_11_08_20_506.jpg,0.0,1.0,0,30.19036
D:\DPS 920\DPS920_final_project\IMG\center_2026_07_28_11_22_19_345.jpg,D:\DPS 920\DPS920_final_project\IMG\left_2026_07_28_11_22_19_345.jpg,D:\DPS 920\DPS920_final_project\IMG\right_2026_07_28_11_22_19_345.jpg,0.0,1.0,0,30.19021
D:\DPS 920\DPS920_final_project\IMG\center_2026_07_28_11_09_45_202.jpg,D:\DPS 920\DPS920_final_project\IMG\left_2026_07_28_11_09_45_202.jpg,D:\DPS 920\DPS920_final_project\IMG\right_2026_07_28_11_09_45_202.jpg,0.15,1.0,0,30.18399
D:\DPS 920\DPS920_final_project\IMG\center_2026_07_28_11_22_38_234.jpg,D:\DPS 920\DPS920_final_project\IMG\left_2026_07_28_11_22_38_234.jpg,D:\DPS 920\DPS920_final_project\IMG\right_2026_07_28_11_22_38_234.jpg,0.0,1.0,0,30.19029
D:\DPS 920\DPS920_final_project\IMG\center_2026_07_28_11_06_17_319.jpg,D:\DPS 920\DPS920_final_project\IMG\left_2026_07_28_11_06_17_319.jpg,D:\DPS 920\DPS920_final_project\IMG\right_2026_07_28_11_06_17_319.jpg,0.05,1.0,0,30.18999
D:\DPS 920\DPS920_final_project\IMG\center_2026_07_28_11_09_26_271.jpg,D:\DPS 920\DPS920_final_project\IMG\left_2026_07_28_11_09_26_271.jpg,D:\DPS 920\DPS920_final_project\IMG\right_2026_07_28_11_09_26_271.jpg,0.25,1.0,0,30.17823
D:\DPS 920\DPS920_final_project\IMG\center_2026_07_28_11_10_19_762.jpg,D:\DPS 920\DPS920_final_project\IMG\left_2026_07_28_11_10_19_762.jpg,D:\DPS 920\DPS920_final_project\IMG\right_2026_07_28_11_10_19_762.jpg,0.0,1.0,0,30.19034
D:\DPS 920\DPS920_final_project\IMG\center_2026_07_28_11_10_27_435.jpg,D:\DPS 920\DPS920_final_project\IMG\left_2026_07_28_11_10_27_435.jpg,D:\DPS 920\DPS920_final_project\IMG\right_2026_07_28_11_10_27_435.jpg,0.15,1.0,0,30.18863
D:\DPS 920\DPS920_final_project\IMG\center_2026_07_28_11_10_27_653.jpg,D:\DPS 920\DPS920_final_project\IMG\left_2026_07_28_11_10_27_653.jpg,D:\DPS 920\DPS920_final_project\IMG\right_2026_07_28_11_10_27_653.jpg,0.15,1.0,0,30.18643
D:\DPS 920\DPS920_final_project\IMG\center_2026_07_28_11_09_15_954.jpg,D:\DPS 920\DPS920_final_project\IMG\left_2026_07_28_11_09_15_954.jpg,D:\DPS 920\DPS920_final_project\IMG\right_2026_07_28_11_09_15_954.jpg,0.15,1.0,0,30.18414
D:\DPS 920\DPS920_final_project\IMG\center_2026_07_28_11_07_32_150.jpg,D:\DPS 920\DPS920_final_project\IMG\left_2026_07_28_11_07_32_150.jpg,D:\DPS 920\DPS920_final_project\IMG\right_2026_07_28_11_07_32_150.jpg,0.0,1.0,0,30.19029
D:\DPS 920\DPS920_final_project\IMG\center_2026_07_28_11_08_11_286.jpg,D:\DPS 920\DPS920_final_project\IMG\left_2026_07_28_11_08_11_286.jpg,D:\DPS 920\DPS920_final_project\IMG\right_2026_07_28_11_08_11_286.jpg,0.05,1.0,0,30.19007
D:\DPS 920\DPS920_final_project\IMG\center_2026_07_28_11_09_31_488.jpg,D:\DPS 920\DPS920_final_project\IMG\left_2026_07_28_11_09_31_488.jpg,D:\DPS 920\DPS920_final_project\IMG\right_2026_07_28_11_09_31_488.jpg,0.0,1.0,0,30.19004
D:\DPS 920\DPS920_final_project\IMG\center_2026_07_28_11_07_36_727.jpg,D:\DPS 920\DPS920_final_project\IMG\left_2026_07_28_11_07_36_727.jpg,D:\DPS 920\DPS920_final_project\IMG\right_2026_07_28_11_07_36_727.jpg,0.0,1.0,0,30.18996
D:\DPS 920\DPS920_final_project\IMG\center_2026_07_28_11_22_05_395.jpg,D:\DPS 920\DPS920_final_project\IMG\left_2026_07_28_11_22_05_395.jpg,D:\DPS 920\DPS920_final_project\IMG\right_2026_07_28_11_22_05_395.jpg,-0.05,1.0,0,30.18985
D:\DPS 920\DPS920_final_project\IMG\center_2026_07_28_11_22_11_864.jpg,D:\DPS 920\DPS920_final_project\IMG\left_2026_07_28_11_22_11_864.jpg,D:\DPS 920\DPS920_final_project\IMG\right_2026_07_28_11_22_11_864.jpg,-0.15,1.0,0,30.18408
D:\DPS 920\DPS920_final_project\IMG\center_2026_07_28_11_08_58_310.jpg,D:\DPS 920\DPS920_final_project\IMG\left_2026_07_28_11_08_58_310.jpg,D:\DPS 920\DPS920_final_project\IMG\right_2026_07_28_11_08_58_310.jpg,0.25,1.0,0,30.17868
D:\DPS 920\DPS920_final_project\IMG\center_2026_07_28_11_22_43_397.jpg,D:\DPS 920\DPS920_final_project\IMG\left_2026_07_28_11_22_43_397.jpg,D:\DPS 920\DPS920_final_project\IMG\right_2026_07_28_11_22_43_397.jpg,-0.05,1.0,0,30.1902
D:\DPS 920\DPS920_final_project\IMG\center_2026_07_28_11_07_58_641.jpg,D:\DPS 920\DPS920_final_project\IMG\left_2026_07_28_11_07_58_641.jpg,D:\DPS 920\DPS920_final_project\IMG\right_2026_07_28_11_07_58_641.jpg,0.2,1.0,0,30.18069
D:\DPS 920\DPS920_final_project\IMG\center_2026_07_28_11_22_33_679.jpg,D:\DPS 920\DPS920_final_project\IMG\left_2026_07_28_11_22_33_679.jpg,D:\DPS 920\DPS920_final_project\IMG\right_2026_07_28_11_22_33_679.jpg,0.0,1.0,0,30.19053
D:\DPS 920\DPS920_final_project\IMG\center_2026_07_28_11_22_01_487.jpg,D:\DPS 920\DPS920_final_project\IMG\left_2026_07_28_11_22_01_487.jpg,D:\DPS 920\DPS920_final_project\IMG\right_2026_07_28_11_22_01_487.jpg,-0.15,1.0,0,30.18501
D:\DPS 920\DPS920_final_project\IMG\center_2026_07_28_11_06_43_464.jpg,D:\DPS 920\DPS920_final_project\IMG\left_2026_07_28_11_06_43_464.jpg,D:\DPS 920\DPS920_final_project\IMG\right_2026_07_28_11_06_43_464.jpg,0.2,1.0,0,30.18317
D:\DPS 920\DPS920_final_project\IMG\center_2026_07_28_11_22_32_049.jpg,D:\DPS 920\DPS920_final_project\IMG\left_2026_07_28_11_22_32_049.jpg,D:\DPS 920\DPS920_final_project\IMG\right_2026_07_28_11_22_32_049.jpg,0.6000001,1.0,0,30.13182
D:\DPS 920\DPS920_final_project\IMG\center_2026_07_28_11_10_02_960.jpg,D:\DPS 920\DPS920_final_project\IMG\left_2026_07_28_11_10_02_960.jpg,D:\DPS 920\DPS920_final_project\IMG\right_2026_07_28_11_10_02_960.jpg,0.0,1.0,0,30.18632
D:\DPS 920\DPS920_final_project\IMG\center_2026_07_28_11_07_54_040.jpg,D:\DPS 920\DPS920_final_project\IMG\left_2026_07_28_11_07_54_040.jpg,D:\DPS 920\DPS920_final_project\IMG\right_2026_07_28_11_07_54_040.jpg,0.0,1.0,0,30.19
D:\DPS 920\DPS920_final_project\IMG\center_2026_07_28_11_20_45_887.jpg,D:\DPS 920\DPS920_final_project\IMG\left_2026_07_28_11_20_45_887.jpg,D:\DPS 920\DPS920_final_project\IMG\right_2026_07_28_11_20_45_887.jpg,0.0,1.0,0,30.23516
D:\DPS 920\DPS920_final_project\IMG\center_2026_07_28_11_06_39_345.jpg,D:\DPS 920\DPS920_final_project\IMG\left_2026_07_28_11_06_39_345.jpg,D:\DPS 920\DPS920_final_project\IMG\right_2026_07_28_11_06_39_345.jpg,0.2,1.0,0,30.17995
D:\DPS 920\DPS920_final_project\IMG\center_2026_07_28_11_06_17_539.jpg,D:\DPS 920\DPS920_final_project\IMG\left_2026_07_28_11_06_17_539.jpg,D:\DPS 920\DPS920_final_project\IMG\right_2026_07_28_11_06_17_539.jpg,0.0,1.0,0,30.18954
D:\DPS 920\DPS920_final_project\IMG\center_2026_07_28_11_20_29_127.jpg,D:\DPS 920\DPS920_final_project\IMG\left_2026_07_28_11_20_29_127.jpg,D:\DPS 920\DPS920_final_project\IMG\right_2026_07_28_11_20_29_127.jpg,0.0,1.0,0,30.19031
D:\DPS 920\DPS920_final_project\IMG\center_2026_07_28_11_07_41_343.jpg,D:\DPS 920\DPS920_final_project\IMG\left_2026_07_28_11_07_41_343.jpg,D:\DPS 920\DPS920_final_project\IMG\right_2026_07_28_11_07_41_343.jpg,0.1,1.0,0,30.19029
D:\DPS 920\DPS920_final_project\IMG\center_2026_07_28_11_09_03_691.jpg,D:\DPS 920\DPS920_final_project\IMG\left_2026_07_28_11_09_03_691.jpg,D:\DPS 920\DPS920_final_project\IMG\right_2026_07_28_11_09_03_691.jpg,0.1,1.0,0,30.19042
D:\DPS 920\DPS920_final_project\IMG\center_2026_07_28_11_07_45_861.jpg,D:\DPS 920\DPS920_final_project\IMG\left_2026_07_28_11_07_45_861.jpg,D:\DPS 920\DPS920_final_project\IMG\right_2026_07_28_11_07_45_861.jpg,0.0,1.0,0,30.19061
D:\DPS 920\DPS920_final_project\IMG\center_2026_07_28_11_05_56_097.jpg,D:\DPS 920\DPS920_final_project\IMG\left_2026_07_28_11_05_56_097.jpg,D:\DPS 920\DPS920_final_project\IMG\right_2026_07_28_11_05_56_097.jpg,0.0,1.0,0,10.64834
D:\DPS 920\DPS920_final_project\IMG\center_2026_07_28_11_21_51_370.jpg,D:\DPS 920\DPS920_final_project\IMG\left_2026_07_28_11_21_51_370.jpg,D:\DPS 920\DPS920_final_project\IMG\right_2026_07_28_11_21_51_370.jpg,0.0,1.0,0,30.19021
D:\DPS 920\DPS920_final_project\IMG\center_2026_07_28_11_10_12_631.jpg,D:\DPS 920\DPS920_final_project\IMG\left_2026_07_28_11_10_12_631.jpg,D:\DPS 920\DPS920_final_project\IMG\right_2026_07_28_11_10_12_631.jpg,-0.1,1.0,0,30.18842
D:\DPS 920\DPS920_final_project\IMG\center_2026_07_28_11_20_38_343.jpg,D:\DPS 920\DPS920_final_project\IMG\left_2026_07_28_11_20_38_343.jpg,D:\DPS 920\DPS920_final_project\IMG\right_2026_07_28_11_20_38_343.jpg,-0.05,1.0,0,30.19011
D:\DPS 920\DPS920_final_project\IMG\center_2026_07_28_11_22_32_688.jpg,D:\DPS 920\DPS920_final_project\IMG\left_2026_07_28_11_22_32_688.jpg,D:\DPS 920\DPS920_final_project\IMG\right_2026_07_28_11_22_32_688.jpg,0.7,1.0,0,30.12866
D:\DPS 920\DPS920_final_project\IMG\center_2026_07_28_11_09_56_760.jpg,D:\DPS 920\DPS920_final_project\IMG\left_2026_07_28_11_09_56_760.jpg,D:\DPS 920\DPS920_final_project\IMG\right_2026_07_28_11_09_56_760.jpg,0.2,1.0,0,30.1807
D:\DPS 920\DPS920_final_project\IMG\center_2026_07_28_11_07_31_145.jpg,D:\DPS 920\DPS920_final_project\IMG\left_2026_07_28_11_07_31_145.jpg,D:\DPS 920\DPS920_final_project\IMG\right_2026_07_28_11_07_31_145.jpg,-0.1,1.0,0,30.18925
D:\DPS 920\DPS920_final_project\IMG\center_2026_07_28_11_21_32_017.jpg,D:\DPS 920\DPS920_final_project\IMG\left_2026_07_28_11_21_32_017.jpg,D:\DPS 920\DPS920_final_project\IMG\right_2026_07_28_11_21_32_017.jpg,0.0,1.0,0,30.18925
D:\DPS 920\DPS920_final_project\IMG\center_2026_07_28_11_20_56_714.jpg,D:\DPS 920\DPS920_final_project\IMG\left_2026_07_28_11_20_56_714.jpg,D:\DPS 920\DPS920_final_project\IMG\right_2026_07_28_11_20_56_714.jpg,-0.4,1.0,0,30.15804
D:\DPS 920\DPS920_final_project\IMG\center_2026_07_28_11_09_19_097.jpg,D:\DPS 920\DPS920_final_project\IMG\left_2026_07_28_11_09_19_097.jpg,D:\DPS 920\DPS920_final_project\IMG\right_2026_07_28_11_09_19_097.jpg,0.0,1.0,0,30.19036
D:\DPS 920\DPS920_final_project\IMG\center_2026_07_28_11_07_11_058.jpg,D:\DPS 920\DPS920_final_project\IMG\left_2026_07_28_11_07_11_058.jpg,D:\DPS 920\DPS920_final_project\IMG\right_2026_07_28_11_07_11_058.jpg,0.1,1.0,0,30.1869
D:\DPS 920\DPS920_final_project\IMG\center_2026_07_28_11_09_49_676.jpg,D:\DPS 920\DPS920_final_project\IMG\left_2026_07_28_11_09_49_676.jpg,D:\DPS 920\DPS920_final_project\IMG\right_2026_07_28_11_09_49_676.jpg,0.0,1.0,0,30.19043
D:\DPS 920\DPS920_final_project\IMG\center_2026_07_28_11_10_25_629.jpg,D:\DPS 920\DPS920_final_project\IMG\left_2026_07_28_11_10_25_629.jpg,D:\DPS 920\DPS920_final_project\IMG\right_2026_07_28_11_10_25_629.jpg,0.2,1.0,0,30.1915
D:\DPS 920\DPS920_final_project\IMG\center_2026_07_28_11_21_27_603.jpg,D:\DPS 920\DPS920_final_project\IMG\left_2026_07_28_11_21_27_603.jpg,D:\DPS 920\DPS920_final_project\IMG\right_2026_07_28_11_21_27_603.jpg,-0.15,1.0,0,30.18748
D:\DPS 920\DPS920_final_project\IMG\center_2026_07_28_11_06_19_186.jpg,D:\DPS 920\DPS920_final_project\IMG\left_2026_07_28_11_06_19_186.jpg,D:\DPS 920\DPS920_final_project\IMG\right_2026_07_28_11_06_19_186.jpg,0.0,1.0,0,30.19017
D:\DPS 920\DPS920_final_project\IMG\center_2026_07_28_11_20_40_075.jpg,D:\DPS 920\DPS920_final_project\IMG\left_2026_07_28_11_20_40_075.jpg,D:\DPS 920\DPS920_final_project\IMG\right_2026_07_28_11_20_40_075.jpg,0.0,1.0,0,30.19061
D:\DPS 920\DPS920_final_project\IMG\center_2026_07_28_11_21_50_494.jpg,D:\DPS 920\DPS920_final_project\IMG\left_2026_07_28_11_21_50_494.jpg,D:\DPS 920\DPS920_final_project\IMG\right_2026_07_28_11_21_50_494.jpg,-0.1,1.0,0,30.1875
D:\DPS 920\DPS920_final_project\IMG\center_2026_07_28_11_20_33_159.jpg,D:\DPS 920\DPS920_final_project\IMG\left_2026_07_28_11_20_33_159.jpg,D:\DPS 920\DPS920_final_project\IMG\right_2026_07_28_11_20_33_159.jpg,-0.1,1.0,0,30.18991
D:\DPS 920\DPS920_final_project\IMG\center_2026_07_28_11_22_01_769.jpg,D:\DPS 920\DPS920_final_project\IMG\left_2026_07_28_11_22_01_769.jpg,D:\DPS 920\DPS920_final_project\IMG\right_2026_07_28_11_22_01_769.jpg,0.0,1.0,0,30.19025
D:\DPS 920\DPS920_final_project\IMG\center_2026_07_28_11_08_56_404.jpg,D:\DPS 920\DPS920_final_project\IMG\left_2026_07_28_11_08_56_404.jpg,D:\DPS 920\DPS920_final_project\IMG\right_2026_07_28_11_08_56_404.jpg,0.0,1.0,0,30.19027
D:\DPS 920\DPS920_final_project\IMG\center_2026_07_28_11_09_46_397.jpg,D:\DPS 920\DPS920_final_project\IMG\left_2026_07_28_11_09_46_397.jpg,D:\DPS 920\DPS920_final_project\IMG\right_2026_07_28_11_09_46_397.jpg,0.0,1.0,0,30.1904
D:\DPS 920\DPS920_final_project\IMG\center_2026_07_28_11_07_57_512.jpg,D:\DPS 920\DPS920_final_project\IMG\left_2026_07_28_11_07_57_512.jpg,D:\DPS 920\DPS920_final_project\IMG\right_2026_07_28_11_07_57_512.jpg,0.05,1.0,0,30.18993
D:\DPS 920\DPS920_final_project\IMG\center_2026_07_28_11_19_58_031.jpg,D:\DPS 920\DPS920_final_project\IMG\left_2026_07_28_11_19_58_031.jpg,D:\DPS 920\DPS920_final_project\IMG\right_2026_07_28_11_19_58_031.jpg,-0.1,1.0,0,30.19044
D:\DPS 920\DPS920_final_project\IMG\center_2026_07_28_11_06_59_528.jpg,D:\DPS 920\DPS920_final_project\IMG\left_2026_07_28_11_06_59_528.jpg,D:\DPS 920\DPS920_final_project\IMG\right_2026_07_28_11_06_59_528.jpg,0.0,1.0,0,30.19028
D:\DPS 920\DPS920_final_project\IMG\center_2026_07_28_11_21_11_392.jpg,D:\DPS 920\DPS920_final_project\IMG\left_2026_07_28_11_21_11_392.jpg,D:\DPS 920\DPS920_final_project\IMG\right_2026_07_28_11_21_11_392.jpg,0.0,1.0,0,30.19019
D:\DPS 920\DPS920_final_project\IMG\center_2026_07_28_11_06_05_793.jpg,D:\DPS 920\DPS920_final_project\IMG\left_2026_07_28_11_06_05_793.jpg,D:\DPS 920\DPS920_final_project\IMG\right_2026_07_28_11_06_05_793.jpg,-0.35,1.0,0,30.16716
D:\DPS 920\DPS920_final_project\IMG\center_2026_07_28_11_09_11_534.jpg,D:\DPS 920\DPS920_final_project\IMG\left_2026_07_28_11_09_11_534.jpg,D:\DPS 920\DPS920_final_project\IMG\right_2026_07_28_11_09_11_534.jpg,0.0,1.0,0,30.19062
D:\DPS 920\DPS920_final_project\IMG\center_2026_07_28_11_10_25_557.jpg,D:\DPS 920\DPS920_final_project\IMG\left_2026_07_28_11_10_25_557.jpg,D:\DPS 920\DPS920_final_project\IMG\right_2026_07_28_11_10_25_557.jpg,0.05,1.0,0,30.18842
D:\DPS 920\DPS920_final_project\IMG\center_2026_07_28_11_08_39_950.jpg,D:\DPS 920\DPS920_final_project\IMG\left_2026_07_28_11_08_39_950.jpg,D:\DPS 920\DPS920_final_project\IMG\right_2026_07_28_11_08_39_950.jpg,0.3,1.0,0,30.17276
D:\DPS 920\DPS920_final_project\IMG\center_2026_07_28_11_20_22_851.jpg,D:\DPS 920\DPS920_final_project\IMG\left_2026_07_28_11_20_22_851.jpg,D:\DPS 920\DPS920_final_project\IMG\right_2026_07_28_11_20_22_851.jpg,0.0,1.0,0,30.19032
D:\DPS 920\DPS920_final_project\IMG\center_2026_07_28_11_10_07_180.jpg,D:\DPS 920\DPS920_final_project\IMG\left_2026_07_28_11_10_07_180.jpg,D:\DPS 920\DPS920_final_project\IMG\right_2026_07_28_11_10_07_180.jpg,0.3,1.0,0,30.1718
D:\DPS 920\DPS920_final_project\IMG\center_2026_07_28_11_21_58_526.jpg,D:\DPS 920\DPS920_final_project\IMG\left_2026_07_28_11_21_58_526.jpg,D:\DPS 920\DPS920_final_project\IMG\right_2026_07_28_11_21_58_526.jpg,-0.2,1.0,0,30.18537
D:\DPS 920\DPS920_final_project\IMG\center_2026_07_28_11_08_45_077.jpg,D:\DPS 920\DPS920_final_project\IMG\left_2026_07_28_11_08_45_077.jpg,D:\DPS 920\DPS920_final_project\IMG\right_2026_07_28_11_08_45_077.jpg,0.0,1.0,0,30.19025
D:\DPS 920\DPS920_final_project\IMG\center_2026_07_28_11_07_21_677.jpg,D:\DPS 920\DPS920_final_project\IMG\left_2026_07_28_11_07_21_677.jpg,D:\DPS 920\DPS920_final_project\IMG\right_2026_07_28_11_07_21_677.jpg,0.2,1.0,0,30.18237
D:\DPS 920\DPS920_final_project\IMG\center_2026_07_28_11_21_56_620.jpg,D:\DPS 920\DPS920_final_project\IMG\left_2026_07_28_11_21_56_620.jpg,D:\DPS 920\DPS920_final_project\IMG\right_2026_07_28_11_21_56_620.jpg,-0.15,1.0,0,30.18446
D:\DPS 920\DPS920_final_project\IMG\center_2026_07_28_11_21_06_671.jpg,D:\DPS 920\DPS920_final_project\IMG\left_2026_07_28_11_21_06_671.jpg,D:\DPS 920\DPS920_final_project\IMG\right_2026_07_28_11_21_06_671.jpg,0.15,1.0,0,30.18525
D:\DPS 920\DPS920_final_project\IMG\center_2026_07_28_11_09_20_540.jpg,D:\DPS 920\DPS920_final_project\IMG\left_2026_07_28_11_09_20_540.jpg,D:\DPS 920\DPS920_final_project\IMG\right_2026_07_28_11_09_20_540.jpg,0.15,1.0,0,30.1846
D:\DPS 920\DPS920_final_project\IMG\center_2026_07_28_11_07_19_137.jpg,D:\DPS 920\DPS920_final_project\IMG\left_2026_07_28_11_07_19_137.jpg,D:\DPS 920\DPS920_final_project\IMG\right_2026_07_28_11_07_19_137.jpg,0.35,1.0,0,30.16202
D:\DPS 920\DPS920_final_project\IMG\center_2026_07_28_11_21_13_025.jpg,D:\DPS 920\DPS920_final_project\IMG\left_2026_07_28_11_21_13_025.jpg,D:\DPS 920\DPS920_final_project\IMG\right_2026_07_28_11_21_13_025.jpg,0.0,1.0,0,30.19033
D:\DPS 920\DPS920_final_project\IMG\center_2026_07_28_11_08_43_073.jpg,D:\DPS 920\DPS920_final_project\IMG\left_2026_07_28_11_08_43_073.jpg,D:\DPS 920\DPS920_final_project\IMG\right_2026_07_28_11_08_43_073.jpg,0.6000001,1.0,0,30.13405
D:\DPS 920\DPS920_final_project\IMG\center_2026_07_28_11_07_11_135.jpg,D:\DPS 920\DPS920_final_project\IMG\left_2026_07_28_11_07_11_135.jpg,D:\DPS 920\DPS920_final_project\IMG\right_2026_07_28_11_07_11_135.jpg,0.0,1.0,0,30.18825
D:\DPS 920\DPS920_final_project\IMG\center_2026_07_28_11_09_47_694.jpg,D:\DPS 920\DPS920_final_project\IMG\left_2026_07_28_11_09_47_694.jpg,D:\DPS 920\DPS920_final_project\IMG\right_2026_07_28_11_09_47_694.jpg,0.0,1.0,0,30.19033
D:\DPS 920\DPS920_final_project\IMG\center_2026_07_28_11_08_39_087.jpg,D:\DPS 920\DPS920_final_project\IMG\left_2026_07_28_11_08_39_087.jpg,D:\DPS 920\DPS920_final_project\IMG\right_2026_07_28_11_08_39_087.jpg,0.0,1.0,0,30.19141
D:\DPS 920\DPS920_final_project\IMG\center_2026_07_28_11_06_51_311.jpg,D:\DPS 920\DPS920_final_project\IMG\left_2026_07_28_11_06_51_311.jpg,D:\DPS 920\DPS920_final_project\IMG\right_2026_07_28_11_06_51_311.jpg,0.15,1.0,0,30.18436
D:\DPS 920\DPS920_final_project\IMG\center_2026_07_28_11_21_02_430.jpg,D:\DPS 920\DPS920_final_project\IMG\left_2026_07_28_11_21_02_430.jpg,D:\DPS 920\DPS920_final_project\IMG\right_2026_07_28_11_21_02_430.jpg,0.0,1.0,0,30.19022
D:\DPS 920\DPS920_final_project\IMG\center_2026_07_28_11_06_33_746.jpg,D:\DPS 920\DPS920_final_project\IMG\left_2026_07_28_11_06_33_746.jpg,D:\DPS 920\DPS920_final_project\IMG\right_2026_07_28_11_06_33_746.jpg,0.15,1.0,0,30.18422
D:\DPS 920\DPS920_final_project\IMG\center_2026_07_28_11_09_40_565.jpg,D:\DPS 920\DPS920_final_project\IMG\left_2026_07_28_11_09_40_565.jpg,D:\DPS 920\DPS920_final_project\IMG\right_2026_07_28_11_09_40_565.jpg,0.1,1.0,0,30.18766
D:\DPS 920\DPS920_final_project\IMG\center_2026_07_28_11_20_29_838.jpg,D:\DPS 920\DPS920_final_project\IMG\left_2026_07_28_11_20_29_838.jpg,D:\DPS 920\DPS920_final_project\IMG\right_2026_07_28_11_20_29_838.jpg,0.0,1.0,0,30.19037
D:\DPS 920\DPS920_final_project\IMG\center_2026_07_28_11_08_50_219.jpg,D:\DPS 920\DPS920_final_project\IMG\left_2026_07_28_11_08_50_219.jpg,D:\DPS 920\DPS920_final_project\IMG\right_2026_07_28_11_08_50_219.jpg,-0.15,1.0,0,30.18483
D:\DPS 920\DPS920_final_project\IMG\center_2026_07_28_11_20_14_435.jpg,D:\DPS 920\DPS920_final_project\IMG\left_2026_07_28_11_20_14_435.jpg,D:\DPS 920\DPS920_final_project\IMG\right_2026_07_28_11_20_14_435.jpg,0.0,1.0,0,30.1903
D:\DPS 920\DPS920_final_project\IMG\center_2026_07_28_11_22_22_051.jpg,D:\DPS 920\DPS920_final_project\IMG\left_2026_07_28_11_22_22_051.jpg,D:\DPS 920\DPS920_final_project\IMG\right_2026_07_28_11_22_22_051.jpg,-0.05,1.0,0,30.19051
D:\DPS 920\DPS920_final_project\IMG\center_2026_07_28_11_07_59_648.jpg,D:\DPS 920\DPS920_final_project\IMG\left_2026_07_28_11_07_59_648.jpg,D:\DPS 920\DPS920_final_project\IMG\right_2026_07_28_11_07_59_648.jpg,0.15,1.0,0,30.1859
D:\DPS 920\DPS920_final_project\IMG\center_2026_07_28_11_07_53_903.jpg,D:\DPS 920\DPS920_final_project\IMG\left_2026_07_28_11_07_53_903.jpg,D:\DPS 920\DPS920_final_project\IMG\right_2026_07_28_11_07_53_903.jpg,0.15,1.0,0,30.185
D:\DPS 920\DPS920_final_project\IMG\center_2026_07_28_11_21_02_496.jpg,D:\DPS 920\DPS920_final_project\IMG\left_2026_07_28_11_21_02_496.jpg,D:\DPS 920\DPS920_final_project\IMG\right_2026_07_28_11_21_02_496.jpg,-0.15,1.0,0,30.18572
D:\DPS 920\DPS920_final_project\IMG\center_2026_07_28_11_09_25_845.jpg,D:\DPS 920\DPS920_final_project\IMG\left_2026_07_28_11_09_25_845.jpg,D:\DPS 920\DPS920_final_project\IMG\right_2026_07_28_11_09_25_845.jpg,0.0,1.0,0,30.18801
D:\DPS 920\DPS920_final_project\IMG\center_2026_07_28_11_08_55_813.jpg,D:\DPS 920\DPS920_final_project\IMG\left_2026_07_28_11_08_55_813.jpg,D:\DPS 920\DPS920_final_project\IMG\right_2026_07_28_11_08_55_813.jpg,0.0,1.0,0,30.19031
D:\DPS 920\DPS920_final_project\IMG\center_2026_07_28_11_20_28_394.jpg,D:\DPS 920\DPS920_final_project\IMG\left_2026_07_28_11_20_28_394.jpg,D:\DPS 920\DPS920_final_project\IMG\right_2026_07_28_11_20_28_394.jpg,0.0,1.0,0,30.19034
D:\DPS 920\DPS920_final_project\IMG\center_2026_07_28_11_08_29_815.jpg,D:\DPS 920\DPS920_final_project\IMG\left_2026_07_28_11_08_29_815.jpg,D:\DPS 920\DPS920_final_project\IMG\right_2026_07_28_11_08_29_815.jpg,0.05,1.0,0,30.18859
D:\DPS 920\DPS920_final_project\IMG\center_2026_07_28_11_19_59_409.jpg,D:\DPS 920\DPS920_final_project\IMG\left_2026_07_28_11_19_59_409.jpg,D:\DPS 920\DPS920_final_project\IMG\right_2026_07_28_11_19_59_409.jpg,0.0,1.0,0,30.18937
D:\DPS 920\DPS920_final_project\IMG\center_2026_07_28_11_06_05_434.jpg,D:\DPS 920\DPS920_final_project\IMG\left_2026_07_28_11_06_05_434.jpg,D:\DPS 920\DPS920_final_project\IMG\right_2026_07_28_11_06_05_434.jpg,0.0,1.0,0,30.18822
D:\DPS 920\DPS920_final_project\IMG\center_2026_07_28_11_08_22_715.jpg,D:\DPS 920\DPS920_final_project\IMG\left_2026_07_28_11_08_22_715.jpg,D:\DPS 920\DPS920_final_project\IMG\right_2026_07_28_11_08_22_715.jpg,0.0,1.0,0,30.1903
D:\DPS 920\DPS920_final_project\IMG\center_2026_07_28_11_06_11_407.jpg,D:\DPS 920\DPS920_final_project\IMG\left_2026_07_28_11_06_11_407.jpg,D:\DPS 920\DPS920_final_project\IMG\right_2026_07_28_11_06_11_407.jpg,0.0,1.0,0,30.19035
D:\DPS 920\DPS920_final_project\IMG\center_2026_07_28_11_21_18_464.jpg,D:\DPS 920\DPS920_final_project\IMG\left_2026_07_28_11_21_18_464.jpg,D:\DPS 920\DPS920_final_project\IMG\right_2026_07_28_11_21_18_464.jpg,-0.25,1.0,0,30.18349
D:\DPS 920\DPS920_final_project\IMG\center_2026_07_28_11_21_58_178.jpg,D:\DPS 920\DPS920_final_project\IMG\left_2026_07_28_11_21_58_178.jpg,D:\DPS 920\DPS920_final_project\IMG\right_2026_07_28_11_21_58_178.jpg,-0.05,1.0,0,30.18966
D:\DPS 920\DPS920_final_project\IMG\center_2026_07_28_11_10_18_045.jpg,D:\DPS 920\DPS920_final_project\IMG\left_2026_07_28_11_10_18_045.jpg,D:\DPS 920\DPS920_final_project\IMG\right_2026_07_28_11_10_18_045.jpg,0.0,1.0,0,30.19011
D:\DPS 920\DPS920_final_project\IMG\center_2026_07_28_11_20_31_801.jpg,D:\DPS 920\DPS920_final_project\IMG\left_2026_07_28_11_20_31_801.jpg,D:\DPS 920\DPS920_final_project\IMG\right_2026_07_28_11_20_31_801.jpg,0.0,1.0,0,30.18723
D:\DPS 920\DPS920_final_project\IMG\center_2026_07_28_11_06_14_168.jpg,D:\DPS 920\DPS920_final_project\IMG\left_2026_07_28_11_06_14_168.jpg,D:\DPS 920\DPS920_final_project\IMG\right_2026_07_28_11_06_14_168.jpg,0.3,1.0,0,30.17222
D:\DPS 920\DPS920_final_project\IMG\center_2026_07_28_11_21_41_486.jpg,D:\DPS 920\DPS920_final_project\IMG\left_2026_07_28_11_21_41_486.jpg,D:\DPS 920\DPS920_final_project\IMG\right_2026_07_28_11_21_41_486.jpg,0.0,1.0,0,30.19037
D:\DPS 920\DPS920_final_project\IMG\center_2026_07_28_11_07_11_351.jpg,D:\DPS 920\DPS920_final_project\IMG\left_2026_07_28_11_07_11_351.jpg,D:\DPS 920\DPS920_final_project\IMG\right_2026_07_28_11_07_11_351.jpg,0.0,1.0,0,30.19031
D:\DPS 920\DPS920_final_project\IMG\center_2026_07_28_11_06_15_736.jpg,D:\DPS 920\DPS920_final_project\IMG\left_2026_07_28_11_06_15_736.jpg,D:\DPS 920\DPS920_final_project\IMG\right_2026_07_28_11_06_15_736.jpg,0.2,1.0,0,30.19095
D:\DPS 920\DPS920_final_project\IMG\center_2026_07_28_11_10_00_428.jpg,D:\DPS 920\DPS920_final_project\IMG\left_2026_07_28_11_10_00_428.jpg,D:\DPS 920\DPS920_final_project\IMG\right_2026_07_28_11_10_00_428.jpg,0.0,1.0,0,30.19117
D:\DPS 920\DPS920_final_project\IMG\center_2026_07_28_11_06_31_441.jpg,D:\DPS 920\DPS920_final_project\IMG\left_2026_07_28_11_06_31_441.jpg,D:\DPS 920\DPS920_final_project\IMG\right_2026_07_28_11_06_31_441.jpg,-0.1,1.0,0,30.18768
D:\DPS 920\DPS920_final_project\IMG\center_2026_07_28_11_22_36_344.jpg,D:\DPS 920\DPS920_final_project\IMG\left_2026_07_28_11_22_36_344.jpg,D:\DPS 920\DPS920_final_project\IMG\right_2026_07_28_11_22_36_344.jpg,-0.15,1.0,0,30.18403
D:\DPS 920\DPS920_final_project\IMG\center_2026_07_28_11_09_24_145.jpg,D:\DPS 920\DPS920_final_project\IMG\left_2026_07_28_11_09_24_145.jpg,D:\DPS 920\DPS920_final_project\IMG\right_2026_07_28_11_09_24_145.jpg,0.0,1.0,0,30.19102
D:\DPS 920\DPS920_final_project\IMG\center_2026_07_28_11_07_56_915.jpg,D:\DPS 920\DPS920_final_project\IMG\left_2026_07_28_11_07_56_915.jpg,D:\DPS 920\DPS920_final_project\IMG\right_2026_07_28_11_07_56_915.jpg,0.0,1.0,0,30.19024
D:\DPS 920\DPS920_final_project\IMG\center_2026_07_28_11_06_25_511.jpg,D:\DPS 920\DPS920_final_project\IMG\left_2026_07_28_11_06_25_511.jpg,D:\DPS 920\DPS920_final_project\IMG\right_2026_07_28_11_06_25_511.jpg,0.0,1.0,0,30.19065
D:\DPS 920\DPS920_final_project\IMG\center_2026_07_28_11_22_22_269.jpg,D:\DPS 920\DPS920_final_project\IMG\left_2026_07_28_11_22_22_269.jpg,D:\DPS 920\DPS920_final_project\IMG\right_2026_07_28_11_22_22_269.jpg,-0.6000001,1.0,0,30.13733
D:\DPS 920\DPS920_final_project\IMG\center_2026_07_28_11_08_15_582.jpg,D:\DPS 920\DPS920_final_project\IMG\left_2026_07_28_11_08_15_582.jpg,D:\DPS 920\DPS920_final_project\IMG\right_2026_07_28_11_08_15_582.jpg,0.15,1.0,0,30.18397
D:\DPS 920\DPS920_final_project\IMG\center_2026_07_28_11_20_00_062.jpg,D:\DPS 920\DPS920_final_project\IMG\left_2026_07_28_11_20_00_062.jpg,D:\DPS 920\DPS920_final_project\IMG\right_2026_07_28_11_20_00_062.jpg,0.0,1.0,0,30.19008
D:\DPS 920\DPS920_final_project\IMG\center_2026_07_28_11_20_54_952.jpg,D:\DPS 920\DPS920_final_project\IMG\left_2026_07_28_11_20_54_952.jpg,D:\DPS 920\DPS920_final_project\IMG\right_2026_07_28_11_20_54_952.jpg,-0.25,1.0,0,30.17591
D:\DPS 920\DPS920_final_project\IMG\center_2026_07_28_11_06_33_534.jpg,D:\DPS 920\DPS920_final_project\IMG\left_2026_07_28_11_06_33_534.jpg,D:\DPS 920\DPS920_final_project\IMG\right_2026_07_28_11_06_33_534.jpg,0.0,1.0,0,30.1903
D:\DPS 920\DPS920_final_project\IMG\center_2026_07_28_11_22_32_971.jpg,D:\DPS 920\DPS920_final_project\IMG\left_2026_07_28_11_22_32_971.jpg,D:\DPS 920\DPS920_final_project\IMG\right_2026_07_28_11_22_32_971.jpg,0.1,1.0,0,30.19022
D:\DPS 920\DPS920_final_project\IMG\center_2026_07_28_11_06_26_960.jpg,D:\DPS 920\DPS920_final_project\IMG\left_2026_07_28_11_06_26_960.jpg,D:\DPS 920\DPS920_final_project\IMG\right_2026_07_28_11_06_26_960.jpg,0.0,1.0,0,30.19061
D:\DPS 920\DPS920_final_project\IMG\center_2026_07_28_11_06_55_567.jpg,D:\DPS 920\DPS920_final_project\IMG\left_2026_07_28_11_06_55_567.jpg,D:\DPS 920\DPS920_final_project\IMG\right_2026_07_28_11_06_55_567.jpg,0.0,1.0,0,30.19028
D:\DPS 920\DPS920_final_project\IMG\center_2026_07_28_11_08_31_183.jpg,D:\DPS 920\DPS920_final_project\IMG\left_2026_07_28_11_08_31_183.jpg,D:\DPS 920\DPS920_final_project\IMG\right_2026_07_28_11_08_31_183.jpg,0.0,1.0,0,30.19043
D:\DPS 920\DPS920_final_project\IMG\center_2026_07_28_11_21_09_144.jpg,D:\DPS 920\DPS920_final_project\IMG\left_2026_07_28_11_21_09_144.jpg,D:\DPS 920\DPS920_final_project\IMG\right_2026_07_28_11_21_09_144.jpg,0.05,1.0,0,30.1906
D:\DPS 920\DPS920_final_project\IMG\center_2026_07_28_11_06_04_412.jpg,D:\DPS 920\DPS920_final_project\IMG\left_2026_07_28_11_06_04_412.jpg,D:\DPS 920\DPS920_final_project\IMG\right_2026_07_28_11_06_04_412.jpg,-0.3,1.0,0,30.17144
D:\DPS 920\DPS920_final_project\IMG\center_2026_07_28_11_21_29_795.jpg,D:\DPS 920\DPS920_final_project\IMG\left_2026_07_28_11_21_29_795.jpg,D:\DPS 920\DPS920_final_project\IMG\right_2026_07_28_11_21_29_795.jpg,-0.1,1.0,0,30.18964
D:\DPS 920\DPS920_final_project\IMG\center_2026_07_28_11_22_35_902.jpg,D:\DPS 920\DPS920_final_project\IMG\left_2026_07_28_11_22_35_902.jpg,D:\DPS 920\DPS920_final_project\IMG\right_2026_07_28_11_22_35_902.jpg,0.25,1.0,0,30.17477
D:\DPS 920\DPS920_final_project\IMG\center_2026_07_28_11_06_14_803.jpg,D:\DPS 920\DPS920_final_project\IMG\left_2026_07_28_11_06_14_803.jpg,D:\DPS 920\DPS920_final_project\IMG\right_2026_07_28_11_06_14_803.jpg,0.15,1.0,0,30.18715
D:\DPS 920\DPS920_final_project\IMG\center_2026_07_28_11_22_22_117.jpg,D:\DPS 920\DPS920_final_project\IMG\left_2026_07_28_11_22_22_117.jpg,D:\DPS 920\DPS920_final_project\IMG\right_2026_07_28_11_22_22_117.jpg,-0.2,1.0,0,30.18516
D:\DPS 920\DPS920_final_project\IMG\center_2026_07_28_11_20_27_582.jpg,D:\DPS 920\DPS920_final_project\IMG\left_2026_07_28_11_20_27_582.jpg,D:\DPS 920\DPS920_final_project\IMG\right_2026_07_28_11_20_27_582.jpg,-0.2,1.0,0,30.17971
D:\DPS 920\DPS920_final_project\IMG\center_2026_07_28_11_21_34_271.jpg,D:\DPS 920\DPS920_final_project\IMG\left_2026_07_28_11_21_34_271.jpg,D:\DPS 920\DPS920_final_project\IMG\right_2026_07_28_11_21_34_271.jpg,-0.1,1.0,0,30.18782
D:\DPS 920\DPS920_final_project\IMG\center_2026_07_28_11_10_07_546.jpg,D:\DPS 920\DPS920_final_project\IMG\left_2026_07_28_11_10_07_546.jpg,D:\DPS 920\DPS920_final_project\IMG\right_2026_07_28_11_10_07_546.jpg,0.15,1.0,0,30.1879
D:\DPS 920\DPS920_final_project\IMG\center_2026_07_28_11_20_27_733.jpg,D:\DPS 920\DPS920_final_project\IMG\left_2026_07_28_11_20_27_733.jpg,D:\DPS 920\DPS920_final_project\IMG\right_2026_07_28_11_20_27_733.jpg,0.0,1.0,0,30.19028
D:\DPS 920\DPS920_final_project\IMG\center_2026_07_28_11_06_34_046.jpg,D:\DPS 920\DPS920_final_project\IMG\left_2026_07_28_11_06_34_046.jpg,D:\DPS 920\DPS920_final_project\IMG\right_2026_07_28_11_06_34_046.jpg,0.25,1.0,0,30.17564
D:\DPS 920\DPS920_final_project\IMG\center_2026_07_28_11_08_44_253.jpg,D:\DPS 920\DPS920_final_project\IMG\left_2026_07_28_11_08_44_253.jpg,D:\DPS 920\DPS920_final_project\IMG\right_2026_07_28_11_08_44_253.jpg,0.05,1.0,0,30.18982
D:\DPS 920\DPS920_final_project\IMG\center_2026_07_28_11_09_06_334.jpg,D:\DPS 920\DPS920_final_project\IMG\left_2026_07_28_11_09_06_334.jpg,D:\DPS 920\DPS920_final_project\IMG\right_2026_07_28_11_09_06_334.jpg,0.0,1.0,0,30.19029
D:\DPS 920\DPS920_final_project\IMG\center_2026_07_28_11_09_10_376.jpg,D:\DPS 920\DPS920_final_project\IMG\left_2026_07_28_11_09_10_376.jpg,D:\DPS 920\DPS920_final_project\IMG\right_2026_07_28_11_09_10_376.jpg,0.05,1.0,0,30.19008
D:\DPS 920\DPS920_final_project\IMG\center_2026_07_28_11_06_52_043.jpg,D:\DPS 920\DPS920_final_project\IMG\left_2026_07_28_11_06_52_043.jpg,D:\DPS 920\DPS920_final_project\IMG\right_2026_07_28_11_06_52_043.jpg,0.0,1.0,0,30.19029
D:\DPS 920\DPS920_final_project\IMG\center_2026_07_28_11_22_42_540.jpg,D:\DPS 920\DPS920_final_project\IMG\left_2026_07_28_11_22_42_540.jpg,D:\DPS 920\DPS920_final_project\IMG\right_2026_07_28_11_22_42_540.jpg,-0.35,1.0,0,30.16419
D:\DPS 920\DPS920_final_project\IMG\center_2026_07_28_11_08_01_430.jpg,D:\DPS 920\DPS920_final_project\IMG\left_2026_07_28_11_08_01_430.jpg,D:\DPS 920\DPS920_final_project\IMG\right_2026_07_28_11_08_01_430.jpg,0.05,1.0,0,30.19036
D:\DPS 920\DPS920_final_project\IMG\center_2026_07_28_11_08_49_858.jpg,D:\DPS 920\DPS920_final_project\IMG\left_2026_07_28_11_08_49_858.jpg,D:\DPS 920\DPS920_final_project\IMG\right_2026_07_28_11_08_49_858.jpg,0.0,1.0,0,30.1876
D:\DPS 920\DPS920_final_project\IMG\center_2026_07_28_11_06_17_617.jpg,D:\DPS 920\DPS920_final_project\IMG\left_2026_07_28_11_06_17_617.jpg,D:\DPS 920\DPS920_final_project\IMG\right_2026_07_28_11_06_17_617.jpg,0.05,1.0,0,30.19025
D:\DPS 920\DPS920_final_project\IMG\center_2026_07_28_11_20_34_345.jpg,D:\DPS 920\DPS920_final_project\IMG\left_2026_07_28_11_20_34_345.jpg,D:\DPS 920\DPS920_final_project\IMG\right_2026_07_28_11_20_34_345.jpg,-0.15,1.0,0,30.18727
D:\DPS 920\DPS920_final_project\IMG\center_2026_07_28_11_09_40_854.jpg,D:\DPS 920\DPS920_final_project\IMG\left_2026_07_28_11_09_40_854.jpg,D:\DPS 920\DPS920_final_project\IMG\right_2026_07_28_11_09_40_854.jpg,0.0,1.0,0,30.19029
D:\DPS 920\DPS920_final_project\IMG\center_2026_07_28_11_06_07_272.jpg,D:\DPS 920\DPS920_final_project\IMG\left_2026_07_28_11_06_07_272.jpg,D:\DPS 920\DPS920_final_project\IMG\right_2026_07_28_11_06_07_272.jpg,-0.1,1.0,0,30.1884
D:\DPS 920\DPS920_final_project\IMG\center_2026_07_28_11_09_01_715.jpg,D:\DPS 920\DPS920_final_project\IMG\left_2026_07_28_11_09_01_715.jpg,D:\DPS 920\DPS920_final_project\IMG\right_2026_07_28_11_09_01_715.jpg,0.35,1.0,0,30.16762
D:\DPS 920\DPS920_final_project\IMG\center_2026_07_28_11_09_10_812.jpg,D:\DPS 920\DPS920_final_project\IMG\left_2026_07_28_11_09_10_812.jpg,D:\DPS 920\DPS920_final_project\IMG\right_2026_07_28_11_09_10_812.jpg,-0.1,1.0,0,30.18777
D:\DPS 920\DPS920_final_project\IMG\center_2026_07_28_11_09_56_906.jpg,D:\DPS 920\DPS920_final_project\IMG\left_2026_07_28_11_09_56_906.jpg,D:\DPS 920\DPS920_final_project\IMG\right_2026_07_28_11_09_56_906.jpg,0.05,1.0,0,30.19002
D:\DPS 920\DPS920_final_project\IMG\center_2026_07_28_11_10_05_703.jpg,D:\DPS 920\DPS920_final_project\IMG\left_2026_07_28_11_10_05_703.jpg,D:\DPS 920\DPS920_final_project\IMG\right_2026_07_28_11_10_05_703.jpg,0.0,1.0,0,30.18761
D:\DPS 920\DPS920_final_project\IMG\center_2026_07_28_11_08_30_818.jpg,D:\DPS 920\DPS920_final_project\IMG\left_2026_07_28_11_08_30_818.jpg,D:\DPS 920\DPS920_final_project\IMG\right_2026_07_28_11_08_30_818.jpg,0.1,1.0,0,30.18824
D:\DPS 920\DPS920_final_project\IMG\center_2026_07_28_11_09_01_078.jpg,D:\DPS 920\DPS920_final_project\IMG\left_2026_07_28_11_09_01_078.jpg,D:\DPS 920\DPS920_final_project\IMG\right_2026_07_28_11_09_01_078.jpg,0.1,1.0,0,30.18845
D:\DPS 920\DPS920_final_project\IMG\center_2026_07_28_11_10_24_252.jpg,D:\DPS 920\DPS920_final_project\IMG\left_2026_07_28_11_10_24_252.jpg,D:\DPS 920\DPS920_final_project\IMG\right_2026_07_28_11_10_24_252.jpg,0.5500001,1.0,0,30.13975
D:\DPS 920\DPS920_final_project\IMG\center_2026_07_28_11_09_21_121.jpg,D:\DPS 920\DPS920_final_project\IMG\left_2026_07_28_11_09_21_121.jpg,D:\DPS 920\DPS920_final_project\IMG\right_2026_07_28_11_09_21_121.jpg,0.0,1.0,0,30.18954
D:\DPS 920\DPS920_final_project\IMG\center_2026_07_28_11_06_20_850.jpg,D:\DPS 920\DPS920_final_project\IMG\left_2026_07_28_11_06_20_850.jpg,D:\DPS 920\DPS920_final_project\IMG\right_2026_07_28_11_06_20_850.jpg,0.0,1.0,0,30.19027
D:\DPS 920\DPS920_final_project\IMG\center_2026_07_28_11_07_20_520.jpg,D:\DPS 920\DPS920_final_project\IMG\left_2026_07_28_11_07_20_520.jpg,D:\DPS 920\DPS920_final_project\IMG\right_2026_07_28_11_07_20_520.jpg,0.15,1.0,0,30.18595
D:\DPS 920\DPS920_final_project\IMG\center_2026_07_28_11_07_28_617.jpg,D:\DPS 920\DPS920_final_project\IMG\left_2026_07_28_11_07_28_617.jpg,D:\DPS 920\DPS920_final_project\IMG\right_2026_07_28_11_07_28_617.jpg,-0.05,1.0,0,30.19006
D:\DPS 920\DPS920_final_project\IMG\center_2026_07_28_11_20_56_576.jpg,D:\DPS 920\DPS920_final_project\IMG\left_2026_07_28_11_20_56_576.jpg,D:\DPS 920\DPS920_final_project\IMG\right_2026_07_28_11_20_56_576.jpg,-0.05,1.0,0,30.18929
D:\DPS 920\DPS920_final_project\IMG\center_2026_07_28_11_21_52_102.jpg,D:\DPS 920\DPS920_final_project\IMG\left_2026_07_28_11_21_52_102.jpg,D:\DPS 920\DPS920_final_project\IMG\right_2026_07_28_11_21_52_102.jpg,-0.15,1.0,0,30.18412
D:\DPS 920\DPS920_final_project\IMG\center_2026_07_28_11_06_07_484.jpg,D:\DPS 920\DPS920_final_project\IMG\left_2026_07_28_11_06_07_484.jpg,D:\DPS 920\DPS920_final_project\IMG\right_2026_07_28_11_06_07_484.jpg,-0.6000001,1.0,0,30.13355
D:\DPS 920\DPS920_final_project\IMG\center_2026_07_28_11_09_50_260.jpg,D:\DPS 920\DPS920_final_project\IMG\left_2026_07_28_11_09_50_260.jpg,D:\DPS 920\DPS920_final_project\IMG\right_2026_07_28_11_09_50_260.jpg,0.1,1.0,0,30.18801
D:\DPS 920\DPS920_final_project\IMG\center_2026_07_28_11_06_22_502.jpg,D:\DPS 920\DPS920_final_project\IMG\left_2026_07_28_11_06_22_502.jpg,D:\DPS 920\DPS920_final_project\IMG\right_2026_07_28_11_06_22_502.jpg,0.15,1.0,0,30.18467
D:\DPS 920\DPS920_final_project\IMG\center_2026_07_28_11_06_54_160.jpg,D:\DPS 920\DPS920_final_project\IMG\left_2026_07_28_11_06_54_160.jpg,D:\DPS 920\DPS920_final_project\IMG\right_2026_07_28_11_06_54_160.jpg,0.05,1.0,0,30.18974
D:\DPS 920\DPS920_final_project\IMG\center_2026_07_28_11_06_26_456.jpg,D:\DPS 920\DPS920_final_project\IMG\left_2026_07_28_11_06_26_456.jpg,D:\DPS 920\DPS920_final_project\IMG\right_2026_07_28_11_06_26_456.jpg,0.0,1.0,0,30.19028
D:\DPS 920\DPS920_final_project\IMG\center_2026_07_28_11_07_36_593.jpg,D:\DPS 920\DPS920_final_project\IMG\left_2026_07_28_11_07_36_593.jpg,D:\DPS 920\DPS920_final_project\IMG\right_2026_07_28_11_07_36_593.jpg,0.15,1.0,0,30.18723
D:\DPS 920\DPS920_final_project\IMG\center_2026_07_28_11_22_03_747.jpg,D:\DPS 920\DPS920_final_project\IMG\left_2026_07_28_11_22_03_747.jpg,D:\DPS 920\DPS920_final_project\IMG\right_2026_07_28_11_22_03_747.jpg,-0.1,1.0,0,30.18937
D:\DPS 920\DPS920_final_project\IMG\center_2026_07_28_11_10_03_253.jpg,D:\DPS 920\DPS920_final_project\IMG\left_2026_07_28_11_10_03_253.jpg,D:\DPS 920\DPS920_final_project\IMG\right_2026_07_28_11_10_03_253.jpg,0.2,1.0,0,30.17964
D:\DPS 920\DPS920_final_project\IMG\center_2026_07_28_11_21_25_141.jpg,D:\DPS 920\DPS920_final_project\IMG\left_2026_07_28_11_21_25_141.jpg,D:\DPS 920\DPS920_final_project\IMG\right_2026_07_28_11_21_25_141.jpg,-0.05,1.0,0,30.18991
D:\DPS 920\DPS920_final_project\IMG\center_2026_07_28_11_06_02_342.jpg,D:\DPS 920\DPS920_final_project\IMG\left_2026_07_28_11_06_02_342.jpg,D:\DPS 920\DPS920_final_project\IMG\right_2026_07_28_11_06_02_342.jpg,0.0,1.0,0,30.19017
D:\DPS 920\DPS920_final_project\IMG\center_2026_07_28_11_22_04_250.jpg,D:\DPS 920\DPS920_final_project\IMG\left_2026_07_28_11_22_04_250.jpg,D:\DPS 920\DPS920_final_project\IMG\right_2026_07_28_11_22_04_250.jpg,-0.15,1.0,0,30.18414
D:\DPS 920\DPS920_final_project\IMG\center_2026_07_28_11_21_02_947.jpg,D:\DPS 920\DPS920_final_project\IMG\left_2026_07_28_11_21_02_947.jpg,D:\DPS 920\DPS920_final_project\IMG\right_2026_07_28_11_21_02_947.jpg,0.0,1.0,0,30.19019
D:\DPS 920\DPS920_final_project\IMG\center_2026_07_28_11_22_39_005.jpg,D:\DPS 920\DPS920_final_project\IMG\left_2026_07_28_11_22_39_005.jpg,D:\DPS 920\DPS920_final_project\IMG\right_2026_07_28_11_22_39_005.jpg,-0.15,1.0,0,30.18469
D:\DPS 920\DPS920_final_project\IMG\center_2026_07_28_11_21_15_932.jpg,D:\DPS 920\DPS920_final_project\IMG\left_2026_07_28_11_21_15_932.jpg,D:\DPS 920\DPS920_final_project\IMG\right_2026_07_28_11_21_15_932.jpg,0.0,1.0,0,30.19032
D:\DPS 920\DPS920_final_project\IMG\center_2026_07_28_11_22_44_405.jpg,D:\DPS 920\DPS920_final_project\IMG\left_2026_07_28_11_22_44_405.jpg,D:\DPS 920\DPS920_final_project\IMG\right_2026_07_28_11_22_44_405.jpg,-0.3,1.0,0,30.17069
D:\DPS 920\DPS920_final_project\IMG\center_2026_07_28_11_10_05_343.jpg,D:\DPS 920\DPS920_final_project\IMG\left_2026_07_28_11_10_05_343.jpg,D:\DPS 920\DPS920_final_project\IMG\right_2026_07_28_11_10_05_343.jpg,0.4,1.0,0,30.15275
D:\DPS 920\DPS920_final_project\IMG\center_2026_07_28_11_21_41_270.jpg,D:\DPS 920\DPS920_final_project\IMG\left_2026_07_28_11_21_41_270.jpg,D:\DPS 920\DPS920_final_project\IMG\right_2026_07_28_11_21_41_270.jpg,-0.15,1.0,0,30.18408
D:\DPS 920\DPS920_final_project\IMG\center_2026_07_28_11_06_13_530.jpg,D:\DPS 920\DPS920_final_project\IMG\left_2026_07_28_11_06_13_530.jpg,D:\DPS 920\DPS920_final_project\IMG\right_2026_07_28_11_06_13_530.jpg,0.0,1.0,0,30.19074
D:\DPS 920\DPS920_final_project\IMG\center_2026_07_28_11_21_45_781.jpg,D:\DPS 920\DPS920_final_project\IMG\left_2026_07_28_11_21_45_781.jpg,D:\DPS 920\DPS920_final_project\IMG\right_2026_07_28_11_21_45_781.jpg,-0.05,1.0,0,30.18971
D:\DPS 920\DPS920_final_project\IMG\center_2026_07_28_11_22_19_639.jpg,D:\DPS 920\DPS920_final_project\IMG\left_2026_07_28_11_22_19_639.jpg,D:\DPS 920\DPS920_final_project\IMG\right_2026_07_28_11_22_19_639.jpg,-0.1,1.0,0,30.18766
D:\DPS 920\DPS920_final_project\IMG\center_2026_07_28_11_20_40_916.jpg,D:\DPS 920\DPS920_final_project\IMG\left_2026_07_28_11_20_40_916.jpg,D:\DPS 920\DPS920_final_project\IMG\right_2026_07_28_11_20_40_916.jpg,0.0,1.0,0,30.19016
D:\DPS 920\DPS920_final_project\IMG\center_2026_07_28_11_09_28_930.jpg,D:\DPS 920\DPS920_final_project\IMG\left_2026_07_28_11_09_28_930.jpg,D:\DPS 920\DPS920_final_project\IMG\right_2026_07_28_11_09_28_930.jpg,0.25,1.0,0,30.17518
D:\DPS 920\DPS920_final_project\IMG\center_2026_07_28_11_10_07_252.jpg,D:\DPS 920\DPS920_final_project\IMG\left_2026_07_28_11_10_07_252.jpg,D:\DPS 920\DPS920_final_project\IMG\right_2026_07_28_11_10_07_252.jpg,0.0,1.0,0,30.18812
D:\DPS 920\DPS920_final_project\IMG\center_2026_07_28_11_21_11_173.jpg,D:\DPS 920\DPS920_final_project\IMG\left_2026_07_28_11_21_11_173.jpg,D:\DPS 920\DPS920_final_project\IMG\right_2026_07_28_11_21_11_173.jpg,0.15,1.0,0,30.18425
D:\DPS 920\DPS920_final_project\IMG\center_2026_07_28_11_09_51_064.jpg,D:\DPS 920\DPS920_final_project\IMG\left_2026_07_28_11_09_51_064.jpg,D:\DPS 920\DPS920_final_project\IMG\right_2026_07_28_11_09_51_064.jpg,0.0,1.0,0,30.19028
D:\DPS 920\DPS920_final_project\IMG\center_2026_07_28_11_06_47_831.jpg,D:\DPS 920\DPS920_final_project\IMG\left_2026_07_28_11_06_47_831.jpg,D:\DPS 920\DPS920_final_project\IMG\right_2026_07_28_11_06_47_831.jpg,0.0,1.0,0,30.18708
D:\DPS 920\DPS920_final_project\IMG\center_2026_07_28_11_10_06_874.jpg,D:\DPS 920\DPS920_final_project\IMG\left_2026_07_28_11_10_06_874.jpg,D:\DPS 920\DPS920_final_project\IMG\right_2026_07_28_11_10_06_874.jpg,0.3,1.0,0,30.17692
D:\DPS 920\DPS920_final_project\IMG\center_2026_07_28_11_22_46_659.jpg,D:\DPS 920\DPS920_final_project\IMG\left_2026_07_28_11_22_46_659.jpg,D:\DPS 920\DPS920_final_project\IMG\right_2026_07_28_11_22_46_659.jpg,-0.35,1.0,0,30.1663
D:\DPS 920\DPS920_final_project\IMG\center_2026_07_28_11_07_37_308.jpg,D:\DPS 920\DPS920_final_project\IMG\left_2026_07_28_11_07_37_308.jpg,D:\DPS 920\DPS920_final_project\IMG\right_2026_07_28_11_07_37_308.jpg,0.1,1.0,0,30.18872
D:\DPS 920\DPS920_final_project\IMG\center_2026_07_28_11_21_43_669.jpg,D:\DPS 920\DPS920_final_project\IMG\left_2026_07_28_11_21_43_669.jpg,D:\DPS 920\DPS920_final_project\IMG\right_2026_07_28_11_21_43_669.jpg,0.0,1.0,0,30.19027
D:\DPS 920\DPS920_final_project\IMG\center_2026_07_28_11_09_35_721.jpg,D:\DPS 920\DPS920_final_project\IMG\left_2026_07_28_11_09_35_721.jpg,D:\DPS 920\DPS920_final_project\IMG\right_2026_07_28_11_09_35_721.jpg,0.15,1.0,0,30.18447
D:\DPS 920\DPS920_final_project\IMG\center_2026_07_28_11_09_16_023.jpg,D:\DPS 920\DPS920_final_project\IMG\left_2026_07_28_11_09_16_023.jpg,D:\DPS 920\DPS920_final_project\IMG\right_2026_07_28_11_09_16_023.jpg,0.3,1.0,0,30.16922
D:\DPS 920\DPS920_final_project\IMG\center_2026_07_28_11_07_30_934.jpg,D:\DPS 920\DPS920_final_project\IMG\left_2026_07_28_11_07_30_934.jpg,D:\DPS 920\DPS920_final_project\IMG\right_2026_07_28_11_07_30_934.jpg,-0.05,1.0,0,30.19011
D:\DPS 920\DPS920_final_project\IMG\center_2026_07_28_11_07_30_373.jpg,D:\DPS 920\DPS920_final_project\IMG\left_2026_07_28_11_07_30_373.jpg,D:\DPS 920\DPS920_final_project\IMG\right_2026_07_28_11_07_30_373.jpg,-0.2,1.0,0,30.18361
D:\DPS 920\DPS920_final_project\IMG\center_2026_07_28_11_21_07_228.jpg,D:\DPS 920\DPS920_final_project\IMG\left_2026_07_28_11_21_07_228.jpg,D:\DPS 920\DPS920_final_project\IMG\right_2026_07_28_11_21_07_228.jpg,0.0,1.0,0,30.18961
D:\DPS 920\DPS920_final_project\IMG\center_2026_07_28_11_07_40_845.jpg,D:\DPS 920\DPS920_final_project\IMG\left_2026_07_28_11_07_40_845.jpg,D:\DPS 920\DPS920_final_project\IMG\right_2026_07_28_11_07_40_845.jpg,0.05,1.0,0,30.19002
D:\DPS 920\DPS920_final_project\IMG\center_2026_07_28_11_08_34_156.jpg,D:\DPS 920\DPS920_final_project\IMG\left_2026_07_28_11_08_34_156.jpg,D:\DPS 920\DPS920_final_project\IMG\right_2026_07_28_11_08_34_156.jpg,0.0,1.0,0,30.18658
D:\DPS 920\DPS920_final_project\IMG\center_2026_07_28_11_08_30_892.jpg,D:\DPS 920\DPS920_final_project\IMG\left_2026_07_28_11_08_30_892.jpg,D:\DPS 920\DPS920_final_project\IMG\right_2026_07_28_11_08_30_892.jpg,0.0,1.0,0,30.19103
D:\DPS 920\DPS920_final_project\IMG\center_2026_07_28_11_09_31_794.jpg,D:\DPS 920\DPS920_final_project\IMG\left_2026_07_28_11_09_31_794.jpg,D:\DPS 920\DPS920_final_project\IMG\right_2026_07_28_11_09_31_794.jpg,0.0,1.0,0,30.19079
D:\DPS 920\DPS920_final_project\IMG\center_2026_07_28_11_06_11_961.jpg,D:\DPS 920\DPS920_final_project\IMG\left_2026_07_28_11_06_11_961.jpg,D:\DPS 920\DPS920_final_project\IMG\right_2026_07_28_11_06_11_961.jpg,0.2,1.0,0,30.18151
D:\DPS 920\DPS920_final_project\IMG\center_2026_07_28_11_22_48_689.jpg,D:\DPS 920\DPS920_final_project\IMG\left_2026_07_28_11_22_48_689.jpg,D:\DPS 920\DPS920_final_project\IMG\right_2026_07_28_11_22_48_689.jpg,-0.05,1.0,0,30.18787
D:\DPS 920\DPS920_final_project\IMG\center_2026_07_28_11_07_27_309.jpg,D:\DPS 920\DPS920_final_project\IMG\left_2026_07_28_11_07_27_309.jpg,D:\DPS 920\DPS920_final_project\IMG\right_2026_07_28_11_07_27_309.jpg,-0.3,1.0,0,30.17361
D:\DPS 920\DPS920_final_project\IMG\center_2026_07_28_11_20_21_756.jpg,D:\DPS 920\DPS920_final_project\IMG\left_2026_07_28_11_20_21_756.jpg,D:\DPS 920\DPS920_final_project\IMG\right_2026_07_28_11_20_21_756.jpg,0.0,1.0,0,30.19025
D:\DPS 920\DPS920_final_project\IMG\center_2026_07_28_11_06_13_605.jpg,D:\DPS 920\DPS920_final_project\IMG\left_2026_07_28_11_06_13_605.jpg,D:\DPS 920\DPS920_final_project\IMG\right_2026_07_28_11_06_13_605.jpg,0.1,1.0,0,30.18973
D:\DPS 920\DPS920_final_project\IMG\center_2026_07_28_11_10_16_383.jpg,D:\DPS 920\DPS920_final_project\IMG\left_2026_07_28_11_10_16_383.jpg,D:\DPS 920\DPS920_final_project\IMG\right_2026_07_28_11_10_16_383.jpg,0.0,1.0,0,30.18631
D:\DPS 920\DPS920_final_project\IMG\center_2026_07_28_11_07_18_256.jpg,D:\DPS 920\DPS920_final_project\IMG\left_2026_07_28_11_07_18_256.jpg,D:\DPS 920\DPS920_final_project\IMG\right_2026_07_28_11_07_18_256.jpg,0.25,1.0,0,30.17483
D:\DPS 920\DPS920_final_project\IMG\center_2026_07_28_11_22_50_473.jpg,D:\DPS 920\DPS920_final_project\IMG\left_2026_07_28_11_22_50_473.jpg,D:\DPS 920\DPS920_final_project\IMG\right_2026_07_28_11_22_50_473.jpg,-0.2,1.0,0,30.18319
D:\DPS 920\DPS920_final_project\IMG\center_2026_07_28_11_08_46_374.jpg,D:\DPS 920\DPS920_final_project\IMG\left_2026_07_28_11_08_46_374.jpg,D:\DPS 920\DPS920_final_project\IMG\right_2026_07_28_11_08_46_374.jpg,0.15,1.0,0,30.18548
D:\DPS 920\DPS920_final_project\IMG\center_2026_07_28_11_20_56_280.jpg,D:\DPS 920\DPS920_final_project\IMG\left_2026_07_28_11_20_56_280.jpg,D:\DPS 920\DPS920_final_project\IMG\right_2026_07_28_11_20_56_280.jpg,0.0,1.0,0,30.19012
D:\DPS 920\DPS920_final_project\IMG\center_2026_07_28_11_07_36_800.jpg,D:\DPS 920\DPS920_final_project\IMG\left_2026_07_28_11_07_36_800.jpg,D:\DPS 920\DPS920_final_project\IMG\right_2026_07_28_11_07_36_800.jpg,0.1,1.0,0,30.18914
D:\DPS 920\DPS920_final_project\IMG\center_2026_07_28_11_10_21_158.jpg,D:\DPS 920\DPS920_final_project\IMG\left_2026_07_28_11_10_21_158.jpg,D:\DPS 920\DPS920_final_project\IMG\right_2026_07_28_11_10_21_158.jpg,0.0,1.0,0,30.19025
D:\DPS 920\DPS920_final_project\IMG\center_2026_07_28_11_10_31_815.jpg,D:\DPS 920\DPS920_final_project\IMG\left_2026_07_28_11_10_31_815.jpg,D:\DPS 920\DPS920_final_project\IMG\right_2026_07_28_11_10_31_815.jpg,0.0,1.0,0,30.19064
D:\DPS 920\DPS920_final_project\IMG\center_2026_07_28_11_06_41_565.jpg,D:\DPS 920\DPS920_final_project\IMG\left_2026_07_28_11_06_41_565.jpg,D:\DPS 920\DPS920_final_project\IMG\right_2026_07_28_11_06_41_565.jpg,0.15,1.0,0,30.18521
D:\DPS 920\DPS920_final_project\IMG\center_2026_07_28_11_07_31_003.jpg,D:\DPS 920\DPS920_final_project\IMG\left_2026_07_28_11_07_31_003.jpg,D:\DPS 920\DPS920_final_project\IMG\right_2026_07_28_11_07_31_003.jpg,-0.2,1.0,0,30.18177
D:\DPS 920\DPS920_final_project\IMG\center_2026_07_28_11_10_16_827.jpg,D:\DPS 920\DPS920_final_project\IMG\left_2026_07_28_11_10_16_827.jpg,D:\DPS 920\DPS920_final_project\IMG\right_2026_07_28_11_10_16_827.jpg,-0.35,1.0,0,30.17319
D:\DPS 920\DPS920_final_project\IMG\center_2026_07_28_11_22_02_556.jpg,D:\DPS 920\DPS920_final_project\IMG\left_2026_07_28_11_22_02_556.jpg,D:\DPS 920\DPS920_final_project\IMG\right_2026_07_28_11_22_02_556.jpg,-0.15,1.0,0,30.1856
D:\DPS 920\DPS920_final_project\IMG\center_2026_07_28_11_10_14_138.jpg,D:\DPS 920\DPS920_final_project\IMG\left_2026_07_28_11_10_14_138.jpg,D:\DPS 920\DPS920_final_project\IMG\right_2026_07_28_11_10_14_138.jpg,-0.15,1.0,0,30.1864
D:\DPS 920\DPS920_final_project\IMG\center_2026_07_28_11_07_10_205.jpg,D:\DPS 920\DPS920_final_project\IMG\left_2026_07_28_11_07_10_205.jpg,D:\DPS 920\DPS920_final_project\IMG\right_2026_07_28_11_07_10_205.jpg,0.0,1.0,0,30.19042
D:\DPS 920\DPS920_final_project\IMG\center_2026_07_28_11_20_33_085.jpg,D:\DPS 920\DPS920_final_project\IMG\left_2026_07_28_11_20_33_085.jpg,D:\DPS 920\DPS920_final_project\IMG\right_2026_07_28_11_20_33_085.jpg,0.0,1.0,0,30.19009
D:\DPS 920\DPS920_final_project\IMG\center_2026_07_28_11_06_41_840.jpg,D:\DPS 920\DPS920_final_project\IMG\left_2026_07_28_11_06_41_840.jpg,D:\DPS 920\DPS920_final_project\IMG\right_2026_07_28_11_06_41_840.jpg,0.25,1.0,0,30.17835
D:\DPS 920\DPS920_final_project\IMG\center_2026_07_28_11_08_02_184.jpg,D:\DPS 920\DPS920_final_project\IMG\left_2026_07_28_11_08_02_184.jpg,D:\DPS 920\DPS920_final_project\IMG\right_2026_07_28_11_08_02_184.jpg,0.2,1.0,0,30.18317
D:\DPS 920\DPS920_final_project\IMG\center_2026_07_28_11_21_09_776.jpg,D:\DPS 920\DPS920_final_project\IMG\left_2026_07_28_11_21_09_776.jpg,D:\DPS 920\DPS920_final_project\IMG\right_2026_07_28_11_21_09_776.jpg,0.3,1.0,0,30.1704
D:\DPS 920\DPS920_final_project\IMG\center_2026_07_28_11_10_16_159.jpg,D:\DPS 920\DPS920_final_project\IMG\left_2026_07_28_11_10_16_159.jpg,D:\DPS 920\DPS920_final_project\IMG\right_2026_07_28_11_10_16_159.jpg,-0.2,1.0,0,30.18894
D:\DPS 920\DPS920_final_project\IMG\center_2026_07_28_11_21_11_956.jpg,D:\DPS 920\DPS920_final_project\IMG\left_2026_07_28_11_21_11_956.jpg,D:\DPS 920\DPS920_final_project\IMG\right_2026_07_28_11_21_11_956.jpg,0.0,1.0,0,30.18988
D:\DPS 920\DPS920_final_project\IMG\center_2026_07_28_11_07_23_793.jpg,D:\DPS 920\DPS920_final_project\IMG\left_2026_07_28_11_07_23_793.jpg,D:\DPS 920\DPS920_final_project\IMG\right_2026_07_28_11_07_23_793.jpg,0.0,1.0,0,30.1903
D:\DPS 920\DPS920_final_project\IMG\center_2026_07_28_11_06_33_972.jpg,D:\DPS 920\DPS920_final_project\IMG\left_2026_07_28_11_06_33_972.jpg,D:\DPS 920\DPS920_final_project\IMG\right_2026_07_28_11_06_33_972.jpg,0.1,1.0,0,30.18804
D:\DPS 920\DPS920_final_project\IMG\center_2026_07_28_11_08_08_140.jpg,D:\DPS 920\DPS920_final_project\IMG\left_2026_07_28_11_08_08_140.jpg,D:\DPS 920\DPS920_final_project\IMG\right_2026_07_28_11_08_08_140.jpg,0.15,1.0,0,30.1841
D:\DPS 920\DPS920_final_project\IMG\center_2026_07_28_11_20_59_788.jpg,D:\DPS 920\DPS920_final_project\IMG\left_2026_07_28_11_20_59_788.jpg,D:\DPS 920\DPS920_final_project\IMG\right_2026_07_28_11_20_59_788.jpg,-0.4,1.0,0,30.15774
D:\DPS 920\DPS920_final_project\IMG\center_2026_07_28_11_06_42_066.jpg,D:\DPS 920\DPS920_final_project\IMG\left_2026_07_28_11_06_42_066.jpg,D:\DPS 920\DPS920_final_project\IMG\right_2026_07_28_11_06_42_066.jpg,0.2,1.0,0,30.18254
D:\DPS 920\DPS920_final_project\IMG\center_2026_07_28_11_10_24_322.jpg,D:\DPS 920\DPS920_final_project\IMG\left_2026_07_28_11_10_24_322.jpg,D:\DPS 920\DPS920_final_project\IMG\right_2026_07_28_11_10_24_322.jpg,0.7,1.0,0,30.12076
D:\DPS 920\DPS920_final_project\IMG\center_2026_07_28_11_20_31_174.jpg,D:\DPS 920\DPS920_final_project\IMG\left_2026_07_28_11_20_31_174.jpg,D:\DPS 920\DPS920_final_project\IMG\right_2026_07_28_11_20_31_174.jpg,-0.05,1.0,0,30.18969
D:\DPS 920\DPS920_final_project\IMG\center_2026_07_28_11_20_39_640.jpg,D:\DPS 920\DPS920_final_project\IMG\left_2026_07_28_11_20_39_640.jpg,D:\DPS 920\DPS920_final_project\IMG\right_2026_07_28_11_20_39_640.jpg,-0.1,1.0,0,30.18802
D:\DPS 920\DPS920_final_project\IMG\center_2026_07_28_11_20_03_790.jpg,D:\DPS 920\DPS920_final_project\IMG\left_2026_07_28_11_20_03_790.jpg,D:\DPS 920\DPS920_final_project\IMG\right_2026_07_28_11_20_03_790.jpg,-0.2,1.0,0,30.18113
D:\DPS 920\DPS920_final_project\IMG\center_2026_07_28_11_21_26_647.jpg,D:\DPS 920\DPS920_final_project\IMG\left_2026_07_28_11_21_26_647.jpg,D:\DPS 920\DPS920_final_project\IMG\right_2026_07_28_11_21_26_647.jpg,-0.1,1.0,0,30.18905
D:\DPS 920\DPS920_final_project\IMG\center_2026_07_28_11_08_47_591.jpg,D:\DPS 920\DPS920_final_project\IMG\left_2026_07_28_11_08_47_591.jpg,D:\DPS 920\DPS920_final_project\IMG\right_2026_07_28_11_08_47_591.jpg,-0.05,1.0,0,30.18973
D:\DPS 920\DPS920_final_project\IMG\center_2026_07_28_11_09_29_600.jpg,D:\DPS 920\DPS920_final_project\IMG\left_2026_07_28_11_09_29_600.jpg,D:\DPS 920\DPS920_final_project\IMG\right_2026_07_28_11_09_29_600.jpg,0.0,1.0,0,30.19031
D:\DPS 920\DPS920_final_project\IMG\center_2026_07_28_11_08_51_308.jpg,D:\DPS 920\DPS920_final_project\IMG\left_2026_07_28_11_08_51_308.jpg,D:\DPS 920\DPS920_final_project\IMG\right_2026_07_28_11_08_51_308.jpg,-0.4,1.0,0,30.15966
D:\DPS 920\DPS920_final_project\IMG\center_2026_07_28_11_07_50_396.jpg,D:\DPS 920\DPS920_final_project\IMG\left_2026_07_28_11_07_50_396.jpg,D:\DPS 920\DPS920_final_project\IMG\right_2026_07_28_11_07_50_396.jpg,0.2,1.0,0,30.18049
D:\DPS 920\DPS920_final_project\IMG\center_2026_07_28_11_21_32_838.jpg,D:\DPS 920\DPS920_final_project\IMG\left_2026_07_28_11_21_32_838.jpg,D:\DPS 920\DPS920_final_project\IMG\right_2026_07_28_11_21_32_838.jpg,-0.15,1.0,0,30.18412
D:\DPS 920\DPS920_final_project\IMG\center_2026_07_28_11_07_46_714.jpg,D:\DPS 920\DPS920_final_project\IMG\left_2026_07_28_11_07_46_714.jpg,D:\DPS 920\DPS920_final_project\IMG\right_2026_07_28_11_07_46_714.jpg,0.0,1.0,0,30.19066
D:\DPS 920\DPS920_final_project\IMG\center_2026_07_28_11_09_43_633.jpg,D:\DPS 920\DPS920_final_project\IMG\left_2026_07_28_11_09_43_633.jpg,D:\DPS 920\DPS920_final_project\IMG\right_2026_07_28_11_09_43_633.jpg,0.0,1.0,0,30.19027
D:\DPS 920\DPS920_final_project\IMG\center_2026_07_28_11_07_18_854.jpg,D:\DPS 920\DPS920_final_project\IMG\left_2026_07_28_11_07_18_854.jpg,D:\DPS 920\DPS920_final_project\IMG\right_2026_07_28_11_07_18_854.jpg,0.0,1.0,0,30.18736
D:\DPS 920\DPS920_final_project\IMG\center_2026_07_28_11_21_29_131.jpg,D:\DPS 920\DPS920_final_project\IMG\left_2026_07_28_11_21_29_131.jpg,D:\DPS 920\DPS920_final_project\IMG\right_2026_07_28_11_21_29_131.jpg,-0.15,1.0,0,30.18543
D:\DPS 920\DPS920_final_project\IMG\center_2026_07_28_11_07_03_041.jpg,D:\DPS 920\DPS920_final_project\IMG\left_2026_07_28_11_07_03_041.jpg,D:\DPS 920\DPS920_final_project\IMG\right_2026_07_28_11_07_03_041.jpg,0.05,1.0,0,30.18974
D:\DPS 920\DPS920_final_project\IMG\center_2026_07_28_11_09_21_686.jpg,D:\DPS 920\DPS920_final_project\IMG\left_2026_07_28_11_09_21_686.jpg,D:\DPS 920\DPS920_final_project\IMG\right_2026_07_28_11_09_21_686.jpg,0.05,1.0,0,30.18966
D:\DPS 920\DPS920_final_project\IMG\center_2026_07_28_11_08_34_371.jpg,D:\DPS 920\DPS920_final_project\IMG\left_2026_07_28_11_08_34_371.jpg,D:\DPS 920\DPS920_final_project\IMG\right_2026_07_28_11_08_34_371.jpg,0.15,1.0,0,30.18559
D:\DPS 920\DPS920_final_project\IMG\center_2026_07_28_11_22_45_394.jpg,D:\DPS 920\DPS920_final_project\IMG\left_2026_07_28_11_22_45_394.jpg,D:\DPS 920\DPS920_final_project\IMG\right_2026_07_28_11_22_45_394.jpg,0.0,1.0,0,30.18985
D:\DPS 920\DPS920_final_project\IMG\center_2026_07_28_11_22_31_840.jpg,D:\DPS 920\DPS920_final_project\IMG\left_2026_07_28_11_22_31_840.jpg,D:\DPS 920\DPS920_final_project\IMG\right_2026_07_28_11_22_31_840.jpg,0.1,1.0,0,30.18984
D:\DPS 920\DPS920_final_project\IMG\center_2026_07_28_11_06_25_652.jpg,D:\DPS 920\DPS920_final_project\IMG\left_2026_07_28_11_06_25_652.jpg,D:\DPS 920\DPS920_final_project\IMG\right_2026_07_28_11_06_25_652.jpg,0.0,1.0,0,30.19065
D:\DPS 920\DPS920_final_project\IMG\center_2026_07_28_11_07_16_411.jpg,D:\DPS 920\DPS920_final_project\IMG\left_2026_07_28_11_07_16_411.jpg,D:\DPS 920\DPS920_final_project\IMG\right_2026_07_28_11_07_16_411.jpg,0.15,1.0,0,30.18542
D:\DPS 920\DPS920_final_project\IMG\center_2026_07_28_11_20_08_592.jpg,D:\DPS 920\DPS920_final_project\IMG\left_2026_07_28_11_20_08_592.jpg,D:\DPS 920\DPS920_final_project\IMG\right_2026_07_28_11_20_08_592.jpg,-0.1,1.0,0,30.188
D:\DPS 920\DPS920_final_project\IMG\center_2026_07_28_11_09_39_517.jpg,D:\DPS 920\DPS920_final_project\IMG\left_2026_07_28_11_09_39_517.jpg,D:\DPS 920\DPS920_final_project\IMG\right_2026_07_28_11_09_39_517.jpg,0.05,1.0,0,30.18973
D:\DPS 920\DPS920_final_project\IMG\center_2026_07_28_11_22_33_822.jpg,D:\DPS 920\DPS920_final_project\IMG\left_2026_07_28_11_22_33_822.jpg,D:\DPS 920\DPS920_final_project\IMG\right_2026_07_28_11_22_33_822.jpg,0.2,1.0,0,30.18314
D:\DPS 920\DPS920_final_project\IMG\center_2026_07_28_11_08_05_907.jpg,D:\DPS 920\DPS920_final_project\IMG\left_2026_07_28_11_08_05_907.jpg,D:\DPS 920\DPS920_final_project\IMG\right_2026_07_28_11_08_05_907.jpg,0.2,1.0,0,30.18067
D:\DPS 920\DPS920_final_project\IMG\center_2026_07_28_11_22_23_456.jpg,D:\DPS 920\DPS920_final_project\IMG\left_2026_07_28_11_22_23_456.jpg,D:\DPS 920\DPS920_final_project\IMG\right_2026_07_28_11_22_23_456.jpg,-0.25,1.0,0,30.17521
D:\DPS 920\DPS920_final_project\IMG\center_2026_07_28_11_22_21_669.jpg,D:\DPS 920\DPS920_final_project\IMG\left_2026_07_28_11_22_21_669.jpg,D:\DPS 920\DPS920_final_project\IMG\right_2026_07_28_11_22_21_669.jpg,-0.4,1.0,0,30.15969
D:\DPS 920\DPS920_final_project\IMG\center_2026_07_28_11_20_58_306.jpg,D:\DPS 920\DPS920_final_project\IMG\left_2026_07_28_11_20_58_306.jpg,D:\DPS 920\DPS920_final_project\IMG\right_2026_07_28_11_20_58_306.jpg,-0.15,1.0,0,30.18797
D:\DPS 920\DPS920_final_project\IMG\center_2026_07_28_11_06_25_081.jpg,D:\DPS 920\DPS920_final_project\IMG\left_2026_07_28_11_06_25_081.jpg,D:\DPS 920\DPS920_final_project\IMG\right_2026_07_28_11_06_25_081.jpg,0.0,1.0,0,30.19067
D:\DPS 920\DPS920_final_project\IMG\center_2026_07_28_11_21_43_252.jpg,D:\DPS 920\DPS920_final_project\IMG\left_2026_07_28_11_21_43_252.jpg,D:\DPS 920\DPS920_final_project\IMG\right_2026_07_28_11_21_43_252.jpg,0.0,1.0,0,30.19029
D:\DPS 920\DPS920_final_project\IMG\center_2026_07_28_11_08_08_660.jpg,D:\DPS 920\DPS920_final_project\IMG\left_2026_07_28_11_08_08_660.jpg,D:\DPS 920\DPS920_final_project\IMG\right_2026_07_28_11_08_08_660.jpg,0.15,1.0,0,30.18324
D:\DPS 920\DPS920_final_project\IMG\center_2026_07_28_11_06_25_154.jpg,D:\DPS 920\DPS920_final_project\IMG\left_2026_07_28_11_06_25_154.jpg,D:\DPS 920\DPS920_final_project\IMG\right_2026_07_28_11_06_25_154.jpg,0.0,1.0,0,30.19066
D:\DPS 920\DPS920_final_project\IMG\center_2026_07_28_11_06_07_350.jpg,D:\DPS 920\DPS920_final_project\IMG\left_2026_07_28_11_06_07_350.jpg,D:\DPS 920\DPS920_final_project\IMG\right_2026_07_28_11_06_07_350.jpg,-0.25,1.0,0,30.17577
D:\DPS 920\DPS920_final_project\IMG\center_2026_07_28_11_10_22_895.jpg,D:\DPS 920\DPS920_final_project\IMG\left_2026_07_28_11_10_22_895.jpg,D:\DPS 920\DPS920_final_project\IMG\right_2026_07_28_11_10_22_895.jpg,0.25,1.0,0,30.17758
D:\DPS 920\DPS920_final_project\IMG\center_2026_07_28_11_22_24_731.jpg,D:\DPS 920\DPS920_final_project\IMG\left_2026_07_28_11_22_24_731.jpg,D:\DPS 920\DPS920_final_project\IMG\right_2026_07_28_11_22_24_731.jpg,-0.05,1.0,0,30.18981
D:\DPS 920\DPS920_final_project\IMG\center_2026_07_28_11_08_40_024.jpg,D:\DPS 920\DPS920_final_project\IMG\left_2026_07_28_11_08_40_024.jpg,D:\DPS 920\DPS920_final_project\IMG\right_2026_07_28_11_08_40_024.jpg,0.0,1.0,0,30.18926
D:\DPS 920\DPS920_final_project\IMG\center_2026_07_28_11_07_55_971.jpg,D:\DPS 920\DPS920_final_project\IMG\left_2026_07_28_11_07_55_971.jpg,D:\DPS 920\DPS920_final_project\IMG\right_2026_07_28_11_07_55_971.jpg,0.15,1.0,0,30.18589
D:\DPS 920\DPS920_final_project\IMG\center_2026_07_28_11_07_19_925.jpg,D:\DPS 920\DPS920_final_project\IMG\left_2026_07_28_11_07_19_925.jpg,D:\DPS 920\DPS920_final_project\IMG\right_2026_07_28_11_07_19_925.jpg,0.0,1.0,0,30.19133
D:\DPS 920\DPS920_final_project\IMG\center_2026_07_28_11_10_27_005.jpg,D:\DPS 920\DPS920_final_project\IMG\left_2026_07_28_11_10_27_005.jpg,D:\DPS 920\DPS920_final_project\IMG\right_2026_07_28_11_10_27_005.jpg,0.2,1.0,0,30.18764
D:\DPS 920\DPS920_final_project\IMG\center_2026_07_28_11_21_08_864.jpg,D:\DPS 920\DPS920_final_project\IMG\left_2026_07_28_11_21_08_864.jpg,D:\DPS 920\DPS920_final_project\IMG\right_2026_07_28_11_21_08_864.jpg,0.9000002,1.0,0,30.10143
D:\DPS 920\DPS920_final_project\IMG\center_2026_07_28_11_21_53_665.jpg,D:\DPS 920\DPS920_final_project\IMG\left_2026_07_28_11_21_53_665.jpg,D:\DPS 920\DPS920_final_project\IMG\right_2026_07_28_11_21_53_665.jpg,-0.1,1.0,0,30.18815
D:\DPS 920\DPS920_final_project\IMG\center_2026_07_28_11_22_18_966.jpg,D:\DPS 920\DPS920_final_project\IMG\left_2026_07_28_11_22_18_966.jpg,D:\DPS 920\DPS920_final_project\IMG\right_2026_07_28_11_22_18_966.jpg,0.0,1.0,0,30.1897
D:\DPS 920\DPS920_final_project\IMG\center_2026_07_28_11_08_32_040.jpg,D:\DPS 920\DPS920_final_project\IMG\left_2026_07_28_11_08_32_040.jpg,D:\DPS 920\DPS920_final_project\IMG\right_2026_07_28_11_08_32_040.jpg,0.2,1.0,0,30.18009
D:\DPS 920\DPS920_final_project\IMG\center_2026_07_28_11_22_25_477.jpg,D:\DPS 920\DPS920_final_project\IMG\left_2026_07_28_11_22_25_477.jpg,D:\DPS 920\DPS920_final_project\IMG\right_2026_07_28_11_22_25_477.jpg,0.0,1.0,0,30.18934
D:\DPS 920\DPS920_final_project\IMG\center_2026_07_28_11_21_10_140.jpg,D:\DPS 920\DPS920_final_project\IMG\left_2026_07_28_11_21_10_140.jpg,D:\DPS 920\DPS920_final_project\IMG\right_2026_07_28_11_21_10_140.jpg,0.25,1.0,0,30.1783
D:\DPS 920\DPS920_final_project\IMG\center_2026_07_28_11_20_14_658.jpg,D:\DPS 920\DPS920_final_project\IMG\left_2026_07_28_11_20_14_658.jpg,D:\DPS 920\DPS920_final_project\IMG\right_2026_07_28_11_20_14_658.jpg,-0.1,1.0,0,30.18775
D:\DPS 920\DPS920_final_project\IMG\center_2026_07_28_11_07_50_176.jpg,D:\DPS 920\DPS920_final_project\IMG\left_2026_07_28_11_07_50_176.jpg,D:\DPS 920\DPS920_final_project\IMG\right_2026_07_28_11_07_50_176.jpg,0.0,1.0,0,30.19065
D:\DPS 920\DPS920_final_project\IMG\center_2026_07_28_11_06_53_947.jpg,D:\DPS 920\DPS920_final_project\IMG\left_2026_07_28_11_06_53_947.jpg,D:\DPS 920\DPS920_final_project\IMG\right_2026_07_28_11_06_53_947.jpg,0.0,1.0,0,30.19024
D:\DPS 920\DPS920_final_project\IMG\center_2026_07_28_11_10_21_570.jpg,D:\DPS 920\DPS920_final_project\IMG\left_2026_07_28_11_10_21_570.jpg,D:\DPS 920\DPS920_final_project\IMG\right_2026_07_28_11_10_21_570.jpg,0.0,1.0,0,30.19029
D:\DPS 920\DPS920_final_project\IMG\center_2026_07_28_11_07_14_338.jpg,D:\DPS 920\DPS920_final_project\IMG\left_2026_07_28_11_07_14_338.jpg,D:\DPS 920\DPS920_final_project\IMG\right_2026_07_28_11_07_14_338.jpg,0.2,1.0,0,30.18164
D:\DPS 920\DPS920_final_project\IMG\center_2026_07_28_11_07_29_928.jpg,D:\DPS 920\DPS920_final_project\IMG\left_2026_07_28_11_07_29_928.jpg,D:\DPS 920\DPS920_final_project\IMG\right_2026_07_28_11_07_29_928.jpg,-0.15,1.0,0,30.18987
D:\DPS 920\DPS920_final_project\IMG\center_2026_07_28_11_09_37_286.jpg,D:\DPS 920\DPS920_final_project\IMG\left_2026_07_28_11_09_37_286.jpg,D:\DPS 920\DPS920_final_project\IMG\right_2026_07_28_11_09_37_286.jpg,0.0,1.0,0,30.1903
D:\DPS 920\DPS920_final_project\IMG\center_2026_07_28_11_21_56_547.jpg,D:\DPS 920\DPS920_final_project\IMG\left_2026_07_28_11_21_56_547.jpg,D:\DPS 920\DPS920_final_project\IMG\right_2026_07_28_11_21_56_547.jpg,0.0,1.0,0,30.19041
D:\DPS 920\DPS920_final_project\IMG\center_2026_07_28_11_09_24_889.jpg,D:\DPS 920\DPS920_final_project\IMG\left_2026_07_28_11_09_24_889.jpg,D:\DPS 920\DPS920_final_project\IMG\right_2026_07_28_11_09_24_889.jpg,0.1,1.0,0,30.18943
D:\DPS 920\DPS920_final_project\IMG\center_2026_07_28_11_22_32_552.jpg,D:\DPS 920\DPS920_final_project\IMG\left_2026_07_28_11_22_32_552.jpg,D:\DPS 920\DPS920_final_project\IMG\right_2026_07_28_11_22_32_552.jpg,0.35,1.0,0,30.16665
D:\DPS 920\DPS920_final_project\IMG\center_2026_07_28_11_06_29_847.jpg,D:\DPS 920\DPS920_final_project\IMG\left_2026_07_28_11_06_29_847.jpg,D:\DPS 920\DPS920_final_project\IMG\right_2026_07_28_11_06_29_847.jpg,0.2,1.0,0,30.17985
D:\DPS 920\DPS920_final_project\IMG\center_2026_07_28_11_20_03_136.jpg,D:\DPS 920\DPS920_final_project\IMG\left_2026_07_28_11_20_03_136.jpg,D:\DPS 920\DPS920_final_project\IMG\right_2026_07_28_11_20_03_136.jpg,-0.1,1.0,0,30.18955
D:\DPS 920\DPS920_final_project\IMG\center_2026_07_28_11_08_33_881.jpg,D:\DPS 920\DPS920_final_project\IMG\left_2026_07_28_11_08_33_881.jpg,D:\DPS 920\DPS920_final_project\IMG\right_2026_07_28_11_08_33_881.jpg,0.15,1.0,0,30.185
D:\DPS 920\DPS920_final_project\IMG\center_2026_07_28_11_10_00_353.jpg,D:\DPS 920\DPS920_final_project\IMG\left_2026_07_28_11_10_00_353.jpg,D:\DPS 920\DPS920_final_project\IMG\right_2026_07_28_11_10_00_353.jpg,0.15,1.0,0,30.18559
D:\DPS 920\DPS920_final_project\IMG\center_2026_07_28_11_06_37_719.jpg,D:\DPS 920\DPS920_final_project\IMG\left_2026_07_28_11_06_37_719.jpg,D:\DPS 920\DPS920_final_project\IMG\right_2026_07_28_11_06_37_719.jpg,0.25,1.0,0,30.17774
D:\DPS 920\DPS920_final_project\IMG\center_2026_07_28_11_07_56_333.jpg,D:\DPS 920\DPS920_final_project\IMG\left_2026_07_28_11_07_56_333.jpg,D:\DPS 920\DPS920_final_project\IMG\right_2026_07_28_11_07_56_333.jpg,0.0,1.0,0,30.19032
D:\DPS 920\DPS920_final_project\IMG\center_2026_07_28_11_09_25_198.jpg,D:\DPS 920\DPS920_final_project\IMG\left_2026_07_28_11_09_25_198.jpg,D:\DPS 920\DPS920_final_project\IMG\right_2026_07_28_11_09_25_198.jpg,0.15,1.0,0,30.18721
D:\DPS 920\DPS920_final_project\IMG\center_2026_07_28_11_07_09_104.jpg,D:\DPS 920\DPS920_final_project\IMG\left_2026_07_28_11_07_09_104.jpg,D:\DPS 920\DPS920_final_project\IMG\right_2026_07_28_11_07_09_104.jpg,0.0,1.0,0,30.19046
D:\DPS 920\DPS920_final_project\IMG\center_2026_07_28_11_19_58_175.jpg,D:\DPS 920\DPS920_final_project\IMG\left_2026_07_28_11_19_58_175.jpg,D:\DPS 920\DPS920_final_project\IMG\right_2026_07_28_11_19_58_175.jpg,0.0,1.0,0,30.18887
D:\DPS 920\DPS920_final_project\IMG\center_2026_07_28_11_08_39_872.jpg,D:\DPS 920\DPS920_final_project\IMG\left_2026_07_28_11_08_39_872.jpg,D:\DPS 920\DPS920_final_project\IMG\right_2026_07_28_11_08_39_872.jpg,0.1,1.0,0,30.19018
D:\DPS 920\DPS920_final_project\IMG\center_2026_07_28_11_08_51_162.jpg,D:\DPS 920\DPS920_final_project\IMG\left_2026_07_28_11_08_51_162.jpg,D:\DPS 920\DPS920_final_project\IMG\right_2026_07_28_11_08_51_162.jpg,-0.05,1.0,0,30.18832
D:\DPS 920\DPS920_final_project\IMG\center_2026_07_28_11_09_01_783.jpg,D:\DPS 920\DPS920_final_project\IMG\left_2026_07_28_11_09_01_783.jpg,D:\DPS 920\DPS920_final_project\IMG\right_2026_07_28_11_09_01_783.jpg,0.5000001,1.0,0,30.14797
D:\DPS 920\DPS920_final_project\IMG\center_2026_07_28_11_08_52_085.jpg,D:\DPS 920\DPS920_final_project\IMG\left_2026_07_28_11_08_52_085.jpg,D:\DPS 920\DPS920_final_project\IMG\right_2026_07_28_11_08_52_085.jpg,-0.9000002,1.0,0,30.10169
D:\DPS 920\DPS920_final_project\IMG\center_2026_07_28_11_22_51_365.jpg,D:\DPS 920\DPS920_final_project\IMG\left_2026_07_28_11_22_51_365.jpg,D:\DPS 920\DPS920_final_project\IMG\right_2026_07_28_11_22_51_365.jpg,-0.25,1.0,0,30.17665
D:\DPS 920\DPS920_final_project\IMG\center_2026_07_28_11_21_28_632.jpg,D:\DPS 920\DPS920_final_project\IMG\left_2026_07_28_11_21_28_632.jpg,D:\DPS 920\DPS920_final_project\IMG\right_2026_07_28_11_21_28_632.jpg,-0.15,1.0,0,30.18573
D:\DPS 920\DPS920_final_project\IMG\center_2026_07_28_11_10_04_017.jpg,D:\DPS 920\DPS920_final_project\IMG\left_2026_07_28_11_10_04_017.jpg,D:\DPS 920\DPS920_final_project\IMG\right_2026_07_28_11_10_04_017.jpg,0.0,1.0,0,30.18601
D:\DPS 920\DPS920_final_project\IMG\center_2026_07_28_11_22_18_661.jpg,D:\DPS 920\DPS920_final_project\IMG\left_2026_07_28_11_22_18_661.jpg,D:\DPS 920\DPS920_final_project\IMG\right_2026_07_28_11_22_18_661.jpg,-0.2,1.0,0,30.17983
D:\DPS 920\DPS920_final_project\IMG\center_2026_07_28_11_21_33_915.jpg,D:\DPS 920\DPS920_final_project\IMG\left_2026_07_28_11_21_33_915.jpg,D:\DPS 920\DPS920_final_project\IMG\right_2026_07_28_11_21_33_915.jpg,-0.15,1.0,0,30.18424
D:\DPS 920\DPS920_final_project\IMG\center_2026_07_28_11_06_41_121.jpg,D:\DPS 920\DPS920_final_project\IMG\left_2026_07_28_11_06_41_121.jpg,D:\DPS 920\DPS920_final_project\IMG\right_2026_07_28_11_06_41_121.jpg,0.15,1.0,0,30.1837
D:\DPS 920\DPS920_final_project\IMG\center_2026_07_28_11_07_38_979.jpg,D:\DPS 920\DPS920_final_project\IMG\left_2026_07_28_11_07_38_979.jpg,D:\DPS 920\DPS920_final_project\IMG\right_2026_07_28_11_07_38_979.jpg,0.3,1.0,0,30.1756
D:\DPS 920\DPS920_final_project\IMG\center_2026_07_28_11_07_59_212.jpg,D:\DPS 920\DPS920_final_project\IMG\left_2026_07_28_11_07_59_212.jpg,D:\DPS 920\DPS920_final_project\IMG\right_2026_07_28_11_07_59_212.jpg,0.2,1.0,0,30.18079
D:\DPS 920\DPS920_final_project\IMG\center_2026_07_28_11_07_28_903.jpg,D:\DPS 920\DPS920_final_project\IMG\left_2026_07_28_11_07_28_903.jpg,D:\DPS 920\DPS920_final_project\IMG\right_2026_07_28_11_07_28_903.jpg,-0.7500002,1.0,0,30.11612
D:\DPS 920\DPS920_final_project\IMG\center_2026_07_28_11_08_00_450.jpg,D:\DPS 920\DPS920_final_project\IMG\left_2026_07_28_11_08_00_450.jpg,D:\DPS 920\DPS920_final_project\IMG\right_2026_07_28_11_08_00_450.jpg,0.1,1.0,0,30.18794
D:\DPS 920\DPS920_final_project\IMG\center_2026_07_28_11_10_08_225.jpg,D:\DPS 920\DPS920_final_project\IMG\left_2026_07_28_11_10_08_225.jpg,D:\DPS 920\DPS920_final_project\IMG\right_2026_07_28_11_10_08_225.jpg,0.05,1.0,0,30.19025
D:\DPS 920\DPS920_final_project\IMG\center_2026_07_28_11_10_23_606.jpg,D:\DPS 920\DPS920_final_project\IMG\left_2026_07_28_11_10_23_606.jpg,D:\DPS 920\DPS920_final_project\IMG\right_2026_07_28_11_10_23_606.jpg,0.15,1.0,0,30.18614
D:\DPS 920\DPS920_final_project\IMG\center_2026_07_28_11_07_12_342.jpg,D:\DPS 920\DPS920_final_project\IMG\left_2026_07_28_11_07_12_342.jpg,D:\DPS 920\DPS920_final_project\IMG\right_2026_07_28_11_07_12_342.jpg,0.05,1.0,0,30.18977
D:\DPS 920\DPS920_final_project\IMG\center_2026_07_28_11_06_05_938.jpg,D:\DPS 920\DPS920_final_project\IMG\left_2026_07_28_11_06_05_938.jpg,D:\DPS 920\DPS920_final_project\IMG\right_2026_07_28_11_06_05_938.jpg,-0.7,1.0,0,30.12486
D:\DPS 920\DPS920_final_project\IMG\center_2026_07_28_11_07_30_520.jpg,D:\DPS 920\DPS920_final_project\IMG\left_2026_07_28_11_07_30_520.jpg,D:\DPS 920\DPS920_final_project\IMG\right_2026_07_28_11_07_30_520.jpg,-0.5500001,1.0,0,30.14165
D:\DPS 920\DPS920_final_project\IMG\center_2026_07_28_11_21_26_045.jpg,D:\DPS 920\DPS920_final_project\IMG\left_2026_07_28_11_21_26_045.jpg,D:\DPS 920\DPS920_final_project\IMG\right_2026_07_28_11_21_26_045.jpg,0.0,1.0,0,30.19016
D:\DPS 920\DPS920_final_project\IMG\center_2026_07_28_11_08_08_795.jpg,D:\DPS 920\DPS920_final_project\IMG\left_2026_07_28_11_08_08_795.jpg,D:\DPS 920\DPS920_final_project\IMG\right_2026_07_28_11_08_08_795.jpg,0.0,1.0,0,30.19008
D:\DPS 920\DPS920_final_project\IMG\center_2026_07_28_11_06_03_818.jpg,D:\DPS 920\DPS920_final_project\IMG\left_2026_07_28_11_06_03_818.jpg,D:\DPS 920\DPS920_final_project\IMG\right_2026_07_28_11_06_03_818.jpg,-0.1,1.0,0,30.18787
D:\DPS 920\DPS920_final_project\IMG\center_2026_07_28_11_21_19_159.jpg,D:\DPS 920\DPS920_final_project\IMG\left_2026_07_28_11_21_19_159.jpg,D:\DPS 920\DPS920_final_project\IMG\right_2026_07_28_11_21_19_159.jpg,0.0,1.0,0,30.18534
D:\DPS 920\DPS920_final_project\IMG\center_2026_07_28_11_06_41_987.jpg,D:\DPS 920\DPS920_final_project\IMG\left_2026_07_28_11_06_41_987.jpg,D:\DPS 920\DPS920_final_project\IMG\right_2026_07_28_11_06_41_987.jpg,0.0,1.0,0,30.19051
D:\DPS 920\DPS920_final_project\IMG\center_2026_07_28_11_20_20_469.jpg,D:\DPS 920\DPS920_final_project\IMG\left_2026_07_28_11_20_20_469.jpg,D:\DPS 920\DPS920_final_project\IMG\right_2026_07_28_11_20_20_469.jpg,0.0,1.0,0,30.18922
D:\DPS 920\DPS920_final_project\IMG\center_2026_07_28_11_20_08_813.jpg,D:\DPS 920\DPS920_final_project\IMG\left_2026_07_28_11_20_08_813.jpg,D:\DPS 920\DPS920_final_project\IMG\right_2026_07_28_11_20_08_813.jpg,-0.2,1.0,0,30.18223
D:\DPS 920\DPS920_final_project\IMG\center_2026_07_28_11_08_54_578.jpg,D:\DPS 920\DPS920_final_project\IMG\left_2026_07_28_11_08_54_578.jpg,D:\DPS 920\DPS920_final_project\IMG\right_2026_07_28_11_08_54_578.jpg,-0.25,1.0,0,30.17691
D:\DPS 920\DPS920_final_project\IMG\center_2026_07_28_11_09_20_195.jpg,D:\DPS 920\DPS920_final_project\IMG\left_2026_07_28_11_09_20_195.jpg,D:\DPS 920\DPS920_final_project\IMG\right_2026_07_28_11_09_20_195.jpg,0.1,1.0,0,30.18812
D:\DPS 920\DPS920_final_project\IMG\center_2026_07_28_11_07_12_553.jpg,D:\DPS 920\DPS920_final_project\IMG\left_2026_07_28_11_07_12_553.jpg,D:\DPS 920\DPS920_final_project\IMG\right_2026_07_28_11_07_12_553.jpg,0.1,1.0,0,30.18899
D:\DPS 920\DPS920_final_project\IMG\center_2026_07_28_11_10_08_970.jpg,D:\DPS 920\DPS920_final_project\IMG\left_2026_07_28_11_10_08_970.jpg,D:\DPS 920\DPS920_final_project\IMG\right_2026_07_28_11_10_08_970.jpg,0.0,1.0,0,30.19014
D:\DPS 920\DPS920_final_project\IMG\center_2026_07_28_11_07_46_786.jpg,D:\DPS 920\DPS920_final_project\IMG\left_2026_07_28_11_07_46_786.jpg,D:\DPS 920\DPS920_final_project\IMG\right_2026_07_28_11_07_46_786.jpg,0.0,1.0,0,30.19061
D:\DPS 920\DPS920_final_project\IMG\center_2026_07_28_11_19_55_127.jpg,D:\DPS 920\DPS920_final_project\IMG\left_2026_07_28_11_19_55_127.jpg,D:\DPS 920\DPS920_final_project\IMG\right_2026_07_28_11_19_55_127.jpg,-0.2,1.0,0,12.488
D:\DPS 920\DPS920_final_project\IMG\center_2026_07_28_11_22_30_050.jpg,D:\DPS 920\DPS920_final_project\IMG\left_2026_07_28_11_22_30_050.jpg,D:\DPS 920\DPS920_final_project\IMG\right_2026_07_28_11_22_30_050.jpg,0.0,1.0,0,30.18874
D:\DPS 920\DPS920_final_project\IMG\center_2026_07_28_11_07_20_065.jpg,D:\DPS 920\DPS920_final_project\IMG\left_2026_07_28_11_07_20_065.jpg,D:\DPS 920\DPS920_final_project\IMG\right_2026_07_28_11_07_20_065.jpg,0.05,1.0,0,30.19014
D:\DPS 920\DPS920_final_project\IMG\center_2026_07_28_11_05_57_344.jpg,D:\DPS 920\DPS920_final_project\IMG\left_2026_07_28_11_05_57_344.jpg,D:\DPS 920\DPS920_final_project\IMG\right_2026_07_28_11_05_57_344.jpg,0.2,1.0,0,23.46943
D:\DPS 920\DPS920_final_project\IMG\center_2026_07_28_11_08_40_607.jpg,D:\DPS 920\DPS920_final_project\IMG\left_2026_07_28_11_08_40_607.jpg,D:\DPS 920\DPS920_final_project\IMG\right_2026_07_28_11_08_40_607.jpg,0.0,1.0,0,30.17619
D:\DPS 920\DPS920_final_project\IMG\center_2026_07_28_11_20_47_677.jpg,D:\DPS 920\DPS920_final_project\IMG\left_2026_07_28_11_20_47_677.jpg,D:\DPS 920\DPS920_final_project\IMG\right_2026_07_28_11_20_47_677.jpg,0.0,1.0,0,30.18993
D:\DPS 920\DPS920_final_project\IMG\center_2026_07_28_11_09_57_769.jpg,D:\DPS 920\DPS920_final_project\IMG\left_2026_07_28_11_09_57_769.jpg,D:\DPS 920\DPS920_final_project\IMG\right_2026_07_28_11_09_57_769.jpg,0.0,1.0,0,30.19021
D:\DPS 920\DPS920_final_project\IMG\center_2026_07_28_11_07_22_503.jpg,D:\DPS 920\DPS920_final_project\IMG\left_2026_07_28_11_07_22_503.jpg,D:\DPS 920\DPS920_final_project\IMG\right_2026_07_28_11_07_22_503.jpg,0.0,1.0,0,30.18979
D:\DPS 920\DPS920_final_project\IMG\center_2026_07_28_11_10_04_703.jpg,D:\DPS 920\DPS920_final_project\IMG\left_2026_07_28_11_10_04_703.jpg,D:\DPS 920\DPS920_final_project\IMG\right_2026_07_28_11_10_04_703.jpg,0.2,1.0,0,30.18383
D:\DPS 920\DPS920_final_project\IMG\center_2026_07_28_11_22_02_411.jpg,D:\DPS 920\DPS920_final_project\IMG\left_2026_07_28_11_22_02_411.jpg,D:\DPS 920\DPS920_final_project\IMG\right_2026_07_28_11_22_02_411.jpg,0.0,1.0,0,30.18803
D:\DPS 920\DPS920_final_project\IMG\center_2026_07_28_11_09_21_195.jpg,D:\DPS 920\DPS920_final_project\IMG\left_2026_07_28_11_09_21_195.jpg,D:\DPS 920\DPS920_final_project\IMG\right_2026_07_28_11_09_21_195.jpg,0.15,1.0,0,30.18405
D:\DPS 920\DPS920_final_project\IMG\center_2026_07_28_11_06_01_414.jpg,D:\DPS 920\DPS920_final_project\IMG\left_2026_07_28_11_06_01_414.jpg,D:\DPS 920\DPS920_final_project\IMG\right_2026_07_28_11_06_01_414.jpg,0.0,1.0,0,30.19031
D:\DPS 920\DPS920_final_project\IMG\center_2026_07_28_11_07_37_092.jpg,D:\DPS 920\DPS920_final_project\IMG\left_2026_07_28_11_07_37_092.jpg,D:\DPS 920\DPS920_final_project\IMG\right_2026_07_28_11_07_37_092.jpg,0.05,1.0,0,30.18905
D:\DPS 920\DPS920_final_project\IMG\center_2026_07_28_11_07_39_194.jpg,D:\DPS 920\DPS920_final_project\IMG\left_2026_07_28_11_07_39_194.jpg,D:\DPS 920\DPS920_final_project\IMG\right_2026_07_28_11_07_39_194.jpg,0.3,1.0,0,30.17418
D:\DPS 920\DPS920_final_project\IMG\center_2026_07_28_11_08_05_218.jpg,D:\DPS 920\DPS920_final_project\IMG\left_2026_07_28_11_08_05_218.jpg,D:\DPS 920\DPS920_final_project\IMG\right_2026_07_28_11_08_05_218.jpg,0.35,1.0,0,30.16467
D:\DPS 920\DPS920_final_project\IMG\center_2026_07_28_11_20_39_490.jpg,D:\DPS 920\DPS920_final_project\IMG\left_2026_07_28_11_20_39_490.jpg,D:\DPS 920\DPS920_final_project\IMG\right_2026_07_28_11_20_39_490.jpg,-0.1,1.0,0,30.18839
D:\DPS 920\DPS920_final_project\IMG\center_2026_07_28_11_08_32_454.jpg,D:\DPS 920\DPS920_final_project\IMG\left_2026_07_28_11_08_32_454.jpg,D:\DPS 920\DPS920_final_project\IMG\right_2026_07_28_11_08_32_454.jpg,0.25,1.0,0,30.17797
D:\DPS 920\DPS920_final_project\IMG\center_2026_07_28_11_08_10_005.jpg,D:\DPS 920\DPS920_final_project\IMG\left_2026_07_28_11_08_10_005.jpg,D:\DPS 920\DPS920_final_project\IMG\right_2026_07_28_11_08_10_005.jpg,0.15,1.0,0,30.18465
D:\DPS 920\DPS920_final_project\IMG\center_2026_07_28_11_20_22_923.jpg,D:\DPS 920\DPS920_final_project\IMG\left_2026_07_28_11_20_22_923.jpg,D:\DPS 920\DPS920_final_project\IMG\right_2026_07_28_11_20_22_923.jpg,0.0,1.0,0,30.19035
D:\DPS 920\DPS920_final_project\IMG\center_2026_07_28_11_22_10_532.jpg,D:\DPS 920\DPS920_final_project\IMG\left_2026_07_28_11_22_10_532.jpg,D:\DPS 920\DPS920_final_project\IMG\right_2026_07_28_11_22_10_532.jpg,0.0,1.0,0,30.1899
D:\DPS 920\DPS920_final_project\IMG\center_2026_07_28_11_10_13_988.jpg,D:\DPS 920\DPS920_final_project\IMG\left_2026_07_28_11_10_13_988.jpg,D:\DPS 920\DPS920_final_project\IMG\right_2026_07_28_11_10_13_988.jpg,-0.2,1.0,0,30.18318
D:\DPS 920\DPS920_final_project\IMG\center_2026_07_28_11_07_17_086.jpg,D:\DPS 920\DPS920_final_project\IMG\left_2026_07_28_11_07_17_086.jpg,D:\DPS 920\DPS920_final_project\IMG\right_2026_07_28_11_07_17_086.jpg,0.1,1.0,0,30.18741
D:\DPS 920\DPS920_final_project\IMG\center_2026_07_28_11_22_45_259.jpg,D:\DPS 920\DPS920_final_project\IMG\left_2026_07_28_11_22_45_259.jpg,D:\DPS 920\DPS920_final_project\IMG\right_2026_07_28_11_22_45_259.jpg,-0.05,1.0,0,30.19006
D:\DPS 920\DPS920_final_project\IMG\center_2026_07_28_11_06_09_190.jpg,D:\DPS 920\DPS920_final_project\IMG\left_2026_07_28_11_06_09_190.jpg,D:\DPS 920\DPS920_final_project\IMG\right_2026_07_28_11_06_09_190.jpg,0.0,1.0,0,30.19031
D:\DPS 920\DPS920_final_project\IMG\center_2026_07_28_11_08_20_724.jpg,D:\DPS 920\DPS920_final_project\IMG\left_2026_07_28_11_08_20_724.jpg,D:\DPS 920\DPS920_final_project\IMG\right_2026_07_28_11_08_20_724.jpg,0.0,1.0,0,30.19026
D:\DPS 920\DPS920_final_project\IMG\center_2026_07_28_11_07_01_171.jpg,D:\DPS 920\DPS920_final_project\IMG\left_2026_07_28_11_07_01_171.jpg,D:\DPS 920\DPS920_final_project\IMG\right_2026_07_28_11_07_01_171.jpg,0.15,1.0,0,30.18425
D:\DPS 920\DPS920_final_project\IMG\center_2026_07_28_11_22_34_408.jpg,D:\DPS 920\DPS920_final_project\IMG\left_2026_07_28_11_22_34_408.jpg,D:\DPS 920\DPS920_final_project\IMG\right_2026_07_28_11_22_34_408.jpg,0.05,1.0,0,30.19014
D:\DPS 920\DPS920_final_project\IMG\center_2026_07_28_11_09_38_087.jpg,D:\DPS 920\DPS920_final_project\IMG\left_2026_07_28_11_09_38_087.jpg,D:\DPS 920\DPS920_final_project\IMG\right_2026_07_28_11_09_38_087.jpg,0.0,1.0,0,30.19034
D:\DPS 920\DPS920_final_project\IMG\center_2026_07_28_11_08_36_491.jpg,D:\DPS 920\DPS920_final_project\IMG\left_2026_07_28_11_08_36_491.jpg,D:\DPS 920\DPS920_final_project\IMG\right_2026_07_28_11_08_36_491.jpg,0.05,1.0,0,30.18989
D:\DPS 920\DPS920_final_project\IMG\center_2026_07_28_11_06_04_633.jpg,D:\DPS 920\DPS920_final_project\IMG\left_2026_07_28_11_06_04_633.jpg,D:\DPS 920\DPS920_final_project\IMG\right_2026_07_28_11_06_04_633.jpg,0.0,1.0,0,30.18661
D:\DPS 920\DPS920_final_project\IMG\center_2026_07_28_11_21_22_788.jpg,D:\DPS 920\DPS920_final_project\IMG\left_2026_07_28_11_21_22_788.jpg,D:\DPS 920\DPS920_final_project\IMG\right_2026_07_28_11_21_22_788.jpg,-0.2,1.0,0,30.18393
D:\DPS 920\DPS920_final_project\IMG\center_2026_07_28_11_06_08_328.jpg,D:\DPS 920\DPS920_final_project\IMG\left_2026_07_28_11_06_08_328.jpg,D:\DPS 920\DPS920_final_project\IMG\right_2026_07_28_11_06_08_328.jpg,-0.15,1.0,0,30.18619
D:\DPS 920\DPS920_final_project\IMG\center_2026_07_28_11_21_06_883.jpg,D:\DPS 920\DPS920_final_project\IMG\left_2026_07_28_11_21_06_883.jpg,D:\DPS 920\DPS920_final_project\IMG\right_2026_07_28_11_21_06_883.jpg,0.25,1.0,0,30.17744
D:\DPS 920\DPS920_final_project\IMG\center_2026_07_28_11_20_37_505.jpg,D:\DPS 920\DPS920_final_project\IMG\left_2026_07_28_11_20_37_505.jpg,D:\DPS 920\DPS920_final_project\IMG\right_2026_07_28_11_20_37_505.jpg,-0.15,1.0,0,30.18787
D:\DPS 920\DPS920_final_project\IMG\center_2026_07_28_11_21_47_538.jpg,D:\DPS 920\DPS920_final_project\IMG\left_2026_07_28_11_21_47_538.jpg,D:\DPS 920\DPS920_final_project\IMG\right_2026_07_28_11_21_47_538.jpg,0.0,1.0,0,30.19026
D:\DPS 920\DPS920_final_project\IMG\center_2026_07_28_11_08_42_215.jpg,D:\DPS 920\DPS920_final_project\IMG\left_2026_07_28_11_08_42_215.jpg,D:\DPS 920\DPS920_final_project\IMG\right_2026_07_28_11_08_42_215.jpg,0.05,1.0,0,30.19076
D:\DPS 920\DPS920_final_project\IMG\center_2026_07_28_11_09_52_135.jpg,D:\DPS 920\DPS920_final_project\IMG\left_2026_07_28_11_09_52_135.jpg,D:\DPS 920\DPS920_final_project\IMG\right_2026_07_28_11_09_52_135.jpg,0.0,1.0,0,30.18995
D:\DPS 920\DPS920_final_project\IMG\center_2026_07_28_11_06_10_848.jpg,D:\DPS 920\DPS920_final_project\IMG\left_2026_07_28_11_06_10_848.jpg,D:\DPS 920\DPS920_final_project\IMG\right_2026_07_28_11_06_10_848.jpg,0.15,1.0,0,30.18396
D:\DPS 920\DPS920_final_project\IMG\center_2026_07_28_11_20_39_782.jpg,D:\DPS 920\DPS920_final_project\IMG\left_2026_07_28_11_20_39_782.jpg,D:\DPS 920\DPS920_final_project\IMG\right_2026_07_28_11_20_39_782.jpg,-0.05,1.0,0,30.19003
D:\DPS 920\DPS920_final_project\IMG\center_2026_07_28_11_07_17_159.jpg,D:\DPS 920\DPS920_final_project\IMG\left_2026_07_28_11_07_17_159.jpg,D:\DPS 920\DPS920_final_project\IMG\right_2026_07_28_11_07_17_159.jpg,0.3,1.0,0,30.1697
D:\DPS 920\DPS920_final_project\IMG\center_2026_07_28_11_09_23_068.jpg,D:\DPS 920\DPS920_final_project\IMG\left_2026_07_28_11_09_23_068.jpg,D:\DPS 920\DPS920_final_project\IMG\right_2026_07_28_11_09_23_068.jpg,0.3,1.0,0,30.17171
D:\DPS 920\DPS920_final_project\IMG\center_2026_07_28_11_22_39_433.jpg,D:\DPS 920\DPS920_final_project\IMG\left_2026_07_28_11_22_39_433.jpg,D:\DPS 920\DPS920_final_project\IMG\right_2026_07_28_11_22_39_433.jpg,-0.2,1.0,0,30.18285
D:\DPS 920\DPS920_final_project\IMG\center_2026_07_28_11_06_52_757.jpg,D:\DPS 920\DPS920_final_project\IMG\left_2026_07_28_11_06_52_757.jpg,D:\DPS 920\DPS920_final_project\IMG\right_2026_07_28_11_06_52_757.jpg,0.1,1.0,0,30.18785
D:\DPS 920\DPS920_final_project\IMG\center_2026_07_28_11_09_19_167.jpg,D:\DPS 920\DPS920_final_project\IMG\left_2026_07_28_11_09_19_167.jpg,D:\DPS 920\DPS920_final_project\IMG\right_2026_07_28_11_09_19_167.jpg,0.0,1.0,0,30.19016
D:\DPS 920\DPS920_final_project\IMG\center_2026_07_28_11_06_26_531.jpg,D:\DPS 920\DPS920_final_project\IMG\left_2026_07_28_11_06_26_531.jpg,D:\DPS 920\DPS920_final_project\IMG\right_2026_07_28_11_06_26_531.jpg,0.0,1.0,0,30.19061
D:\DPS 920\DPS920_final_project\IMG\center_2026_07_28_11_10_30_007.jpg,D:\DPS 920\DPS920_final_project\IMG\left_2026_07_28_11_10_30_007.jpg,D:\DPS 920\DPS920_final_project\IMG\right_2026_07_28_11_10_30_007.jpg,0.3,1.0,0,30.16926
D:\DPS 920\DPS920_final_project\IMG\center_2026_07_28_11_07_14_060.jpg,D:\DPS 920\DPS920_final_project\IMG\left_2026_07_28_11_07_14_060.jpg,D:\DPS 920\DPS920_final_project\IMG\right_2026_07_28_11_07_14_060.jpg,0.05,1.0,0,30.19084
D:\DPS 920\DPS920_final_project\IMG\center_2026_07_28_11_08_58_020.jpg,D:\DPS 920\DPS920_final_project\IMG\left_2026_07_28_11_08_58_020.jpg,D:\DPS 920\DPS920_final_project\IMG\right_2026_07_28_11_08_58_020.jpg,0.2,1.0,0,30.181
D:\DPS 920\DPS920_final_project\IMG\center_2026_07_28_11_07_52_134.jpg,D:\DPS 920\DPS920_final_project\IMG\left_2026_07_28_11_07_52_134.jpg,D:\DPS 920\DPS920_final_project\IMG\right_2026_07_28_11_07_52_134.jpg,0.0,1.0,0,30.19068
D:\DPS 920\DPS920_final_project\IMG\center_2026_07_28_11_09_04_490.jpg,D:\DPS 920\DPS920_final_project\IMG\left_2026_07_28_11_09_04_490.jpg,D:\DPS 920\DPS920_final_project\IMG\right_2026_07_28_11_09_04_490.jpg,-0.1,1.0,0,30.18436
D:\DPS 920\DPS920_final_project\IMG\center_2026_07_28_11_06_13_677.jpg,D:\DPS 920\DPS920_final_project\IMG\left_2026_07_28_11_06_13_677.jpg,D:\DPS 920\DPS920_final_project\IMG\right_2026_07_28_11_06_13_677.jpg,0.3,1.0,0,30.17361
D:\DPS 920\DPS920_final_project\IMG\center_2026_07_28_11_05_59_003.jpg,D:\DPS 920\DPS920_final_project\IMG\left_2026_07_28_11_05_59_003.jpg,D:\DPS 920\DPS920_final_project\IMG\right_2026_07_28_11_05_59_003.jpg,0.05,1.0,0,30.19022
D:\DPS 920\DPS920_final_project\IMG\center_2026_07_28_11_07_58_995.jpg,D:\DPS 920\DPS920_final_project\IMG\left_2026_07_28_11_07_58_995.jpg,D:\DPS 920\DPS920_final_project\IMG\right_2026_07_28_11_07_58_995.jpg,0.0,1.0,0,30.18669
D:\DPS 920\DPS920_final_project\IMG\center_2026_07_28_11_09_54_844.jpg,D:\DPS 920\DPS920_final_project\IMG\left_2026_07_28_11_09_54_844.jpg,D:\DPS 920\DPS920_final_project\IMG\right_2026_07_28_11_09_54_844.jpg,0.25,1.0,0,30.17486
D:\DPS 920\DPS920_final_project\IMG\center_2026_07_28_11_07_43_572.jpg,D:\DPS 920\DPS920_final_project\IMG\left_2026_07_28_11_07_43_572.jpg,D:\DPS 920\DPS920_final_project\IMG\right_2026_07_28_11_07_43_572.jpg,0.0,1.0,0,30.1903
D:\DPS 920\DPS920_final_project\IMG\center_2026_07_28_11_07_33_611.jpg,D:\DPS 920\DPS920_final_project\IMG\left_2026_07_28_11_07_33_611.jpg,D:\DPS 920\DPS920_final_project\IMG\right_2026_07_28_11_07_33_611.jpg,0.0,1.0,0,30.19029
D:\DPS 920\DPS920_final_project\IMG\center_2026_07_28_11_20_05_340.jpg,D:\DPS 920\DPS920_final_project\IMG\left_2026_07_28_11_20_05_340.jpg,D:\DPS 920\DPS920_final_project\IMG\right_2026_07_28_11_20_05_340.jpg,-0.2,1.0,0,30.18469
D:\DPS 920\DPS920_final_project\IMG\center_2026_07_28_11_20_01_164.jpg,D:\DPS 920\DPS920_final_project\IMG\left_2026_07_28_11_20_01_164.jpg,D:\DPS 920\DPS920_final_project\IMG\right_2026_07_28_11_20_01_164.jpg,0.0,1.0,0,30.19044
D:\DPS 920\DPS920_final_project\IMG\center_2026_07_28_11_10_05_414.jpg,D:\DPS 920\DPS920_final_project\IMG\left_2026_07_28_11_10_05_414.jpg,D:\DPS 920\DPS920_final_project\IMG\right_2026_07_28_11_10_05_414.jpg,0.6000001,1.0,0,30.13469
D:\DPS 920\DPS920_final_project\IMG\center_2026_07_28_11_08_22_787.jpg,D:\DPS 920\DPS920_final_project\IMG\left_2026_07_28_11_08_22_787.jpg,D:\DPS 920\DPS920_final_project\IMG\right_2026_07_28_11_08_22_787.jpg,0.0,1.0,0,30.19029
D:\DPS 920\DPS920_final_project\IMG\center_2026_07_28_11_21_23_760.jpg,D:\DPS 920\DPS920_final_project\IMG\left_2026_07_28_11_21_23_760.jpg,D:\DPS 920\DPS920_final_project\IMG\right_2026_07_28_11_21_23_760.jpg,0.0,1.0,0,30.18619
D:\DPS 920\DPS920_final_project\IMG\center_2026_07_28_11_20_58_232.jpg,D:\DPS 920\DPS920_final_project\IMG\left_2026_07_28_11_20_58_232.jpg,D:\DPS 920\DPS920_final_project\IMG\right_2026_07_28_11_20_58_232.jpg,0.0,1.0,0,30.18944
D:\DPS 920\DPS920_final_project\IMG\center_2026_07_28_11_09_02_201.jpg,D:\DPS 920\DPS920_final_project\IMG\left_2026_07_28_11_09_02_201.jpg,D:\DPS 920\DPS920_final_project\IMG\right_2026_07_28_11_09_02_201.jpg,0.15,1.0,0,30.19297
D:\DPS 920\DPS920_final_project\IMG\center_2026_07_28_11_19_56_431.jpg,D:\DPS 920\DPS920_final_project\IMG\left_2026_07_28_11_19_56_431.jpg,D:\DPS 920\DPS920_final_project\IMG\right_2026_07_28_11_19_56_431.jpg,-0.1,1.0,0,24.97669
D:\DPS 920\DPS920_final_project\IMG\center_2026_07_28_11_06_48_102.jpg,D:\DPS 920\DPS920_final_project\IMG\left_2026_07_28_11_06_48_102.jpg,D:\DPS 920\DPS920_final_project\IMG\right_2026_07_28_11_06_48_102.jpg,0.15,1.0,0,30.18444
D:\DPS 920\DPS920_final_project\IMG\center_2026_07_28_11_07_39_892.jpg,D:\DPS 920\DPS920_final_project\IMG\left_2026_07_28_11_07_39_892.jpg,D:\DPS 920\DPS920_final_project\IMG\right_2026_07_28_11_07_39_892.jpg,0.4,1.0,0,30.16162
D:\DPS 920\DPS920_final_project\IMG\center_2026_07_28_11_22_01_348.jpg,D:\DPS 920\DPS920_final_project\IMG\left_2026_07_28_11_22_01_348.jpg,D:\DPS 920\DPS920_final_project\IMG\right_2026_07_28_11_22_01_348.jpg,-0.25,1.0,0,30.17734
D:\DPS 920\DPS920_final_project\IMG\center_2026_07_28_11_20_15_709.jpg,D:\DPS 920\DPS920_final_project\IMG\left_2026_07_28_11_20_15_709.jpg,D:\DPS 920\DPS920_final_project\IMG\right_2026_07_28_11_20_15_709.jpg,0.0,1.0,0,30.1903
D:\DPS 920\DPS920_final_project\IMG\center_2026_07_28_11_06_26_382.jpg,D:\DPS 920\DPS920_final_project\IMG\left_2026_07_28_11_06_26_382.jpg,D:\DPS 920\DPS920_final_project\IMG\right_2026_07_28_11_06_26_382.jpg,-0.1,1.0,0,30.18794
D:\DPS 920\DPS920_final_project\IMG\center_2026_07_28_11_09_07_210.jpg,D:\DPS 920\DPS920_final_project\IMG\left_2026_07_28_11_09_07_210.jpg,D:\DPS 920\DPS920_final_project\IMG\right_2026_07_28_11_09_07_210.jpg,0.15,1.0,0,30.18423
D:\DPS 920\DPS920_final_project\IMG\center_2026_07_28_11_20_23_576.jpg,D:\DPS 920\DPS920_final_project\IMG\left_2026_07_28_11_20_23_576.jpg,D:\DPS 920\DPS920_final_project\IMG\right_2026_07_28_11_20_23_576.jpg,-0.2,1.0,0,30.17962
D:\DPS 920\DPS920_final_project\IMG\center_2026_07_28_11_22_00_148.jpg,D:\DPS 920\DPS920_final_project\IMG\left_2026_07_28_11_22_00_148.jpg,D:\DPS 920\DPS920_final_project\IMG\right_2026_07_28_11_22_00_148.jpg,-0.2,1.0,0,30.17939
D:\DPS 920\DPS920_final_project\IMG\center_2026_07_28_11_06_49_130.jpg,D:\DPS 920\DPS920_final_project\IMG\left_2026_07_28_11_06_49_130.jpg,D:\DPS 920\DPS920_final_project\IMG\right_2026_07_28_11_06_49_130.jpg,0.1,1.0,0,30.18904
D:\DPS 920\DPS920_final_project\IMG\center_2026_07_28_11_09_09_797.jpg,D:\DPS 920\DPS920_final_project\IMG\left_2026_07_28_11_09_09_797.jpg,D:\DPS 920\DPS920_final_project\IMG\right_2026_07_28_11_09_09_797.jpg,0.0,1.0,0,30.19062
D:\DPS 920\DPS920_final_project\IMG\center_2026_07_28_11_07_21_816.jpg,D:\DPS 920\DPS920_final_project\IMG\left_2026_07_28_11_07_21_816.jpg,D:\DPS 920\DPS920_final_project\IMG\right_2026_07_28_11_07_21_816.jpg,0.1,1.0,0,30.19001
D:\DPS 920\DPS920_final_project\IMG\center_2026_07_28_11_10_15_445.jpg,D:\DPS 920\DPS920_final_project\IMG\left_2026_07_28_11_10_15_445.jpg,D:\DPS 920\DPS920_final_project\IMG\right_2026_07_28_11_10_15_445.jpg,-0.2,1.0,0,30.18573
D:\DPS 920\DPS920_final_project\IMG\center_2026_07_28_11_22_45_326.jpg,D:\DPS 920\DPS920_final_project\IMG\left_2026_07_28_11_22_45_326.jpg,D:\DPS 920\DPS920_final_project\IMG\right_2026_07_28_11_22_45_326.jpg,-0.2,1.0,0,30.18024
D:\DPS 920\DPS920_final_project\IMG\center_2026_07_28_11_20_10_452.jpg,D:\DPS 920\DPS920_final_project\IMG\left_2026_07_28_11_20_10_452.jpg,D:\DPS 920\DPS920_final_project\IMG\right_2026_07_28_11_20_10_452.jpg,-0.2,1.0,0,30.17953
D:\DPS 920\DPS920_final_project\IMG\center_2026_07_28_11_06_45_303.jpg,D:\DPS 920\DPS920_final_project\IMG\left_2026_07_28_11_06_45_303.jpg,D:\DPS 920\DPS920_final_project\IMG\right_2026_07_28_11_06_45_303.jpg,0.05,1.0,0,30.18958
D:\DPS 920\DPS920_final_project\IMG\center_2026_07_28_11_08_41_046.jpg,D:\DPS 920\DPS920_final_project\IMG\left_2026_07_28_11_08_41_046.jpg,D:\DPS 920\DPS920_final_project\IMG\right_2026_07_28_11_08_41_046.jpg,0.3,1.0,0,30.17066
D:\DPS 920\DPS920_final_project\IMG\center_2026_07_28_11_07_26_951.jpg,D:\DPS 920\DPS920_final_project\IMG\left_2026_07_28_11_07_26_951.jpg,D:\DPS 920\DPS920_final_project\IMG\right_2026_07_28_11_07_26_951.jpg,0.0,1.0,0,30.1903
D:\DPS 920\DPS920_final_project\IMG\center_2026_07_28_11_08_56_108.jpg,D:\DPS 920\DPS920_final_project\IMG\left_2026_07_28_11_08_56_108.jpg,D:\DPS 920\DPS920_final_project\IMG\right_2026_07_28_11_08_56_108.jpg,-0.2,1.0,0,30.17983
D:\DPS 920\DPS920_final_project\IMG\center_2026_07_28_11_21_01_690.jpg,D:\DPS 920\DPS920_final_project\IMG\left_2026_07_28_11_21_01_690.jpg,D:\DPS 920\DPS920_final_project\IMG\right_2026_07_28_11_21_01_690.jpg,-0.1,1.0,0,30.18832
D:\DPS 920\DPS920_final_project\IMG\center_2026_07_28_11_08_03_092.jpg,D:\DPS 920\DPS920_final_project\IMG\left_2026_07_28_11_08_03_092.jpg,D:\DPS 920\DPS920_final_project\IMG\right_2026_07_28_11_08_03_092.jpg,0.45,1.0,0,30.15452
D:\DPS 920\DPS920_final_project\IMG\center_2026_07_28_11_22_21_370.jpg,D:\DPS 920\DPS920_final_project\IMG\left_2026_07_28_11_22_21_370.jpg,D:\DPS 920\DPS920_final_project\IMG\right_2026_07_28_11_22_21_370.jpg,-0.15,1.0,0,30.1848
D:\DPS 920\DPS920_final_project\IMG\center_2026_07_28_11_21_20_584.jpg,D:\DPS 920\DPS920_final_project\IMG\left_2026_07_28_11_21_20_584.jpg,D:\DPS 920\DPS920_final_project\IMG\right_2026_07_28_11_21_20_584.jpg,-0.15,1.0,0,30.18917
D:\DPS 920\DPS920_final_project\IMG\center_2026_07_28_11_06_59_733.jpg,D:\DPS 920\DPS920_final_project\IMG\left_2026_07_28_11_06_59_733.jpg,D:\DPS 920\DPS920_final_project\IMG\right_2026_07_28_11_06_59_733.jpg,0.0,1.0,0,30.19031
D:\DPS 920\DPS920_final_project\IMG\center_2026_07_28_11_06_37_253.jpg,D:\DPS 920\DPS920_final_project\IMG\left_2026_07_28_11_06_37_253.jpg,D:\DPS 920\DPS920_final_project\IMG\right_2026_07_28_11_06_37_253.jpg,0.2,1.0,0,30.18115
D:\DPS 920\DPS920_final_project\IMG\center_2026_07_28_11_09_53_077.jpg,D:\DPS 920\DPS920_final_project\IMG\left_2026_07_28_11_09_53_077.jpg,D:\DPS 920\DPS920_final_project\IMG\right_2026_07_28_11_09_53_077.jpg,0.0,1.0,0,30.1903
D:\DPS 920\DPS920_final_project\IMG\center_2026_07_28_11_10_14_360.jpg,D:\DPS 920\DPS920_final_project\IMG\left_2026_07_28_11_10_14_360.jpg,D:\DPS 920\DPS920_final_project\IMG\right_2026_07_28_11_10_14_360.jpg,-0.25,1.0,0,30.17741
D:\DPS 920\DPS920_final_project\IMG\center_2026_07_28_11_09_31_568.jpg,D:\DPS 920\DPS920_final_project\IMG\left_2026_07_28_11_09_31_568.jpg,D:\DPS 920\DPS920_final_project\IMG\right_2026_07_28_11_09_31_568.jpg,0.0,1.0,0,30.19024
D:\DPS 920\DPS920_final_project\IMG\center_2026_07_28_11_07_18_483.jpg,D:\DPS 920\DPS920_final_project\IMG\left_2026_07_28_11_07_18_483.jpg,D:\DPS 920\DPS920_final_project\IMG\right_2026_07_28_11_07_18_483.jpg,0.0,1.0,0,30.19059
D:\DPS 920\DPS920_final_project\IMG\center_2026_07_28_11_09_23_989.jpg,D:\DPS 920\DPS920_final_project\IMG\left_2026_07_28_11_09_23_989.jpg,D:\DPS 920\DPS920_final_project\IMG\right_2026_07_28_11_09_23_989.jpg,0.15,1.0,0,30.18624
D:\DPS 920\DPS920_final_project\IMG\center_2026_07_28_11_06_56_753.jpg,D:\DPS 920\DPS920_final_project\IMG\left_2026_07_28_11_06_56_753.jpg,D:\DPS 920\DPS920_final_project\IMG\right_2026_07_28_11_06_56_753.jpg,0.0,1.0,0,30.19028
D:\DPS 920\DPS920_final_project\IMG\center_2026_07_28_11_20_41_212.jpg,D:\DPS 920\DPS920_final_project\IMG\left_2026_07_28_11_20_41_212.jpg,D:\DPS 920\DPS920_final_project\IMG\right_2026_07_28_11_20_41_212.jpg,-0.2,1.0,0,30.1827
D:\DPS 920\DPS920_final_project\IMG\center_2026_07_28_11_22_49_710.jpg,D:\DPS 920\DPS920_final_project\IMG\left_2026_07_28_11_22_49_710.jpg,D:\DPS 920\DPS920_final_project\IMG\right_2026_07_28_11_22_49_710.jpg,-0.05,1.0,0,30.19068
D:\DPS 920\DPS920_final_project\IMG\center_2026_07_28_11_09_02_490.jpg,D:\DPS 920\DPS920_final_project\IMG\left_2026_07_28_11_09_02_490.jpg,D:\DPS 920\DPS920_final_project\IMG\right_2026_07_28_11_09_02_490.jpg,0.05,1.0,0,30.19083
D:\DPS 920\DPS920_final_project\IMG\center_2026_07_28_11_08_36_770.jpg,D:\DPS 920\DPS920_final_project\IMG\left_2026_07_28_11_08_36_770.jpg,D:\DPS 920\DPS920_final_project\IMG\right_2026_07_28_11_08_36_770.jpg,0.3,1.0,0,30.17129
D:\DPS 920\DPS920_final_project\IMG\center_2026_07_28_11_07_42_276.jpg,D:\DPS 920\DPS920_final_project\IMG\left_2026_07_28_11_07_42_276.jpg,D:\DPS 920\DPS920_final_project\IMG\right_2026_07_28_11_07_42_276.jpg,0.25,1.0,0,30.17716
D:\DPS 920\DPS920_final_project\IMG\center_2026_07_28_11_08_37_876.jpg,D:\DPS 920\DPS920_final_project\IMG\left_2026_07_28_11_08_37_876.jpg,D:\DPS 920\DPS920_final_project\IMG\right_2026_07_28_11_08_37_876.jpg,0.1,1.0,0,30.18893
D:\DPS 920\DPS920_final_project\IMG\center_2026_07_28_11_10_16_017.jpg,D:\DPS 920\DPS920_final_project\IMG\left_2026_07_28_11_10_16_017.jpg,D:\DPS 920\DPS920_final_project\IMG\right_2026_07_28_11_10_16_017.jpg,-0.3,1.0,0,30.17756
D:\DPS 920\DPS920_final_project\IMG\center_2026_07_28_11_20_06_074.jpg,D:\DPS 920\DPS920_final_project\IMG\left_2026_07_28_11_20_06_074.jpg,D:\DPS 920\DPS920_final_project\IMG\right_2026_07_28_11_20_06_074.jpg,-0.15,1.0,0,30.18427
D:\DPS 920\DPS920_final_project\IMG\center_2026_07_28_11_07_41_626.jpg,D:\DPS 920\DPS920_final_project\IMG\left_2026_07_28_11_07_41_626.jpg,D:\DPS 920\DPS920_final_project\IMG\right_2026_07_28_11_07_41_626.jpg,0.25,1.0,0,30.17864
D:\DPS 920\DPS920_final_project\IMG\center_2026_07_28_11_22_51_073.jpg,D:\DPS 920\DPS920_final_project\IMG\left_2026_07_28_11_22_51_073.jpg,D:\DPS 920\DPS920_final_project\IMG\right_2026_07_28_11_22_51_073.jpg,-0.2,1.0,0,30.18116
D:\DPS 920\DPS920_final_project\IMG\center_2026_07_28_11_06_26_887.jpg,D:\DPS 920\DPS920_final_project\IMG\left_2026_07_28_11_06_26_887.jpg,D:\DPS 920\DPS920_final_project\IMG\right_2026_07_28_11_06_26_887.jpg,0.0,1.0,0,30.19064
D:\DPS 920\DPS920_final_project\IMG\center_2026_07_28_11_21_58_593.jpg,D:\DPS 920\DPS920_final_project\IMG\left_2026_07_28_11_21_58_593.jpg,D:\DPS 920\DPS920_final_project\IMG\right_2026_07_28_11_21_58_593.jpg,0.0,1.0,0,30.1892
D:\DPS 920\DPS920_final_project\IMG\center_2026_07_28_11_19_56_506.jpg,D:\DPS 920\DPS920_final_project\IMG\left_2026_07_28_11_19_56_506.jpg,D:\DPS 920\DPS920_final_project\IMG\right_2026_07_28_11_19_56_506.jpg,-0.3,1.0,0,25.71711
D:\DPS 920\DPS920_final_project\IMG\center_2026_07_28_11_22_31_624.jpg,D:\DPS 920\DPS920_final_project\IMG\left_2026_07_28_11_22_31_624.jpg,D:\DPS 920\DPS920_final_project\IMG\right_2026_07_28_11_22_31_624.jpg,0.45,1.0,0,30.15114
D:\DPS 920\DPS920_final_project\IMG\center_2026_07_28_11_22_10_966.jpg,D:\DPS 920\DPS920_final_project\IMG\left_2026_07_28_11_22_10_966.jpg,D:\DPS 920\DPS920_final_project\IMG\right_2026_07_28_11_22_10_966.jpg,0.0,1.0,0,30.18989
D:\DPS 920\DPS920_final_project\IMG\center_2026_07_28_11_19_57_382.jpg,D:\DPS 920\DPS920_final_project\IMG\left_2026_07_28_11_19_57_382.jpg,D:\DPS 920\DPS920_final_project\IMG\right_2026_07_28_11_19_57_382.jpg,-0.05,1.0,0,30.1903
D:\DPS 920\DPS920_final_project\IMG\center_2026_07_28_11_20_32_585.jpg,D:\DPS 920\DPS920_final_project\IMG\left_2026_07_28_11_20_32_585.jpg,D:\DPS 920\DPS920_final_project\IMG\right_2026_07_28_11_20_32_585.jpg,-0.05,1.0,0,30.1915
D:\DPS 920\DPS920_final_project\IMG\center_2026_07_28_11_22_44_618.jpg,D:\DPS 920\DPS920_final_project\IMG\left_2026_07_28_11_22_44_618.jpg,D:\DPS 920\DPS920_final_project\IMG\right_2026_07_28_11_22_44_618.jpg,-0.05,1.0,0,30.18998
D:\DPS 920\DPS920_final_project\IMG\center_2026_07_28_11_07_13_418.jpg,D:\DPS 920\DPS920_final_project\IMG\left_2026_07_28_11_07_13_418.jpg,D:\DPS 920\DPS920_final_project\IMG\right_2026_07_28_11_07_13_418.jpg,0.3,1.0,0,30.17005
D:\DPS 920\DPS920_final_project\IMG\center_2026_07_28_11_20_43_463.jpg,D:\DPS 920\DPS920_final_project\IMG\left_2026_07_28_11_20_43_463.jpg,D:\DPS 920\DPS920_final_project\IMG\right_2026_07_28_11_20_43_463.jpg,-0.2,1.0,0,30.17986
D:\DPS 920\DPS920_final_project\IMG\center_2026_07_28_11_21_59_426.jpg,D:\DPS 920\DPS920_final_project\IMG\left_2026_07_28_11_21_59_426.jpg,D:\DPS 920\DPS920_final_project\IMG\right_2026_07_28_11_21_59_426.jpg,-0.45,1.0,0,30.15178
D:\DPS 920\DPS920_final_project\IMG\center_2026_07_28_11_06_11_204.jpg,D:\DPS 920\DPS920_final_project\IMG\left_2026_07_28_11_06_11_204.jpg,D:\DPS 920\DPS920_final_project\IMG\right_2026_07_28_11_06_11_204.jpg,0.0,1.0,0,30.19034
D:\DPS 920\DPS920_final_project\IMG\center_2026_07_28_11_08_46_298.jpg,D:\DPS 920\DPS920_final_project\IMG\left_2026_07_28_11_08_46_298.jpg,D:\DPS 920\DPS920_final_project\IMG\right_2026_07_28_11_08_46_298.jpg,0.0,1.0,0,30.1902
D:\DPS 920\DPS920_final_project\IMG\center_2026_07_28_11_20_52_431.jpg,D:\DPS 920\DPS920_final_project\IMG\left_2026_07_28_11_20_52_431.jpg,D:\DPS 920\DPS920_final_project\IMG\right_2026_07_28_11_20_52_431.jpg,-0.15,1.0,0,30.18328
D:\DPS 920\DPS920_final_project\IMG\center_2026_07_28_11_09_57_413.jpg,D:\DPS 920\DPS920_final_project\IMG\left_2026_07_28_11_09_57_413.jpg,D:\DPS 920\DPS920_final_project\IMG\right_2026_07_28_11_09_57_413.jpg,0.25,1.0,0,30.17694
D:\DPS 920\DPS920_final_project\IMG\center_2026_07_28_11_08_13_695.jpg,D:\DPS 920\DPS920_final_project\IMG\left_2026_07_28_11_08_13_695.jpg,D:\DPS 920\DPS920_final_project\IMG\right_2026_07_28_11_08_13_695.jpg,0.1,1.0,0,30.18779
D:\DPS 920\DPS920_final_project\IMG\center_2026_07_28_11_10_26_633.jpg,D:\DPS 920\DPS920_final_project\IMG\left_2026_07_28_11_10_26_633.jpg,D:\DPS 920\DPS920_final_project\IMG\right_2026_07_28_11_10_26_633.jpg,0.05,1.0,0,30.1891
D:\DPS 920\DPS920_final_project\IMG\center_2026_07_28_11_20_32_868.jpg,D:\DPS 920\DPS920_final_project\IMG\left_2026_07_28_11_20_32_868.jpg,D:\DPS 920\DPS920_final_project\IMG\right_2026_07_28_11_20_32_868.jpg,-0.1,1.0,0,30.18927
D:\DPS 920\DPS920_final_project\IMG\center_2026_07_28_11_21_02_722.jpg,D:\DPS 920\DPS920_final_project\IMG\left_2026_07_28_11_21_02_722.jpg,D:\DPS 920\DPS920_final_project\IMG\right_2026_07_28_11_21_02_722.jpg,0.0,1.0,0,30.19028
D:\DPS 920\DPS920_final_project\IMG\center_2026_07_28_11_08_35_908.jpg,D:\DPS 920\DPS920_final_project\IMG\left_2026_07_28_11_08_35_908.jpg,D:\DPS 920\DPS920_final_project\IMG\right_2026_07_28_11_08_35_908.jpg,0.0,1.0,0,30.18971
D:\DPS 920\DPS920_final_project\IMG\center_2026_07_28_11_22_01_696.jpg,D:\DPS 920\DPS920_final_project\IMG\left_2026_07_28_11_22_01_696.jpg,D:\DPS 920\DPS920_final_project\IMG\right_2026_07_28_11_22_01_696.jpg,-0.2,1.0,0,30.18266
D:\DPS 920\DPS920_final_project\IMG\center_2026_07_28_11_09_22_191.jpg,D:\DPS 920\DPS920_final_project\IMG\left_2026_07_28_11_09_22_191.jpg,D:\DPS 920\DPS920_final_project\IMG\right_2026_07_28_11_09_22_191.jpg,0.05,1.0,0,30.19009
D:\DPS 920\DPS920_final_project\IMG\center_2026_07_28_11_20_59_292.jpg,D:\DPS 920\DPS920_final_project\IMG\left_2026_07_28_11_20_59_292.jpg,D:\DPS 920\DPS920_final_project\IMG\right_2026_07_28_11_20_59_292.jpg,-0.05,1.0,0,30.19146
D:\DPS 920\DPS920_final_project\IMG\center_2026_07_28_11_08_52_658.jpg,D:\DPS 920\DPS920_final_project\IMG\left_2026_07_28_11_08_52_658.jpg,D:\DPS 920\DPS920_final_project\IMG\right_2026_07_28_11_08_52_658.jpg,-0.6500001,1.0,0,30.12943
D:\DPS 920\DPS920_final_project\IMG\center_2026_07_28_11_07_41_844.jpg,D:\DPS 920\DPS920_final_project\IMG\left_2026_07_28_11_07_41_844.jpg,D:\DPS 920\DPS920_final_project\IMG\right_2026_07_28_11_07_41_844.jpg,0.0,1.0,0,30.18689
D:\DPS 920\DPS920_final_project\IMG\center_2026_07_28_11_09_51_705.jpg,D:\DPS 920\DPS920_final_project\IMG\left_2026_07_28_11_09_51_705.jpg,D:\DPS 920\DPS920_final_project\IMG\right_2026_07_28_11_09_51_705.jpg,0.05,1.0,0,30.18966
D:\DPS 920\DPS920_final_project\IMG\center_2026_07_28_11_08_53_096.jpg,D:\DPS 920\DPS920_final_project\IMG\left_2026_07_28_11_08_53_096.jpg,D:\DPS 920\DPS920_final_project\IMG\right_2026_07_28_11_08_53_096.jpg,-0.3,1.0,0,30.17341
D:\DPS 920\DPS920_final_project\IMG\center_2026_07_28_11_06_49_346.jpg,D:\DPS 920\DPS920_final_project\IMG\left_2026_07_28_11_06_49_346.jpg,D:\DPS 920\DPS920_final_project\IMG\right_2026_07_28_11_06_49_346.jpg,0.0,1.0,0,30.19031
D:\DPS 920\DPS920_final_project\IMG\center_2026_07_28_11_20_06_222.jpg,D:\DPS 920\DPS920_final_project\IMG\left_2026_07_28_11_20_06_222.jpg,D:\DPS 920\DPS920_final_project\IMG\right_2026_07_28_11_20_06_222.jpg,0.0,1.0,0,30.1875
D:\DPS 920\DPS920_final_project\IMG\center_2026_07_28_11_22_25_023.jpg,D:\DPS 920\DPS920_final_project\IMG\left_2026_07_28_11_22_25_023.jpg,D:\DPS 920\DPS920_final_project\IMG\right_2026_07_28_11_22_25_023.jpg,-0.3,1.0,0,30.17058
D:\DPS 920\DPS920_final_project\IMG\center_2026_07_28_11_08_54_368.jpg,D:\DPS 920\DPS920_final_project\IMG\left_2026_07_28_11_08_54_368.jpg,D:\DPS 920\DPS920_final_project\IMG\right_2026_07_28_11_08_54_368.jpg,-0.2,1.0,0,30.17974
D:\DPS 920\DPS920_final_project\IMG\center_2026_07_28_11_20_05_483.jpg,D:\DPS 920\DPS920_final_project\IMG\left_2026_07_28_11_20_05_483.jpg,D:\DPS 920\DPS920_final_project\IMG\right_2026_07_28_11_20_05_483.jpg,-0.1,1.0,0,30.19028
D:\DPS 920\DPS920_final_project\IMG\center_2026_07_28_11_22_28_480.jpg,D:\DPS 920\DPS920_final_project\IMG\left_2026_07_28_11_22_28_480.jpg,D:\DPS 920\DPS920_final_project\IMG\right_2026_07_28_11_22_28_480.jpg,0.0,1.0,0,30.19028
D:\DPS 920\DPS920_final_project\IMG\center_2026_07_28_11_21_26_275.jpg,D:\DPS 920\DPS920_final_project\IMG\left_2026_07_28_11_21_26_275.jpg,D:\DPS 920\DPS920_final_project\IMG\right_2026_07_28_11_21_26_275.jpg,-0.05,1.0,0,30.18991
D:\DPS 920\DPS920_final_project\IMG\center_2026_07_28_11_05_56_027.jpg,D:\DPS 920\DPS920_final_project\IMG\left_2026_07_28_11_05_56_027.jpg,D:\DPS 920\DPS920_final_project\IMG\right_2026_07_28_11_05_56_027.jpg,0.25,1.0,0,9.775567
D:\DPS 920\DPS920_final_project\IMG\center_2026_07_28_11_08_30_672.jpg,D:\DPS 920\DPS920_final_project\IMG\left_2026_07_28_11_08_30_672.jpg,D:\DPS 920\DPS920_final_project\IMG\right_2026_07_28_11_08_30_672.jpg,0.0,1.0,0,30.18998
D:\DPS 920\DPS920_final_project\IMG\center_2026_07_28_11_20_41_842.jpg,D:\DPS 920\DPS920_final_project\IMG\left_2026_07_28_11_20_41_842.jpg,D:\DPS 920\DPS920_final_project\IMG\right_2026_07_28_11_20_41_842.jpg,0.0,1.0,0,30.19022
D:\DPS 920\DPS920_final_project\IMG\center_2026_07_28_11_09_02_769.jpg,D:\DPS 920\DPS920_final_project\IMG\left_2026_07_28_11_09_02_769.jpg,D:\DPS 920\DPS920_final_project\IMG\right_2026_07_28_11_09_02_769.jpg,0.15,1.0,0,30.18916
D:\DPS 920\DPS920_final_project\IMG\center_2026_07_28_11_19_55_344.jpg,D:\DPS 920\DPS920_final_project\IMG\left_2026_07_28_11_19_55_344.jpg,D:\DPS 920\DPS920_final_project\IMG\right_2026_07_28_11_19_55_344.jpg,-0.7500002,1.0,0,14.53784
D:\DPS 920\DPS920_final_project\IMG\center_2026_07_28_11_09_17_947.jpg,D:\DPS 920\DPS920_final_project\IMG\left_2026_07_28_11_09_17_947.jpg,D:\DPS 920\DPS920_final_project\IMG\right_2026_07_28_11_09_17_947.jpg,0.05,1.0,0,30.18975
D:\DPS 920\DPS920_final_project\IMG\center_2026_07_28_11_07_22_186.jpg,D:\DPS 920\DPS920_final_project\IMG\left_2026_07_28_11_07_22_186.jpg,D:\DPS 920\DPS920_final_project\IMG\right_2026_07_28_11_07_22_186.jpg,0.0,1.0,0,30.18392
D:\DPS 920\DPS920_final_project\IMG\center_2026_07_28_11_21_36_686.jpg,D:\DPS 920\DPS920_final_project\IMG\left_2026_07_28_11_21_36_686.jpg,D:\DPS 920\DPS920_final_project\IMG\right_2026_07_28_11_21_36_686.jpg,0.0,1.0,0,30.19034
D:\DPS 920\DPS920_final_project\IMG\center_2026_07_28_11_09_33_305.jpg,D:\DPS 920\DPS920_final_project\IMG\left_2026_07_28_11_09_33_305.jpg,D:\DPS 920\DPS920_final_project\IMG\right_2026_07_28_11_09_33_305.jpg,0.15,1.0,0,30.18413
D:\DPS 920\DPS920_final_project\IMG\center_2026_07_28_11_07_39_264.jpg,D:\DPS 920\DPS920_final_project\IMG\left_2026_07_28_11_07_39_264.jpg,D:\DPS 920\DPS920_final_project\IMG\right_2026_07_28_11_07_39_264.jpg,0.45,1.0,0,30.15495
D:\DPS 920\DPS920_final_project\IMG\center_2026_07_28_11_06_47_475.jpg,D:\DPS 920\DPS920_final_project\IMG\left_2026_07_28_11_06_47_475.jpg,D:\DPS 920\DPS920_final_project\IMG\right_2026_07_28_11_06_47_475.jpg,0.0,1.0,0,30.19041
D:\DPS 920\DPS920_final_project\IMG\center_2026_07_28_11_10_22_168.jpg,D:\DPS 920\DPS920_final_project\IMG\left_2026_07_28_11_10_22_168.jpg,D:\DPS 920\DPS920_final_project\IMG\right_2026_07_28_11_10_22_168.jpg,0.1,1.0,0,30.18948
D:\DPS 920\DPS920_final_project\IMG\center_2026_07_28_11_21_16_068.jpg,D:\DPS 920\DPS920_final_project\IMG\left_2026_07_28_11_21_16_068.jpg,D:\DPS 920\DPS920_final_project\IMG\right_2026_07_28_11_21_16_068.jpg,-0.05,1.0,0,30.18959
D:\DPS 920\DPS920_final_project\IMG\center_2026_07_28_11_06_14_100.jpg,D:\DPS 920\DPS920_final_project\IMG\left_2026_07_28_11_06_14_100.jpg,D:\DPS 920\DPS920_final_project\IMG\right_2026_07_28_11_06_14_100.jpg,0.15,1.0,0,30.18668
D:\DPS 920\DPS920_final_project\IMG\center_2026_07_28_11_07_14_128.jpg,D:\DPS 920\DPS920_final_project\IMG\left_2026_07_28_11_07_14_128.jpg,D:\DPS 920\DPS920_final_project\IMG\right_2026_07_28_11_07_14_128.jpg,0.2,1.0,0,30.18128
D:\DPS 920\DPS920_final_project\IMG\center_2026_07_28_11_06_27_957.jpg,D:\DPS 920\DPS920_final_project\IMG\left_2026_07_28_11_06_27_957.jpg,D:\DPS 920\DPS920_final_project\IMG\right_2026_07_28_11_06_27_957.jpg,0.1,1.0,0,30.18807
D:\DPS 920\DPS920_final_project\IMG\center_2026_07_28_11_09_57_840.jpg,D:\DPS 920\DPS920_final_project\IMG\left_2026_07_28_11_09_57_840.jpg,D:\DPS 920\DPS920_final_project\IMG\right_2026_07_28_11_09_57_840.jpg,0.05,1.0,0,30.18964
D:\DPS 920\DPS920_final_project\IMG\center_2026_07_28_11_08_00_526.jpg,D:\DPS 920\DPS920_final_project\IMG\left_2026_07_28_11_08_00_526.jpg,D:\DPS 920\DPS920_final_project\IMG\right_2026_07_28_11_08_00_526.jpg,0.25,1.0,0,30.17484
D:\DPS 920\DPS920_final_project\IMG\center_2026_07_28_11_20_27_161.jpg,D:\DPS 920\DPS920_final_project\IMG\left_2026_07_28_11_20_27_161.jpg,D:\DPS 920\DPS920_final_project\IMG\right_2026_07_28_11_20_27_161.jpg,-0.15,1.0,0,30.18393
D:\DPS 920\DPS920_final_project\IMG\center_2026_07_28_11_09_53_900.jpg,D:\DPS 920\DPS920_final_project\IMG\left_2026_07_28_11_09_53_900.jpg,D:\DPS 920\DPS920_final_project\IMG\right_2026_07_28_11_09_53_900.jpg,0.0,1.0,0,30.19096
D:\DPS 920\DPS920_final_project\IMG\center_2026_07_28_11_07_57_733.jpg,D:\DPS 920\DPS920_final_project\IMG\left_2026_07_28_11_07_57_733.jpg,D:\DPS 920\DPS920_final_project\IMG\right_2026_07_28_11_07_57_733.jpg,0.2,1.0,0,30.18184
D:\DPS 920\DPS920_final_project\IMG\center_2026_07_28_11_21_06_953.jpg,D:\DPS 920\DPS920_final_project\IMG\left_2026_07_28_11_21_06_953.jpg,D:\DPS 920\DPS920_final_project\IMG\right_2026_07_28_11_21_06_953.jpg,0.4,1.0,0,30.16023
D:\DPS 920\DPS920_final_project\IMG\center_2026_07_28_11_10_14_859.jpg,D:\DPS 920\DPS920_final_project\IMG\left_2026_07_28_11_10_14_859.jpg,D:\DPS 920\DPS920_final_project\IMG\right_2026_07_28_11_10_14_859.jpg,-0.1,1.0,0,30.18863
D:\DPS 920\DPS920_final_project\IMG\center_2026_07_28_11_08_39_161.jpg,D:\DPS 920\DPS920_final_project\IMG\left_2026_07_28_11_08_39_161.jpg,D:\DPS 920\DPS920_final_project\IMG\right_2026_07_28_11_08_39_161.jpg,0.1,1.0,0,30.18964
D:\DPS 920\DPS920_final_project\IMG\center_2026_07_28_11_08_00_683.jpg,D:\DPS 920\DPS920_final_project\IMG\left_2026_07_28_11_08_00_683.jpg,D:\DPS 920\DPS920_final_project\IMG\right_2026_07_28_11_08_00_683.jpg,0.05,1.0,0,30.18994
D:\DPS 920\DPS920_final_project\IMG\center_2026_07_28_11_20_17_781.jpg,D:\DPS 920\DPS920_final_project\IMG\left_2026_07_28_11_20_17_781.jpg,D:\DPS 920\DPS920_final_project\IMG\right_2026_07_28_11_20_17_781.jpg,0.0,1.0,0,30.19027
D:\DPS 920\DPS920_final_project\IMG\center_2026_07_28_11_07_01_668.jpg,D:\DPS 920\DPS920_final_project\IMG\left_2026_07_28_11_07_01_668.jpg,D:\DPS 920\DPS920_final_project\IMG\right_2026_07_28_11_07_01_668.jpg,0.1,1.0,0,30.18773
D:\DPS 920\DPS920_final_project\IMG\center_2026_07_28_11_08_30_744.jpg,D:\DPS 920\DPS920_final_project\IMG\left_2026_07_28_11_08_30_744.jpg,D:\DPS 920\DPS920_final_project\IMG\right_2026_07_28_11_08_30_744.jpg,0.0,1.0,0,30.19011
D:\DPS 920\DPS920_final_project\IMG\center_2026_07_28_11_22_49_631.jpg,D:\DPS 920\DPS920_final_project\IMG\left_2026_07_28_11_22_49_631.jpg,D:\DPS 920\DPS920_final_project\IMG\right_2026_07_28_11_22_49_631.jpg,0.0,1.0,0,30.1904
D:\DPS 920\DPS920_final_project\IMG\center_2026_07_28_11_09_19_968.jpg,D:\DPS 920\DPS920_final_project\IMG\left_2026_07_28_11_09_19_968.jpg,D:\DPS 920\DPS920_final_project\IMG\right_2026_07_28_11_09_19_968.jpg,0.2,1.0,0,30.17956
D:\DPS 920\DPS920_final_project\IMG\center_2026_07_28_11_09_33_736.jpg,D:\DPS 920\DPS920_final_project\IMG\left_2026_07_28_11_09_33_736.jpg,D:\DPS 920\DPS920_final_project\IMG\right_2026_07_28_11_09_33_736.jpg,0.05,1.0,0,30.18969
D:\DPS 920\DPS920_final_project\IMG\center_2026_07_28_11_10_15_296.jpg,D:\DPS 920\DPS920_final_project\IMG\left_2026_07_28_11_10_15_296.jpg,D:\DPS 920\DPS920_final_project\IMG\right_2026_07_28_11_10_15_296.jpg,0.0,1.0,0,30.17473
D:\DPS 920\DPS920_final_project\IMG\center_2026_07_28_11_07_29_481.jpg,D:\DPS 920\DPS920_final_project\IMG\left_2026_07_28_11_07_29_481.jpg,D:\DPS 920\DPS920_final_project\IMG\right_2026_07_28_11_07_29_481.jpg,-0.25,1.0,0,30.18069
D:\DPS 920\DPS920_final_project\IMG\center_2026_07_28_11_07_38_211.jpg,D:\DPS 920\DPS920_final_project\IMG\left_2026_07_28_11_07_38_211.jpg,D:\DPS 920\DPS920_final_project\IMG\right_2026_07_28_11_07_38_211.jpg,0.6000001,1.0,0,30.13407
D:\DPS 920\DPS920_final_project\IMG\center_2026_07_28_11_20_25_747.jpg,D:\DPS 920\DPS920_final_project\IMG\left_2026_07_28_11_20_25_747.jpg,D:\DPS 920\DPS920_final_project\IMG\right_2026_07_28_11_20_25_747.jpg,-0.1,1.0,0,30.18751
D:\DPS 920\DPS920_final_project\IMG\center_2026_07_28_11_07_38_699.jpg,D:\DPS 920\DPS920_final_project\IMG\left_2026_07_28_11_07_38_699.jpg,D:\DPS 920\DPS920_final_project\IMG\right_2026_07_28_11_07_38_699.jpg,0.3,1.0,0,30.17158
D:\DPS 920\DPS920_final_project\IMG\center_2026_07_28_11_20_37_003.jpg,D:\DPS 920\DPS920_final_project\IMG\left_2026_07_28_11_20_37_003.jpg,D:\DPS 920\DPS920_final_project\IMG\right_2026_07_28_11_20_37_003.jpg,0.0,1.0,0,30.19031
D:\DPS 920\DPS920_final_project\IMG\center_2026_07_28_11_22_11_566.jpg,D:\DPS 920\DPS920_final_project\IMG\left_2026_07_28_11_22_11_566.jpg,D:\DPS 920\DPS920_final_project\IMG\right_2026_07_28_11_22_11_566.jpg,0.0,1.0,0,30.18887
D:\DPS 920\DPS920_final_project\IMG\center_2026_07_28_11_21_26_795.jpg,D:\DPS 920\DPS920_final_project\IMG\left_2026_07_28_11_21_26_795.jpg,D:\DPS 920\DPS920_final_project\IMG\right_2026_07_28_11_21_26_795.jpg,0.0,1.0,0,30.18993
D:\DPS 920\DPS920_final_project\IMG\center_2026_07_28_11_20_57_874.jpg,D:\DPS 920\DPS920_final_project\IMG\left_2026_07_28_11_20_57_874.jpg,D:\DPS 920\DPS920_final_project\IMG\right_2026_07_28_11_20_57_874.jpg,-0.1,1.0,0,30.18962
D:\DPS 920\DPS920_final_project\IMG\center_2026_07_28_11_07_25_383.jpg,D:\DPS 920\DPS920_final_project\IMG\left_2026_07_28_11_07_25_383.jpg,D:\DPS 920\DPS920_final_project\IMG\right_2026_07_28_11_07_25_383.jpg,-0.05,1.0,0,30.18974
D:\DPS 920\DPS920_final_project\IMG\center_2026_07_28_11_07_03_547.jpg,D:\DPS 920\DPS920_final_project\IMG\left_2026_07_28_11_07_03_547.jpg,D:\DPS 920\DPS920_final_project\IMG\right_2026_07_28_11_07_03_547.jpg,0.05,1.0,0,30.19006
D:\DPS 920\DPS920_final_project\IMG\center_2026_07_28_11_22_27_066.jpg,D:\DPS 920\DPS920_final_project\IMG\left_2026_07_28_11_22_27_066.jpg,D:\DPS 920\DPS920_final_project\IMG\right_2026_07_28_11_22_27_066.jpg,0.0,1.0,0,30.19028
D:\DPS 920\DPS920_final_project\IMG\center_2026_07_28_11_21_14_946.jpg,D:\DPS 920\DPS920_final_project\IMG\left_2026_07_28_11_21_14_946.jpg,D:\DPS 920\DPS920_final_project\IMG\right_2026_07_28_11_21_14_946.jpg,0.0,1.0,0,30.19089
D:\DPS 920\DPS920_final_project\IMG\center_2026_07_28_11_21_25_575.jpg,D:\DPS 920\DPS920_final_project\IMG\left_2026_07_28_11_21_25_575.jpg,D:\DPS 920\DPS920_final_project\IMG\right_2026_07_28_11_21_25_575.jpg,-0.3,1.0,0,30.17313
D:\DPS 920\DPS920_final_project\IMG\center_2026_07_28_11_20_25_197.jpg,D:\DPS 920\DPS920_final_project\IMG\left_2026_07_28_11_20_25_197.jpg,D:\DPS 920\DPS920_final_project\IMG\right_2026_07_28_11_20_25_197.jpg,0.0,1.0,0,30.19038
D:\DPS 920\DPS920_final_project\IMG\center_2026_07_28_11_06_35_315.jpg,D:\DPS 920\DPS920_final_project\IMG\left_2026_07_28_11_06_35_315.jpg,D:\DPS 920\DPS920_final_project\IMG\right_2026_07_28_11_06_35_315.jpg,0.0,1.0,0,30.19006
D:\DPS 920\DPS920_final_project\IMG\center_2026_07_28_11_07_15_050.jpg,D:\DPS 920\DPS920_final_project\IMG\left_2026_07_28_11_07_15_050.jpg,D:\DPS 920\DPS920_final_project\IMG\right_2026_07_28_11_07_15_050.jpg,0.05,1.0,0,30.19019
D:\DPS 920\DPS920_final_project\IMG\center_2026_07_28_11_10_02_512.jpg,D:\DPS 920\DPS920_final_project\IMG\left_2026_07_28_11_10_02_512.jpg,D:\DPS 920\DPS920_final_project\IMG\right_2026_07_28_11_10_02_512.jpg,0.1,1.0,0,30.18866
D:\DPS 920\DPS920_final_project\IMG\center_2026_07_28_11_07_50_102.jpg,D:\DPS 920\DPS920_final_project\IMG\left_2026_07_28_11_07_50_102.jpg,D:\DPS 920\DPS920_final_project\IMG\right_2026_07_28_11_07_50_102.jpg,0.0,1.0,0,30.19097
D:\DPS 920\DPS920_final_project\IMG\center_2026_07_28_11_07_38_631.jpg,D:\DPS 920\DPS920_final_project\IMG\left_2026_07_28_11_07_38_631.jpg,D:\DPS 920\DPS920_final_project\IMG\right_2026_07_28_11_07_38_631.jpg,0.15,1.0,0,30.18549
D:\DPS 920\DPS920_final_project\IMG\center_2026_07_28_11_21_36_834.jpg,D:\DPS 920\DPS920_final_project\IMG\left_2026_07_28_11_21_36_834.jpg,D:\DPS 920\DPS920_final_project\IMG\right_2026_07_28_11_21_36_834.jpg,-0.15,1.0,0,30.18396
D:\DPS 920\DPS920_final_project\IMG\center_2026_07_28_11_06_00_948.jpg,D:\DPS 920\DPS920_final_project\IMG\left_2026_07_28_11_06_00_948.jpg,D:\DPS 920\DPS920_final_project\IMG\right_2026_07_28_11_06_00_948.jpg,0.25,1.0,0,30.17489
D:\DPS 920\DPS920_final_project\IMG\center_2026_07_28_11_22_43_759.jpg,D:\DPS 920\DPS920_final_project\IMG\left_2026_07_28_11_22_43_759.jpg,D:\DPS 920\DPS920_final_project\IMG\right_2026_07_28_11_22_43_759.jpg,-0.25,1.0,0,30.17977
D:\DPS 920\DPS920_final_project\IMG\center_2026_07_28_11_07_28_325.jpg,D:\DPS 920\DPS920_final_project\IMG\left_2026_07_28_11_07_28_325.jpg,D:\DPS 920\DPS920_final_project\IMG\right_2026_07_28_11_07_28_325.jpg,-0.2,1.0,0,30.1845
D:\DPS 920\DPS920_final_project\IMG\center_2026_07_28_11_10_22_384.jpg,D:\DPS 920\DPS920_final_project\IMG\left_2026_07_28_11_10_22_384.jpg,D:\DPS 920\DPS920_final_project\IMG\right_2026_07_28_11_10_22_384.jpg,0.0,1.0,0,30.18991
D:\DPS 920\DPS920_final_project\IMG\center_2026_07_28_11_07_34_189.jpg,D:\DPS 920\DPS920_final_project\IMG\left_2026_07_28_11_07_34_189.jpg,D:\DPS 920\DPS920_final_project\IMG\right_2026_07_28_11_07_34_189.jpg,0.15,1.0,0,30.18426
D:\DPS 920\DPS920_final_project\IMG\center_2026_07_28_11_22_31_907.jpg,D:\DPS 920\DPS920_final_project\IMG\left_2026_07_28_11_22_31_907.jpg,D:\DPS 920\DPS920_final_project\IMG\right_2026_07_28_11_22_31_907.jpg,0.25,1.0,0,30.16809
D:\DPS 920\DPS920_final_project\IMG\center_2026_07_28_11_22_30_907.jpg,D:\DPS 920\DPS920_final_project\IMG\left_2026_07_28_11_22_30_907.jpg,D:\DPS 920\DPS920_final_project\IMG\right_2026_07_28_11_22_30_907.jpg,0.05,1.0,0,30.1898
D:\DPS 920\DPS920_final_project\IMG\center_2026_07_28_11_09_24_450.jpg,D:\DPS 920\DPS920_final_project\IMG\left_2026_07_28_11_09_24_450.jpg,D:\DPS 920\DPS920_final_project\IMG\right_2026_07_28_11_09_24_450.jpg,0.15,1.0,0,30.18655
D:\DPS 920\DPS920_final_project\IMG\center_2026_07_28_11_08_51_236.jpg,D:\DPS 920\DPS920_final_project\IMG\left_2026_07_28_11_08_51_236.jpg,D:\DPS 920\DPS920_final_project\IMG\right_2026_07_28_11_08_51_236.jpg,-0.25,1.0,0,30.17778
D:\DPS 920\DPS920_final_project\IMG\center_2026_07_28_11_20_12_950.jpg,D:\DPS 920\DPS920_final_project\IMG\left_2026_07_28_11_20_12_950.jpg,D:\DPS 920\DPS920_final_project\IMG\right_2026_07_28_11_20_12_950.jpg,-0.15,1.0,0,30.18403
D:\DPS 920\DPS920_final_project\IMG\center_2026_07_28_11_21_08_082.jpg,D:\DPS 920\DPS920_final_project\IMG\left_2026_07_28_11_21_08_082.jpg,D:\DPS 920\DPS920_final_project\IMG\right_2026_07_28_11_21_08_082.jpg,0.4,1.0,0,30.15853
D:\DPS 920\DPS920_final_project\IMG\center_2026_07_28_11_08_44_601.jpg,D:\DPS 920\DPS920_final_project\IMG\left_2026_07_28_11_08_44_601.jpg,D:\DPS 920\DPS920_final_project\IMG\right_2026_07_28_11_08_44_601.jpg,0.0,1.0,0,30.18498
D:\DPS 920\DPS920_final_project\IMG\center_2026_07_28_11_06_17_170.jpg,D:\DPS 920\DPS920_final_project\IMG\left_2026_07_28_11_06_17_170.jpg,D:\DPS 920\DPS920_final_project\IMG\right_2026_07_28_11_06_17_170.jpg,0.25,1.0,0,30.17864
D:\DPS 920\DPS920_final_project\IMG\center_2026_07_28_11_07_40_035.jpg,D:\DPS 920\DPS920_final_project\IMG\left_2026_07_28_11_07_40_035.jpg,D:\DPS 920\DPS920_final_project\IMG\right_2026_07_28_11_07_40_035.jpg,0.0,1.0,0,30.18852
D:\DPS 920\DPS920_final_project\IMG\center_2026_07_28_11_20_02_088.jpg,D:\DPS 920\DPS920_final_project\IMG\left_2026_07_28_11_20_02_088.jpg,D:\DPS 920\DPS920_final_project\IMG\right_2026_07_28_11_20_02_088.jpg,-0.2,1.0,0,30.1809
D:\DPS 920\DPS920_final_project\IMG\center_2026_07_28_11_08_51_873.jpg,D:\DPS 920\DPS920_final_project\IMG\left_2026_07_28_11_08_51_873.jpg,D:\DPS 920\DPS920_final_project\IMG\right_2026_07_28_11_08_51_873.jpg,-0.4,1.0,0,30.15912
D:\DPS 920\DPS920_final_project\IMG\center_2026_07_28_11_08_16_364.jpg,D:\DPS 920\DPS920_final_project\IMG\left_2026_07_28_11_08_16_364.jpg,D:\DPS 920\DPS920_final_project\IMG\right_2026_07_28_11_08_16_364.jpg,0.0,1.0,0,30.19051
D:\DPS 920\DPS920_final_project\IMG\center_2026_07_28_11_22_18_091.jpg,D:\DPS 920\DPS920_final_project\IMG\left_2026_07_28_11_22_18_091.jpg,D:\DPS 920\DPS920_final_project\IMG\right_2026_07_28_11_22_18_091.jpg,0.0,1.0,0,30.19029
D:\DPS 920\DPS920_final_project\IMG\center_2026_07_28_11_22_39_924.jpg,D:\DPS 920\DPS920_final_project\IMG\left_2026_07_28_11_22_39_924.jpg,D:\DPS 920\DPS920_final_project\IMG\right_2026_07_28_11_22_39_924.jpg,-0.25,1.0,0,30.17902
D:\DPS 920\DPS920_final_project\IMG\center_2026_07_28_11_07_39_128.jpg,D:\DPS 920\DPS920_final_project\IMG\left_2026_07_28_11_07_39_128.jpg,D:\DPS 920\DPS920_final_project\IMG\right_2026_07_28_11_07_39_128.jpg,0.1,1.0,0,30.19106
D:\DPS 920\DPS920_final_project\IMG\center_2026_07_28_11_08_14_202.jpg,D:\DPS 920\DPS920_final_project\IMG\left_2026_07_28_11_08_14_202.jpg,D:\DPS 920\DPS920_final_project\IMG\right_2026_07_28_11_08_14_202.jpg,0.0,1.0,0,30.19009
D:\DPS 920\DPS920_final_project\IMG\center_2026_07_28_11_22_00_725.jpg,D:\DPS 920\DPS920_final_project\IMG\left_2026_07_28_11_22_00_725.jpg,D:\DPS 920\DPS920_final_project\IMG\right_2026_07_28_11_22_00_725.jpg,-0.1,1.0,0,30.1896
D:\DPS 920\DPS920_final_project\IMG\center_2026_07_28_11_19_58_895.jpg,D:\DPS 920\DPS920_final_project\IMG\left_2026_07_28_11_19_58_895.jpg,D:\DPS 920\DPS920_final_project\IMG\right_2026_07_28_11_19_58_895.jpg,-0.25,1.0,0,30.1799
D:\DPS 920\DPS920_final_project\IMG\center_2026_07_28_11_21_05_391.jpg,D:\DPS 920\DPS920_final_project\IMG\left_2026_07_28_11_21_05_391.jpg,D:\DPS 920\DPS920_final_project\IMG\right_2026_07_28_11_21_05_391.jpg,0.0,1.0,0,30.19029
D:\DPS 920\DPS920_final_project\IMG\center_2026_07_28_11_06_53_460.jpg,D:\DPS 920\DPS920_final_project\IMG\left_2026_07_28_11_06_53_460.jpg,D:\DPS 920\DPS920_final_project\IMG\right_2026_07_28_11_06_53_460.jpg,0.0,1.0,0,30.19029
D:\DPS 920\DPS920_final_project\IMG\center_2026_07_28_11_20_44_329.jpg,D:\DPS 920\DPS920_final_project\IMG\left_2026_07_28_11_20_44_329.jpg,D:\DPS 920\DPS920_final_project\IMG\right_2026_07_28_11_20_44_329.jpg,0.0,1.0,0,30.19036
D:\DPS 920\DPS920_final_project\IMG\center_2026_07_28_11_20_22_126.jpg,D:\DPS 920\DPS920_final_project\IMG\left_2026_07_28_11_20_22_126.jpg,D:\DPS 920\DPS920_final_project\IMG\right_2026_07_28_11_20_22_126.jpg,0.0,1.0,0,30.19034
D:\DPS 920\DPS920_final_project\IMG\center_2026_07_28_11_06_02_421.jpg,D:\DPS 920\DPS920_final_project\IMG\left_2026_07_28_11_06_02_421.jpg,D:\DPS 920\DPS920_final_project\IMG\right_2026_07_28_11_06_02_421.jpg,-0.15,1.0,0,30.18541
D:\DPS 920\DPS920_final_project\IMG\center_2026_07_28_11_09_43_063.jpg,D:\DPS 920\DPS920_final_project\IMG\left_2026_07_28_11_09_43_063.jpg,D:\DPS 920\DPS920_final_project\IMG\right_2026_07_28_11_09_43_063.jpg,0.1,1.0,0,30.18766
D:\DPS 920\DPS920_final_project\IMG\center_2026_07_28_11_09_05_997.jpg,D:\DPS 920\DPS920_final_project\IMG\left_2026_07_28_11_09_05_997.jpg,D:\DPS 920\DPS920_final_project\IMG\right_2026_07_28_11_09_05_997.jpg,0.0,1.0,0,30.19028
D:\DPS 920\DPS920_final_project\IMG\center_2026_07_28_11_22_02_758.jpg,D:\DPS 920\DPS920_final_project\IMG\left_2026_07_28_11_22_02_758.jpg,D:\DPS 920\DPS920_final_project\IMG\right_2026_07_28_11_22_02_758.jpg,0.0,1.0,0,30.19045
D:\DPS 920\DPS920_final_project\IMG\center_2026_07_28_11_08_36_636.jpg,D:\DPS 920\DPS920_final_project\IMG\left_2026_07_28_11_08_36_636.jpg,D:\DPS 920\DPS920_final_project\IMG\right_2026_07_28_11_08_36_636.jpg,0.0,1.0,0,30.18944
D:\DPS 920\DPS920_final_project\IMG\center_2026_07_28_11_21_53_453.jpg,D:\DPS 920\DPS920_final_project\IMG\left_2026_07_28_11_21_53_453.jpg,D:\DPS 920\DPS920_final_project\IMG\right_2026_07_28_11_21_53_453.jpg,0.0,1.0,0,30.19012
D:\DPS 920\DPS920_final_project\IMG\center_2026_07_28_11_05_56_380.jpg,D:\DPS 920\DPS920_final_project\IMG\left_2026_07_28_11_05_56_380.jpg,D:\DPS 920\DPS920_final_project\IMG\right_2026_07_28_11_05_56_380.jpg,0.0,1.0,0,13.73013
D:\DPS 920\DPS920_final_project\IMG\center_2026_07_28_11_09_53_298.jpg,D:\DPS 920\DPS920_final_project\IMG\left_2026_07_28_11_09_53_298.jpg,D:\DPS 920\DPS920_final_project\IMG\right_2026_07_28_11_09_53_298.jpg,0.0,1.0,0,30.19115
D:\DPS 920\DPS920_final_project\IMG\center_2026_07_28_11_08_50_360.jpg,D:\DPS 920\DPS920_final_project\IMG\left_2026_07_28_11_08_50_360.jpg,D:\DPS 920\DPS920_final_project\IMG\right_2026_07_28_11_08_50_360.jpg,0.0,1.0,0,30.18734
D:\DPS 920\DPS920_final_project\IMG\center_2026_07_28_11_10_03_941.jpg,D:\DPS 920\DPS920_final_project\IMG\left_2026_07_28_11_10_03_941.jpg,D:\DPS 920\DPS920_final_project\IMG\right_2026_07_28_11_10_03_941.jpg,0.35,1.0,0,30.16263
D:\DPS 920\DPS920_final_project\IMG\center_2026_07_28_11_07_06_327.jpg,D:\DPS 920\DPS920_final_project\IMG\left_2026_07_28_11_07_06_327.jpg,D:\DPS 920\DPS920_final_project\IMG\right_2026_07_28_11_07_06_327.jpg,0.2,1.0,0,30.1794
D:\DPS 920\DPS920_final_project\IMG\center_2026_07_28_11_07_39_331.jpg,D:\DPS 920\DPS920_final_project\IMG\left_2026_07_28_11_07_39_331.jpg,D:\DPS 920\DPS920_final_project\IMG\right_2026_07_28_11_07_39_331.jpg,0.6500001,1.0,0,30.13101
D:\DPS 920\DPS920_final_project\IMG\center_2026_07_28_11_10_13_920.jpg,D:\DPS 920\DPS920_final_project\IMG\left_2026_07_28_11_10_13_920.jpg,D:\DPS 920\DPS920_final_project\IMG\right_2026_07_28_11_10_13_920.jpg,-0.05,1.0,0,30.18894
D:\DPS 920\DPS920_final_project\IMG\center_2026_07_28_11_06_48_975.jpg,D:\DPS 920\DPS920_final_project\IMG\left_2026_07_28_11_06_48_975.jpg,D:\DPS 920\DPS920_final_project\IMG\right_2026_07_28_11_06_48_975.jpg,0.2,1.0,0,30.1808
D:\DPS 920\DPS920_final_project\IMG\center_2026_07_28_11_22_25_172.jpg,D:\DPS 920\DPS920_final_project\IMG\left_2026_07_28_11_22_25_172.jpg,D:\DPS 920\DPS920_final_project\IMG\right_2026_07_28_11_22_25_172.jpg,-0.1,1.0,0,30.18948
D:\DPS 920\DPS920_final_project\IMG\center_2026_07_28_11_08_18_247.jpg,D:\DPS 920\DPS920_final_project\IMG\left_2026_07_28_11_08_18_247.jpg,D:\DPS 920\DPS920_final_project\IMG\right_2026_07_28_11_08_18_247.jpg,0.15,1.0,0,30.1841
D:\DPS 920\DPS920_final_project\IMG\center_2026_07_28_11_21_00_279.jpg,D:\DPS 920\DPS920_final_project\IMG\left_2026_07_28_11_21_00_279.jpg,D:\DPS 920\DPS920_final_project\IMG\right_2026_07_28_11_21_00_279.jpg,-0.15,1.0,0,30.18729
D:\DPS 920\DPS920_final_project\IMG\center_2026_07_28_11_10_15_803.jpg,D:\DPS 920\DPS920_final_project\IMG\left_2026_07_28_11_10_15_803.jpg,D:\DPS 920\DPS920_final_project\IMG\right_2026_07_28_11_10_15_803.jpg,-0.6500001,1.0,0,30.12966
D:\DPS 920\DPS920_final_project\IMG\center_2026_07_28_11_21_55_034.jpg,D:\DPS 920\DPS920_final_project\IMG\left_2026_07_28_11_21_55_034.jpg,D:\DPS 920\DPS920_final_project\IMG\right_2026_07_28_11_21_55_034.jpg,-0.1,1.0,0,30.18912
D:\DPS 920\DPS920_final_project\IMG\center_2026_07_28_11_09_14_617.jpg,D:\DPS 920\DPS920_final_project\IMG\left_2026_07_28_11_09_14_617.jpg,D:\DPS 920\DPS920_final_project\IMG\right_2026_07_28_11_09_14_617.jpg,0.15,1.0,0,30.18571
D:\DPS 920\DPS920_final_project\IMG\center_2026_07_28_11_22_33_393.jpg,D:\DPS 920\DPS920_final_project\IMG\left_2026_07_28_11_22_33_393.jpg,D:\DPS 920\DPS920_final_project\IMG\right_2026_07_28_11_22_33_393.jpg,0.35,1.0,0,30.16517
D:\DPS 920\DPS920_final_project\IMG\center_2026_07_28_11_21_24_857.jpg,D:\DPS 920\DPS920_final_project\IMG\left_2026_07_28_11_21_24_857.jpg,D:\DPS 920\DPS920_final_project\IMG\right_2026_07_28_11_21_24_857.jpg,-0.2,1.0,0,30.18133
D:\DPS 920\DPS920_final_project\IMG\center_2026_07_28_11_19_55_273.jpg,D:\DPS 920\DPS920_final_project\IMG\left_2026_07_28_11_19_55_273.jpg,D:\DPS 920\DPS920_final_project\IMG\right_2026_07_28_11_19_55_273.jpg,-0.5500001,1.0,0,13.77374
D:\DPS 920\DPS920_final_project\IMG\center_2026_07_28_11_07_47_281.jpg,D:\DPS 920\DPS920_final_project\IMG\left_2026_07_28_11_07_47_281.jpg,D:\DPS 920\DPS920_final_project\IMG\right_2026_07_28_11_07_47_281.jpg,0.0,1.0,0,30.19062
D:\DPS 920\DPS920_final_project\IMG\center_2026_07_28_11_07_47_717.jpg,D:\DPS 920\DPS920_final_project\IMG\left_2026_07_28_11_07_47_717.jpg,D:\DPS 920\DPS920_final_project\IMG\right_2026_07_28_11_07_47_717.jpg,0.0,1.0,0,30.19063
D:\DPS 920\DPS920_final_project\IMG\center_2026_07_28_11_09_42_343.jpg,D:\DPS 920\DPS920_final_project\IMG\left_2026_07_28_11_09_42_343.jpg,D:\DPS 920\DPS920_final_project\IMG\right_2026_07_28_11_09_42_343.jpg,0.15,1.0,0,30.18399
D:\DPS 920\DPS920_final_project\IMG\center_2026_07_28_11_08_40_171.jpg,D:\DPS 920\DPS920_final_project\IMG\left_2026_07_28_11_08_40_171.jpg,D:\DPS 920\DPS920_final_project\IMG\right_2026_07_28_11_08_40_171.jpg,0.1,1.0,0,30.189
D:\DPS 920\DPS920_final_project\IMG\center_2026_07_28_11_20_30_765.jpg,D:\DPS 920\DPS920_final_project\IMG\left_2026_07_28_11_20_30_765.jpg,D:\DPS 920\DPS920_final_project\IMG\right_2026_07_28_11_20_30_765.jpg,0.0,1.0,0,30.19041
D:\DPS 920\DPS920_final_project\IMG\center_2026_07_28_11_20_29_419.jpg,D:\DPS 920\DPS920_final_project\IMG\left_2026_07_28_11_20_29_419.jpg,D:\DPS 920\DPS920_final_project\IMG\right_2026_07_28_11_20_29_419.jpg,-0.05,1.0,0,30.18925
D:\DPS 920\DPS920_final_project\IMG\center_2026_07_28_11_09_15_468.jpg,D:\DPS 920\DPS920_final_project\IMG\left_2026_07_28_11_09_15_468.jpg,D:\DPS 920\DPS920_final_project\IMG\right_2026_07_28_11_09_15_468.jpg,0.2,1.0,0,30.05501
D:\DPS 920\DPS920_final_project\IMG\center_2026_07_28_11_08_07_112.jpg,D:\DPS 920\DPS920_final_project\IMG\left_2026_07_28_11_08_07_112.jpg,D:\DPS 920\DPS920_final_project\IMG\right_2026_07_28_11_08_07_112.jpg,0.05,1.0,0,30.19017
D:\DPS 920\DPS920_final_project\IMG\center_2026_07_28_11_07_18_625.jpg,D:\DPS 920\DPS920_final_project\IMG\left_2026_07_28_11_07_18_625.jpg,D:\DPS 920\DPS920_final_project\IMG\right_2026_07_28_11_07_18_625.jpg,0.35,1.0,0,30.16268
D:\DPS 920\DPS920_final_project\IMG\center_2026_07_28_11_08_17_266.jpg,D:\DPS 920\DPS920_final_project\IMG\left_2026_07_28_11_08_17_266.jpg,D:\DPS 920\DPS920_final_project\IMG\right_2026_07_28_11_08_17_266.jpg,0.2,1.0,0,30.17952
D:\DPS 920\DPS920_final_project\IMG\center_2026_07_28_11_07_38_561.jpg,D:\DPS 920\DPS920_final_project\IMG\left_2026_07_28_11_07_38_561.jpg,D:\DPS 920\DPS920_final_project\IMG\right_2026_07_28_11_07_38_561.jpg,0.0,1.0,0,30.19034
D:\DPS 920\DPS920_final_project\IMG\center_2026_07_28_11_08_04_798.jpg,D:\DPS 920\DPS920_final_project\IMG\left_2026_07_28_11_08_04_798.jpg,D:\DPS 920\DPS920_final_project\IMG\right_2026_07_28_11_08_04_798.jpg,0.2,1.0,0,30.17982
D:\DPS 920\DPS920_final_project\IMG\center_2026_07_28_11_22_40_630.jpg,D:\DPS 920\DPS920_final_project\IMG\left_2026_07_28_11_22_40_630.jpg,D:\DPS 920\DPS920_final_project\IMG\right_2026_07_28_11_22_40_630.jpg,-0.2,1.0,0,30.18066
D:\DPS 920\DPS920_final_project\IMG\center_2026_07_28_11_09_55_504.jpg,D:\DPS 920\DPS920_final_project\IMG\left_2026_07_28_11_09_55_504.jpg,D:\DPS 920\DPS920_final_project\IMG\right_2026_07_28_11_09_55_504.jpg,0.0,1.0,0,30.19024
D:\DPS 920\DPS920_final_project\IMG\center_2026_07_28_11_21_58_321.jpg,D:\DPS 920\DPS920_final_project\IMG\left_2026_07_28_11_21_58_321.jpg,D:\DPS 920\DPS920_final_project\IMG\right_2026_07_28_11_21_58_321.jpg,-0.45,1.0,0,30.15328
D:\DPS 920\DPS920_final_project\IMG\center_2026_07_28_11_21_19_447.jpg,D:\DPS 920\DPS920_final_project\IMG\left_2026_07_28_11_21_19_447.jpg,D:\DPS 920\DPS920_final_project\IMG\right_2026_07_28_11_21_19_447.jpg,0.0,1.0,0,30.18856
D:\DPS 920\DPS920_final_project\IMG\center_2026_07_28_11_20_24_219.jpg,D:\DPS 920\DPS920_final_project\IMG\left_2026_07_28_11_20_24_219.jpg,D:\DPS 920\DPS920_final_project\IMG\right_2026_07_28_11_20_24_219.jpg,-0.15,1.0,0,30.18398
D:\DPS 920\DPS920_final_project\IMG\center_2026_07_28_11_07_36_308.jpg,D:\DPS 920\DPS920_final_project\IMG\left_2026_07_28_11_07_36_308.jpg,D:\DPS 920\DPS920_final_project\IMG\right_2026_07_28_11_07_36_308.jpg,0.4,1.0,0,30.15884
D:\DPS 920\DPS920_final_project\IMG\center_2026_07_28_11_10_09_107.jpg,D:\DPS 920\DPS920_final_project\IMG\left_2026_07_28_11_10_09_107.jpg,D:\DPS 920\DPS920_final_project\IMG\right_2026_07_28_11_10_09_107.jpg,0.2,1.0,0,30.1814
D:\DPS 920\DPS920_final_project\IMG\center_2026_07_28_11_09_31_276.jpg,D:\DPS 920\DPS920_final_project\IMG\left_2026_07_28_11_09_31_276.jpg,D:\DPS 920\DPS920_final_project\IMG\right_2026_07_28_11_09_31_276.jpg,0.1,1.0,0,30.18816
D:\DPS 920\DPS920_final_project\IMG\center_2026_07_28_11_07_27_959.jpg,D:\DPS 920\DPS920_final_project\IMG\left_2026_07_28_11_07_27_959.jpg,D:\DPS 920\DPS920_final_project\IMG\right_2026_07_28_11_07_27_959.jpg,-0.15,1.0,0,30.18504
D:\DPS 920\DPS920_final_project\IMG\center_2026_07_28_11_19_59_109.jpg,D:\DPS 920\DPS920_final_project\IMG\left_2026_07_28_11_19_59_109.jpg,D:\DPS 920\DPS920_final_project\IMG\right_2026_07_28_11_19_59_109.jpg,0.0,1.0,0,30.18595
D:\DPS 920\DPS920_final_project\IMG\center_2026_07_28_11_22_40_772.jpg,D:\DPS 920\DPS920_final_project\IMG\left_2026_07_28_11_22_40_772.jpg,D:\DPS 920\DPS920_final_project\IMG\right_2026_07_28_11_22_40_772.jpg,-0.5500001,1.0,0,30.13906
D:\DPS 920\DPS920_final_project\IMG\center_2026_07_28_11_06_11_679.jpg,D:\DPS 920\DPS920_final_project\IMG\left_2026_07_28_11_06_11_679.jpg,D:\DPS 920\DPS920_final_project\IMG\right_2026_07_28_11_06_11_679.jpg,0.2,1.0,0,30.18036
D:\DPS 920\DPS920_final_project\IMG\center_2026_07_28_11_21_06_597.jpg,D:\DPS 920\DPS920_final_project\IMG\left_2026_07_28_11_21_06_597.jpg,D:\DPS 920\DPS920_final_project\IMG\right_2026_07_28_11_21_06_597.jpg,0.0,1.0,0,30.19018
D:\DPS 920\DPS920_final_project\IMG\center_2026_07_28_11_09_30_595.jpg,D:\DPS 920\DPS920_final_project\IMG\left_2026_07_28_11_09_30_595.jpg,D:\DPS 920\DPS920_final_project\IMG\right_2026_07_28_11_09_30_595.jpg,0.1,1.0,0,30.18757
D:\DPS 920\DPS920_final_project\IMG\center_2026_07_28_11_06_15_514.jpg,D:\DPS 920\DPS920_final_project\IMG\left_2026_07_28_11_06_15_514.jpg,D:\DPS 920\DPS920_final_project\IMG\right_2026_07_28_11_06_15_514.jpg,0.6000001,1.0,0,30.13615
D:\DPS 920\DPS920_final_project\IMG\center_2026_07_28_11_07_18_181.jpg,D:\DPS 920\DPS920_final_project\IMG\left_2026_07_28_11_07_18_181.jpg,D:\DPS 920\DPS920_final_project\IMG\right_2026_07_28_11_07_18_181.jpg,0.05,1.0,0,30.18966
D:\DPS 920\DPS920_final_project\IMG\center_2026_07_28_11_08_03_022.jpg,D:\DPS 920\DPS920_final_project\IMG\left_2026_07_28_11_08_03_022.jpg,D:\DPS 920\DPS920_final_project\IMG\right_2026_07_28_11_08_03_022.jpg,0.25,1.0,0,30.1795
D:\DPS 920\DPS920_final_project\IMG\center_2026_07_28_11_06_12_753.jpg,D:\DPS 920\DPS920_final_project\IMG\left_2026_07_28_11_06_12_753.jpg,D:\DPS 920\DPS920_final_project\IMG\right_2026_07_28_11_06_12_753.jpg,0.0,1.0,0,30.19003
D:\DPS 920\DPS920_final_project\IMG\center_2026_07_28_11_09_39_378.jpg,D:\DPS 920\DPS920_final_project\IMG\left_2026_07_28_11_09_39_378.jpg,D:\DPS 920\DPS920_final_project\IMG\right_2026_07_28_11_09_39_378.jpg,0.0,1.0,0,30.19021
D:\DPS 920\DPS920_final_project\IMG\center_2026_07_28_11_06_21_345.jpg,D:\DPS 920\DPS920_final_project\IMG\left_2026_07_28_11_06_21_345.jpg,D:\DPS 920\DPS920_final_project\IMG\right_2026_07_28_11_06_21_345.jpg,0.0,1.0,0,30.2075
D:\DPS 920\DPS920_final_project\IMG\center_2026_07_28_11_06_29_771.jpg,D:\DPS 920\DPS920_final_project\IMG\left_2026_07_28_11_06_29_771.jpg,D:\DPS 920\DPS920_final_project\IMG\right_2026_07_28_11_06_29_771.jpg,0.05,1.0,0,30.18968
D:\DPS 920\DPS920_final_project\IMG\center_2026_07_28_11_08_23_927.jpg,D:\DPS 920\DPS920_final_project\IMG\left_2026_07_28_11_08_23_927.jpg,D:\DPS 920\DPS920_final_project\IMG\right_2026_07_28_11_08_23_927.jpg,0.05,1.0,0,30.18974
D:\DPS 920\DPS920_final_project\IMG\center_2026_07_28_11_22_50_774.jpg,D:\DPS 920\DPS920_final_project\IMG\left_2026_07_28_11_22_50_774.jpg,D:\DPS 920\DPS920_final_project\IMG\right_2026_07_28_11_22_50_774.jpg,-0.1,1.0,0,30.18819
D:\DPS 920\DPS920_final_project\IMG\center_2026_07_28_11_21_37_416.jpg,D:\DPS 920\DPS920_final_project\IMG\left_2026_07_28_11_21_37_416.jpg,D:\DPS 920\DPS920_final_project\IMG\right_2026_07_28_11_21_37_416.jpg,0.0,1.0,0,30.19031
D:\DPS 920\DPS920_final_project\IMG\center_2026_07_28_11_09_22_919.jpg,D:\DPS 920\DPS920_final_project\IMG\left_2026_07_28_11_09_22_919.jpg,D:\DPS 920\DPS920_final_project\IMG\right_2026_07_28_11_09_22_919.jpg,0.0,1.0,0,30.19
D:\DPS 920\DPS920_final_project\IMG\center_2026_07_28_11_07_41_133.jpg,D:\DPS 920\DPS920_final_project\IMG\left_2026_07_28_11_07_41_133.jpg,D:\DPS 920\DPS920_final_project\IMG\right_2026_07_28_11_07_41_133.jpg,0.15,1.0,0,30.18887
D:\DPS 920\DPS920_final_project\IMG\center_2026_07_28_11_08_35_975.jpg,D:\DPS 920\DPS920_final_project\IMG\left_2026_07_28_11_08_35_975.jpg,D:\DPS 920\DPS920_final_project\IMG\right_2026_07_28_11_08_35_975.jpg,0.2,1.0,0,30.18245
D:\DPS 920\DPS920_final_project\IMG\center_2026_07_28_11_09_49_751.jpg,D:\DPS 920\DPS920_final_project\IMG\left_2026_07_28_11_09_49_751.jpg,D:\DPS 920\DPS920_final_project\IMG\right_2026_07_28_11_09_49_751.jpg,0.0,1.0,0,30.19043
D:\DPS 920\DPS920_final_project\IMG\center_2026_07_28_11_08_53_383.jpg,D:\DPS 920\DPS920_final_project\IMG\left_2026_07_28_11_08_53_383.jpg,D:\DPS 920\DPS920_final_project\IMG\right_2026_07_28_11_08_53_383.jpg,0.0,1.0,0,30.16458
D:\DPS 920\DPS920_final_project\IMG\center_2026_07_28_11_07_44_156.jpg,D:\DPS 920\DPS920_final_project\IMG\left_2026_07_28_11_07_44_156.jpg,D:\DPS 920\DPS920_final_project\IMG\right_2026_07_28_11_07_44_156.jpg,0.1,1.0,0,30.18765
D:\DPS 920\DPS920_final_project\IMG\center_2026_07_28_11_20_05_781.jpg,D:\DPS 920\DPS920_final_project\IMG\left_2026_07_28_11_20_05_781.jpg,D:\DPS 920\DPS920_final_project\IMG\right_2026_07_28_11_20_05_781.jpg,0.0,1.0,0,30.19028
D:\DPS 920\DPS920_final_project\IMG\center_2026_07_28_11_06_04_336.jpg,D:\DPS 920\DPS920_final_project\IMG\left_2026_07_28_11_06_04_336.jpg,D:\DPS 920\DPS920_final_project\IMG\right_2026_07_28_11_06_04_336.jpg,-0.1,1.0,0,30.1892
D:\DPS 920\DPS920_final_project\IMG\center_2026_07_28_11_21_55_328.jpg,D:\DPS 920\DPS920_final_project\IMG\left_2026_07_28_11_21_55_328.jpg,D:\DPS 920\DPS920_final_project\IMG\right_2026_07_28_11_21_55_328.jpg,-0.05,1.0,0,30.18978
D:\DPS 920\DPS920_final_project\IMG\center_2026_07_28_11_22_35_001.jpg,D:\DPS 920\DPS920_final_project\IMG\left_2026_07_28_11_22_35_001.jpg,D:\DPS 920\DPS920_final_project\IMG\right_2026_07_28_11_22_35_001.jpg,0.0,1.0,0,30.1903
D:\DPS 920\DPS920_final_project\IMG\center_2026_07_28_11_21_59_496.jpg,D:\DPS 920\DPS920_final_project\IMG\left_2026_07_28_11_21_59_496.jpg,D:\DPS 920\DPS920_final_project\IMG\right_2026_07_28_11_21_59_496.jpg,-0.6000001,1.0,0,30.13262
D:\DPS 920\DPS920_final_project\IMG\center_2026_07_28_11_07_12_411.jpg,D:\DPS 920\DPS920_final_project\IMG\left_2026_07_28_11_07_12_411.jpg,D:\DPS 920\DPS920_final_project\IMG\right_2026_07_28_11_07_12_411.jpg,0.25,1.0,0,30.17552
D:\DPS 920\DPS920_final_project\IMG\center_2026_07_28_11_07_03_117.jpg,D:\DPS 920\DPS920_final_project\IMG\left_2026_07_28_11_07_03_117.jpg,D:\DPS 920\DPS920_final_project\IMG\right_2026_07_28_11_07_03_117.jpg,0.0,1.0,0,30.19088
D:\DPS 920\DPS920_final_project\IMG\center_2026_07_28_11_08_10_162.jpg,D:\DPS 920\DPS920_final_project\IMG\left_2026_07_28_11_08_10_162.jpg,D:\DPS 920\DPS920_final_project\IMG\right_2026_07_28_11_08_10_162.jpg,0.0,1.0,0,30.19037
D:\DPS 920\DPS920_final_project\IMG\center_2026_07_28_11_08_01_644.jpg,D:\DPS 920\DPS920_final_project\IMG\left_2026_07_28_11_08_01_644.jpg,D:\DPS 920\DPS920_final_project\IMG\right_2026_07_28_11_08_01_644.jpg,0.05,1.0,0,30.18782
D:\DPS 920\DPS920_final_project\IMG\center_2026_07_28_11_06_41_348.jpg,D:\DPS 920\DPS920_final_project\IMG\left_2026_07_28_11_06_41_348.jpg,D:\DPS 920\DPS920_final_project\IMG\right_2026_07_28_11_06_41_348.jpg,0.15,1.0,0,30.18535
D:\DPS 920\DPS920_final_project\IMG\center_2026_07_28_11_21_25_731.jpg,D:\DPS 920\DPS920_final_project\IMG\left_2026_07_28_11_21_25_731.jpg,D:\DPS 920\DPS920_final_project\IMG\right_2026_07_28_11_21_25_731.jpg,-0.25,1.0,0,30.17905
D:\DPS 920\DPS920_final_project\IMG\center_2026_07_28_11_20_26_604.jpg,D:\DPS 920\DPS920_final_project\IMG\left_2026_07_28_11_20_26_604.jpg,D:\DPS 920\DPS920_final_project\IMG\right_2026_07_28_11_20_26_604.jpg,0.0,1.0,0,30.19022
D:\DPS 920\DPS920_final_project\IMG\center_2026_07_28_11_22_07_981.jpg,D:\DPS 920\DPS920_final_project\IMG\left_2026_07_28_11_22_07_981.jpg,D:\DPS 920\DPS920_final_project\IMG\right_2026_07_28_11_22_07_981.jpg,0.0,1.0,0,30.18614
D:\DPS 920\DPS920_final_project\IMG\center_2026_07_28_11_20_05_039.jpg,D:\DPS 920\DPS920_final_project\IMG\left_2026_07_28_11_20_05_039.jpg,D:\DPS 920\DPS920_final_project\IMG\right_2026_07_28_11_20_05_039.jpg,-0.2,1.0,0,30.1814
D:\DPS 920\DPS920_final_project\IMG\center_2026_07_28_11_20_35_922.jpg,D:\DPS 920\DPS920_final_project\IMG\left_2026_07_28_11_20_35_922.jpg,D:\DPS 920\DPS920_final_project\IMG\right_2026_07_28_11_20_35_922.jpg,-0.2,1.0,0,30.18123
D:\DPS 920\DPS920_final_project\IMG\center_2026_07_28_11_06_45_666.jpg,D:\DPS 920\DPS920_final_project\IMG\left_2026_07_28_11_06_45_666.jpg,D:\DPS 920\DPS920_final_project\IMG\right_2026_07_28_11_06_45_666.jpg,0.25,1.0,0,30.17623
D:\DPS 920\DPS920_final_project\IMG\center_2026_07_28_11_07_51_182.jpg,D:\DPS 920\DPS920_final_project\IMG\left_2026_07_28_11_07_51_182.jpg,D:\DPS 920\DPS920_final_project\IMG\right_2026_07_28_11_07_51_182.jpg,0.0,1.0,0,30.19068
D:\DPS 920\DPS920_final_project\IMG\center_2026_07_28_11_06_06_305.jpg,D:\DPS 920\DPS920_final_project\IMG\left_2026_07_28_11_06_06_305.jpg,D:\DPS 920\DPS920_final_project\IMG\right_2026_07_28_11_06_06_305.jpg,-0.3,1.0,0,30.17556
D:\DPS 920\DPS920_final_project\IMG\center_2026_07_28_11_06_38_258.jpg,D:\DPS 920\DPS920_final_project\IMG\left_2026_07_28_11_06_38_258.jpg,D:\DPS 920\DPS920_final_project\IMG\right_2026_07_28_11_06_38_258.jpg,0.1,1.0,0,30.18823
D:\DPS 920\DPS920_final_project\IMG\center_2026_07_28_11_08_31_108.jpg,D:\DPS 920\DPS920_final_project\IMG\left_2026_07_28_11_08_31_108.jpg,D:\DPS 920\DPS920_final_project\IMG\right_2026_07_28_11_08_31_108.jpg,0.0,1.0,0,30.1906
D:\DPS 920\DPS920_final_project\IMG\center_2026_07_28_11_10_06_052.jpg,D:\DPS 920\DPS920_final_project\IMG\left_2026_07_28_11_10_06_052.jpg,D:\DPS 920\DPS920_final_project\IMG\right_2026_07_28_11_10_06_052.jpg,0.5500001,1.0,0,30.13983
D:\DPS 920\DPS920_final_project\IMG\center_2026_07_28_11_21_25_213.jpg,D:\DPS 920\DPS920_final_project\IMG\left_2026_07_28_11_21_25_213.jpg,D:\DPS 920\DPS920_final_project\IMG\right_2026_07_28_11_21_25_213.jpg,-0.2,1.0,0,30.18221
D:\DPS 920\DPS920_final_project\IMG\center_2026_07_28_11_06_14_870.jpg,D:\DPS 920\DPS920_final_project\IMG\left_2026_07_28_11_06_14_870.jpg,D:\DPS 920\DPS920_final_project\IMG\right_2026_07_28_11_06_14_870.jpg,0.35,1.0,0,30.1665
D:\DPS 920\DPS920_final_project\IMG\center_2026_07_28_11_20_06_148.jpg,D:\DPS 920\DPS920_final_project\IMG\left_2026_07_28_11_20_06_148.jpg,D:\DPS 920\DPS920_final_project\IMG\right_2026_07_28_11_20_06_148.jpg,-0.35,1.0,0,30.16318
D:\DPS 920\DPS920_final_project\IMG\center_2026_07_28_11_21_58_043.jpg,D:\DPS 920\DPS920_final_project\IMG\left_2026_07_28_11_21_58_043.jpg,D:\DPS 920\DPS920_final_project\IMG\right_2026_07_28_11_21_58_043.jpg,-0.2,1.0,0,30.1815
D:\DPS 920\DPS920_final_project\IMG\center_2026_07_28_11_20_08_031.jpg,D:\DPS 920\DPS920_final_project\IMG\left_2026_07_28_11_20_08_031.jpg,D:\DPS 920\DPS920_final_project\IMG\right_2026_07_28_11_20_08_031.jpg,-0.1,1.0,0,30.18753
D:\DPS 920\DPS920_final_project\IMG\center_2026_07_28_11_21_25_653.jpg,D:\DPS 920\DPS920_final_project\IMG\left_2026_07_28_11_21_25_653.jpg,D:\DPS 920\DPS920_final_project\IMG\right_2026_07_28_11_21_25_653.jpg,-0.05,1.0,0,30.19026
D:\DPS 920\DPS920_final_project\IMG\center_2026_07_28_11_22_20_933.jpg,D:\DPS 920\DPS920_final_project\IMG\left_2026_07_28_11_22_20_933.jpg,D:\DPS 920\DPS920_final_project\IMG\right_2026_07_28_11_22_20_933.jpg,-0.6000001,1.0,0,30.13145
D:\DPS 920\DPS920_final_project\IMG\center_2026_07_28_11_07_19_064.jpg,D:\DPS 920\DPS920_final_project\IMG\left_2026_07_28_11_07_19_064.jpg,D:\DPS 920\DPS920_final_project\IMG\right_2026_07_28_11_07_19_064.jpg,0.15,1.0,0,30.18625
D:\DPS 920\DPS920_final_project\IMG\center_2026_07_28_11_10_00_061.jpg,D:\DPS 920\DPS920_final_project\IMG\left_2026_07_28_11_10_00_061.jpg,D:\DPS 920\DPS920_final_project\IMG\right_2026_07_28_11_10_00_061.jpg,0.15,1.0,0,30.1861
D:\DPS 920\DPS920_final_project\IMG\center_2026_07_28_11_22_20_004.jpg,D:\DPS 920\DPS920_final_project\IMG\left_2026_07_28_11_22_20_004.jpg,D:\DPS 920\DPS920_final_project\IMG\right_2026_07_28_11_22_20_004.jpg,-0.1,1.0,0,30.18893
D:\DPS 920\DPS920_final_project\IMG\center_2026_07_28_11_08_42_283.jpg,D:\DPS 920\DPS920_final_project\IMG\left_2026_07_28_11_08_42_283.jpg,D:\DPS 920\DPS920_final_project\IMG\right_2026_07_28_11_08_42_283.jpg,0.2,1.0,0,30.1789
D:\DPS 920\DPS920_final_project\IMG\center_2026_07_28_11_20_22_995.jpg,D:\DPS 920\DPS920_final_project\IMG\left_2026_07_28_11_20_22_995.jpg,D:\DPS 920\DPS920_final_project\IMG\right_2026_07_28_11_20_22_995.jpg,-0.1,1.0,0,30.18748
D:\DPS 920\DPS920_final_project\IMG\center_2026_07_28_11_19_54_758.jpg,D:\DPS 920\DPS920_final_project\IMG\left_2026_07_28_11_19_54_758.jpg,D:\DPS 920\DPS920_final_project\IMG\right_2026_07_28_11_19_54_758.jpg,-0.3,1.0,0,8.278945
D:\DPS 920\DPS920_final_project\IMG\center_2026_07_28_11_22_39_782.jpg,D:\DPS 920\DPS920_final_project\IMG\left_2026_07_28_11_22_39_782.jpg,D:\DPS 920\DPS920_final_project\IMG\right_2026_07_28_11_22_39_782.jpg,0.0,1.0,0,30.18519
D:\DPS 920\DPS920_final_project\IMG\center_2026_07_28_11_21_40_680.jpg,D:\DPS 920\DPS920_final_project\IMG\left_2026_07_28_11_21_40_680.jpg,D:\DPS 920\DPS920_final_project\IMG\right_2026_07_28_11_21_40_680.jpg,-0.2,1.0,0,30.17944
D:\DPS 920\DPS920_final_project\IMG\center_2026_07_28_11_06_00_873.jpg,D:\DPS 920\DPS920_final_project\IMG\left_2026_07_28_11_06_00_873.jpg,D:\DPS 920\DPS920_final_project\IMG\right_2026_07_28_11_06_00_873.jpg,0.1,1.0,0,30.18774
D:\DPS 920\DPS920_final_project\IMG\center_2026_07_28_11_21_42_260.jpg,D:\DPS 920\DPS920_final_project\IMG\left_2026_07_28_11_21_42_260.jpg,D:\DPS 920\DPS920_final_project\IMG\right_2026_07_28_11_21_42_260.jpg,-0.1,1.0,0,30.18742
D:\DPS 920\DPS920_final_project\IMG\center_2026_07_28_11_21_20_022.jpg,D:\DPS 920\DPS920_final_project\IMG\left_2026_07_28_11_21_20_022.jpg,D:\DPS 920\DPS920_final_project\IMG\right_2026_07_28_11_21_20_022.jpg,0.0,1.0,0,30.18631
D:\DPS 920\DPS920_final_project\IMG\center_2026_07_28_11_20_59_996.jpg,D:\DPS 920\DPS920_final_project\IMG\left_2026_07_28_11_20_59_996.jpg,D:\DPS 920\DPS920_final_project\IMG\right_2026_07_28_11_20_59_996.jpg,-0.9000002,1.0,0,30.09854
D:\DPS 920\DPS920_final_project\IMG\center_2026_07_28_11_22_46_165.jpg,D:\DPS 920\DPS920_final_project\IMG\left_2026_07_28_11_22_46_165.jpg,D:\DPS 920\DPS920_final_project\IMG\right_2026_07_28_11_22_46_165.jpg,-0.15,1.0,0,30.18443
D:\DPS 920\DPS920_final_project\IMG\center_2026_07_28_11_08_50_793.jpg,D:\DPS 920\DPS920_final_project\IMG\left_2026_07_28_11_08_50_793.jpg,D:\DPS 920\DPS920_final_project\IMG\right_2026_07_28_11_08_50_793.jpg,-0.15,1.0,0,30.18436
D:\DPS 920\DPS920_final_project\IMG\center_2026_07_28_11_09_44_563.jpg,D:\DPS 920\DPS920_final_project\IMG\left_2026_07_28_11_09_44_563.jpg,D:\DPS 920\DPS920_final_project\IMG\right_2026_07_28_11_09_44_563.jpg,0.0,1.0,0,30.19018
D:\DPS 920\DPS920_final_project\IMG\center_2026_07_28_11_09_34_101.jpg,D:\DPS 920\DPS920_final_project\IMG\left_2026_07_28_11_09_34_101.jpg,D:\DPS 920\DPS920_final_project\IMG\right_2026_07_28_11_09_34_101.jpg,0.15,1.0,0,30.18447
D:\DPS 920\DPS920_final_project\IMG\center_2026_07_28_11_10_00_712.jpg,D:\DPS 920\DPS920_final_project\IMG\left_2026_07_28_11_10_00_712.jpg,D:\DPS 920\DPS920_final_project\IMG\right_2026_07_28_11_10_00_712.jpg,0.05,1.0,0,30.19
D:\DPS 920\DPS920_final_project\IMG\center_2026_07_28_11_07_15_476.jpg,D:\DPS 920\DPS920_final_project\IMG\left_2026_07_28_11_07_15_476.jpg,D:\DPS 920\DPS920_final_project\IMG\right_2026_07_28_11_07_15_476.jpg,0.0,1.0,0,30.18902
D:\DPS 920\DPS920_final_project\IMG\center_2026_07_28_11_21_07_798.jpg,D:\DPS 920\DPS920_final_project\IMG\left_2026_07_28_11_21_07_798.jpg,D:\DPS 920\DPS920_final_project\IMG\right_2026_07_28_11_21_07_798.jpg,0.1,1.0,0,30.18748
D:\DPS 920\DPS920_final_project\IMG\center_2026_07_28_11_05_59_275.jpg,D:\DPS 920\DPS920_final_project\IMG\left_2026_07_28_11_05_59_275.jpg,D:\DPS 920\DPS920_final_project\IMG\right_2026_07_28_11_05_59_275.jpg,0.15,1.0,0,30.18568
D:\DPS 920\DPS920_final_project\IMG\center_2026_07_28_11_21_16_623.jpg,D:\DPS 920\DPS920_final_project\IMG\left_2026_07_28_11_21_16_623.jpg,D:\DPS 920\DPS920_final_project\IMG\right_2026_07_28_11_21_16_623.jpg,-0.6500001,1.0,0,30.12753
D:\DPS 920\DPS920_final_project\IMG\center_2026_07_28_11_06_35_680.jpg,D:\DPS 920\DPS920_final_project\IMG\left_2026_07_28_11_06_35_680.jpg,D:\DPS 920\DPS920_final_project\IMG\right_2026_07_28_11_06_35_680.jpg,0.0,1.0,0,30.19022
D:\DPS 920\DPS920_final_project\IMG\center_2026_07_28_11_08_30_456.jpg,D:\DPS 920\DPS920_final_project\IMG\left_2026_07_28_11_08_30_456.jpg,D:\DPS 920\DPS920_final_project\IMG\right_2026_07_28_11_08_30_456.jpg,0.05,1.0,0,30.19002
D:\DPS 920\DPS920_final_project\IMG\center_2026_07_28_11_22_40_271.jpg,D:\DPS 920\DPS920_final_project\IMG\left_2026_07_28_11_22_40_271.jpg,D:\DPS 920\DPS920_final_project\IMG\right_2026_07_28_11_22_40_271.jpg,-0.15,1.0,0,30.18983
D:\DPS 920\DPS920_final_project\IMG\center_2026_07_28_11_09_23_524.jpg,D:\DPS 920\DPS920_final_project\IMG\left_2026_07_28_11_09_23_524.jpg,D:\DPS 920\DPS920_final_project\IMG\right_2026_07_28_11_09_23_524.jpg,0.1,1.0,0,30.18956
D:\DPS 920\DPS920_final_project\IMG\center_2026_07_28_11_07_41_556.jpg,D:\DPS 920\DPS920_final_project\IMG\left_2026_07_28_11_07_41_556.jpg,D:\DPS 920\DPS920_final_project\IMG\right_2026_07_28_11_07_41_556.jpg,0.1,1.0,0,30.18976
D:\DPS 920\DPS920_final_project\IMG\center_2026_07_28_11_06_06_443.jpg,D:\DPS 920\DPS920_final_project\IMG\left_2026_07_28_11_06_06_443.jpg,D:\DPS 920\DPS920_final_project\IMG\right_2026_07_28_11_06_06_443.jpg,-0.6500001,1.0,0,30.13078
D:\DPS 920\DPS920_final_project\IMG\center_2026_07_28_11_08_28_390.jpg,D:\DPS 920\DPS920_final_project\IMG\left_2026_07_28_11_08_28_390.jpg,D:\DPS 920\DPS920_final_project\IMG\right_2026_07_28_11_08_28_390.jpg,0.1,1.0,0,30.18786
D:\DPS 920\DPS920_final_project\IMG\center_2026_07_28_11_10_29_238.jpg,D:\DPS 920\DPS920_final_project\IMG\left_2026_07_28_11_10_29_238.jpg,D:\DPS 920\DPS920_final_project\IMG\right_2026_07_28_11_10_29_238.jpg,0.0,1.0,0,30.1903
D:\DPS 920\DPS920_final_project\IMG\center_2026_07_28_11_05_59_073.jpg,D:\DPS 920\DPS920_final_project\IMG\left_2026_07_28_11_05_59_073.jpg,D:\DPS 920\DPS920_final_project\IMG\right_2026_07_28_11_05_59_073.jpg,0.25,1.0,0,30.1762
D:\DPS 920\DPS920_final_project\IMG\center_2026_07_28_11_08_15_161.jpg,D:\DPS 920\DPS920_final_project\IMG\left_2026_07_28_11_08_15_161.jpg,D:\DPS 920\DPS920_final_project\IMG\right_2026_07_28_11_08_15_161.jpg,0.0,1.0,0,30.19036
D:\DPS 920\DPS920_final_project\IMG\center_2026_07_28_11_06_06_079.jpg,D:\DPS 920\DPS920_final_project\IMG\left_2026_07_28_11_06_06_079.jpg,D:\DPS 920\DPS920_final_project\IMG\right_2026_07_28_11_06_06_079.jpg,0.0,1.0,0,30.17475
D:\DPS 920\DPS920_final_project\IMG\center_2026_07_28_11_06_17_391.jpg,D:\DPS 920\DPS920_final_project\IMG\left_2026_07_28_11_06_17_391.jpg,D:\DPS 920\DPS920_final_project\IMG\right_2026_07_28_11_06_17_391.jpg,0.25,1.0,0,30.17962
D:\DPS 920\DPS920_final_project\IMG\center_2026_07_28_11_07_05_677.jpg,D:\DPS 920\DPS920_final_project\IMG\left_2026_07_28_11_07_05_677.jpg,D:\DPS 920\DPS920_final_project\IMG\right_2026_07_28_11_07_05_677.jpg,0.0,1.0,0,30.19027
D:\DPS 920\DPS920_final_project\IMG\center_2026_07_28_11_06_08_471.jpg,D:\DPS 920\DPS920_final_project\IMG\left_2026_07_28_11_06_08_471.jpg,D:\DPS 920\DPS920_final_project\IMG\right_2026_07_28_11_06_08_471.jpg,-0.1,1.0,0,30.18892
D:\DPS 920\DPS920_final_project\IMG\center_2026_07_28_11_20_38_206.jpg,D:\DPS 920\DPS920_final_project\IMG\left_2026_07_28_11_20_38_206.jpg,D:\DPS 920\DPS920_final_project\IMG\right_2026_07_28_11_20_38_206.jpg,-0.25,1.0,0,30.17694
D:\DPS 920\DPS920_final_project\IMG\center_2026_07_28_11_09_01_147.jpg,D:\DPS 920\DPS920_final_project\IMG\left_2026_07_28_11_09_01_147.jpg,D:\DPS 920\DPS920_final_project\IMG\right_2026_07_28_11_09_01_147.jpg,0.25,1.0,0,30.17572
D:\DPS 920\DPS920_final_project\IMG\center_2026_07_28_11_21_17_687.jpg,D:\DPS 920\DPS920_final_project\IMG\left_2026_07_28_11_21_17_687.jpg,D:\DPS 920\DPS920_final_project\IMG\right_2026_07_28_11_21_17_687.jpg,-0.15,1.0,0,30.18422
D:\DPS 920\DPS920_final_project\IMG\center_2026_07_28_11_10_14_933.jpg,D:\DPS 920\DPS920_final_project\IMG\left_2026_07_28_11_10_14_933.jpg,D:\DPS 920\DPS920_final_project\IMG\right_2026_07_28_11_10_14_933.jpg,-0.3,1.0,0,30.1714
D:\DPS 920\DPS920_final_project\IMG\center_2026_07_28_11_06_22_133.jpg,D:\DPS 920\DPS920_final_project\IMG\left_2026_07_28_11_06_22_133.jpg,D:\DPS 920\DPS920_final_project\IMG\right_2026_07_28_11_06_22_133.jpg,0.0,1.0,0,30.19061
D:\DPS 920\DPS920_final_project\IMG\center_2026_07_28_11_08_13_768.jpg,D:\DPS 920\DPS920_final_project\IMG\left_2026_07_28_11_08_13_768.jpg,D:\DPS 920\DPS920_final_project\IMG\right_2026_07_28_11_08_13_768.jpg,0.25,1.0,0,30.17455
D:\DPS 920\DPS920_final_project\IMG\center_2026_07_28_11_20_32_148.jpg,D:\DPS 920\DPS920_final_project\IMG\left_2026_07_28_11_20_32_148.jpg,D:\DPS 920\DPS920_final_project\IMG\right_2026_07_28_11_20_32_148.jpg,0.0,1.0,0,30.19001
D:\DPS 920\DPS920_final_project\IMG\center_2026_07_28_11_07_40_327.jpg,D:\DPS 920\DPS920_final_project\IMG\left_2026_07_28_11_07_40_327.jpg,D:\DPS 920\DPS920_final_project\IMG\right_2026_07_28_11_07_40_327.jpg,0.05,1.0,0,30.18993
D:\DPS 920\DPS920_final_project\IMG\center_2026_07_28_11_22_06_328.jpg,D:\DPS 920\DPS920_final_project\IMG\left_2026_07_28_11_22_06_328.jpg,D:\DPS 920\DPS920_final_project\IMG\right_2026_07_28_11_22_06_328.jpg,-0.1,1.0,0,30.18917
D:\DPS 920\DPS920_final_project\IMG\center_2026_07_28_11_22_29_907.jpg,D:\DPS 920\DPS920_final_project\IMG\left_2026_07_28_11_22_29_907.jpg,D:\DPS 920\DPS920_final_project\IMG\right_2026_07_28_11_22_29_907.jpg,0.35,1.0,0,30.16459
D:\DPS 920\DPS920_final_project\IMG\center_2026_07_28_11_06_32_891.jpg,D:\DPS 920\DPS920_final_project\IMG\left_2026_07_28_11_06_32_891.jpg,D:\DPS 920\DPS920_final_project\IMG\right_2026_07_28_11_06_32_891.jpg,0.4,1.0,0,30.15777
D:\DPS 920\DPS920_final_project\IMG\center_2026_07_28_11_19_58_249.jpg,D:\DPS 920\DPS920_final_project\IMG\left_2026_07_28_11_19_58_249.jpg,D:\DPS 920\DPS920_final_project\IMG\right_2026_07_28_11_19_58_249.jpg,-0.2,1.0,0,30.18456
D:\DPS 920\DPS920_final_project\IMG\center_2026_07_28_11_06_16_018.jpg,D:\DPS 920\DPS920_final_project\IMG\left_2026_07_28_11_06_16_018.jpg,D:\DPS 920\DPS920_final_project\IMG\right_2026_07_28_11_06_16_018.jpg,0.2,1.0,0,30.18335
D:\DPS 920\DPS920_final_project\IMG\center_2026_07_28_11_08_04_224.jpg,D:\DPS 920\DPS920_final_project\IMG\left_2026_07_28_11_08_04_224.jpg,D:\DPS 920\DPS920_final_project\IMG\right_2026_07_28_11_08_04_224.jpg,0.1,1.0,0,30.18849
D:\DPS 920\DPS920_final_project\IMG\center_2026_07_28_11_10_15_372.jpg,D:\DPS 920\DPS920_final_project\IMG\left_2026_07_28_11_10_15_372.jpg,D:\DPS 920\DPS920_final_project\IMG\right_2026_07_28_11_10_15_372.jpg,-0.05,1.0,0,30.18945
D:\DPS 920\DPS920_final_project\IMG\center_2026_07_28_11_20_58_756.jpg,D:\DPS 920\DPS920_final_project\IMG\left_2026_07_28_11_20_58_756.jpg,D:\DPS 920\DPS920_final_project\IMG\right_2026_07_28_11_20_58_756.jpg,-0.1,1.0,0,30.19048
D:\DPS 920\DPS920_final_project\IMG\center_2026_07_28_11_10_25_058.jpg,D:\DPS 920\DPS920_final_project\IMG\left_2026_07_28_11_10_25_058.jpg,D:\DPS 920\DPS920_final_project\IMG\right_2026_07_28_11_10_25_058.jpg,0.2,1.0,0,30.18306
D:\DPS 920\DPS920_final_project\IMG\center_2026_07_28_11_22_11_490.jpg,D:\DPS 920\DPS920_final_project\IMG\left_2026_07_28_11_22_11_490.jpg,D:\DPS 920\DPS920_final_project\IMG\right_2026_07_28_11_22_11_490.jpg,0.0,1.0,0,30.18989
D:\DPS 920\DPS920_final_project\IMG\center_2026_07_28_11_10_08_745.jpg,D:\DPS 920\DPS920_final_project\IMG\left_2026_07_28_11_10_08_745.jpg,D:\DPS 920\DPS920_final_project\IMG\right_2026_07_28_11_10_08_745.jpg,0.0,1.0,0,30.19032
D:\DPS 920\DPS920_final_project\IMG\center_2026_07_28_11_20_45_459.jpg,D:\DPS 920\DPS920_final_project\IMG\left_2026_07_28_11_20_45_459.jpg,D:\DPS 920\DPS920_final_project\IMG\right_2026_07_28_11_20_45_459.jpg,-0.1,1.0,0,30.18748
D:\DPS 920\DPS920_final_project\IMG\center_2026_07_28_11_07_52_490.jpg,D:\DPS 920\DPS920_final_project\IMG\left_2026_07_28_11_07_52_490.jpg,D:\DPS 920\DPS920_final_project\IMG\right_2026_07_28_11_07_52_490.jpg,0.25,1.0,0,30.46676
D:\DPS 920\DPS920_final_project\IMG\center_2026_07_28_11_06_15_366.jpg,D:\DPS 920\DPS920_final_project\IMG\left_2026_07_28_11_06_15_366.jpg,D:\DPS 920\DPS920_final_project\IMG\right_2026_07_28_11_06_15_366.jpg,0.2,1.0,0,30.18535
D:\DPS 920\DPS920_final_project\IMG\center_2026_07_28_11_07_50_321.jpg,D:\DPS 920\DPS920_final_project\IMG\left_2026_07_28_11_07_50_321.jpg,D:\DPS 920\DPS920_final_project\IMG\right_2026_07_28_11_07_50_321.jpg,0.0,1.0,0,30.19065
D:\DPS 920\DPS920_final_project\IMG\center_2026_07_28_11_06_14_939.jpg,D:\DPS 920\DPS920_final_project\IMG\left_2026_07_28_11_06_14_939.jpg,D:\DPS 920\DPS920_final_project\IMG\right_2026_07_28_11_06_14_939.jpg,0.5000001,1.0,0,30.14737
D:\DPS 920\DPS920_final_project\IMG\center_2026_07_28_11_08_35_555.jpg,D:\DPS 920\DPS920_final_project\IMG\left_2026_07_28_11_08_35_555.jpg,D:\DPS 920\DPS920_final_project\IMG\right_2026_07_28_11_08_35_555.jpg,0.2,1.0,0,30.18117
D:\DPS 920\DPS920_final_project\IMG\center_2026_07_28_11_08_20_086.jpg,D:\DPS 920\DPS920_final_project\IMG\left_2026_07_28_11_08_20_086.jpg,D:\DPS 920\DPS920_final_project\IMG\right_2026_07_28_11_08_20_086.jpg,0.0,1.0,0,30.19026
D:\DPS 920\DPS920_final_project\IMG\center_2026_07_28_11_08_06_465.jpg,D:\DPS 920\DPS920_final_project\IMG\left_2026_07_28_11_08_06_465.jpg,D:\DPS 920\DPS920_final_project\IMG\right_2026_07_28_11_08_06_465.jpg,0.0,1.0,0,30.18977
D:\DPS 920\DPS920_final_project\IMG\center_2026_07_28_11_09_24_223.jpg,D:\DPS 920\DPS920_final_project\IMG\left_2026_07_28_11_09_24_223.jpg,D:\DPS 920\DPS920_final_project\IMG\right_2026_07_28_11_09_24_223.jpg,0.2,1.0,0,30.18138
D:\DPS 920\DPS920_final_project\IMG\center_2026_07_28_11_06_08_753.jpg,D:\DPS 920\DPS920_final_project\IMG\left_2026_07_28_11_06_08_753.jpg,D:\DPS 920\DPS920_final_project\IMG\right_2026_07_28_11_06_08_753.jpg,-0.2,1.0,0,30.18162
D:\DPS 920\DPS920_final_project\IMG\center_2026_07_28_11_07_25_460.jpg,D:\DPS 920\DPS920_final_project\IMG\left_2026_07_28_11_07_25_460.jpg,D:\DPS 920\DPS920_final_project\IMG\right_2026_07_28_11_07_25_460.jpg,-0.25,1.0,0,30.17475
D:\DPS 920\DPS920_final_project\IMG\center_2026_07_28_11_21_09_213.jpg,D:\DPS 920\DPS920_final_project\IMG\left_2026_07_28_11_21_09_213.jpg,D:\DPS 920\DPS920_final_project\IMG\right_2026_07_28_11_21_09_213.jpg,0.2,1.0,0,30.18689
D:\DPS 920\DPS920_final_project\IMG\center_2026_07_28_11_08_13_620.jpg,D:\DPS 920\DPS920_final_project\IMG\left_2026_07_28_11_08_13_620.jpg,D:\DPS 920\DPS920_final_project\IMG\right_2026_07_28_11_08_13_620.jpg,0.0,1.0,0,30.18995
D:\DPS 920\DPS920_final_project\IMG\center_2026_07_28_11_09_41_141.jpg,D:\DPS 920\DPS920_final_project\IMG\left_2026_07_28_11_09_41_141.jpg,D:\DPS 920\DPS920_final_project\IMG\right_2026_07_28_11_09_41_141.jpg,0.0,1.0,0,30.19028
D:\DPS 920\DPS920_final_project\IMG\center_2026_07_28_11_20_52_937.jpg,D:\DPS 920\DPS920_final_project\IMG\left_2026_07_28_11_20_52_937.jpg,D:\DPS 920\DPS920_final_project\IMG\right_2026_07_28_11_20_52_937.jpg,-0.05,1.0,0,30.1894
D:\DPS 920\DPS920_final_project\IMG\center_2026_07_28_11_10_15_666.jpg,D:\DPS 920\DPS920_final_project\IMG\left_2026_07_28_11_10_15_666.jpg,D:\DPS 920\DPS920_final_project\IMG\right_2026_07_28_11_10_15_666.jpg,-0.3,1.0,0,30.1724
D:\DPS 920\DPS920_final_project\IMG\center_2026_07_28_11_21_27_899.jpg,D:\DPS 920\DPS920_final_project\IMG\left_2026_07_28_11_21_27_899.jpg,D:\DPS 920\DPS920_final_project\IMG\right_2026_07_28_11_21_27_899.jpg,-0.1,1.0,0,30.18868
D:\DPS 920\DPS920_final_project\IMG\center_2026_07_28_11_10_14_285.jpg,D:\DPS 920\DPS920_final_project\IMG\left_2026_07_28_11_10_14_285.jpg,D:\DPS 920\DPS920_final_project\IMG\right_2026_07_28_11_10_14_285.jpg,-0.05,1.0,0,30.19031
D:\DPS 920\DPS920_final_project\IMG\center_2026_07_28_11_22_08_127.jpg,D:\DPS 920\DPS920_final_project\IMG\left_2026_07_28_11_22_08_127.jpg,D:\DPS 920\DPS920_final_project\IMG\right_2026_07_28_11_22_08_127.jpg,-0.15,1.0,0,30.18614
D:\DPS 920\DPS920_final_project\IMG\center_2026_07_28_11_05_58_076.jpg,D:\DPS 920\DPS920_final_project\IMG\left_2026_07_28_11_05_58_076.jpg,D:\DPS 920\DPS920_final_project\IMG\right_2026_07_28_11_05_58_076.jpg,0.0,1.0,0,29.69469
D:\DPS 920\DPS920_final_project\IMG\center_2026_07_28_11_21_08_367.jpg,D:\DPS 920\DPS920_final_project\IMG\left_2026_07_28_11_21_08_367.jpg,D:\DPS 920\DPS920_final_project\IMG\right_2026_07_28_11_21_08_367.jpg,0.0,1.0,0,30.18882
D:\DPS 920\DPS920_final_project\IMG\center_2026_07_28_11_07_10_344.jpg,D:\DPS 920\DPS920_final_project\IMG\left_2026_07_28_11_07_10_344.jpg,D:\DPS 920\DPS920_final_project\IMG\right_2026_07_28_11_07_10_344.jpg,0.25,1.0,0,30.17495
D:\DPS 920\DPS920_final_project\IMG\center_2026_07_28_11_09_00_872.jpg,D:\DPS 920\DPS920_final_project\IMG\left_2026_07_28_11_09_00_872.jpg,D:\DPS 920\DPS920_final_project\IMG\right_2026_07_28_11_09_00_872.jpg,0.05,1.0,0,30.18999
D:\DPS 920\DPS920_final_project\IMG\center_2026_07_28_11_09_33_584.jpg,D:\DPS 920\DPS920_final_project\IMG\left_2026_07_28_11_09_33_584.jpg,D:\DPS 920\DPS920_final_project\IMG\right_2026_07_28_11_09_33_584.jpg,0.0,1.0,0,30.19033
D:\DPS 920\DPS920_final_project\IMG\center_2026_07_28_11_09_00_083.jpg,D:\DPS 920\DPS920_final_project\IMG\left_2026_07_28_11_09_00_083.jpg,D:\DPS 920\DPS920_final_project\IMG\right_2026_07_28_11_09_00_083.jpg,0.15,1.0,0,30.18554
D:\DPS 920\DPS920_final_project\IMG\center_2026_07_28_11_21_04_092.jpg,D:\DPS 920\DPS920_final_project\IMG\left_2026_07_28_11_21_04_092.jpg,D:\DPS 920\DPS920_final_project\IMG\right_2026_07_28_11_21_04_092.jpg,0.0,1.0,0,30.19029
D:\DPS 920\DPS920_final_project\IMG\center_2026_07_28_11_21_21_445.jpg,D:\DPS 920\DPS920_final_project\IMG\left_2026_07_28_11_21_21_445.jpg,D:\DPS 920\DPS920_final_project\IMG\right_2026_07_28_11_21_21_445.jpg,-0.25,1.0,0,30.18255
D:\DPS 920\DPS920_final_project\IMG\center_2026_07_28_11_22_21_895.jpg,D:\DPS 920\DPS920_final_project\IMG\left_2026_07_28_11_22_21_895.jpg,D:\DPS 920\DPS920_final_project\IMG\right_2026_07_28_11_22_21_895.jpg,-0.15,1.0,0,30.18991
D:\DPS 920\DPS920_final_project\IMG\center_2026_07_28_11_10_13_337.jpg,D:\DPS 920\DPS920_final_project\IMG\left_2026_07_28_11_10_13_337.jpg,D:\DPS 920\DPS920_final_project\IMG\right_2026_07_28_11_10_13_337.jpg,-0.2,1.0,0,30.18074
D:\DPS 920\DPS920_final_project\IMG\center_2026_07_28_11_07_39_754.jpg,D:\DPS 920\DPS920_final_project\IMG\left_2026_07_28_11_07_39_754.jpg,D:\DPS 920\DPS920_final_project\IMG\right_2026_07_28_11_07_39_754.jpg,0.05,1.0,0,30.18989
D:\DPS 920\DPS920_final_project\IMG\center_2026_07_28_11_21_17_044.jpg,D:\DPS 920\DPS920_final_project\IMG\left_2026_07_28_11_21_17_044.jpg,D:\DPS 920\DPS920_final_project\IMG\right_2026_07_28_11_21_17_044.jpg,0.0,1.0,0,30.18974
D:\DPS 920\DPS920_final_project\IMG\center_2026_07_28_11_08_47_735.jpg,D:\DPS 920\DPS920_final_project\IMG\left_2026_07_28_11_08_47_735.jpg,D:\DPS 920\DPS920_final_project\IMG\right_2026_07_28_11_08_47_735.jpg,0.0,1.0,0,30.19021
D:\DPS 920\DPS920_final_project\IMG\center_2026_07_28_11_10_17_316.jpg,D:\DPS 920\DPS920_final_project\IMG\left_2026_07_28_11_10_17_316.jpg,D:\DPS 920\DPS920_final_project\IMG\right_2026_07_28_11_10_17_316.jpg,-0.6500001,1.0,0,30.12913
D:\DPS 920\DPS920_final_project\IMG\center_2026_07_28_11_09_00_374.jpg,D:\DPS 920\DPS920_final_project\IMG\left_2026_07_28_11_09_00_374.jpg,D:\DPS 920\DPS920_final_project\IMG\right_2026_07_28_11_09_00_374.jpg,0.25,1.0,0,30.17806
D:\DPS 920\DPS920_final_project\IMG\center_2026_07_28_11_20_45_037.jpg,D:\DPS 920\DPS920_final_project\IMG\left_2026_07_28_11_20_45_037.jpg,D:\DPS 920\DPS920_final_project\IMG\right_2026_07_28_11_20_45_037.jpg,0.0,1.0,0,30.18958
D:\DPS 920\DPS920_final_project\IMG\center_2026_07_28_11_08_15_231.jpg,D:\DPS 920\DPS920_final_project\IMG\left_2026_07_28_11_08_15_231.jpg,D:\DPS 920\DPS920_final_project\IMG\right_2026_07_28_11_08_15_231.jpg,0.0,1.0,0,30.19036
D:\DPS 920\DPS920_final_project\IMG\center_2026_07_28_11_09_33_381.jpg,D:\DPS 920\DPS920_final_project\IMG\left_2026_07_28_11_09_33_381.jpg,D:\DPS 920\DPS920_final_project\IMG\right_2026_07_28_11_09_33_381.jpg,0.0,1.0,0,30.18983
D:\DPS 920\DPS920_final_project\IMG\center_2026_07_28_11_10_15_149.jpg,D:\DPS 920\DPS920_final_project\IMG\left_2026_07_28_11_10_15_149.jpg,D:\DPS 920\DPS920_final_project\IMG\right_2026_07_28_11_10_15_149.jpg,-0.25,1.0,0,30.17939
D:\DPS 920\DPS920_final_project\IMG\center_2026_07_28_11_08_55_296.jpg,D:\DPS 920\DPS920_final_project\IMG\left_2026_07_28_11_08_55_296.jpg,D:\DPS 920\DPS920_final_project\IMG\right_2026_07_28_11_08_55_296.jpg,-0.1,1.0,0,30.1893
D:\DPS 920\DPS920_final_project\IMG\center_2026_07_28_11_07_36_011.jpg,D:\DPS 920\DPS920_final_project\IMG\left_2026_07_28_11_07_36_011.jpg,D:\DPS 920\DPS920_final_project\IMG\right_2026_07_28_11_07_36_011.jpg,0.2,1.0,0,30.18164
D:\DPS 920\DPS920_final_project\IMG\center_2026_07_28_11_22_34_255.jpg,D:\DPS 920\DPS920_final_project\IMG\left_2026_07_28_11_22_34_255.jpg,D:\DPS 920\DPS920_final_project\IMG\right_2026_07_28_11_22_34_255.jpg,0.15,1.0,0,30.18637
D:\DPS 920\DPS920_final_project\IMG\center_2026_07_28_11_08_28_728.jpg,D:\DPS 920\DPS920_final_project\IMG\left_2026_07_28_11_08_28_728.jpg,D:\DPS 920\DPS920_final_project\IMG\right_2026_07_28_11_08_28_728.jpg,0.0,1.0,0,30.19044
D:\DPS 920\DPS920_final_project\IMG\center_2026_07_28_11_06_03_590.jpg,D:\DPS 920\DPS920_final_project\IMG\left_2026_07_28_11_06_03_590.jpg,D:\DPS 920\DPS920_final_project\IMG\right_2026_07_28_11_06_03_590.jpg,-0.1,1.0,0,30.18873
D:\DPS 920\DPS920_final_project\IMG\center_2026_07_28_11_22_46_890.jpg,D:\DPS 920\DPS920_final_project\IMG\left_2026_07_28_11_22_46_890.jpg,D:\DPS 920\DPS920_final_project\IMG\right_2026_07_28_11_22_46_890.jpg,0.0,1.0,0,30.18715
D:\DPS 920\DPS920_final_project\IMG\center_2026_07_28_11_09_58_601.jpg,D:\DPS 920\DPS920_final_project\IMG\left_2026_07_28_11_09_58_601.jpg,D:\DPS 920\DPS920_final_project\IMG\right_2026_07_28_11_09_58_601.jpg,0.05,1.0,0,30.18987
D:\DPS 920\DPS920_final_project\IMG\center_2026_07_28_11_20_33_724.jpg,D:\DPS 920\DPS920_final_project\IMG\left_2026_07_28_11_20_33_724.jpg,D:\DPS 920\DPS920_final_project\IMG\right_2026_07_28_11_20_33_724.jpg,-0.2,1.0,0,30.18271
D:\DPS 920\DPS920_final_project\IMG\center_2026_07_28_11_07_15_122.jpg,D:\DPS 920\DPS920_final_project\IMG\left_2026_07_28_11_07_15_122.jpg,D:\DPS 920\DPS920_final_project\IMG\right_2026_07_28_11_07_15_122.jpg,0.2,1.0,0,30.18053
D:\DPS 920\DPS920_final_project\IMG\center_2026_07_28_11_10_03_863.jpg,D:\DPS 920\DPS920_final_project\IMG\left_2026_07_28_11_10_03_863.jpg,D:\DPS 920\DPS920_final_project\IMG\right_2026_07_28_11_10_03_863.jpg,0.15,1.0,0,30.18426
D:\DPS 920\DPS920_final_project\IMG\center_2026_07_28_11_09_27_674.jpg,D:\DPS 920\DPS920_final_project\IMG\left_2026_07_28_11_09_27_674.jpg,D:\DPS 920\DPS920_final_project\IMG\right_2026_07_28_11_09_27_674.jpg,0.3,1.0,0,30.17044
D:\DPS 920\DPS920_final_project\IMG\center_2026_07_28_11_21_49_798.jpg,D:\DPS 920\DPS920_final_project\IMG\left_2026_07_28_11_21_49_798.jpg,D:\DPS 920\DPS920_final_project\IMG\right_2026_07_28_11_21_49_798.jpg,0.0,1.0,0,30.19028
D:\DPS 920\DPS920_final_project\IMG\center_2026_07_28_11_07_35_639.jpg,D:\DPS 920\DPS920_final_project\IMG\left_2026_07_28_11_07_35_639.jpg,D:\DPS 920\DPS920_final_project\IMG\right_2026_07_28_11_07_35_639.jpg,0.0,1.0,0,30.19028
D:\DPS 920\DPS920_final_project\IMG\center_2026_07_28_11_08_46_069.jpg,D:\DPS 920\DPS920_final_project\IMG\left_2026_07_28_11_08_46_069.jpg,D:\DPS 920\DPS920_final_project\IMG\right_2026_07_28_11_08_46_069.jpg,0.15,1.0,0,30.18611
D:\DPS 920\DPS920_final_project\IMG\center_2026_07_28_11_22_17_864.jpg,D:\DPS 920\DPS920_final_project\IMG\left_2026_07_28_11_22_17_864.jpg,D:\DPS 920\DPS920_final_project\IMG\right_2026_07_28_11_22_17_864.jpg,0.0,1.0,0,30.19047
D:\DPS 920\DPS920_final_project\IMG\center_2026_07_28_11_20_13_549.jpg,D:\DPS 920\DPS920_final_project\IMG\left_2026_07_28_11_20_13_549.jpg,D:\DPS 920\DPS920_final_project\IMG\right_2026_07_28_11_20_13_549.jpg,0.0,1.0,0,30.19029
D:\DPS 920\DPS920_final_project\IMG\center_2026_07_28_11_07_31_856.jpg,D:\DPS 920\DPS920_final_project\IMG\left_2026_07_28_11_07_31_856.jpg,D:\DPS 920\DPS920_final_project\IMG\right_2026_07_28_11_07_31_856.jpg,-0.2,1.0,0,30.18214
D:\DPS 920\DPS920_final_project\IMG\center_2026_07_28_11_21_24_132.jpg,D:\DPS 920\DPS920_final_project\IMG\left_2026_07_28_11_21_24_132.jpg,D:\DPS 920\DPS920_final_project\IMG\right_2026_07_28_11_21_24_132.jpg,0.0,1.0,0,30.19023
D:\DPS 920\DPS920_final_project\IMG\center_2026_07_28_11_06_04_191.jpg,D:\DPS 920\DPS920_final_project\IMG\left_2026_07_28_11_06_04_191.jpg,D:\DPS 920\DPS920_final_project\IMG\right_2026_07_28_11_06_04_191.jpg,-0.2,1.0,0,30.18118
D:\DPS 920\DPS920_final_project\IMG\center_2026_07_28_11_22_20_793.jpg,D:\DPS 920\DPS920_final_project\IMG\left_2026_07_28_11_22_20_793.jpg,D:\DPS 920\DPS920_final_project\IMG\right_2026_07_28_11_22_20_793.jpg,-0.25,1.0,0,30.17514
D:\DPS 920\DPS920_final_project\IMG\center_2026_07_28_11_20_00_438.jpg,D:\DPS 920\DPS920_final_project\IMG\left_2026_07_28_11_20_00_438.jpg,D:\DPS 920\DPS920_final_project\IMG\right_2026_07_28_11_20_00_438.jpg,-0.15,1.0,0,30.18719
D:\DPS 920\DPS920_final_project\IMG\center_2026_07_28_11_22_25_325.jpg,D:\DPS 920\DPS920_final_project\IMG\left_2026_07_28_11_22_25_325.jpg,D:\DPS 920\DPS920_final_project\IMG\right_2026_07_28_11_22_25_325.jpg,-0.05,1.0,0,30.19009
D:\DPS 920\DPS920_final_project\IMG\center_2026_07_28_11_06_52_324.jpg,D:\DPS 920\DPS920_final_project\IMG\left_2026_07_28_11_06_52_324.jpg,D:\DPS 920\DPS920_final_project\IMG\right_2026_07_28_11_06_52_324.jpg,0.2,1.0,0,30.17992
D:\DPS 920\DPS920_final_project\IMG\center_2026_07_28_11_22_23_827.jpg,D:\DPS 920\DPS920_final_project\IMG\left_2026_07_28_11_22_23_827.jpg,D:\DPS 920\DPS920_final_project\IMG\right_2026_07_28_11_22_23_827.jpg,-0.25,1.0,0,30.17927
D:\DPS 920\DPS920_final_project\IMG\center_2026_07_28_11_08_46_221.jpg,D:\DPS 920\DPS920_final_project\IMG\left_2026_07_28_11_08_46_221.jpg,D:\DPS 920\DPS920_final_project\IMG\right_2026_07_28_11_08_46_221.jpg,0.0,1.0,0,30.18975
D:\DPS 920\DPS920_final_project\IMG\center_2026_07_28_11_08_43_821.jpg,D:\DPS 920\DPS920_final_project\IMG\left_2026_07_28_11_08_43_821.jpg,D:\DPS 920\DPS920_final_project\IMG\right_2026_07_28_11_08_43_821.jpg,0.0,1.0,0,30.18854
D:\DPS 920\DPS920_final_project\IMG\center_2026_07_28_11_21_37_350.jpg,D:\DPS 920\DPS920_final_project\IMG\left_2026_07_28_11_21_37_350.jpg,D:\DPS 920\DPS920_final_project\IMG\right_2026_07_28_11_21_37_350.jpg,0.0,1.0,0,30.19038
D:\DPS 920\DPS920_final_project\IMG\center_2026_07_28_11_05_56_595.jpg,D:\DPS 920\DPS920_final_project\IMG\left_2026_07_28_11_05_56_595.jpg,D:\DPS 920\DPS920_final_project\IMG\right_2026_07_28_11_05_56_595.jpg,0.2,1.0,0,16.00137
D:\DPS 920\DPS920_final_project\IMG\center_2026_07_28_11_10_22_458.jpg,D:\DPS 920\DPS920_final_project\IMG\left_2026_07_28_11_10_22_458.jpg,D:\DPS 920\DPS920_final_project\IMG\right_2026_07_28_11_10_22_458.jpg,0.1,1.0,0,30.18921
D:\DPS 920\DPS920_final_project\IMG\center_2026_07_28_11_09_57_557.jpg,D:\DPS 920\DPS920_final_project\IMG\left_2026_07_28_11_09_57_557.jpg,D:\DPS 920\DPS920_final_project\IMG\right_2026_07_28_11_09_57_557.jpg,0.0,1.0,0,30.19021
D:\DPS 920\DPS920_final_project\IMG\center_2026_07_28_11_09_53_224.jpg,D:\DPS 920\DPS920_final_project\IMG\left_2026_07_28_11_09_53_224.jpg,D:\DPS 920\DPS920_final_project\IMG\right_2026_07_28_11_09_53_224.jpg,0.15,1.0,0,30.1839
D:\DPS 920\DPS920_final_project\IMG\center_2026_07_28_11_10_03_481.jpg,D:\DPS 920\DPS920_final_project\IMG\left_2026_07_28_11_10_03_481.jpg,D:\DPS 920\DPS920_final_project\IMG\right_2026_07_28_11_10_03_481.jpg,0.1,1.0,0,30.18868
D:\DPS 920\DPS920_final_project\IMG\center_2026_07_28_11_08_41_855.jpg,D:\DPS 920\DPS920_final_project\IMG\left_2026_07_28_11_08_41_855.jpg,D:\DPS 920\DPS920_final_project\IMG\right_2026_07_28_11_08_41_855.jpg,0.5500001,1.0,0,30.14038
D:\DPS 920\DPS920_final_project\IMG\center_2026_07_28_11_08_33_098.jpg,D:\DPS 920\DPS920_final_project\IMG\left_2026_07_28_11_08_33_098.jpg,D:\DPS 920\DPS920_final_project\IMG\right_2026_07_28_11_08_33_098.jpg,0.1,1.0,0,30.18933
D:\DPS 920\DPS920_final_project\IMG\center_2026_07_28_11_09_09_724.jpg,D:\DPS 920\DPS920_final_project\IMG\left_2026_07_28_11_09_09_724.jpg,D:\DPS 920\DPS920_final_project\IMG\right_2026_07_28_11_09_09_724.jpg,0.0,1.0,0,30.19059
D:\DPS 920\DPS920_final_project\IMG\center_2026_07_28_11_07_18_701.jpg,D:\DPS 920\DPS920_final_project\IMG\left_2026_07_28_11_07_18_701.jpg,D:\DPS 920\DPS920_final_project\IMG\right_2026_07_28_11_07_18_701.jpg,0.5500001,1.0,0,30.14019
D:\DPS 920\DPS920_final_project\IMG\center_2026_07_28_11_09_00_013.jpg,D:\DPS 920\DPS920_final_project\IMG\left_2026_07_28_11_09_00_013.jpg,D:\DPS 920\DPS920_final_project\IMG\right_2026_07_28_11_09_00_013.jpg,0.0,1.0,0,30.19022
D:\DPS 920\DPS920_final_project\IMG\center_2026_07_28_11_07_09_319.jpg,D:\DPS 920\DPS920_final_project\IMG\left_2026_07_28_11_07_09_319.jpg,D:\DPS 920\DPS920_final_project\IMG\right_2026_07_28_11_07_09_319.jpg,0.0,1.0,0,30.18943
D:\DPS 920\DPS920_final_project\IMG\center_2026_07_28_11_22_02_343.jpg,D:\DPS 920\DPS920_final_project\IMG\left_2026_07_28_11_22_02_343.jpg,D:\DPS 920\DPS920_final_project\IMG\right_2026_07_28_11_22_02_343.jpg,-0.1,1.0,0,30.18911
D:\DPS 920\DPS920_final_project\IMG\center_2026_07_28_11_21_34_342.jpg,D:\DPS 920\DPS920_final_project\IMG\left_2026_07_28_11_21_34_342.jpg,D:\DPS 920\DPS920_final_project\IMG\right_2026_07_28_11_21_34_342.jpg,-0.3,1.0,0,30.16972
D:\DPS 920\DPS920_final_project\IMG\center_2026_07_28_11_21_53_092.jpg,D:\DPS 920\DPS920_final_project\IMG\left_2026_07_28_11_21_53_092.jpg,D:\DPS 920\DPS920_final_project\IMG\right_2026_07_28_11_21_53_092.jpg,-0.1,1.0,0,30.1876
D:\DPS 920\DPS920_final_project\IMG\center_2026_07_28_11_09_53_008.jpg,D:\DPS 920\DPS920_final_project\IMG\left_2026_07_28_11_09_53_008.jpg,D:\DPS 920\DPS920_final_project\IMG\right_2026_07_28_11_09_53_008.jpg,0.0,1.0,0,30.19053
D:\DPS 920\DPS920_final_project\IMG\center_2026_07_28_11_22_29_550.jpg,D:\DPS 920\DPS920_final_project\IMG\left_2026_07_28_11_22_29_550.jpg,D:\DPS 920\DPS920_final_project\IMG\right_2026_07_28_11_22_29_550.jpg,0.05,1.0,0,30.19002
D:\DPS 920\DPS920_final_project\IMG\center_2026_07_28_11_06_15_296.jpg,D:\DPS 920\DPS920_final_project\IMG\left_2026_07_28_11_06_15_296.jpg,D:\DPS 920\DPS920_final_project\IMG\right_2026_07_28_11_06_15_296.jpg,0.05,1.0,0,30.18997
D:\DPS 920\DPS920_final_project\IMG\center_2026_07_28_11_07_28_253.jpg,D:\DPS 920\DPS920_final_project\IMG\left_2026_07_28_11_07_28_253.jpg,D:\DPS 920\DPS920_final_project\IMG\right_2026_07_28_11_07_28_253.jpg,-0.05,1.0,0,30.18876
D:\DPS 920\DPS920_final_project\IMG\center_2026_07_28_11_10_00_577.jpg,D:\DPS 920\DPS920_final_project\IMG\left_2026_07_28_11_10_00_577.jpg,D:\DPS 920\DPS920_final_project\IMG\right_2026_07_28_11_10_00_577.jpg,0.3,1.0,0,30.17075
D:\DPS 920\DPS920_final_project\IMG\center_2026_07_28_11_22_06_185.jpg,D:\DPS 920\DPS920_final_project\IMG\left_2026_07_28_11_22_06_185.jpg,D:\DPS 920\DPS920_final_project\IMG\right_2026_07_28_11_22_06_185.jpg,0.0,1.0,0,30.1846
D:\DPS 920\DPS920_final_project\IMG\center_2026_07_28_11_21_27_087.jpg,D:\DPS 920\DPS920_final_project\IMG\left_2026_07_28_11_21_27_087.jpg,D:\DPS 920\DPS920_final_project\IMG\right_2026_07_28_11_21_27_087.jpg,-0.2,1.0,0,30.18044
D:\DPS 920\DPS920_final_project\IMG\center_2026_07_28_11_19_55_569.jpg,D:\DPS 920\DPS920_final_project\IMG\left_2026_07_28_11_19_55_569.jpg,D:\DPS 920\DPS920_final_project\IMG\right_2026_07_28_11_19_55_569.jpg,0.0,1.0,0,16.5
D:\DPS 920\DPS920_final_project\IMG\center_2026_07_28_11_21_20_797.jpg,D:\DPS 920\DPS920_final_project\IMG\left_2026_07_28_11_21_20_797.jpg,D:\DPS 920\DPS920_final_project\IMG\right_2026_07_28_11_21_20_797.jpg,-0.1,1.0,0,30.19047
D:\DPS 920\DPS920_final_project\IMG\center_2026_07_28_11_22_19_863.jpg,D:\DPS 920\DPS920_final_project\IMG\left_2026_07_28_11_22_19_863.jpg,D:\DPS 920\DPS920_final_project\IMG\right_2026_07_28_11_22_19_863.jpg,-0.25,1.0,0,30.17624
D:\DPS 920\DPS920_final_project\IMG\center_2026_07_28_11_06_52_182.jpg,D:\DPS 920\DPS920_final_project\IMG\left_2026_07_28_11_06_52_182.jpg,D:\DPS 920\DPS920_final_project\IMG\right_2026_07_28_11_06_52_182.jpg,0.0,1.0,0,30.19029
D:\DPS 920\DPS920_final_project\IMG\center_2026_07_28_11_21_54_325.jpg,D:\DPS 920\DPS920_final_project\IMG\left_2026_07_28_11_21_54_325.jpg,D:\DPS 920\DPS920_final_project\IMG\right_2026_07_28_11_21_54_325.jpg,0.0,1.0,0,30.19019
D:\DPS 920\DPS920_final_project\IMG\center_2026_07_28_11_20_31_728.jpg,D:\DPS 920\DPS920_final_project\IMG\left_2026_07_28_11_20_31_728.jpg,D:\DPS 920\DPS920_final_project\IMG\right_2026_07_28_11_20_31_728.jpg,-0.05,1.0,0,30.19011
D:\DPS 920\DPS920_final_project\IMG\center_2026_07_28_11_21_38_487.jpg,D:\DPS 920\DPS920_final_project\IMG\left_2026_07_28_11_21_38_487.jpg,D:\DPS 920\DPS920_final_project\IMG\right_2026_07_28_11_21_38_487.jpg,0.0,1.0,0,30.19039
D:\DPS 920\DPS920_final_project\IMG\center_2026_07_28_11_07_40_113.jpg,D:\DPS 920\DPS920_final_project\IMG\left_2026_07_28_11_07_40_113.jpg,D:\DPS 920\DPS920_final_project\IMG\right_2026_07_28_11_07_40_113.jpg,0.2,1.0,0,30.18575
D:\DPS 920\DPS920_final_project\IMG\center_2026_07_28_11_08_24_560.jpg,D:\DPS 920\DPS920_final_project\IMG\left_2026_07_28_11_08_24_560.jpg,D:\DPS 920\DPS920_final_project\IMG\right_2026_07_28_11_08_24_560.jpg,0.0,1.0,0,30.19036
D:\DPS 920\DPS920_final_project\IMG\center_2026_07_28_11_21_54_469.jpg,D:\DPS 920\DPS920_final_project\IMG\left_2026_07_28_11_21_54_469.jpg,D:\DPS 920\DPS920_final_project\IMG\right_2026_07_28_11_21_54_469.jpg,0.0,1.0,0,30.19019
D:\DPS 920\DPS920_final_project\IMG\center_2026_07_28_11_08_34_933.jpg,D:\DPS 920\DPS920_final_project\IMG\left_2026_07_28_11_08_34_933.jpg,D:\DPS 920\DPS920_final_project\IMG\right_2026_07_28_11_08_34_933.jpg,0.0,1.0,0,30.18986
D:\DPS 920\DPS920_final_project\IMG\center_2026_07_28_11_21_09_353.jpg,D:\DPS 920\DPS920_final_project\IMG\left_2026_07_28_11_21_09_353.jpg,D:\DPS 920\DPS920_final_project\IMG\right_2026_07_28_11_21_09_353.jpg,0.5500001,1.0,0,30.14198
D:\DPS 920\DPS920_final_project\IMG\center_2026_07_28_11_22_43_688.jpg,D:\DPS 920\DPS920_final_project\IMG\left_2026_07_28_11_22_43_688.jpg,D:\DPS 920\DPS920_final_project\IMG\right_2026_07_28_11_22_43_688.jpg,-0.05,1.0,0,30.19026
D:\DPS 920\DPS920_final_project\IMG\center_2026_07_28_11_06_21_200.jpg,D:\DPS 920\DPS920_final_project\IMG\left_2026_07_28_11_06_21_200.jpg,D:\DPS 920\DPS920_final_project\IMG\right_2026_07_28_11_06_21_200.jpg,0.0,1.0,0,30.04773
D:\DPS 920\DPS920_final_project\IMG\center_2026_07_28_11_09_30_962.jpg,D:\DPS 920\DPS920_final_project\IMG\left_2026_07_28_11_09_30_962.jpg,D:\DPS 920\DPS920_final_project\IMG\right_2026_07_28_11_09_30_962.jpg,0.1,1.0,0,30.18794
D:\DPS 920\DPS920_final_project\IMG\center_2026_07_28_11_09_27_820.jpg,D:\DPS 920\DPS920_final_project\IMG\left_2026_07_28_11_09_27_820.jpg,D:\DPS 920\DPS920_final_project\IMG\right_2026_07_28_11_09_27_820.jpg,0.05,1.0,0,30.18993
D:\DPS 920\DPS920_final_project\IMG\center_2026_07_28_11_10_06_647.jpg,D:\DPS 920\DPS920_final_project\IMG\left_2026_07_28_11_10_06_647.jpg,D:\DPS 920\DPS920_final_project\IMG\right_2026_07_28_11_10_06_647.jpg,0.3,1.0,0,30.17332
D:\DPS 920\DPS920_final_project\IMG\center_2026_07_28_11_08_04_294.jpg,D:\DPS 920\DPS920_final_project\IMG\left_2026_07_28_11_08_04_294.jpg,D:\DPS 920\DPS920_final_project\IMG\right_2026_07_28_11_08_04_294.jpg,0.3,1.0,0,30.16967
D:\DPS 920\DPS920_final_project\IMG\center_2026_07_28_11_20_54_723.jpg,D:\DPS 920\DPS920_final_project\IMG\left_2026_07_28_11_20_54_723.jpg,D:\DPS 920\DPS920_final_project\IMG\right_2026_07_28_11_20_54_723.jpg,-0.15,1.0,0,30.18391
D:\DPS 920\DPS920_final_project\IMG\center_2026_07_28_11_22_09_712.jpg,D:\DPS 920\DPS920_final_project\IMG\left_2026_07_28_11_22_09_712.jpg,D:\DPS 920\DPS920_final_project\IMG\right_2026_07_28_11_22_09_712.jpg,-0.2,1.0,0,30.17946
D:\DPS 920\DPS920_final_project\IMG\center_2026_07_28_11_07_15_975.jpg,D:\DPS 920\DPS920_final_project\IMG\left_2026_07_28_11_07_15_975.jpg,D:\DPS 920\DPS920_final_project\IMG\right_2026_07_28_11_07_15_975.jpg,0.15,1.0,0,30.18749
D:\DPS 920\DPS920_final_project\IMG\center_2026_07_28_11_21_29_868.jpg,D:\DPS 920\DPS920_final_project\IMG\left_2026_07_28_11_21_29_868.jpg,D:\DPS 920\DPS920_final_project\IMG\right_2026_07_28_11_21_29_868.jpg,0.0,1.0,0,30.18698
D:\DPS 920\DPS920_final_project\IMG\center_2026_07_28_11_07_39_617.jpg,D:\DPS 920\DPS920_final_project\IMG\left_2026_07_28_11_07_39_617.jpg,D:\DPS 920\DPS920_final_project\IMG\right_2026_07_28_11_07_39_617.jpg,0.3,1.0,0,30.18133
D:\DPS 920\DPS920_final_project\IMG\center_2026_07_28_11_10_26_415.jpg,D:\DPS 920\DPS920_final_project\IMG\left_2026_07_28_11_10_26_415.jpg,D:\DPS 920\DPS920_final_project\IMG\right_2026_07_28_11_10_26_415.jpg,0.15,1.0,0,30.18813
D:\DPS 920\DPS920_final_project\IMG\center_2026_07_28_11_21_13_454.jpg,D:\DPS 920\DPS920_final_project\IMG\left_2026_07_28_11_21_13_454.jpg,D:\DPS 920\DPS920_final_project\IMG\right_2026_07_28_11_21_13_454.jpg,0.0,1.0,0,30.19028
D:\DPS 920\DPS920_final_project\IMG\center_2026_07_28_11_10_29_932.jpg,D:\DPS 920\DPS920_final_project\IMG\left_2026_07_28_11_10_29_932.jpg,D:\DPS 920\DPS920_final_project\IMG\right_2026_07_28_11_10_29_932.jpg,0.15,1.0,0,30.18425
D:\DPS 920\DPS920_final_project\IMG\center_2026_07_28_11_20_57_943.jpg,D:\DPS 920\DPS920_final_project\IMG\left_2026_07_28_11_20_57_943.jpg,D:\DPS 920\DPS920_final_project\IMG\right_2026_07_28_11_20_57_943.jpg,-0.3,1.0,0,30.17272
D:\DPS 920\DPS920_final_project\IMG\center_2026_07_28_11_07_59_933.jpg,D:\DPS 920\DPS920_final_project\IMG\left_2026_07_28_11_07_59_933.jpg,D:\DPS 920\DPS920_final_project\IMG\right_2026_07_28_11_07_59_933.jpg,0.3,1.0,0,30.17126
D:\DPS 920\DPS920_final_project\IMG\center_2026_07_28_11_21_19_953.jpg,D:\DPS 920\DPS920_final_project\IMG\left_2026_07_28_11_21_19_953.jpg,D:\DPS 920\DPS920_final_project\IMG\right_2026_07_28_11_21_19_953.jpg,-0.45,1.0,0,30.15692
D:\DPS 920\DPS920_final_project\IMG\center_2026_07_28_11_22_25_769.jpg,D:\DPS 920\DPS920_final_project\IMG\left_2026_07_28_11_22_25_769.jpg,D:\DPS 920\DPS920_final_project\IMG\right_2026_07_28_11_22_25_769.jpg,0.0,1.0,0,30.18659
D:\DPS 920\DPS920_final_project\IMG\center_2026_07_28_11_09_55_284.jpg,D:\DPS 920\DPS920_final_project\IMG\left_2026_07_28_11_09_55_284.jpg,D:\DPS 920\DPS920_final_project\IMG\right_2026_07_28_11_09_55_284.jpg,0.05,1.0,0,30.18894
D:\DPS 920\DPS920_final_project\IMG\center_2026_07_28_11_07_40_183.jpg,D:\DPS 920\DPS920_final_project\IMG\left_2026_07_28_11_07_40_183.jpg,D:\DPS 920\DPS920_final_project\IMG\right_2026_07_28_11_07_40_183.jpg,0.35,1.0,0,30.16938
D:\DPS 920\DPS920_final_project\IMG\center_2026_07_28_11_21_14_873.jpg,D:\DPS 920\DPS920_final_project\IMG\left_2026_07_28_11_21_14_873.jpg,D:\DPS 920\DPS920_final_project\IMG\right_2026_07_28_11_21_14_873.jpg,-0.15,1.0,0,30.18497
D:\DPS 920\DPS920_final_project\IMG\center_2026_07_28_11_22_30_409.jpg,D:\DPS 920\DPS920_final_project\IMG\left_2026_07_28_11_22_30_409.jpg,D:\DPS 920\DPS920_final_project\IMG\right_2026_07_28_11_22_30_409.jpg,0.3,1.0,0,30.1701
D:\DPS 920\DPS920_final_project\IMG\center_2026_07_28_11_07_54_320.jpg,D:\DPS 920\DPS920_final_project\IMG\left_2026_07_28_11_07_54_320.jpg,D:\DPS 920\DPS920_final_project\IMG\right_2026_07_28_11_07_54_320.jpg,0.0,1.0,0,30.19024
D:\DPS 920\DPS920_final_project\IMG\center_2026_07_28_11_09_42_778.jpg,D:\DPS 920\DPS920_final_project\IMG\left_2026_07_28_11_09_42_778.jpg,D:\DPS 920\DPS920_final_project\IMG\right_2026_07_28_11_09_42_778.jpg,0.15,1.0,0,30.18406
D:\DPS 920\DPS920_final_project\IMG\center_2026_07_28_11_22_49_947.jpg,D:\DPS 920\DPS920_final_project\IMG\left_2026_07_28_11_22_49_947.jpg,D:\DPS 920\DPS920_final_project\IMG\right_2026_07_28_11_22_49_947.jpg,-0.05,1.0,0,30.19015
D:\DPS 920\DPS920_final_project\IMG\center_2026_07_28_11_22_35_452.jpg,D:\DPS 920\DPS920_final_project\IMG\left_2026_07_28_11_22_35_452.jpg,D:\DPS 920\DPS920_final_project\IMG\right_2026_07_28_11_22_35_452.jpg,0.0,1.0,0,30.19029
D:\DPS 920\DPS920_final_project\IMG\center_2026_07_28_11_21_39_718.jpg,D:\DPS 920\DPS920_final_project\IMG\left_2026_07_28_11_21_39_718.jpg,D:\DPS 920\DPS920_final_project\IMG\right_2026_07_28_11_21_39_718.jpg,0.0,1.0,0,30.19026
D:\DPS 920\DPS920_final_project\IMG\center_2026_07_28_11_19_55_198.jpg,D:\DPS 920\DPS920_final_project\IMG\left_2026_07_28_11_19_55_198.jpg,D:\DPS 920\DPS920_final_project\IMG\right_2026_07_28_11_19_55_198.jpg,-0.35,1.0,0,13.0864
D:\DPS 920\DPS920_final_project\IMG\center_2026_07_28_11_22_20_360.jpg,D:\DPS 920\DPS920_final_project\IMG\left_2026_07_28_11_22_20_360.jpg,D:\DPS 920\DPS920_final_project\IMG\right_2026_07_28_11_22_20_360.jpg,-0.1,1.0,0,30.1903
D:\DPS 920\DPS920_final_project\IMG\center_2026_07_28_11_09_00_660.jpg,D:\DPS 920\DPS920_final_project\IMG\left_2026_07_28_11_09_00_660.jpg,D:\DPS 920\DPS920_final_project\IMG\right_2026_07_28_11_09_00_660.jpg,0.45,1.0,0,30.15354
D:\DPS 920\DPS920_final_project\IMG\center_2026_07_28_11_06_51_755.jpg,D:\DPS 920\DPS920_final_project\IMG\left_2026_07_28_11_06_51_755.jpg,D:\DPS 920\DPS920_final_project\IMG\right_2026_07_28_11_06_51_755.jpg,0.1,1.0,0,30.18776
D:\DPS 920\DPS920_final_project\IMG\center_2026_07_28_11_09_31_930.jpg,D:\DPS 920\DPS920_final_project\IMG\left_2026_07_28_11_09_31_930.jpg,D:\DPS 920\DPS920_final_project\IMG\right_2026_07_28_11_09_31_930.jpg,0.15,1.0,0,30.18406
D:\DPS 920\DPS920_final_project\IMG\center_2026_07_28_11_08_21_647.jpg,D:\DPS 920\DPS920_final_project\IMG\left_2026_07_28_11_08_21_647.jpg,D:\DPS 920\DPS920_final_project\IMG\right_2026_07_28_11_08_21_647.jpg,0.2,1.0,0,30.1802
D:\DPS 920\DPS920_final_project\IMG\center_2026_07_28_11_22_32_620.jpg,D:\DPS 920\DPS920_final_project\IMG\left_2026_07_28_11_22_32_620.jpg,D:\DPS 920\DPS920_final_project\IMG\right_2026_07_28_11_22_32_620.jpg,0.5500001,1.0,0,30.13988
D:\DPS 920\DPS920_final_project\IMG\center_2026_07_28_11_20_33_304.jpg,D:\DPS 920\DPS920_final_project\IMG\left_2026_07_28_11_20_33_304.jpg,D:\DPS 920\DPS920_final_project\IMG\right_2026_07_28_11_20_33_304.jpg,0.0,1.0,0,30.18926
D:\DPS 920\DPS920_final_project\IMG\center_2026_07_28_11_20_35_129.jpg,D:\DPS 920\DPS920_final_project\IMG\left_2026_07_28_11_20_35_129.jpg,D:\DPS 920\DPS920_final_project\IMG\right_2026_07_28_11_20_35_129.jpg,0.0,1.0,0,30.19061
D:\DPS 920\DPS920_final_project\IMG\center_2026_07_28_11_10_23_384.jpg,D:\DPS 920\DPS920_final_project\IMG\left_2026_07_28_11_10_23_384.jpg,D:\DPS 920\DPS920_final_project\IMG\right_2026_07_28_11_10_23_384.jpg,0.15,1.0,0,30.18699
D:\DPS 920\DPS920_final_project\IMG\center_2026_07_28_11_08_36_844.jpg,D:\DPS 920\DPS920_final_project\IMG\left_2026_07_28_11_08_36_844.jpg,D:\DPS 920\DPS920_final_project\IMG\right_2026_07_28_11_08_36_844.jpg,0.0,1.0,0,30.18881
D:\DPS 920\DPS920_final_project\IMG\center_2026_07_28_11_21_03_024.jpg,D:\DPS 920\DPS920_final_project\IMG\left_2026_07_28_11_21_03_024.jpg,D:\DPS 920\DPS920_final_project\IMG\right_2026_07_28_11_21_03_024.jpg,-0.15,1.0,0,30.18563
D:\DPS 920\DPS920_final_project\IMG\center_2026_07_28_11_07_44_925.jpg,D:\DPS 920\DPS920_final_project\IMG\left_2026_07_28_11_07_44_925.jpg,D:\DPS 920\DPS920_final_project\IMG\right_2026_07_28_11_07_44_925.jpg,0.1,1.0,0,30.18794
D:\DPS 920\DPS920_final_project\IMG\center_2026_07_28_11_21_37_486.jpg,D:\DPS 920\DPS920_final_project\IMG\left_2026_07_28_11_21_37_486.jpg,D:\DPS 920\DPS920_final_project\IMG\right_2026_07_28_11_21_37_486.jpg,0.0,1.0,0,30.19029
D:\DPS 920\DPS920_final_project\IMG\center_2026_07_28_11_09_02_273.jpg,D:\DPS 920\DPS920_final_project\IMG\left_2026_07_28_11_09_02_273.jpg,D:\DPS 920\DPS920_final_project\IMG\right_2026_07_28_11_09_02_273.jpg,0.35,1.0,0,30.1748
D:\DPS 920\DPS920_final_project\IMG\center_2026_07_28_11_09_19_893.jpg,D:\DPS 920\DPS920_final_project\IMG\left_2026_07_28_11_09_19_893.jpg,D:\DPS 920\DPS920_final_project\IMG\right_2026_07_28_11_09_19_893.jpg,0.05,1.0,0,30.18967
D:\DPS 920\DPS920_final_project\IMG\center_2026_07_28_11_20_41_348.jpg,D:\DPS 920\DPS920_final_project\IMG\left_2026_07_28_11_20_41_348.jpg,D:\DPS 920\DPS920_final_project\IMG\right_2026_07_28_11_20_41_348.jpg,-0.05,1.0,0,30.19004
D:\DPS 920\DPS920_final_project\IMG\center_2026_07_28_11_20_26_251.jpg,D:\DPS 920\DPS920_final_project\IMG\left_2026_07_28_11_20_26_251.jpg,D:\DPS 920\DPS920_final_project\IMG\right_2026_07_28_11_20_26_251.jpg,0.0,1.0,0,30.19017
D:\DPS 920\DPS920_final_project\IMG\center_2026_07_28_11_09_45_416.jpg,D:\DPS 920\DPS920_final_project\IMG\left_2026_07_28_11_09_45_416.jpg,D:\DPS 920\DPS920_final_project\IMG\right_2026_07_28_11_09_45_416.jpg,0.0,1.0,0,30.19024
D:\DPS 920\DPS920_final_project\IMG\center_2026_07_28_11_21_44_805.jpg,D:\DPS 920\DPS920_final_project\IMG\left_2026_07_28_11_21_44_805.jpg,D:\DPS 920\DPS920_final_project\IMG\right_2026_07_28_11_21_44_805.jpg,0.0,1.0,0,30.19003
D:\DPS 920\DPS920_final_project\IMG\center_2026_07_28_11_09_21_968.jpg,D:\DPS 920\DPS920_final_project\IMG\left_2026_07_28_11_09_21_968.jpg,D:\DPS 920\DPS920_final_project\IMG\right_2026_07_28_11_09_21_968.jpg,0.1,1.0,0,30.18897
D:\DPS 920\DPS920_final_project\IMG\center_2026_07_28_11_06_07_695.jpg,D:\DPS 920\DPS920_final_project\IMG\left_2026_07_28_11_06_07_695.jpg,D:\DPS 920\DPS920_final_project\IMG\right_2026_07_28_11_06_07_695.jpg,0.0,1.0,0,30.19017
D:\DPS 920\DPS920_final_project\IMG\center_2026_07_28_11_22_43_110.jpg,D:\DPS 920\DPS920_final_project\IMG\left_2026_07_28_11_22_43_110.jpg,D:\DPS 920\DPS920_final_project\IMG\right_2026_07_28_11_22_43_110.jpg,-0.3,1.0,0,30.16823
D:\DPS 920\DPS920_final_project\IMG\center_2026_07_28_11_06_40_703.jpg,D:\DPS 920\DPS920_final_project\IMG\left_2026_07_28_11_06_40_703.jpg,D:\DPS 920\DPS920_final_project\IMG\right_2026_07_28_11_06_40_703.jpg,0.0,1.0,0,30.19021
D:\DPS 920\DPS920_final_project\IMG\center_2026_07_28_11_08_16_078.jpg,D:\DPS 920\DPS920_final_project\IMG\left_2026_07_28_11_08_16_078.jpg,D:\DPS 920\DPS920_final_project\IMG\right_2026_07_28_11_08_16_078.jpg,0.0,1.0,0,30.19058
D:\DPS 920\DPS920_final_project\IMG\center_2026_07_28_11_07_08_958.jpg,D:\DPS 920\DPS920_final_project\IMG\left_2026_07_28_11_07_08_958.jpg,D:\DPS 920\DPS920_final_project\IMG\right_2026_07_28_11_07_08_958.jpg,0.0,1.0,0,30.19097
D:\DPS 920\DPS920_final_project\IMG\center_2026_07_28_11_07_44_850.jpg,D:\DPS 920\DPS920_final_project\IMG\left_2026_07_28_11_07_44_850.jpg,D:\DPS 920\DPS920_final_project\IMG\right_2026_07_28_11_07_44_850.jpg,0.0,1.0,0,30.19038
D:\DPS 920\DPS920_final_project\IMG\center_2026_07_28_11_22_00_795.jpg,D:\DPS 920\DPS920_final_project\IMG\left_2026_07_28_11_22_00_795.jpg,D:\DPS 920\DPS920_final_project\IMG\right_2026_07_28_11_22_00_795.jpg,-0.25,1.0,0,30.17765
D:\DPS 920\DPS920_final_project\IMG\center_2026_07_28_11_06_03_230.jpg,D:\DPS 920\DPS920_final_project\IMG\left_2026_07_28_11_06_03_230.jpg,D:\DPS 920\DPS920_final_project\IMG\right_2026_07_28_11_06_03_230.jpg,0.0,1.0,0,30.19029
D:\DPS 920\DPS920_final_project\IMG\center_2026_07_28_11_08_53_166.jpg,D:\DPS 920\DPS920_final_project\IMG\left_2026_07_28_11_08_53_166.jpg,D:\DPS 920\DPS920_final_project\IMG\right_2026_07_28_11_08_53_166.jpg,-0.45,1.0,0,30.15569
D:\DPS 920\DPS920_final_project\IMG\center_2026_07_28_11_07_49_879.jpg,D:\DPS 920\DPS920_final_project\IMG\left_2026_07_28_11_07_49_879.jpg,D:\DPS 920\DPS920_final_project\IMG\right_2026_07_28_11_07_49_879.jpg,0.0,1.0,0,30.19065
D:\DPS 920\DPS920_final_project\IMG\center_2026_07_28_11_08_22_429.jpg,D:\DPS 920\DPS920_final_project\IMG\left_2026_07_28_11_08_22_429.jpg,D:\DPS 920\DPS920_final_project\IMG\right_2026_07_28_11_08_22_429.jpg,0.0,1.0,0,30.19031
D:\DPS 920\DPS920_final_project\IMG\center_2026_07_28_11_20_28_106.jpg,D:\DPS 920\DPS920_final_project\IMG\left_2026_07_28_11_20_28_106.jpg,D:\DPS 920\DPS920_final_project\IMG\right_2026_07_28_11_20_28_106.jpg,-0.2,1.0,0,30.18084
D:\DPS 920\DPS920_final_project\IMG\center_2026_07_28_11_22_01_143.jpg,D:\DPS 920\DPS920_final_project\IMG\left_2026_07_28_11_22_01_143.jpg,D:\DPS 920\DPS920_final_project\IMG\right_2026_07_28_11_22_01_143.jpg,-0.2,1.0,0,30.1801
D:\DPS 920\DPS920_final_project\IMG\center_2026_07_28_11_21_09_428.jpg,D:\DPS 920\DPS920_final_project\IMG\left_2026_07_28_11_21_09_428.jpg,D:\DPS 920\DPS920_final_project\IMG\right_2026_07_28_11_21_09_428.jpg,0.0,1.0,0,30.17157
D:\DPS 920\DPS920_final_project\IMG\center_2026_07_28_11_07_53_275.jpg,D:\DPS 920\DPS920_final_project\IMG\left_2026_07_28_11_07_53_275.jpg,D:\DPS 920\DPS920_final_project\IMG\right_2026_07_28_11_07_53_275.jpg,0.0,1.0,0,30.19025
D:\DPS 920\DPS920_final_project\IMG\center_2026_07_28_11_07_36_084.jpg,D:\DPS 920\DPS920_final_project\IMG\left_2026_07_28_11_07_36_084.jpg,D:\DPS 920\DPS920_final_project\IMG\right_2026_07_28_11_07_36_084.jpg,0.0,1.0,0,30.18969
D:\DPS 920\DPS920_final_project\IMG\center_2026_07_28_11_21_52_030.jpg,D:\DPS 920\DPS920_final_project\IMG\left_2026_07_28_11_21_52_030.jpg,D:\DPS 920\DPS920_final_project\IMG\right_2026_07_28_11_21_52_030.jpg,0.0,1.0,0,30.19034
D:\DPS 920\DPS920_final_project\IMG\center_2026_07_28_11_06_43_315.jpg,D:\DPS 920\DPS920_final_project\IMG\left_2026_07_28_11_06_43_315.jpg,D:\DPS 920\DPS920_final_project\IMG\right_2026_07_28_11_06_43_315.jpg,0.0,1.0,0,30.18469
D:\DPS 920\DPS920_final_project\IMG\center_2026_07_28_11_20_53_891.jpg,D:\DPS 920\DPS920_final_project\IMG\left_2026_07_28_11_20_53_891.jpg,D:\DPS 920\DPS920_final_project\IMG\right_2026_07_28_11_20_53_891.jpg,0.0,1.0,0,30.18995
D:\DPS 920\DPS920_final_project\IMG\center_2026_07_28_11_22_03_600.jpg,D:\DPS 920\DPS920_final_project\IMG\left_2026_07_28_11_22_03_600.jpg,D:\DPS 920\DPS920_final_project\IMG\right_2026_07_28_11_22_03_600.jpg,-0.25,1.0,0,30.17822
D:\DPS 920\DPS920_final_project\IMG\center_2026_07_28_11_21_14_313.jpg,D:\DPS 920\DPS920_final_project\IMG\left_2026_07_28_11_21_14_313.jpg,D:\DPS 920\DPS920_final_project\IMG\right_2026_07_28_11_21_14_313.jpg,-0.1,1.0,0,30.1887
D:\DPS 920\DPS920_final_project\IMG\center_2026_07_28_11_08_16_577.jpg,D:\DPS 920\DPS920_final_project\IMG\left_2026_07_28_11_08_16_577.jpg,D:\DPS 920\DPS920_final_project\IMG\right_2026_07_28_11_08_16_577.jpg,0.2,1.0,0,30.17956
D:\DPS 920\DPS920_final_project\IMG\center_2026_07_28_11_08_45_991.jpg,D:\DPS 920\DPS920_final_project\IMG\left_2026_07_28_11_08_45_991.jpg,D:\DPS 920\DPS920_final_project\IMG\right_2026_07_28_11_08_45_991.jpg,0.0,1.0,0,30.18985
D:\DPS 920\DPS920_final_project\IMG\center_2026_07_28_11_20_01_662.jpg,D:\DPS 920\DPS920_final_project\IMG\left_2026_07_28_11_20_01_662.jpg,D:\DPS 920\DPS920_final_project\IMG\right_2026_07_28_11_20_01_662.jpg,-0.05,1.0,0,30.19004
D:\DPS 920\DPS920_final_project\IMG\center_2026_07_28_11_07_40_621.jpg,D:\DPS 920\DPS920_final_project\IMG\left_2026_07_28_11_07_40_621.jpg,D:\DPS 920\DPS920_final_project\IMG\right_2026_07_28_11_07_40_621.jpg,0.15,1.0,0,30.18921
D:\DPS 920\DPS920_final_project\IMG\center_2026_07_28_11_20_37_220.jpg,D:\DPS 920\DPS920_final_project\IMG\left_2026_07_28_11_20_37_220.jpg,D:\DPS 920\DPS920_final_project\IMG\right_2026_07_28_11_20_37_220.jpg,-0.5500001,1.0,0,30.13925
D:\DPS 920\DPS920_final_project\IMG\center_2026_07_28_11_08_30_318.jpg,D:\DPS 920\DPS920_final_project\IMG\left_2026_07_28_11_08_30_318.jpg,D:\DPS 920\DPS920_final_project\IMG\right_2026_07_28_11_08_30_318.jpg,0.2,1.0,0,30.17972
D:\DPS 920\DPS920_final_project\IMG\center_2026_07_28_11_21_22_933.jpg,D:\DPS 920\DPS920_final_project\IMG\left_2026_07_28_11_21_22_933.jpg,D:\DPS 920\DPS920_final_project\IMG\right_2026_07_28_11_21_22_933.jpg,-0.1,1.0,0,30.19006
D:\DPS 920\DPS920_final_project\IMG\center_2026_07_28_11_21_45_103.jpg,D:\DPS 920\DPS920_final_project\IMG\left_2026_07_28_11_21_45_103.jpg,D:\DPS 920\DPS920_final_project\IMG\right_2026_07_28_11_21_45_103.jpg,-0.15,1.0,0,30.18421
D:\DPS 920\DPS920_final_project\IMG\center_2026_07_28_11_08_49_337.jpg,D:\DPS 920\DPS920_final_project\IMG\left_2026_07_28_11_08_49_337.jpg,D:\DPS 920\DPS920_final_project\IMG\right_2026_07_28_11_08_49_337.jpg,0.0,1.0,0,30.19007
D:\DPS 920\DPS920_final_project\IMG\center_2026_07_28_11_06_40_062.jpg,D:\DPS 920\DPS920_final_project\IMG\left_2026_07_28_11_06_40_062.jpg,D:\DPS 920\DPS920_final_project\IMG\right_2026_07_28_11_06_40_062.jpg,0.0,1.0,0,30.16871
D:\DPS 920\DPS920_final_project\IMG\center_2026_07_28_11_21_45_483.jpg,D:\DPS 920\DPS920_final_project\IMG\left_2026_07_28_11_21_45_483.jpg,D:\DPS 920\DPS920_final_project\IMG\right_2026_07_28_11_21_45_483.jpg,0.0,1.0,0,30.1903
D:\DPS 920\DPS920_final_project\IMG\center_2026_07_28_11_08_32_182.jpg,D:\DPS 920\DPS920_final_project\IMG\left_2026_07_28_11_08_32_182.jpg,D:\DPS 920\DPS920_final_project\IMG\right_2026_07_28_11_08_32_182.jpg,0.05,1.0,0,30.18996
D:\DPS 920\DPS920_final_project\IMG\center_2026_07_28_11_08_45_396.jpg,D:\DPS 920\DPS920_final_project\IMG\left_2026_07_28_11_08_45_396.jpg,D:\DPS 920\DPS920_final_project\IMG\right_2026_07_28_11_08_45_396.jpg,0.0,1.0,0,30.18994
D:\DPS 920\DPS920_final_project\IMG\center_2026_07_28_11_06_03_379.jpg,D:\DPS 920\DPS920_final_project\IMG\left_2026_07_28_11_06_03_379.jpg,D:\DPS 920\DPS920_final_project\IMG\right_2026_07_28_11_06_03_379.jpg,-0.15,1.0,0,30.18431
D:\DPS 920\DPS920_final_project\IMG\center_2026_07_28_11_06_55_494.jpg,D:\DPS 920\DPS920_final_project\IMG\left_2026_07_28_11_06_55_494.jpg,D:\DPS 920\DPS920_final_project\IMG\right_2026_07_28_11_06_55_494.jpg,0.0,1.0,0,30.19033
D:\DPS 920\DPS920_final_project\IMG\center_2026_07_28_11_09_03_402.jpg,D:\DPS 920\DPS920_final_project\IMG\left_2026_07_28_11_09_03_402.jpg,D:\DPS 920\DPS920_final_project\IMG\right_2026_07_28_11_09_03_402.jpg,0.1,1.0,0,30.19052
D:\DPS 920\DPS920_final_project\IMG\center_2026_07_28_11_19_57_599.jpg,D:\DPS 920\DPS920_final_project\IMG\left_2026_07_28_11_19_57_599.jpg,D:\DPS 920\DPS920_final_project\IMG\right_2026_07_28_11_19_57_599.jpg,-0.2,1.0,0,30.18335
D:\DPS 920\DPS920_final_project\IMG\center_2026_07_28_11_19_56_155.jpg,D:\DPS 920\DPS920_final_project\IMG\left_2026_07_28_11_19_56_155.jpg,D:\DPS 920\DPS920_final_project\IMG\right_2026_07_28_11_19_56_155.jpg,-0.1,1.0,0,22.30557
D:\DPS 920\DPS920_final_project\IMG\center_2026_07_28_11_20_12_658.jpg,D:\DPS 920\DPS920_final_project\IMG\left_2026_07_28_11_20_12_658.jpg,D:\DPS 920\DPS920_final_project\IMG\right_2026_07_28_11_20_12_658.jpg,0.0,1.0,0,30.19049
D:\DPS 920\DPS920_final_project\IMG\center_2026_07_28_11_06_02_264.jpg,D:\DPS 920\DPS920_final_project\IMG\left_2026_07_28_11_06_02_264.jpg,D:\DPS 920\DPS920_final_project\IMG\right_2026_07_28_11_06_02_264.jpg,0.0,1.0,0,30.18928
D:\DPS 920\DPS920_final_project\IMG\center_2026_07_28_11_10_27_943.jpg,D:\DPS 920\DPS920_final_project\IMG\left_2026_07_28_11_10_27_943.jpg,D:\DPS 920\DPS920_final_project\IMG\right_2026_07_28_11_10_27_943.jpg,0.1,1.0,0,30.18877
D:\DPS 920\DPS920_final_project\IMG\center_2026_07_28_11_07_47_644.jpg,D:\DPS 920\DPS920_final_project\IMG\left_2026_07_28_11_07_47_644.jpg,D:\DPS 920\DPS920_final_project\IMG\right_2026_07_28_11_07_47_644.jpg,0.0,1.0,0,30.19064
D:\DPS 920\DPS920_final_project\IMG\center_2026_07_28_11_07_50_891.jpg,D:\DPS 920\DPS920_final_project\IMG\left_2026_07_28_11_07_50_891.jpg,D:\DPS 920\DPS920_final_project\IMG\right_2026_07_28_11_07_50_891.jpg,-0.05,1.0,0,30.19008
D:\DPS 920\DPS920_final_project\IMG\center_2026_07_28_11_05_58_842.jpg,D:\DPS 920\DPS920_final_project\IMG\left_2026_07_28_11_05_58_842.jpg,D:\DPS 920\DPS920_final_project\IMG\right_2026_07_28_11_05_58_842.jpg,0.0,1.0,0,30.19058
D:\DPS 920\DPS920_final_project\IMG\center_2026_07_28_11_07_28_103.jpg,D:\DPS 920\DPS920_final_project\IMG\left_2026_07_28_11_07_28_103.jpg,D:\DPS 920\DPS920_final_project\IMG\right_2026_07_28_11_07_28_103.jpg,-0.05,1.0,0,30.1901
D:\DPS 920\DPS920_final_project\IMG\center_2026_07_28_11_20_56_425.jpg,D:\DPS 920\DPS920_final_project\IMG\left_2026_07_28_11_20_56_425.jpg,D:\DPS 920\DPS920_final_project\IMG\right_2026_07_28_11_20_56_425.jpg,0.0,1.0,0,30.18781
D:\DPS 920\DPS920_final_project\IMG\center_2026_07_28_11_06_21_269.jpg,D:\DPS 920\DPS920_final_project\IMG\left_2026_07_28_11_06_21_269.jpg,D:\DPS 920\DPS920_final_project\IMG\right_2026_07_28_11_06_21_269.jpg,0.0,1.0,0,30.18246
D:\DPS 920\DPS920_final_project\IMG\center_2026_07_28_11_21_28_490.jpg,D:\DPS 920\DPS920_final_project\IMG\left_2026_07_28_11_21_28_490.jpg,D:\DPS 920\DPS920_final_project\IMG\right_2026_07_28_11_21_28_490.jpg,0.0,1.0,0,30.1891
D:\DPS 920\DPS920_final_project\IMG\center_2026_07_28_11_06_36_024.jpg,D:\DPS 920\DPS920_final_project\IMG\left_2026_07_28_11_06_36_024.jpg,D:\DPS 920\DPS920_final_project\IMG\right_2026_07_28_11_06_36_024.jpg,0.3,1.0,0,30.16877
D:\DPS 920\DPS920_final_project\IMG\center_2026_07_28_11_09_46_900.jpg,D:\DPS 920\DPS920_final_project\IMG\left_2026_07_28_11_09_46_900.jpg,D:\DPS 920\DPS920_final_project\IMG\right_2026_07_28_11_09_46_900.jpg,0.0,1.0,0,30.19021
D:\DPS 920\DPS920_final_project\IMG\center_2026_07_28_11_07_13_562.jpg,D:\DPS 920\DPS920_final_project\IMG\left_2026_07_28_11_07_13_562.jpg,D:\DPS 920\DPS920_final_project\IMG\right_2026_07_28_11_07_13_562.jpg,0.0,1.0,0,30.19007
D:\DPS 920\DPS920_final_project\IMG\center_2026_07_28_11_10_29_096.jpg,D:\DPS 920\DPS920_final_project\IMG\left_2026_07_28_11_10_29_096.jpg,D:\DPS 920\DPS920_final_project\IMG\right_2026_07_28_11_10_29_096.jpg,0.0,1.0,0,30.19027
D:\DPS 920\DPS920_final_project\IMG\center_2026_07_28_11_10_25_135.jpg,D:\DPS 920\DPS920_final_project\IMG\left_2026_07_28_11_10_25_135.jpg,D:\DPS 920\DPS920_final_project\IMG\right_2026_07_28_11_10_25_135.jpg,0.4,1.0,0,30.16122
D:\DPS 920\DPS920_final_project\IMG\center_2026_07_28_11_07_11_558.jpg,D:\DPS 920\DPS920_final_project\IMG\left_2026_07_28_11_07_11_558.jpg,D:\DPS 920\DPS920_final_project\IMG\right_2026_07_28_11_07_11_558.jpg,0.15,1.0,0,30.18376
D:\DPS 920\DPS920_final_project\IMG\center_2026_07_28_11_20_02_608.jpg,D:\DPS 920\DPS920_final_project\IMG\left_2026_07_28_11_20_02_608.jpg,D:\DPS 920\DPS920_final_project\IMG\right_2026_07_28_11_20_02_608.jpg,-0.1,1.0,0,30.18868
D:\DPS 920\DPS920_final_project\IMG\center_2026_07_28_11_20_58_379.jpg,D:\DPS 920\DPS920_final_project\IMG\left_2026_07_28_11_20_58_379.jpg,D:\DPS 920\DPS920_final_project\IMG\right_2026_07_28_11_20_58_379.jpg,-0.35,1.0,0,30.168
D:\DPS 920\DPS920_final_project\IMG\center_2026_07_28_11_21_01_538.jpg,D:\DPS 920\DPS920_final_project\IMG\left_2026_07_28_11_21_01_538.jpg,D:\DPS 920\DPS920_final_project\IMG\right_2026_07_28_11_21_01_538.jpg,-0.15,1.0,0,30.18512
D:\DPS 920\DPS920_final_project\IMG\center_2026_07_28_11_10_11_899.jpg,D:\DPS 920\DPS920_final_project\IMG\left_2026_07_28_11_10_11_899.jpg,D:\DPS 920\DPS920_final_project\IMG\right_2026_07_28_11_10_11_899.jpg,-0.05,1.0,0,30.18971
D:\DPS 920\DPS920_final_project\IMG\center_2026_07_28_11_22_22_706.jpg,D:\DPS 920\DPS920_final_project\IMG\left_2026_07_28_11_22_22_706.jpg,D:\DPS 920\DPS920_final_project\IMG\right_2026_07_28_11_22_22_706.jpg,-0.6000001,1.0,0,30.13473
D:\DPS 920\DPS920_final_project\IMG\center_2026_07_28_11_22_20_220.jpg,D:\DPS 920\DPS920_final_project\IMG\left_2026_07_28_11_22_20_220.jpg,D:\DPS 920\DPS920_final_project\IMG\right_2026_07_28_11_22_20_220.jpg,0.0,1.0,0,30.18325
D:\DPS 920\DPS920_final_project\IMG\center_2026_07_28_11_08_00_155.jpg,D:\DPS 920\DPS920_final_project\IMG\left_2026_07_28_11_08_00_155.jpg,D:\DPS 920\DPS920_final_project\IMG\right_2026_07_28_11_08_00_155.jpg,0.05,1.0,0,30.19042
D:\DPS 920\DPS920_final_project\IMG\center_2026_07_28_11_21_07_439.jpg,D:\DPS 920\DPS920_final_project\IMG\left_2026_07_28_11_21_07_439.jpg,D:\DPS 920\DPS920_final_project\IMG\right_2026_07_28_11_21_07_439.jpg,0.05,1.0,0,30.18953
D:\DPS 920\DPS920_final_project\IMG\center_2026_07_28_11_19_54_471.jpg,D:\DPS 920\DPS920_final_project\IMG\left_2026_07_28_11_19_54_471.jpg,D:\DPS 920\DPS920_final_project\IMG\right_2026_07_28_11_19_54_471.jpg,-0.15,1.0,0,5.121005
D:\DPS 920\DPS920_final_project\IMG\center_2026_07_28_11_08_42_352.jpg,D:\DPS 920\DPS920_final_project\IMG\left_2026_07_28_11_08_42_352.jpg,D:\DPS 920\DPS920_final_project\IMG\right_2026_07_28_11_08_42_352.jpg,0.4,1.0,0,30.16114
D:\DPS 920\DPS920_final_project\IMG\center_2026_07_28_11_09_00_728.jpg,D:\DPS 920\DPS920_final_project\IMG\left_2026_07_28_11_09_00_728.jpg,D:\DPS 920\DPS920_final_project\IMG\right_2026_07_28_11_09_00_728.jpg,0.6000001,1.0,0,30.1347
D:\DPS 920\DPS920_final_project\IMG\center_2026_07_28_11_22_04_957.jpg,D:\DPS 920\DPS920_final_project\IMG\left_2026_07_28_11_22_04_957.jpg,D:\DPS 920\DPS920_final_project\IMG\right_2026_07_28_11_22_04_957.jpg,-0.1,1.0,0,30.18758
D:\DPS 920\DPS920_final_project\IMG\center_2026_07_28_11_07_23_505.jpg,D:\DPS 920\DPS920_final_project\IMG\left_2026_07_28_11_07_23_505.jpg,D:\DPS 920\DPS920_final_project\IMG\right_2026_07_28_11_07_23_505.jpg,0.0,1.0,0,30.19034
D:\DPS 920\DPS920_final_project\IMG\center_2026_07_28_11_06_37_409.jpg,D:\DPS 920\DPS920_final_project\IMG\left_2026_07_28_11_06_37_409.jpg,D:\DPS 920\DPS920_final_project\IMG\right_2026_07_28_11_06_37_409.jpg,0.0,1.0,0,30.18982
D:\DPS 920\DPS920_final_project\IMG\center_2026_07_28_11_20_01_236.jpg,D:\DPS 920\DPS920_final_project\IMG\left_2026_07_28_11_20_01_236.jpg,D:\DPS 920\DPS920_final_project\IMG\right_2026_07_28_11_20_01_236.jpg,-0.15,1.0,0,30.18386
D:\DPS 920\DPS920_final_project\IMG\center_2026_07_28_11_21_08_651.jpg,D:\DPS 920\DPS920_final_project\IMG\left_2026_07_28_11_21_08_651.jpg,D:\DPS 920\DPS920_final_project\IMG\right_2026_07_28_11_21_08_651.jpg,0.35,1.0,0,30.16595
D:\DPS 920\DPS920_final_project\IMG\center_2026_07_28_11_22_21_971.jpg,D:\DPS 920\DPS920_final_project\IMG\left_2026_07_28_11_22_21_971.jpg,D:\DPS 920\DPS920_final_project\IMG\right_2026_07_28_11_22_21_971.jpg,-0.35,1.0,0,30.17091
D:\DPS 920\DPS920_final_project\IMG\center_2026_07_28_11_20_24_787.jpg,D:\DPS 920\DPS920_final_project\IMG\left_2026_07_28_11_20_24_787.jpg,D:\DPS 920\DPS920_final_project\IMG\right_2026_07_28_11_20_24_787.jpg,-0.1,1.0,0,30.18766
D:\DPS 920\DPS920_final_project\IMG\center_2026_07_28_11_21_36_143.jpg,D:\DPS 920\DPS920_final_project\IMG\left_2026_07_28_11_21_36_143.jpg,D:\DPS 920\DPS920_final_project\IMG\right_2026_07_28_11_21_36_143.jpg,0.0,1.0,0,30.19031
D:\DPS 920\DPS920_final_project\IMG\center_2026_07_28_11_08_32_387.jpg,D:\DPS 920\DPS920_final_project\IMG\left_2026_07_28_11_08_32_387.jpg,D:\DPS 920\DPS920_final_project\IMG\right_2026_07_28_11_08_32_387.jpg,0.05,1.0,0,30.1902
D:\DPS 920\DPS920_final_project\IMG\center_2026_07_28_11_09_53_824.jpg,D:\DPS 920\DPS920_final_project\IMG\left_2026_07_28_11_09_53_824.jpg,D:\DPS 920\DPS920_final_project\IMG\right_2026_07_28_11_09_53_824.jpg,0.1,1.0,0,30.18737
D:\DPS 920\DPS920_final_project\IMG\center_2026_07_28_11_07_49_108.jpg,D:\DPS 920\DPS920_final_project\IMG\left_2026_07_28_11_07_49_108.jpg,D:\DPS 920\DPS920_final_project\IMG\right_2026_07_28_11_07_49_108.jpg,0.05,1.0,0,30.19009
D:\DPS 920\DPS920_final_project\IMG\center_2026_07_28_11_20_06_298.jpg,D:\DPS 920\DPS920_final_project\IMG\left_2026_07_28_11_20_06_298.jpg,D:\DPS 920\DPS920_final_project\IMG\right_2026_07_28_11_20_06_298.jpg,-0.15,1.0,0,30.1887
D:\DPS 920\DPS920_final_project\IMG\center_2026_07_28_11_21_47_326.jpg,D:\DPS 920\DPS920_final_project\IMG\left_2026_07_28_11_21_47_326.jpg,D:\DPS 920\DPS920_final_project\IMG\right_2026_07_28_11_21_47_326.jpg,0.0,1.0,0,30.19026
D:\DPS 920\DPS920_final_project\IMG\center_2026_07_28_11_08_44_532.jpg,D:\DPS 920\DPS920_final_project\IMG\left_2026_07_28_11_08_44_532.jpg,D:\DPS 920\DPS920_final_project\IMG\right_2026_07_28_11_08_44_532.jpg,0.2,1.0,0,30.18414
D:\DPS 920\DPS920_final_project\IMG\center_2026_07_28_11_21_48_458.jpg,D:\DPS 920\DPS920_final_project\IMG\left_2026_07_28_11_21_48_458.jpg,D:\DPS 920\DPS920_final_project\IMG\right_2026_07_28_11_21_48_458.jpg,0.0,1.0,0,30.1903
D:\DPS 920\DPS920_final_project\IMG\center_2026_07_28_11_22_40_411.jpg,D:\DPS 920\DPS920_final_project\IMG\left_2026_07_28_11_22_40_411.jpg,D:\DPS 920\DPS920_final_project\IMG\right_2026_07_28_11_22_40_411.jpg,0.0,1.0,0,30.18975
D:\DPS 920\DPS920_final_project\IMG\center_2026_07_28_11_08_54_298.jpg,D:\DPS 920\DPS920_final_project\IMG\left_2026_07_28_11_08_54_298.jpg,D:\DPS 920\DPS920_final_project\IMG\right_2026_07_28_11_08_54_298.jpg,-0.05,1.0,0,30.19101
D:\DPS 920\DPS920_final_project\IMG\center_2026_07_28_11_08_55_667.jpg,D:\DPS 920\DPS920_final_project\IMG\left_2026_07_28_11_08_55_667.jpg,D:\DPS 920\DPS920_final_project\IMG\right_2026_07_28_11_08_55_667.jpg,0.0,1.0,0,30.19027
D:\DPS 920\DPS920_final_project\IMG\center_2026_07_28_11_22_46_380.jpg,D:\DPS 920\DPS920_final_project\IMG\left_2026_07_28_11_22_46_380.jpg,D:\DPS 920\DPS920_final_project\IMG\right_2026_07_28_11_22_46_380.jpg,-0.2,1.0,0,30.18099
D:\DPS 920\DPS920_final_project\IMG\center_2026_07_28_11_08_02_812.jpg,D:\DPS 920\DPS920_final_project\IMG\left_2026_07_28_11_08_02_812.jpg,D:\DPS 920\DPS920_final_project\IMG\right_2026_07_28_11_08_02_812.jpg,0.4,1.0,0,30.15971
D:\DPS 920\DPS920_final_project\IMG\center_2026_07_28_11_20_26_173.jpg,D:\DPS 920\DPS920_final_project\IMG\left_2026_07_28_11_20_26_173.jpg,D:\DPS 920\DPS920_final_project\IMG\right_2026_07_28_11_20_26_173.jpg,0.0,1.0,0,30.18615
D:\DPS 920\DPS920_final_project\IMG\center_2026_07_28_11_19_57_312.jpg,D:\DPS 920\DPS920_final_project\IMG\left_2026_07_28_11_19_57_312.jpg,D:\DPS 920\DPS920_final_project\IMG\right_2026_07_28_11_19_57_312.jpg,-0.25,1.0,0,30.17504
D:\DPS 920\DPS920_final_project\IMG\center_2026_07_28_11_08_37_287.jpg,D:\DPS 920\DPS920_final_project\IMG\left_2026_07_28_11_08_37_287.jpg,D:\DPS 920\DPS920_final_project\IMG\right_2026_07_28_11_08_37_287.jpg,0.25,1.0,0,30.17546
D:\DPS 920\DPS920_final_project\IMG\center_2026_07_28_11_21_07_940.jpg,D:\DPS 920\DPS920_final_project\IMG\left_2026_07_28_11_21_07_940.jpg,D:\DPS 920\DPS920_final_project\IMG\right_2026_07_28_11_21_07_940.jpg,0.05,1.0,0,30.18982
D:\DPS 920\DPS920_final_project\IMG\center_2026_07_28_11_21_58_661.jpg,D:\DPS 920\DPS920_final_project\IMG\left_2026_07_28_11_21_58_661.jpg,D:\DPS 920\DPS920_final_project\IMG\right_2026_07_28_11_21_58_661.jpg,0.0,1.0,0,30.19103
D:\DPS 920\DPS920_final_project\IMG\center_2026_07_28_11_10_19_241.jpg,D:\DPS 920\DPS920_final_project\IMG\left_2026_07_28_11_10_19_241.jpg,D:\DPS 920\DPS920_final_project\IMG\right_2026_07_28_11_10_19_241.jpg,0.05,1.0,0,30.19005
D:\DPS 920\DPS920_final_project\IMG\center_2026_07_28_11_07_13_133.jpg,D:\DPS 920\DPS920_final_project\IMG\left_2026_07_28_11_07_13_133.jpg,D:\DPS 920\DPS920_final_project\IMG\right_2026_07_28_11_07_13_133.jpg,0.15,1.0,0,30.18537
D:\DPS 920\DPS920_final_project\IMG\center_2026_07_28_11_06_14_235.jpg,D:\DPS 920\DPS920_final_project\IMG\left_2026_07_28_11_06_14_235.jpg,D:\DPS 920\DPS920_final_project\IMG\right_2026_07_28_11_06_14_235.jpg,0.0,1.0,0,30.18859
D:\DPS 920\DPS920_final_project\IMG\center_2026_07_28_11_22_31_552.jpg,D:\DPS 920\DPS920_final_project\IMG\left_2026_07_28_11_22_31_552.jpg,D:\DPS 920\DPS920_final_project\IMG\right_2026_07_28_11_22_31_552.jpg,0.25,1.0,0,30.17665
D:\DPS 920\DPS920_final_project\IMG\center_2026_07_28_11_20_32_440.jpg,D:\DPS 920\DPS920_final_project\IMG\left_2026_07_28_11_20_32_440.jpg,D:\DPS 920\DPS920_final_project\IMG\right_2026_07_28_11_20_32_440.jpg,0.0,1.0,0,30.19012
D:\DPS 920\DPS920_final_project\IMG\center_2026_07_28_11_08_07_557.jpg,D:\DPS 920\DPS920_final_project\IMG\left_2026_07_28_11_08_07_557.jpg,D:\DPS 920\DPS920_final_project\IMG\right_2026_07_28_11_08_07_557.jpg,0.15,1.0,0,30.18516
D:\DPS 920\DPS920_final_project\IMG\center_2026_07_28_11_21_48_251.jpg,D:\DPS 920\DPS920_final_project\IMG\left_2026_07_28_11_21_48_251.jpg,D:\DPS 920\DPS920_final_project\IMG\right_2026_07_28_11_21_48_251.jpg,-0.15,1.0,0,30.18482
D:\DPS 920\DPS920_final_project\IMG\center_2026_07_28_11_06_48_180.jpg,D:\DPS 920\DPS920_final_project\IMG\left_2026_07_28_11_06_48_180.jpg,D:\DPS 920\DPS920_final_project\IMG\right_2026_07_28_11_06_48_180.jpg,0.0,1.0,0,30.18472
D:\DPS 920\DPS920_final_project\IMG\center_2026_07_28_11_07_26_290.jpg,D:\DPS 920\DPS920_final_project\IMG\left_2026_07_28_11_07_26_290.jpg,D:\DPS 920\DPS920_final_project\IMG\right_2026_07_28_11_07_26_290.jpg,-0.2,1.0,0,30.17981
D:\DPS 920\DPS920_final_project\IMG\center_2026_07_28_11_20_58_014.jpg,D:\DPS 920\DPS920_final_project\IMG\left_2026_07_28_11_20_58_014.jpg,D:\DPS 920\DPS920_final_project\IMG\right_2026_07_28_11_20_58_014.jpg,-0.45,1.0,0,30.15364
D:\DPS 920\DPS920_final_project\IMG\center_2026_07_28_11_08_23_435.jpg,D:\DPS 920\DPS920_final_project\IMG\left_2026_07_28_11_08_23_435.jpg,D:\DPS 920\DPS920_final_project\IMG\right_2026_07_28_11_08_23_435.jpg,0.0,1.0,0,30.1893
D:\DPS 920\DPS920_final_project\IMG\center_2026_07_28_11_08_47_510.jpg,D:\DPS 920\DPS920_final_project\IMG\left_2026_07_28_11_08_47_510.jpg,D:\DPS 920\DPS920_final_project\IMG\right_2026_07_28_11_08_47_510.jpg,0.0,1.0,0,30.19028
D:\DPS 920\DPS920_final_project\IMG\center_2026_07_28_11_07_51_034.jpg,D:\DPS 920\DPS920_final_project\IMG\left_2026_07_28_11_07_51_034.jpg,D:\DPS 920\DPS920_final_project\IMG\right_2026_07_28_11_07_51_034.jpg,0.0,1.0,0,30.19059
D:\DPS 920\DPS920_final_project\IMG\center_2026_07_28_11_10_21_796.jpg,D:\DPS 920\DPS920_final_project\IMG\left_2026_07_28_11_10_21_796.jpg,D:\DPS 920\DPS920_final_project\IMG\right_2026_07_28_11_10_21_796.jpg,0.15,1.0,0,30.18424
D:\DPS 920\DPS920_final_project\IMG\center_2026_07_28_11_08_37_734.jpg,D:\DPS 920\DPS920_final_project\IMG\left_2026_07_28_11_08_37_734.jpg,D:\DPS 920\DPS920_final_project\IMG\right_2026_07_28_11_08_37_734.jpg,0.25,1.0,0,30.17697
D:\DPS 920\DPS920_final_project\IMG\center_2026_07_28_11_10_22_757.jpg,D:\DPS 920\DPS920_final_project\IMG\left_2026_07_28_11_10_22_757.jpg,D:\DPS 920\DPS920_final_project\IMG\right_2026_07_28_11_10_22_757.jpg,0.0,1.0,0,30.19058
D:\DPS 920\DPS920_final_project\IMG\center_2026_07_28_11_07_28_831.jpg,D:\DPS 920\DPS920_final_project\IMG\left_2026_07_28_11_07_28_831.jpg,D:\DPS 920\DPS920_final_project\IMG\right_2026_07_28_11_07_28_831.jpg,-0.6000001,1.0,0,30.13399
D:\DPS 920\DPS920_final_project\IMG\center_2026_07_28_11_20_57_662.jpg,D:\DPS 920\DPS920_final_project\IMG\left_2026_07_28_11_20_57_662.jpg,D:\DPS 920\DPS920_final_project\IMG\right_2026_07_28_11_20_57_662.jpg,-0.45,1.0,0,30.15177
D:\DPS 920\DPS920_final_project\IMG\center_2026_07_28_11_20_51_303.jpg,D:\DPS 920\DPS920_final_project\IMG\left_2026_07_28_11_20_51_303.jpg,D:\DPS 920\DPS920_final_project\IMG\right_2026_07_28_11_20_51_303.jpg,0.15,1.0,0,30.18379
D:\DPS 920\DPS920_final_project\IMG\center_2026_07_28_11_19_59_553.jpg,D:\DPS 920\DPS920_final_project\IMG\left_2026_07_28_11_19_59_553.jpg,D:\DPS 920\DPS920_final_project\IMG\right_2026_07_28_11_19_59_553.jpg,-0.2,1.0,0,30.18193
D:\DPS 920\DPS920_final_project\IMG\center_2026_07_28_11_20_38_415.jpg,D:\DPS 920\DPS920_final_project\IMG\left_2026_07_28_11_20_38_415.jpg,D:\DPS 920\DPS920_final_project\IMG\right_2026_07_28_11_20_38_415.jpg,-0.2,1.0,0,30.1819
D:\DPS 920\DPS920_final_project\IMG\center_2026_07_28_11_06_58_957.jpg,D:\DPS 920\DPS920_final_project\IMG\left_2026_07_28_11_06_58_957.jpg,D:\DPS 920\DPS920_final_project\IMG\right_2026_07_28_11_06_58_957.jpg,0.0,1.0,0,30.19027
D:\DPS 920\DPS920_final_project\IMG\center_2026_07_28_11_09_14_396.jpg,D:\DPS 920\DPS920_final_project\IMG\left_2026_07_28_11_09_14_396.jpg,D:\DPS 920\DPS920_final_project\IMG\right_2026_07_28_11_09_14_396.jpg,0.15,1.0,0,30.18469
D:\DPS 920\DPS920_final_project\IMG\center_2026_07_28_11_21_29_498.jpg,D:\DPS 920\DPS920_final_project\IMG\left_2026_07_28_11_21_29_498.jpg,D:\DPS 920\DPS920_final_project\IMG\right_2026_07_28_11_21_29_498.jpg,-0.15,1.0,0,30.1866
D:\DPS 920\DPS920_final_project\IMG\center_2026_07_28_11_22_25_917.jpg,D:\DPS 920\DPS920_final_project\IMG\left_2026_07_28_11_22_25_917.jpg,D:\DPS 920\DPS920_final_project\IMG\right_2026_07_28_11_22_25_917.jpg,-0.25,1.0,0,30.17805
D:\DPS 920\DPS920_final_project\IMG\center_2026_07_28_11_20_42_122.jpg,D:\DPS 920\DPS920_final_project\IMG\left_2026_07_28_11_20_42_122.jpg,D:\DPS 920\DPS920_final_project\IMG\right_2026_07_28_11_20_42_122.jpg,0.0,1.0,0,30.19026
D:\DPS 920\DPS920_final_project\IMG\center_2026_07_28_11_10_26_778.jpg,D:\DPS 920\DPS920_final_project\IMG\left_2026_07_28_11_10_26_778.jpg,D:\DPS 920\DPS920_final_project\IMG\right_2026_07_28_11_10_26_778.jpg,0.4,1.0,0,30.16328
D:\DPS 920\DPS920_final_project\IMG\center_2026_07_28_11_21_22_433.jpg,D:\DPS 920\DPS920_final_project\IMG\left_2026_07_28_11_21_22_433.jpg,D:\DPS 920\DPS920_final_project\IMG\right_2026_07_28_11_21_22_433.jpg,-0.2,1.0,0,30.18152
D:\DPS 920\DPS920_final_project\IMG\center_2026_07_28_11_22_43_829.jpg,D:\DPS 920\DPS920_final_project\IMG\left_2026_07_28_11_22_43_829.jpg,D:\DPS 920\DPS920_final_project\IMG\right_2026_07_28_11_22_43_829.jpg,-0.4,1.0,0,30.16115
D:\DPS 920\DPS920_final_project\IMG\center_2026_07_28_11_10_23_173.jpg,D:\DPS 920\DPS920_final_project\IMG\left_2026_07_28_11_10_23_173.jpg,D:\DPS 920\DPS920_final_project\IMG\right_2026_07_28_11_10_23_173.jpg,0.3,1.0,0,30.17256
D:\DPS 920\DPS920_final_project\IMG\center_2026_07_28_11_09_57_197.jpg,D:\DPS 920\DPS920_final_project\IMG\left_2026_07_28_11_09_57_197.jpg,D:\DPS 920\DPS920_final_project\IMG\right_2026_07_28_11_09_57_197.jpg,0.2,1.0,0,30.18165
D:\DPS 920\DPS920_final_project\IMG\center_2026_07_28_11_07_41_915.jpg,D:\DPS 920\DPS920_final_project\IMG\left_2026_07_28_11_07_41_915.jpg,D:\DPS 920\DPS920_final_project\IMG\right_2026_07_28_11_07_41_915.jpg,0.0,1.0,0,30.19002
D:\DPS 920\DPS920_final_project\IMG\center_2026_07_28_11_08_26_684.jpg,D:\DPS 920\DPS920_final_project\IMG\left_2026_07_28_11_08_26_684.jpg,D:\DPS 920\DPS920_final_project\IMG\right_2026_07_28_11_08_26_684.jpg,0.0,1.0,0,30.19009
D:\DPS 920\DPS920_final_project\IMG\center_2026_07_28_11_10_30_159.jpg,D:\DPS 920\DPS920_final_project\IMG\left_2026_07_28_11_10_30_159.jpg,D:\DPS 920\DPS920_final_project\IMG\right_2026_07_28_11_10_30_159.jpg,0.05,1.0,0,30.19006
D:\DPS 920\DPS920_final_project\IMG\center_2026_07_28_11_09_07_495.jpg,D:\DPS 920\DPS920_final_project\IMG\left_2026_07_28_11_09_07_495.jpg,D:\DPS 920\DPS920_final_project\IMG\right_2026_07_28_11_09_07_495.jpg,0.15,1.0,0,30.20428
D:\DPS 920\DPS920_final_project\IMG\center_2026_07_28_11_06_17_690.jpg,D:\DPS 920\DPS920_final_project\IMG\left_2026_07_28_11_06_17_690.jpg,D:\DPS 920\DPS920_final_project\IMG\right_2026_07_28_11_06_17_690.jpg,0.2,1.0,0,30.18239
D:\DPS 920\DPS920_final_project\IMG\center_2026_07_28_11_06_18_193.jpg,D:\DPS 920\DPS920_final_project\IMG\left_2026_07_28_11_06_18_193.jpg,D:\DPS 920\DPS920_final_project\IMG\right_2026_07_28_11_06_18_193.jpg,0.3,1.0,0,30.17237
D:\DPS 920\DPS920_final_project\IMG\center_2026_07_28_11_22_45_600.jpg,D:\DPS 920\DPS920_final_project\IMG\left_2026_07_28_11_22_45_600.jpg,D:\DPS 920\DPS920_final_project\IMG\right_2026_07_28_11_22_45_600.jpg,-0.1,1.0,0,30.18794
D:\DPS 920\DPS920_final_project\IMG\center_2026_07_28_11_07_41_987.jpg,D:\DPS 920\DPS920_final_project\IMG\left_2026_07_28_11_07_41_987.jpg,D:\DPS 920\DPS920_final_project\IMG\right_2026_07_28_11_07_41_987.jpg,0.1,1.0,0,30.18977
D:\DPS 920\DPS920_final_project\IMG\center_2026_07_28_11_20_56_351.jpg,D:\DPS 920\DPS920_final_project\IMG\left_2026_07_28_11_20_56_351.jpg,D:\DPS 920\DPS920_final_project\IMG\right_2026_07_28_11_20_56_351.jpg,-0.05,1.0,0,30.18921
D:\DPS 920\DPS920_final_project\IMG\center_2026_07_28_11_10_07_106.jpg,D:\DPS 920\DPS920_final_project\IMG\left_2026_07_28_11_10_07_106.jpg,D:\DPS 920\DPS920_final_project\IMG\right_2026_07_28_11_10_07_106.jpg,0.1,1.0,0,30.18926
D:\DPS 920\DPS920_final_project\IMG\center_2026_07_28_11_21_12_597.jpg,D:\DPS 920\DPS920_final_project\IMG\left_2026_07_28_11_21_12_597.jpg,D:\DPS 920\DPS920_final_project\IMG\right_2026_07_28_11_21_12_597.jpg,0.0,1.0,0,30.19028
D:\DPS 920\DPS920_final_project\IMG\center_2026_07_28_11_09_19_311.jpg,D:\DPS 920\DPS920_final_project\IMG\left_2026_07_28_11_09_19_311.jpg,D:\DPS 920\DPS920_final_project\IMG\right_2026_07_28_11_09_19_311.jpg,0.0,1.0,0,30.19019
D:\DPS 920\DPS920_final_project\IMG\center_2026_07_28_11_21_24_275.jpg,D:\DPS 920\DPS920_final_project\IMG\left_2026_07_28_11_21_24_275.jpg,D:\DPS 920\DPS920_final_project\IMG\right_2026_07_28_11_21_24_275.jpg,-0.25,1.0,0,30.17485
D:\DPS 920\DPS920_final_project\IMG\center_2026_07_28_11_07_27_095.jpg,D:\DPS 920\DPS920_final_project\IMG\left_2026_07_28_11_07_27_095.jpg,D:\DPS 920\DPS920_final_project\IMG\right_2026_07_28_11_07_27_095.jpg,-0.25,1.0,0,30.17549
D:\DPS 920\DPS920_final_project\IMG\center_2026_07_28_11_22_09_136.jpg,D:\DPS 920\DPS920_final_project\IMG\left_2026_07_28_11_22_09_136.jpg,D:\DPS 920\DPS920_final_project\IMG\right_2026_07_28_11_22_09_136.jpg,0.0,1.0,0,30.17037
D:\DPS 920\DPS920_final_project\IMG\center_2026_07_28_11_22_44_545.jpg,D:\DPS 920\DPS920_final_project\IMG\left_2026_07_28_11_22_44_545.jpg,D:\DPS 920\DPS920_final_project\IMG\right_2026_07_28_11_22_44_545.jpg,0.0,1.0,0,30.19018
D:\DPS 920\DPS920_final_project\IMG\center_2026_07_28_11_22_00_865.jpg,D:\DPS 920\DPS920_final_project\IMG\left_2026_07_28_11_22_00_865.jpg,D:\DPS 920\DPS920_final_project\IMG\right_2026_07_28_11_22_00_865.jpg,0.0,1.0,0,30.1907
D:\DPS 920\DPS920_final_project\IMG\center_2026_07_28_11_21_13_597.jpg,D:\DPS 920\DPS920_final_project\IMG\left_2026_07_28_11_21_13_597.jpg,D:\DPS 920\DPS920_final_project\IMG\right_2026_07_28_11_21_13_597.jpg,0.0,1.0,0,30.19027
D:\DPS 920\DPS920_final_project\IMG\center_2026_07_28_11_07_10_776.jpg,D:\DPS 920\DPS920_final_project\IMG\left_2026_07_28_11_07_10_776.jpg,D:\DPS 920\DPS920_final_project\IMG\right_2026_07_28_11_07_10_776.jpg,0.0,1.0,0,30.19147
D:\DPS 920\DPS920_final_project\IMG\center_2026_07_28_11_20_30_899.jpg,D:\DPS 920\DPS920_final_project\IMG\left_2026_07_28_11_20_30_899.jpg,D:\DPS 920\DPS920_final_project\IMG\right_2026_07_28_11_20_30_899.jpg,0.0,1.0,0,30.18625
D:\DPS 920\DPS920_final_project\IMG\center_2026_07_28_11_10_18_725.jpg,D:\DPS 920\DPS920_final_project\IMG\left_2026_07_28_11_10_18_725.jpg,D:\DPS 920\DPS920_final_project\IMG\right_2026_07_28_11_10_18_725.jpg,0.0,1.0,0,30.19032
D:\DPS 920\DPS920_final_project\IMG\center_2026_07_28_11_09_39_022.jpg,D:\DPS 920\DPS920_final_project\IMG\left_2026_07_28_11_09_39_022.jpg,D:\DPS 920\DPS920_final_project\IMG\right_2026_07_28_11_09_39_022.jpg,0.0,1.0,0,30.19024
D:\DPS 920\DPS920_final_project\IMG\center_2026_07_28_11_06_08_257.jpg,D:\DPS 920\DPS920_final_project\IMG\left_2026_07_28_11_06_08_257.jpg,D:\DPS 920\DPS920_final_project\IMG\right_2026_07_28_11_06_08_257.jpg,0.0,1.0,0,30.19013
D:\DPS 920\DPS920_final_project\IMG\center_2026_07_28_11_21_20_444.jpg,D:\DPS 920\DPS920_final_project\IMG\left_2026_07_28_11_21_20_444.jpg,D:\DPS 920\DPS920_final_project\IMG\right_2026_07_28_11_21_20_444.jpg,-0.35,1.0,0,30.16801
D:\DPS 920\DPS920_final_project\IMG\center_2026_07_28_11_07_31_641.jpg,D:\DPS 920\DPS920_final_project\IMG\left_2026_07_28_11_07_31_641.jpg,D:\DPS 920\DPS920_final_project\IMG\right_2026_07_28_11_07_31_641.jpg,-0.3,1.0,0,30.17258
D:\DPS 920\DPS920_final_project\IMG\center_2026_07_28_11_22_25_097.jpg,D:\DPS 920\DPS920_final_project\IMG\left_2026_07_28_11_22_25_097.jpg,D:\DPS 920\DPS920_final_project\IMG\right_2026_07_28_11_22_25_097.jpg,0.0,1.0,0,30.18886
D:\DPS 920\DPS920_final_project\IMG\center_2026_07_28_11_21_54_180.jpg,D:\DPS 920\DPS920_final_project\IMG\left_2026_07_28_11_21_54_180.jpg,D:\DPS 920\DPS920_final_project\IMG\right_2026_07_28_11_21_54_180.jpg,0.0,1.0,0,30.1902
D:\DPS 920\DPS920_final_project\IMG\center_2026_07_28_11_07_35_053.jpg,D:\DPS 920\DPS920_final_project\IMG\left_2026_07_28_11_07_35_053.jpg,D:\DPS 920\DPS920_final_project\IMG\right_2026_07_28_11_07_35_053.jpg,0.05,1.0,0,30.18982
D:\DPS 920\DPS920_final_project\IMG\center_2026_07_28_11_10_31_109.jpg,D:\DPS 920\DPS920_final_project\IMG\left_2026_07_28_11_10_31_109.jpg,D:\DPS 920\DPS920_final_project\IMG\right_2026_07_28_11_10_31_109.jpg,0.0,1.0,0,30.19045
D:\DPS 920\DPS920_final_project\IMG\center_2026_07_28_11_06_32_412.jpg,D:\DPS 920\DPS920_final_project\IMG\left_2026_07_28_11_06_32_412.jpg,D:\DPS 920\DPS920_final_project\IMG\right_2026_07_28_11_06_32_412.jpg,0.05,1.0,0,30.18977
D:\DPS 920\DPS920_final_project\IMG\center_2026_07_28_11_21_05_251.jpg,D:\DPS 920\DPS920_final_project\IMG\left_2026_07_28_11_21_05_251.jpg,D:\DPS 920\DPS920_final_project\IMG\right_2026_07_28_11_21_05_251.jpg,0.0,1.0,0,30.1903
D:\DPS 920\DPS920_final_project\IMG\center_2026_07_28_11_08_59_598.jpg,D:\DPS 920\DPS920_final_project\IMG\left_2026_07_28_11_08_59_598.jpg,D:\DPS 920\DPS920_final_project\IMG\right_2026_07_28_11_08_59_598.jpg,0.05,1.0,0,30.18991
D:\DPS 920\DPS920_final_project\IMG\center_2026_07_28_11_20_23_431.jpg,D:\DPS 920\DPS920_final_project\IMG\left_2026_07_28_11_20_23_431.jpg,D:\DPS 920\DPS920_final_project\IMG\right_2026_07_28_11_20_23_431.jpg,0.0,1.0,0,30.19069
D:\DPS 920\DPS920_final_project\IMG\center_2026_07_28_11_21_18_258.jpg,D:\DPS 920\DPS920_final_project\IMG\left_2026_07_28_11_21_18_258.jpg,D:\DPS 920\DPS920_final_project\IMG\right_2026_07_28_11_21_18_258.jpg,-0.35,1.0,0,30.16788
D:\DPS 920\DPS920_final_project\IMG\center_2026_07_28_11_20_48_272.jpg,D:\DPS 920\DPS920_final_project\IMG\left_2026_07_28_11_20_48_272.jpg,D:\DPS 920\DPS920_final_project\IMG\right_2026_07_28_11_20_48_272.jpg,0.0,1.0,0,30.18993
D:\DPS 920\DPS920_final_project\IMG\center_2026_07_28_11_07_14_198.jpg,D:\DPS 920\DPS920_final_project\IMG\left_2026_07_28_11_07_14_198.jpg,D:\DPS 920\DPS920_final_project\IMG\right_2026_07_28_11_07_14_198.jpg,0.0,1.0,0,30.18959
D:\DPS 920\DPS920_final_project\IMG\center_2026_07_28_11_06_39_414.jpg,D:\DPS 920\DPS920_final_project\IMG\left_2026_07_28_11_06_39_414.jpg,D:\DPS 920\DPS920_final_project\IMG\right_2026_07_28_11_06_39_414.jpg,0.4,1.0,0,30.15727
D:\DPS 920\DPS920_final_project\IMG\center_2026_07_28_11_07_04_137.jpg,D:\DPS 920\DPS920_final_project\IMG\left_2026_07_28_11_07_04_137.jpg,D:\DPS 920\DPS920_final_project\IMG\right_2026_07_28_11_07_04_137.jpg,0.0,1.0,0,30.18605
D:\DPS 920\DPS920_final_project\IMG\center_2026_07_28_11_09_16_313.jpg,D:\DPS 920\DPS920_final_project\IMG\left_2026_07_28_11_09_16_313.jpg,D:\DPS 920\DPS920_final_project\IMG\right_2026_07_28_11_09_16_313.jpg,0.0,1.0,0,30.19028
D:\DPS 920\DPS920_final_project\IMG\center_2026_07_28_11_07_06_841.jpg,D:\DPS 920\DPS920_final_project\IMG\left_2026_07_28_11_07_06_841.jpg,D:\DPS 920\DPS920_final_project\IMG\right_2026_07_28_11_07_06_841.jpg,0.15,1.0,0,30.18407
D:\DPS 920\DPS920_final_project\IMG\center_2026_07_28_11_21_19_086.jpg,D:\DPS 920\DPS920_final_project\IMG\left_2026_07_28_11_21_19_086.jpg,D:\DPS 920\DPS920_final_project\IMG\right_2026_07_28_11_21_19_086.jpg,-0.4,1.0,0,30.16369
D:\DPS 920\DPS920_final_project\IMG\center_2026_07_28_11_10_25_701.jpg,D:\DPS 920\DPS920_final_project\IMG\left_2026_07_28_11_10_25_701.jpg,D:\DPS 920\DPS920_final_project\IMG\right_2026_07_28_11_10_25_701.jpg,0.4,1.0,0,30.16716
D:\DPS 920\DPS920_final_project\IMG\center_2026_07_28_11_07_45_221.jpg,D:\DPS 920\DPS920_final_project\IMG\left_2026_07_28_11_07_45_221.jpg,D:\DPS 920\DPS920_final_project\IMG\right_2026_07_28_11_07_45_221.jpg,0.0,1.0,0,30.19062
D:\DPS 920\DPS920_final_project\IMG\center_2026_07_28_11_06_43_395.jpg,D:\DPS 920\DPS920_final_project\IMG\left_2026_07_28_11_06_43_395.jpg,D:\DPS 920\DPS920_final_project\IMG\right_2026_07_28_11_06_43_395.jpg,0.05,1.0,0,30.1899
D:\DPS 920\DPS920_final_project\IMG\center_2026_07_28_11_10_07_831.jpg,D:\DPS 920\DPS920_final_project\IMG\left_2026_07_28_11_10_07_831.jpg,D:\DPS 920\DPS920_final_project\IMG\right_2026_07_28_11_10_07_831.jpg,0.4,1.0,0,30.16098
D:\DPS 920\DPS920_final_project\IMG\center_2026_07_28_11_09_50_848.jpg,D:\DPS 920\DPS920_final_project\IMG\left_2026_07_28_11_09_50_848.jpg,D:\DPS 920\DPS920_final_project\IMG\right_2026_07_28_11_09_50_848.jpg,0.1,1.0,0,30.18767
D:\DPS 920\DPS920_final_project\IMG\center_2026_07_28_11_19_58_828.jpg,D:\DPS 920\DPS920_final_project\IMG\left_2026_07_28_11_19_58_828.jpg,D:\DPS 920\DPS920_final_project\IMG\right_2026_07_28_11_19_58_828.jpg,-0.1,1.0,0,30.19047
D:\DPS 920\DPS920_final_project\IMG\center_2026_07_28_11_10_22_680.jpg,D:\DPS 920\DPS920_final_project\IMG\left_2026_07_28_11_10_22_680.jpg,D:\DPS 920\DPS920_final_project\IMG\right_2026_07_28_11_10_22_680.jpg,0.15,1.0,0,30.18564
D:\DPS 920\DPS920_final_project\IMG\center_2026_07_28_11_22_47_115.jpg,D:\DPS 920\DPS920_final_project\IMG\left_2026_07_28_11_22_47_115.jpg,D:\DPS 920\DPS920_final_project\IMG\right_2026_07_28_11_22_47_115.jpg,-0.4,1.0,0,30.16033
D:\DPS 920\DPS920_final_project\IMG\center_2026_07_28_11_22_35_227.jpg,D:\DPS 920\DPS920_final_project\IMG\left_2026_07_28_11_22_35_227.jpg,D:\DPS 920\DPS920_final_project\IMG\right_2026_07_28_11_22_35_227.jpg,0.0,1.0,0,30.19029
D:\DPS 920\DPS920_final_project\IMG\center_2026_07_28_11_21_37_850.jpg,D:\DPS 920\DPS920_final_project\IMG\left_2026_07_28_11_21_37_850.jpg,D:\DPS 920\DPS920_final_project\IMG\right_2026_07_28_11_21_37_850.jpg,0.0,1.0,0,30.1903
D:\DPS 920\DPS920_final_project\IMG\center_2026_07_28_11_22_23_235.jpg,D:\DPS 920\DPS920_final_project\IMG\left_2026_07_28_11_22_23_235.jpg,D:\DPS 920\DPS920_final_project\IMG\right_2026_07_28_11_22_23_235.jpg,0.0,1.0,0,30.19034
D:\DPS 920\DPS920_final_project\IMG\center_2026_07_28_11_06_18_827.jpg,D:\DPS 920\DPS920_final_project\IMG\left_2026_07_28_11_06_18_827.jpg,D:\DPS 920\DPS920_final_project\IMG\right_2026_07_28_11_06_18_827.jpg,0.0,1.0,0,30.19032
D:\DPS 920\DPS920_final_project\IMG\center_2026_07_28_11_08_43_661.jpg,D:\DPS 920\DPS920_final_project\IMG\left_2026_07_28_11_08_43_661.jpg,D:\DPS 920\DPS920_final_project\IMG\right_2026_07_28_11_08_43_661.jpg,0.5500001,1.0,0,30.13995
D:\DPS 920\DPS920_final_project\IMG\center_2026_07_28_11_21_20_231.jpg,D:\DPS 920\DPS920_final_project\IMG\left_2026_07_28_11_21_20_231.jpg,D:\DPS 920\DPS920_final_project\IMG\right_2026_07_28_11_21_20_231.jpg,-0.35,1.0,0,30.16851
D:\DPS 920\DPS920_final_project\IMG\center_2026_07_28_11_08_11_362.jpg,D:\DPS 920\DPS920_final_project\IMG\left_2026_07_28_11_08_11_362.jpg,D:\DPS 920\DPS920_final_project\IMG\right_2026_07_28_11_08_11_362.jpg,0.25,1.0,0,30.17632
D:\DPS 920\DPS920_final_project\IMG\center_2026_07_28_11_07_51_688.jpg,D:\DPS 920\DPS920_final_project\IMG\left_2026_07_28_11_07_51_688.jpg,D:\DPS 920\DPS920_final_project\IMG\right_2026_07_28_11_07_51_688.jpg,0.0,1.0,0,30.1907
D:\DPS 920\DPS920_final_project\IMG\center_2026_07_28_11_20_33_863.jpg,D:\DPS 920\DPS920_final_project\IMG\left_2026_07_28_11_20_33_863.jpg,D:\DPS 920\DPS920_final_project\IMG\right_2026_07_28_11_20_33_863.jpg,-0.15,1.0,0,30.18615
D:\DPS 920\DPS920_final_project\IMG\center_2026_07_28_11_21_20_373.jpg,D:\DPS 920\DPS920_final_project\IMG\left_2026_07_28_11_21_20_373.jpg,D:\DPS 920\DPS920_final_project\IMG\right_2026_07_28_11_21_20_373.jpg,-0.15,1.0,0,30.1881
D:\DPS 920\DPS920_final_project\IMG\center_2026_07_28_11_21_14_243.jpg,D:\DPS 920\DPS920_final_project\IMG\left_2026_07_28_11_21_14_243.jpg,D:\DPS 920\DPS920_final_project\IMG\right_2026_07_28_11_21_14_243.jpg,0.0,1.0,0,30.19011
D:\DPS 920\DPS920_final_project\IMG\center_2026_07_28_11_08_36_559.jpg,D:\DPS 920\DPS920_final_project\IMG\left_2026_07_28_11_08_36_559.jpg,D:\DPS 920\DPS920_final_project\IMG\right_2026_07_28_11_08_36_559.jpg,0.2,1.0,0,30.18031
D:\DPS 920\DPS920_final_project\IMG\center_2026_07_28_11_20_13_403.jpg,D:\DPS 920\DPS920_final_project\IMG\left_2026_07_28_11_20_13_403.jpg,D:\DPS 920\DPS920_final_project\IMG\right_2026_07_28_11_20_13_403.jpg,-0.1,1.0,0,30.18776
D:\DPS 920\DPS920_final_project\IMG\center_2026_07_28_11_10_04_776.jpg,D:\DPS 920\DPS920_final_project\IMG\left_2026_07_28_11_10_04_776.jpg,D:\DPS 920\DPS920_final_project\IMG\right_2026_07_28_11_10_04_776.jpg,0.4,1.0,0,30.15939
D:\DPS 920\DPS920_final_project\IMG\center_2026_07_28_11_08_11_132.jpg,D:\DPS 920\DPS920_final_project\IMG\left_2026_07_28_11_08_11_132.jpg,D:\DPS 920\DPS920_final_project\IMG\right_2026_07_28_11_08_11_132.jpg,0.25,1.0,0,30.17518
D:\DPS 920\DPS920_final_project\IMG\center_2026_07_28_11_06_38_729.jpg,D:\DPS 920\DPS920_final_project\IMG\left_2026_07_28_11_06_38_729.jpg,D:\DPS 920\DPS920_final_project\IMG\right_2026_07_28_11_06_38_729.jpg,0.05,1.0,0,30.18968
D:\DPS 920\DPS920_final_project\IMG\center_2026_07_28_11_22_42_679.jpg,D:\DPS 920\DPS920_final_project\IMG\left_2026_07_28_11_22_42_679.jpg,D:\DPS 920\DPS920_final_project\IMG\right_2026_07_28_11_22_42_679.jpg,-0.7,1.0,0,30.1174
D:\DPS 920\DPS920_final_project\IMG\center_2026_07_28_11_06_45_518.jpg,D:\DPS 920\DPS920_final_project\IMG\left_2026_07_28_11_06_45_518.jpg,D:\DPS 920\DPS920_final_project\IMG\right_2026_07_28_11_06_45_518.jpg,0.0,1.0,0,30.18963
D:\DPS 920\DPS920_final_project\IMG\center_2026_07_28_11_06_31_217.jpg,D:\DPS 920\DPS920_final_project\IMG\left_2026_07_28_11_06_31_217.jpg,D:\DPS 920\DPS920_final_project\IMG\right_2026_07_28_11_06_31_217.jpg,0.0,1.0,0,30.19025
D:\DPS 920\DPS920_final_project\IMG\center_2026_07_28_11_22_43_611.jpg,D:\DPS 920\DPS920_final_project\IMG\left_2026_07_28_11_22_43_611.jpg,D:\DPS 920\DPS920_final_project\IMG\right_2026_07_28_11_22_43_611.jpg,0.0,1.0,0,30.18724
D:\DPS 920\DPS920_final_project\IMG\center_2026_07_28_11_08_45_761.jpg,D:\DPS 920\DPS920_final_project\IMG\left_2026_07_28_11_08_45_761.jpg,D:\DPS 920\DPS920_final_project\IMG\right_2026_07_28_11_08_45_761.jpg,0.0,1.0,0,30.19037
D:\DPS 920\DPS920_final_project\IMG\center_2026_07_28_11_10_16_539.jpg,D:\DPS 920\DPS920_final_project\IMG\left_2026_07_28_11_10_16_539.jpg,D:\DPS 920\DPS920_final_project\IMG\right_2026_07_28_11_10_16_539.jpg,-0.35,1.0,0,30.17033
D:\DPS 920\DPS920_final_project\IMG\center_2026_07_28_11_21_44_021.jpg,D:\DPS 920\DPS920_final_project\IMG\left_2026_07_28_11_21_44_021.jpg,D:\DPS 920\DPS920_final_project\IMG\right_2026_07_28_11_21_44_021.jpg,-0.2,1.0,0,30.17965
D:\DPS 920\DPS920_final_project\IMG\center_2026_07_28_11_20_51_166.jpg,D:\DPS 920\DPS920_final_project\IMG\left_2026_07_28_11_20_51_166.jpg,D:\DPS 920\DPS920_final_project\IMG\right_2026_07_28_11_20_51_166.jpg,0.0,1.0,0,30.18998
D:\DPS 920\DPS920_final_project\IMG\center_2026_07_28_11_09_29_830.jpg,D:\DPS 920\DPS920_final_project\IMG\left_2026_07_28_11_09_29_830.jpg,D:\DPS 920\DPS920_final_project\IMG\right_2026_07_28_11_09_29_830.jpg,0.3,1.0,0,30.16926
D:\DPS 920\DPS920_final_project\IMG\center_2026_07_28_11_10_17_102.jpg,D:\DPS 920\DPS920_final_project\IMG\left_2026_07_28_11_10_17_102.jpg,D:\DPS 920\DPS920_final_project\IMG\right_2026_07_28_11_10_17_102.jpg,-0.1,1.0,0,30.18933
D:\DPS 920\DPS920_final_project\IMG\center_2026_07_28_11_07_06_473.jpg,D:\DPS 920\DPS920_final_project\IMG\left_2026_07_28_11_07_06_473.jpg,D:\DPS 920\DPS920_final_project\IMG\right_2026_07_28_11_07_06_473.jpg,0.0,1.0,0,30.19036
D:\DPS 920\DPS920_final_project\IMG\center_2026_07_28_11_10_24_181.jpg,D:\DPS 920\DPS920_final_project\IMG\left_2026_07_28_11_10_24_181.jpg,D:\DPS 920\DPS920_final_project\IMG\right_2026_07_28_11_10_24_181.jpg,0.35,1.0,0,30.16381
D:\DPS 920\DPS920_final_project\IMG\center_2026_07_28_11_08_45_477.jpg,D:\DPS 920\DPS920_final_project\IMG\left_2026_07_28_11_08_45_477.jpg,D:\DPS 920\DPS920_final_project\IMG\right_2026_07_28_11_08_45_477.jpg,0.15,1.0,0,30.18394
D:\DPS 920\DPS920_final_project\IMG\center_2026_07_28_11_08_03_308.jpg,D:\DPS 920\DPS920_final_project\IMG\left_2026_07_28_11_08_03_308.jpg,D:\DPS 920\DPS920_final_project\IMG\right_2026_07_28_11_08_03_308.jpg,0.2,1.0,0,30.18382
D:\DPS 920\DPS920_final_project\IMG\center_2026_07_28_11_21_17_898.jpg,D:\DPS 920\DPS920_final_project\IMG\left_2026_07_28_11_21_17_898.jpg,D:\DPS 920\DPS920_final_project\IMG\right_2026_07_28_11_21_17_898.jpg,-0.1,1.0,0,30.18732
D:\DPS 920\DPS920_final_project\IMG\center_2026_07_28_11_08_22_573.jpg,D:\DPS 920\DPS920_final_project\IMG\left_2026_07_28_11_08_22_573.jpg,D:\DPS 920\DPS920_final_project\IMG\right_2026_07_28_11_08_22_573.jpg,0.0,1.0,0,30.1903
D:\DPS 920\DPS920_final_project\IMG\center_2026_07_28_11_07_19_512.jpg,D:\DPS 920\DPS920_final_project\IMG\left_2026_07_28_11_07_19_512.jpg,D:\DPS 920\DPS920_final_project\IMG\right_2026_07_28_11_07_19_512.jpg,0.15,1.0,0,30.18848
D:\DPS 920\DPS920_final_project\IMG\center_2026_07_28_11_21_57_206.jpg,D:\DPS 920\DPS920_final_project\IMG\left_2026_07_28_11_21_57_206.jpg,D:\DPS 920\DPS920_final_project\IMG\right_2026_07_28_11_21_57_206.jpg,-0.2,1.0,0,30.18035
D:\DPS 920\DPS920_final_project\IMG\center_2026_07_28_11_08_22_071.jpg,D:\DPS 920\DPS920_final_project\IMG\left_2026_07_28_11_08_22_071.jpg,D:\DPS 920\DPS920_final_project\IMG\right_2026_07_28_11_08_22_071.jpg,0.0,1.0,0,30.19016
D:\DPS 920\DPS920_final_project\IMG\center_2026_07_28_11_06_38_932.jpg,D:\DPS 920\DPS920_final_project\IMG\left_2026_07_28_11_06_38_932.jpg,D:\DPS 920\DPS920_final_project\IMG\right_2026_07_28_11_06_38_932.jpg,0.0,1.0,0,30.18699
D:\DPS 920\DPS920_final_project\IMG\center_2026_07_28_11_09_57_341.jpg,D:\DPS 920\DPS920_final_project\IMG\left_2026_07_28_11_09_57_341.jpg,D:\DPS 920\DPS920_final_project\IMG\right_2026_07_28_11_09_57_341.jpg,0.05,1.0,0,30.19007
D:\DPS 920\DPS920_final_project\IMG\center_2026_07_28_11_20_04_881.jpg,D:\DPS 920\DPS920_final_project\IMG\left_2026_07_28_11_20_04_881.jpg,D:\DPS 920\DPS920_final_project\IMG\right_2026_07_28_11_20_04_881.jpg,0.0,1.0,0,30.1891
D:\DPS 920\DPS920_final_project\IMG\center_2026_07_28_11_09_56_461.jpg,D:\DPS 920\DPS920_final_project\IMG\left_2026_07_28_11_09_56_461.jpg,D:\DPS 920\DPS920_final_project\IMG\right_2026_07_28_11_09_56_461.jpg,0.15,1.0,0,30.18428
D:\DPS 920\DPS920_final_project\IMG\center_2026_07_28_11_20_44_893.jpg,D:\DPS 920\DPS920_final_project\IMG\left_2026_07_28_11_20_44_893.jpg,D:\DPS 920\DPS920_final_project\IMG\right_2026_07_28_11_20_44_893.jpg,0.0,1.0,0,30.19014
D:\DPS 920\DPS920_final_project\IMG\center_2026_07_28_11_21_35_615.jpg,D:\DPS 920\DPS920_final_project\IMG\left_2026_07_28_11_21_35_615.jpg,D:\DPS 920\DPS920_final_project\IMG\right_2026_07_28_11_21_35_615.jpg,0.0,1.0,0,30.19016
D:\DPS 920\DPS920_final_project\IMG\center_2026_07_28_11_08_33_383.jpg,D:\DPS 920\DPS920_final_project\IMG\left_2026_07_28_11_08_33_383.jpg,D:\DPS 920\DPS920_final_project\IMG\right_2026_07_28_11_08_33_383.jpg,0.1,1.0,0,30.18895
D:\DPS 920\DPS920_final_project\IMG\center_2026_07_28_11_21_22_510.jpg,D:\DPS 920\DPS920_final_project\IMG\left_2026_07_28_11_21_22_510.jpg,D:\DPS 920\DPS920_final_project\IMG\right_2026_07_28_11_21_22_510.jpg,0.0,1.0,0,30.18941
D:\DPS 920\DPS920_final_project\IMG\center_2026_07_28_11_10_01_845.jpg,D:\DPS 920\DPS920_final_project\IMG\left_2026_07_28_11_10_01_845.jpg,D:\DPS 920\DPS920_final_project\IMG\right_2026_07_28_11_10_01_845.jpg,0.1,1.0,0,30.1845
D:\DPS 920\DPS920_final_project\IMG\center_2026_07_28_11_06_40_419.jpg,D:\DPS 920\DPS920_final_project\IMG\left_2026_07_28_11_06_40_419.jpg,D:\DPS 920\DPS920_final_project\IMG\right_2026_07_28_11_06_40_419.jpg,0.0,1.0,0,30.19071
D:\DPS 920\DPS920_final_project\IMG\center_2026_07_28_11_06_59_945.jpg,D:\DPS 920\DPS920_final_project\IMG\left_2026_07_28_11_06_59_945.jpg,D:\DPS 920\DPS920_final_project\IMG\right_2026_07_28_11_06_59_945.jpg,0.0,1.0,0,30.19031
D:\DPS 920\DPS920_final_project\IMG\center_2026_07_28_11_10_25_486.jpg,D:\DPS 920\DPS920_final_project\IMG\left_2026_07_28_11_10_25_486.jpg,D:\DPS 920\DPS920_final_project\IMG\right_2026_07_28_11_10_25_486.jpg,0.5500001,1.0,0,30.14142
D:\DPS 920\DPS920_final_project\IMG\center_2026_07_28_11_10_15_734.jpg,D:\DPS 920\DPS920_final_project\IMG\left_2026_07_28_11_10_15_734.jpg,D:\DPS 920\DPS920_final_project\IMG\right_2026_07_28_11_10_15_734.jpg,-0.5000001,1.0,0,30.14985
D:\DPS 920\DPS920_final_project\IMG\center_2026_07_28_11_20_34_986.jpg,D:\DPS 920\DPS920_final_project\IMG\left_2026_07_28_11_20_34_986.jpg,D:\DPS 920\DPS920_final_project\IMG\right_2026_07_28_11_20_34_986.jpg,-0.05,1.0,0,30.19046
D:\DPS 920\DPS920_final_project\IMG\center_2026_07_28_11_21_24_203.jpg,D:\DPS 920\DPS920_final_project\IMG\left_2026_07_28_11_21_24_203.jpg,D:\DPS 920\DPS920_final_project\IMG\right_2026_07_28_11_21_24_203.jpg,-0.1,1.0,0,30.18781
D:\DPS 920\DPS920_final_project\IMG\center_2026_07_28_11_22_44_122.jpg,D:\DPS 920\DPS920_final_project\IMG\left_2026_07_28_11_22_44_122.jpg,D:\DPS 920\DPS920_final_project\IMG\right_2026_07_28_11_22_44_122.jpg,-0.35,1.0,0,30.16651
D:\DPS 920\DPS920_final_project\IMG\center_2026_07_28_11_08_10_842.jpg,D:\DPS 920\DPS920_final_project\IMG\left_2026_07_28_11_08_10_842.jpg,D:\DPS 920\DPS920_final_project\IMG\right_2026_07_28_11_08_10_842.jpg,0.2,1.0,0,30.18008
D:\DPS 920\DPS920_final_project\IMG\center_2026_07_28_11_22_52_474.jpg,D:\DPS 920\DPS920_final_project\IMG\left_2026_07_28_11_22_52_474.jpg,D:\DPS 920\DPS920_final_project\IMG\right_2026_07_28_11_22_52_474.jpg,0.0,1.0,0,30.19028
D:\DPS 920\DPS920_final_project\IMG\center_2026_07_28_11_09_03_116.jpg,D:\DPS 920\DPS920_final_project\IMG\left_2026_07_28_11_09_03_116.jpg,D:\DPS 920\DPS920_final_project\IMG\right_2026_07_28_11_09_03_116.jpg,0.0,1.0,0,30.18797
D:\DPS 920\DPS920_final_project\IMG\center_2026_07_28_11_21_41_417.jpg,D:\DPS 920\DPS920_final_project\IMG\left_2026_07_28_11_21_41_417.jpg,D:\DPS 920\DPS920_final_project\IMG\right_2026_07_28_11_21_41_417.jpg,0.0,1.0,0,30.18952
D:\DPS 920\DPS920_final_project\IMG\center_2026_07_28_11_10_12_051.jpg,D:\DPS 920\DPS920_final_project\IMG\left_2026_07_28_11_10_12_051.jpg,D:\DPS 920\DPS920_final_project\IMG\right_2026_07_28_11_10_12_051.jpg,0.0,1.0,0,30.19016
D:\DPS 920\DPS920_final_project\IMG\center_2026_07_28_11_05_58_377.jpg,D:\DPS 920\DPS920_final_project\IMG\left_2026_07_28_11_05_58_377.jpg,D:\DPS 920\DPS920_final_project\IMG\right_2026_07_28_11_05_58_377.jpg,0.0,1.0,0,30.18971
D:\DPS 920\DPS920_final_project\IMG\center_2026_07_28_11_22_20_580.jpg,D:\DPS 920\DPS920_final_project\IMG\left_2026_07_28_11_22_20_580.jpg,D:\DPS 920\DPS920_final_project\IMG\right_2026_07_28_11_22_20_580.jpg,0.0,1.0,0,30.19024
D:\DPS 920\DPS920_final_project\IMG\center_2026_07_28_11_08_56_034.jpg,D:\DPS 920\DPS920_final_project\IMG\left_2026_07_28_11_08_56_034.jpg,D:\DPS 920\DPS920_final_project\IMG\right_2026_07_28_11_08_56_034.jpg,-0.05,1.0,0,30.18972
D:\DPS 920\DPS920_final_project\IMG\center_2026_07_28_11_21_18_737.jpg,D:\DPS 920\DPS920_final_project\IMG\left_2026_07_28_11_21_18_737.jpg,D:\DPS 920\DPS920_final_project\IMG\right_2026_07_28_11_21_18_737.jpg,-0.2,1.0,0,30.18576
D:\DPS 920\DPS920_final_project\IMG\center_2026_07_28_11_08_53_950.jpg,D:\DPS 920\DPS920_final_project\IMG\left_2026_07_28_11_08_53_950.jpg,D:\DPS 920\DPS920_final_project\IMG\right_2026_07_28_11_08_53_950.jpg,0.0,1.0,0,30.18974
D:\DPS 920\DPS920_final_project\IMG\center_2026_07_28_11_21_35_763.jpg,D:\DPS 920\DPS920_final_project\IMG\left_2026_07_28_11_21_35_763.jpg,D:\DPS 920\DPS920_final_project\IMG\right_2026_07_28_11_21_35_763.jpg,0.0,1.0,0,30.19076
D:\DPS 920\DPS920_final_project\IMG\center_2026_07_28_11_06_16_877.jpg,D:\DPS 920\DPS920_final_project\IMG\left_2026_07_28_11_06_16_877.jpg,D:\DPS 920\DPS920_final_project\IMG\right_2026_07_28_11_06_16_877.jpg,0.15,1.0,0,30.18542
D:\DPS 920\DPS920_final_project\IMG\center_2026_07_28_11_10_28_802.jpg,D:\DPS 920\DPS920_final_project\IMG\left_2026_07_28_11_10_28_802.jpg,D:\DPS 920\DPS920_final_project\IMG\right_2026_07_28_11_10_28_802.jpg,0.1,1.0,0,30.18759
D:\DPS 920\DPS920_final_project\IMG\center_2026_07_28_11_06_08_542.jpg,D:\DPS 920\DPS920_final_project\IMG\left_2026_07_28_11_06_08_542.jpg,D:\DPS 920\DPS920_final_project\IMG\right_2026_07_28_11_06_08_542.jpg,-0.25,1.0,0,30.17671
D:\DPS 920\DPS920_final_project\IMG\center_2026_07_28_11_21_31_301.jpg,D:\DPS 920\DPS920_final_project\IMG\left_2026_07_28_11_21_31_301.jpg,D:\DPS 920\DPS920_final_project\IMG\right_2026_07_28_11_21_31_301.jpg,-0.2,1.0,0,30.18044
D:\DPS 920\DPS920_final_project\IMG\center_2026_07_28_11_20_39_931.jpg,D:\DPS 920\DPS920_final_project\IMG\left_2026_07_28_11_20_39_931.jpg,D:\DPS 920\DPS920_final_project\IMG\right_2026_07_28_11_20_39_931.jpg,0.0,1.0,0,30.19023
D:\DPS 920\DPS920_final_project\IMG\center_2026_07_28_11_10_04_242.jpg,D:\DPS 920\DPS920_final_project\IMG\left_2026_07_28_11_10_04_242.jpg,D:\DPS 920\DPS920_final_project\IMG\right_2026_07_28_11_10_04_242.jpg,0.0,1.0,0,30.18809
D:\DPS 920\DPS920_final_project\IMG\center_2026_07_28_11_07_41_413.jpg,D:\DPS 920\DPS920_final_project\IMG\left_2026_07_28_11_07_41_413.jpg,D:\DPS 920\DPS920_final_project\IMG\right_2026_07_28_11_07_41_413.jpg,0.3,1.0,0,30.17466
D:\DPS 920\DPS920_final_project\IMG\center_2026_07_28_11_22_20_291.jpg,D:\DPS 920\DPS920_final_project\IMG\left_2026_07_28_11_22_20_291.jpg,D:\DPS 920\DPS920_final_project\IMG\right_2026_07_28_11_22_20_291.jpg,0.0,1.0,0,30.18757
D:\DPS 920\DPS920_final_project\IMG\center_2026_07_28_11_20_18_134.jpg,D:\DPS 920\DPS920_final_project\IMG\left_2026_07_28_11_20_18_134.jpg,D:\DPS 920\DPS920_final_project\IMG\right_2026_07_28_11_20_18_134.jpg,-0.25,1.0,0,30.17372
D:\DPS 920\DPS920_final_project\IMG\center_2026_07_28_11_10_24_983.jpg,D:\DPS 920\DPS920_final_project\IMG\left_2026_07_28_11_10_24_983.jpg,D:\DPS 920\DPS920_final_project\IMG\right_2026_07_28_11_10_24_983.jpg,0.0,1.0,0,30.19114
D:\DPS 920\DPS920_final_project\IMG\center_2026_07_28_11_07_57_293.jpg,D:\DPS 920\DPS920_final_project\IMG\left_2026_07_28_11_07_57_293.jpg,D:\DPS 920\DPS920_final_project\IMG\right_2026_07_28_11_07_57_293.jpg,0.05,1.0,0,30.18975
D:\DPS 920\DPS920_final_project\IMG\center_2026_07_28_11_20_15_776.jpg,D:\DPS 920\DPS920_final_project\IMG\left_2026_07_28_11_20_15_776.jpg,D:\DPS 920\DPS920_final_project\IMG\right_2026_07_28_11_20_15_776.jpg,-0.1,1.0,0,30.18771
D:\DPS 920\DPS920_final_project\IMG\center_2026_07_28_11_10_15_589.jpg,D:\DPS 920\DPS920_final_project\IMG\left_2026_07_28_11_10_15_589.jpg,D:\DPS 920\DPS920_final_project\IMG\right_2026_07_28_11_10_15_589.jpg,-0.15,1.0,0,30.18894
D:\DPS 920\DPS920_final_project\IMG\center_2026_07_28_11_09_48_277.jpg,D:\DPS 920\DPS920_final_project\IMG\left_2026_07_28_11_09_48_277.jpg,D:\DPS 920\DPS920_final_project\IMG\right_2026_07_28_11_09_48_277.jpg,0.0,1.0,0,30.19033
D:\DPS 920\DPS920_final_project\IMG\center_2026_07_28_11_19_55_419.jpg,D:\DPS 920\DPS920_final_project\IMG\left_2026_07_28_11_19_55_419.jpg,D:\DPS 920\DPS920_final_project\IMG\right_2026_07_28_11_19_55_419.jpg,-0.9500002,1.0,0,15.23425
D:\DPS 920\DPS920_final_project\IMG\center_2026_07_28_11_06_30_283.jpg,D:\DPS 920\DPS920_final_project\IMG\left_2026_07_28_11_06_30_283.jpg,D:\DPS 920\DPS920_final_project\IMG\right_2026_07_28_11_06_30_283.jpg,0.0,1.0,0,30.19028
D:\DPS 920\DPS920_final_project\IMG\center_2026_07_28_11_22_21_743.jpg,D:\DPS 920\DPS920_final_project\IMG\left_2026_07_28_11_22_21_743.jpg,D:\DPS 920\DPS920_final_project\IMG\right_2026_07_28_11_22_21_743.jpg,0.0,1.0,0,30.17586
D:\DPS 920\DPS920_final_project\IMG\center_2026_07_28_11_22_35_827.jpg,D:\DPS 920\DPS920_final_project\IMG\left_2026_07_28_11_22_35_827.jpg,D:\DPS 920\DPS920_final_project\IMG\right_2026_07_28_11_22_35_827.jpg,0.05,1.0,0,30.18972
D:\DPS 920\DPS920_final_project\IMG\center_2026_07_28_11_09_32_006.jpg,D:\DPS 920\DPS920_final_project\IMG\left_2026_07_28_11_09_32_006.jpg,D:\DPS 920\DPS920_final_project\IMG\right_2026_07_28_11_09_32_006.jpg,0.3,1.0,0,30.16922
D:\DPS 920\DPS920_final_project\IMG\center_2026_07_28_11_20_39_857.jpg,D:\DPS 920\DPS920_final_project\IMG\left_2026_07_28_11_20_39_857.jpg,D:\DPS 920\DPS920_final_project\IMG\right_2026_07_28_11_20_39_857.jpg,-0.2,1.0,0,30.18107
D:\DPS 920\DPS920_final_project\IMG\center_2026_07_28_11_09_49_967.jpg,D:\DPS 920\DPS920_final_project\IMG\left_2026_07_28_11_09_49_967.jpg,D:\DPS 920\DPS920_final_project\IMG\right_2026_07_28_11_09_49_967.jpg,0.0,1.0,0,30.19128
D:\DPS 920\DPS920_final_project\IMG\center_2026_07_28_11_07_46_996.jpg,D:\DPS 920\DPS920_final_project\IMG\left_2026_07_28_11_07_46_996.jpg,D:\DPS 920\DPS920_final_project\IMG\right_2026_07_28_11_07_46_996.jpg,0.0,1.0,0,30.19064
D:\DPS 920\DPS920_final_project\IMG\center_2026_07_28_11_07_52_058.jpg,D:\DPS 920\DPS920_final_project\IMG\left_2026_07_28_11_07_52_058.jpg,D:\DPS 920\DPS920_final_project\IMG\right_2026_07_28_11_07_52_058.jpg,0.0,1.0,0,30.19076
D:\DPS 920\DPS920_final_project\IMG\center_2026_07_28_11_08_05_287.jpg,D:\DPS 920\DPS920_final_project\IMG\left_2026_07_28_11_08_05_287.jpg,D:\DPS 920\DPS920_final_project\IMG\right_2026_07_28_11_08_05_287.jpg,0.0,1.0,0,30.18923
D:\DPS 920\DPS920_final_project\IMG\center_2026_07_28_11_10_26_266.jpg,D:\DPS 920\DPS920_final_project\IMG\left_2026_07_28_11_10_26_266.jpg,D:\DPS 920\DPS920_final_project\IMG\right_2026_07_28_11_10_26_266.jpg,0.2,1.0,0,30.18332
D:\DPS 920\DPS920_final_project\IMG\center_2026_07_28_11_20_07_099.jpg,D:\DPS 920\DPS920_final_project\IMG\left_2026_07_28_11_20_07_099.jpg,D:\DPS 920\DPS920_final_project\IMG\right_2026_07_28_11_20_07_099.jpg,-0.05,1.0,0,30.1893
D:\DPS 920\DPS920_final_project\IMG\center_2026_07_28_11_20_33_231.jpg,D:\DPS 920\DPS920_final_project\IMG\left_2026_07_28_11_20_33_231.jpg,D:\DPS 920\DPS920_final_project\IMG\right_2026_07_28_11_20_33_231.jpg,-0.25,1.0,0,30.17549
D:\DPS 920\DPS920_final_project\IMG\center_2026_07_28_11_07_24_334.jpg,D:\DPS 920\DPS920_final_project\IMG\left_2026_07_28_11_07_24_334.jpg,D:\DPS 920\DPS920_final_project\IMG\right_2026_07_28_11_07_24_334.jpg,-0.1,1.0,0,30.18768
D:\DPS 920\DPS920_final_project\IMG\center_2026_07_28_11_20_17_427.jpg,D:\DPS 920\DPS920_final_project\IMG\left_2026_07_28_11_20_17_427.jpg,D:\DPS 920\DPS920_final_project\IMG\right_2026_07_28_11_20_17_427.jpg,0.0,1.0,0,30.19031
D:\DPS 920\DPS920_final_project\IMG\center_2026_07_28_11_07_40_921.jpg,D:\DPS 920\DPS920_final_project\IMG\left_2026_07_28_11_07_40_921.jpg,D:\DPS 920\DPS920_final_project\IMG\right_2026_07_28_11_07_40_921.jpg,0.25,1.0,0,30.17817
D:\DPS 920\DPS920_final_project\IMG\center_2026_07_28_11_22_03_179.jpg,D:\DPS 920\DPS920_final_project\IMG\left_2026_07_28_11_22_03_179.jpg,D:\DPS 920\DPS920_final_project\IMG\right_2026_07_28_11_22_03_179.jpg,-0.1,1.0,0,30.18863
D:\DPS 920\DPS920_final_project\IMG\center_2026_07_28_11_22_48_931.jpg,D:\DPS 920\DPS920_final_project\IMG\left_2026_07_28_11_22_48_931.jpg,D:\DPS 920\DPS920_final_project\IMG\right_2026_07_28_11_22_48_931.jpg,-0.1,1.0,0,30.18874
D:\DPS 920\DPS920_final_project\IMG\center_2026_07_28_11_21_42_334.jpg,D:\DPS 920\DPS920_final_project\IMG\left_2026_07_28_11_21_42_334.jpg,D:\DPS 920\DPS920_final_project\IMG\right_2026_07_28_11_21_42_334.jpg,-0.25,1.0,0,30.17429
D:\DPS 920\DPS920_final_project\IMG\center_2026_07_28_11_10_11_976.jpg,D:\DPS 920\DPS920_final_project\IMG\left_2026_07_28_11_10_11_976.jpg,D:\DPS 920\DPS920_final_project\IMG\right_2026_07_28_11_10_11_976.jpg,-0.25,1.0,0,30.17476
D:\DPS 920\DPS920_final_project\IMG\center_2026_07_28_11_06_22_356.jpg,D:\DPS 920\DPS920_final_project\IMG\left_2026_07_28_11_06_22_356.jpg,D:\DPS 920\DPS920_final_project\IMG\right_2026_07_28_11_06_22_356.jpg,0.0,1.0,0,30.19062
D:\DPS 920\DPS920_final_project\IMG\center_2026_07_28_11_22_44_048.jpg,D:\DPS 920\DPS920_final_project\IMG\left_2026_07_28_11_22_44_048.jpg,D:\DPS 920\DPS920_final_project\IMG\right_2026_07_28_11_22_44_048.jpg,-0.15,1.0,0,30.18715
D:\DPS 920\DPS920_final_project\IMG\center_2026_07_28_11_06_12_609.jpg,D:\DPS 920\DPS920_final_project\IMG\left_2026_07_28_11_06_12_609.jpg,D:\DPS 920\DPS920_final_project\IMG\right_2026_07_28_11_06_12_609.jpg,0.1,1.0,0,30.18765
D:\DPS 920\DPS920_final_project\IMG\center_2026_07_28_11_21_51_446.jpg,D:\DPS 920\DPS920_final_project\IMG\left_2026_07_28_11_21_51_446.jpg,D:\DPS 920\DPS920_final_project\IMG\right_2026_07_28_11_21_51_446.jpg,0.0,1.0,0,30.1902
D:\DPS 920\DPS920_final_project\IMG\center_2026_07_28_11_22_13_097.jpg,D:\DPS 920\DPS920_final_project\IMG\left_2026_07_28_11_22_13_097.jpg,D:\DPS 920\DPS920_final_project\IMG\right_2026_07_28_11_22_13_097.jpg,0.0,1.0,0,30.18993
D:\DPS 920\DPS920_final_project\IMG\center_2026_07_28_11_21_20_163.jpg,D:\DPS 920\DPS920_final_project\IMG\left_2026_07_28_11_21_20_163.jpg,D:\DPS 920\DPS920_final_project\IMG\right_2026_07_28_11_21_20_163.jpg,-0.2,1.0,0,30.18498
D:\DPS 920\DPS920_final_project\IMG\center_2026_07_28_11_22_16_695.jpg,D:\DPS 920\DPS920_final_project\IMG\left_2026_07_28_11_22_16_695.jpg,D:\DPS 920\DPS920_final_project\IMG\right_2026_07_28_11_22_16_695.jpg,0.0,1.0,0,30.19
D:\DPS 920\DPS920_final_project\IMG\center_2026_07_28_11_07_41_202.jpg,D:\DPS 920\DPS920_final_project\IMG\left_2026_07_28_11_07_41_202.jpg,D:\DPS 920\DPS920_final_project\IMG\right_2026_07_28_11_07_41_202.jpg,0.3,1.0,0,30.17592
D:\DPS 920\DPS920_final_project\IMG\center_2026_07_28_11_10_24_114.jpg,D:\DPS 920\DPS920_final_project\IMG\left_2026_07_28_11_10_24_114.jpg,D:\DPS 920\DPS920_final_project\IMG\right_2026_07_28_11_10_24_114.jpg,0.2,1.0,0,30.18175
D:\DPS 920\DPS920_final_project\IMG\center_2026_07_28_11_20_02_231.jpg,D:\DPS 920\DPS920_final_project\IMG\left_2026_07_28_11_20_02_231.jpg,D:\DPS 920\DPS920_final_project\IMG\right_2026_07_28_11_20_02_231.jpg,-0.15,1.0,0,30.18863
D:\DPS 920\DPS920_final_project\IMG\center_2026_07_28_11_22_13_969.jpg,D:\DPS 920\DPS920_final_project\IMG\left_2026_07_28_11_22_13_969.jpg,D:\DPS 920\DPS920_final_project\IMG\right_2026_07_28_11_22_13_969.jpg,0.0,1.0,0,30.18991
D:\DPS 920\DPS920_final_project\IMG\center_2026_07_28_11_21_04_319.jpg,D:\DPS 920\DPS920_final_project\IMG\left_2026_07_28_11_21_04_319.jpg,D:\DPS 920\DPS920_final_project\IMG\right_2026_07_28_11_21_04_319.jpg,0.0,1.0,0,30.19032
D:\DPS 920\DPS920_final_project\IMG\center_2026_07_28_11_06_23_560.jpg,D:\DPS 920\DPS920_final_project\IMG\left_2026_07_28_11_06_23_560.jpg,D:\DPS 920\DPS920_final_project\IMG\right_2026_07_28_11_06_23_560.jpg,0.0,1.0,0,30.19067
D:\DPS 920\DPS920_final_project\IMG\center_2026_07_28_11_22_52_257.jpg,D:\DPS 920\DPS920_final_project\IMG\left_2026_07_28_11_22_52_257.jpg,D:\DPS 920\DPS920_final_project\IMG\right_2026_07_28_11_22_52_257.jpg,0.0,1.0,0,30.1903
D:\DPS 920\DPS920_final_project\IMG\center_2026_07_28_11_21_10_213.jpg,D:\DPS 920\DPS920_final_project\IMG\left_2026_07_28_11_21_10_213.jpg,D:\DPS 920\DPS920_final_project\IMG\right_2026_07_28_11_21_10_213.jpg,0.4,1.0,0,30.16048
D:\DPS 920\DPS920_final_project\IMG\center_2026_07_28_11_08_53_238.jpg,D:\DPS 920\DPS920_final_project\IMG\left_2026_07_28_11_08_53_238.jpg,D:\DPS 920\DPS920_final_project\IMG\right_2026_07_28_11_08_53_238.jpg,-0.6500001,1.0,0,30.12871
D:\DPS 920\DPS920_final_project\IMG\center_2026_07_28_11_22_51_289.jpg,D:\DPS 920\DPS920_final_project\IMG\left_2026_07_28_11_22_51_289.jpg,D:\DPS 920\DPS920_final_project\IMG\right_2026_07_28_11_22_51_289.jpg,-0.05,1.0,0,30.19007
D:\DPS 920\DPS920_final_project\IMG\center_2026_07_28_11_20_16_156.jpg,D:\DPS 920\DPS920_final_project\IMG\left_2026_07_28_11_20_16_156.jpg,D:\DPS 920\DPS920_final_project\IMG\right_2026_07_28_11_20_16_156.jpg,0.0,1.0,0,30.19014
D:\DPS 920\DPS920_final_project\IMG\center_2026_07_28_11_22_43_468.jpg,D:\DPS 920\DPS920_final_project\IMG\left_2026_07_28_11_22_43_468.jpg,D:\DPS 920\DPS920_final_project\IMG\right_2026_07_28_11_22_43_468.jpg,-0.25,1.0,0,30.17669
D:\DPS 920\DPS920_final_project\IMG\center_2026_07_28_11_20_28_828.jpg,D:\DPS 920\DPS920_final_project\IMG\left_2026_07_28_11_20_28_828.jpg,D:\DPS 920\DPS920_final_project\IMG\right_2026_07_28_11_20_28_828.jpg,0.0,1.0,0,30.19024
D:\DPS 920\DPS920_final_project\IMG\center_2026_07_28_11_21_21_164.jpg,D:\DPS 920\DPS920_final_project\IMG\left_2026_07_28_11_21_21_164.jpg,D:\DPS 920\DPS920_final_project\IMG\right_2026_07_28_11_21_21_164.jpg,-0.05,1.0,0,30.19012
D:\DPS 920\DPS920_final_project\IMG\center_2026_07_28_11_21_12_308.jpg,D:\DPS 920\DPS920_final_project\IMG\left_2026_07_28_11_21_12_308.jpg,D:\DPS 920\DPS920_final_project\IMG\right_2026_07_28_11_21_12_308.jpg,0.1,1.0,0,30.18784
D:\DPS 920\DPS920_final_project\IMG\center_2026_07_28_11_21_57_557.jpg,D:\DPS 920\DPS920_final_project\IMG\left_2026_07_28_11_21_57_557.jpg,D:\DPS 920\DPS920_final_project\IMG\right_2026_07_28_11_21_57_557.jpg,-0.15,1.0,0,30.18685
D:\DPS 920\DPS920_final_project\IMG\center_2026_07_28_11_20_19_905.jpg,D:\DPS 920\DPS920_final_project\IMG\left_2026_07_28_11_20_19_905.jpg,D:\DPS 920\DPS920_final_project\IMG\right_2026_07_28_11_20_19_905.jpg,0.0,1.0,0,30.19031
D:\DPS 920\DPS920_final_project\IMG\center_2026_07_28_11_08_32_876.jpg,D:\DPS 920\DPS920_final_project\IMG\left_2026_07_28_11_08_32_876.jpg,D:\DPS 920\DPS920_final_project\IMG\right_2026_07_28_11_08_32_876.jpg,0.15,1.0,0,30.1857
D:\DPS 920\DPS920_final_project\IMG\center_2026_07_28_11_10_01_492.jpg,D:\DPS 920\DPS920_final_project\IMG\left_2026_07_28_11_10_01_492.jpg,D:\DPS 920\DPS920_final_project\IMG\right_2026_07_28_11_10_01_492.jpg,0.05,1.0,0,30.18983
D:\DPS 920\DPS920_final_project\IMG\center_2026_07_28_11_07_10_561.jpg,D:\DPS 920\DPS920_final_project\IMG\left_2026_07_28_11_07_10_561.jpg,D:\DPS 920\DPS920_final_project\IMG\right_2026_07_28_11_07_10_561.jpg,0.0,1.0,0,30.18941
D:\DPS 920\DPS920_final_project\IMG\center_2026_07_28_11_21_37_053.jpg,D:\DPS 920\DPS920_final_project\IMG\left_2026_07_28_11_21_37_053.jpg,D:\DPS 920\DPS920_final_project\IMG\right_2026_07_28_11_21_37_053.jpg,-0.05,1.0,0,30.19042
D:\DPS 920\DPS920_final_project\IMG\center_2026_07_28_11_21_20_871.jpg,D:\DPS 920\DPS920_final_project\IMG\left_2026_07_28_11_21_20_871.jpg,D:\DPS 920\DPS920_final_project\IMG\right_2026_07_28_11_21_20_871.jpg,-0.3,1.0,0,30.17435
D:\DPS 920\DPS920_final_project\IMG\center_2026_07_28_11_21_22_163.jpg,D:\DPS 920\DPS920_final_project\IMG\left_2026_07_28_11_21_22_163.jpg,D:\DPS 920\DPS920_final_project\IMG\right_2026_07_28_11_21_22_163.jpg,0.0,1.0,0,30.19028
D:\DPS 920\DPS920_final_project\IMG\center_2026_07_28_11_10_22_020.jpg,D:\DPS 920\DPS920_final_project\IMG\left_2026_07_28_11_10_22_020.jpg,D:\DPS 920\DPS920_final_project\IMG\right_2026_07_28_11_10_22_020.jpg,0.2,1.0,0,30.18116
D:\DPS 920\DPS920_final_project\IMG\center_2026_07_28_11_07_14_766.jpg,D:\DPS 920\DPS920_final_project\IMG\left_2026_07_28_11_07_14_766.jpg,D:\DPS 920\DPS920_final_project\IMG\right_2026_07_28_11_07_14_766.jpg,0.0,1.0,0,30.19091
D:\DPS 920\DPS920_final_project\IMG\center_2026_07_28_11_06_44_295.jpg,D:\DPS 920\DPS920_final_project\IMG\left_2026_07_28_11_06_44_295.jpg,D:\DPS 920\DPS920_final_project\IMG\right_2026_07_28_11_06_44_295.jpg,0.05,1.0,0,30.18973
D:\DPS 920\DPS920_final_project\IMG\center_2026_07_28_11_06_47_763.jpg,D:\DPS 920\DPS920_final_project\IMG\left_2026_07_28_11_06_47_763.jpg,D:\DPS 920\DPS920_final_project\IMG\right_2026_07_28_11_06_47_763.jpg,0.05,1.0,0,30.19008
D:\DPS 920\DPS920_final_project\IMG\center_2026_07_28_11_07_12_838.jpg,D:\DPS 920\DPS920_final_project\IMG\left_2026_07_28_11_07_12_838.jpg,D:\DPS 920\DPS920_final_project\IMG\right_2026_07_28_11_07_12_838.jpg,0.25,1.0,0,30.17738
D:\DPS 920\DPS920_final_project\IMG\center_2026_07_28_11_10_10_640.jpg,D:\DPS 920\DPS920_final_project\IMG\left_2026_07_28_11_10_10_640.jpg,D:\DPS 920\DPS920_final_project\IMG\right_2026_07_28_11_10_10_640.jpg,0.0,1.0,0,30.1903
D:\DPS 920\DPS920_final_project\IMG\center_2026_07_28_11_08_35_070.jpg,D:\DPS 920\DPS920_final_project\IMG\left_2026_07_28_11_08_35_070.jpg,D:\DPS 920\DPS920_final_project\IMG\right_2026_07_28_11_08_35_070.jpg,0.05,1.0,0,30.18956
D:\DPS 920\DPS920_final_project\IMG\center_2026_07_28_11_20_57_586.jpg,D:\DPS 920\DPS920_final_project\IMG\left_2026_07_28_11_20_57_586.jpg,D:\DPS 920\DPS920_final_project\IMG\right_2026_07_28_11_20_57_586.jpg,-0.25,1.0,0,30.17684
D:\DPS 920\DPS920_final_project\IMG\center_2026_07_28_11_22_14_649.jpg,D:\DPS 920\DPS920_final_project\IMG\left_2026_07_28_11_22_14_649.jpg,D:\DPS 920\DPS920_final_project\IMG\right_2026_07_28_11_22_14_649.jpg,0.0,1.0,0,30.18993
D:\DPS 920\DPS920_final_project\IMG\center_2026_07_28_11_08_57_733.jpg,D:\DPS 920\DPS920_final_project\IMG\left_2026_07_28_11_08_57_733.jpg,D:\DPS 920\DPS920_final_project\IMG\right_2026_07_28_11_08_57_733.jpg,0.05,1.0,0,30.18974
D:\DPS 920\DPS920_final_project\IMG\center_2026_07_28_11_21_10_065.jpg,D:\DPS 920\DPS920_final_project\IMG\left_2026_07_28_11_21_10_065.jpg,D:\DPS 920\DPS920_final_project\IMG\right_2026_07_28_11_21_10_065.jpg,0.05,1.0,0,30.19016
D:\DPS 920\DPS920_final_project\IMG\center_2026_07_28_11_06_30_494.jpg,D:\DPS 920\DPS920_final_project\IMG\left_2026_07_28_11_06_30_494.jpg,D:\DPS 920\DPS920_final_project\IMG\right_2026_07_28_11_06_30_494.jpg,0.15,1.0,0,30.18677
D:\DPS 920\DPS920_final_project\IMG\center_2026_07_28_11_08_30_528.jpg,D:\DPS 920\DPS920_final_project\IMG\left_2026_07_28_11_08_30_528.jpg,D:\DPS 920\DPS920_final_project\IMG\right_2026_07_28_11_08_30_528.jpg,0.2,1.0,0,30.18085
D:\DPS 920\DPS920_final_project\IMG\center_2026_07_28_11_22_32_264.jpg,D:\DPS 920\DPS920_final_project\IMG\left_2026_07_28_11_22_32_264.jpg,D:\DPS 920\DPS920_final_project\IMG\right_2026_07_28_11_22_32_264.jpg,0.0,1.0,0,30.1784
D:\DPS 920\DPS920_final_project\IMG\center_2026_07_28_11_10_17_897.jpg,D:\DPS 920\DPS920_final_project\IMG\left_2026_07_28_11_10_17_897.jpg,D:\DPS 920\DPS920_final_project\IMG\right_2026_07_28_11_10_17_897.jpg,0.1,1.0,0,30.18721
D:\DPS 920\DPS920_final_project\IMG\center_2026_07_28_11_09_20_261.jpg,D:\DPS 920\DPS920_final_project\IMG\left_2026_07_28_11_09_20_261.jpg,D:\DPS 920\DPS920_final_project\IMG\right_2026_07_28_11_09_20_261.jpg,0.25,1.0,0,30.17534
D:\DPS 920\DPS920_final_project\IMG\center_2026_07_28_11_10_16_760.jpg,D:\DPS 920\DPS920_final_project\IMG\left_2026_07_28_11_10_16_760.jpg,D:\DPS 920\DPS920_final_project\IMG\right_2026_07_28_11_10_16_760.jpg,-0.2,1.0,0,30.18872
D:\DPS 920\DPS920_final_project\IMG\center_2026_07_28_11_20_19_973.jpg,D:\DPS 920\DPS920_final_project\IMG\left_2026_07_28_11_20_19_973.jpg,D:\DPS 920\DPS920_final_project\IMG\right_2026_07_28_11_20_19_973.jpg,-0.05,1.0,0,30.18965
D:\DPS 920\DPS920_final_project\IMG\center_2026_07_28_11_20_01_383.jpg,D:\DPS 920\DPS920_final_project\IMG\left_2026_07_28_11_20_01_383.jpg,D:\DPS 920\DPS920_final_project\IMG\right_2026_07_28_11_20_01_383.jpg,-0.2,1.0,0,30.18166
D:\DPS 920\DPS920_final_project\IMG\center_2026_07_28_11_09_14_021.jpg,D:\DPS 920\DPS920_final_project\IMG\left_2026_07_28_11_09_14_021.jpg,D:\DPS 920\DPS920_final_project\IMG\right_2026_07_28_11_09_14_021.jpg,0.0,1.0,0,30.19066
D:\DPS 920\DPS920_final_project\IMG\center_2026_07_28_11_21_42_766.jpg,D:\DPS 920\DPS920_final_project\IMG\left_2026_07_28_11_21_42_766.jpg,D:\DPS 920\DPS920_final_project\IMG\right_2026_07_28_11_21_42_766.jpg,0.0,1.0,0,30.19025
D:\DPS 920\DPS920_final_project\IMG\center_2026_07_28_11_06_28_313.jpg,D:\DPS 920\DPS920_final_project\IMG\left_2026_07_28_11_06_28_313.jpg,D:\DPS 920\DPS920_final_project\IMG\right_2026_07_28_11_06_28_313.jpg,0.0,1.0,0,30.19068
D:\DPS 920\DPS920_final_project\IMG\center_2026_07_28_11_08_12_898.jpg,D:\DPS 920\DPS920_final_project\IMG\left_2026_07_28_11_08_12_898.jpg,D:\DPS 920\DPS920_final_project\IMG\right_2026_07_28_11_08_12_898.jpg,0.0,1.0,0,30.19029
D:\DPS 920\DPS920_final_project\IMG\center_2026_07_28_11_06_00_052.jpg,D:\DPS 920\DPS920_final_project\IMG\left_2026_07_28_11_06_00_052.jpg,D:\DPS 920\DPS920_final_project\IMG\right_2026_07_28_11_06_00_052.jpg,0.0,1.0,0,30.19032
D:\DPS 920\DPS920_final_project\IMG\center_2026_07_28_11_20_38_764.jpg,D:\DPS 920\DPS920_final_project\IMG\left_2026_07_28_11_20_38_764.jpg,D:\DPS 920\DPS920_final_project\IMG\right_2026_07_28_11_20_38_764.jpg,-0.25,1.0,0,30.18001
D:\DPS 920\DPS920_final_project\IMG\center_2026_07_28_11_20_58_987.jpg,D:\DPS 920\DPS920_final_project\IMG\left_2026_07_28_11_20_58_987.jpg,D:\DPS 920\DPS920_final_project\IMG\right_2026_07_28_11_20_58_987.jpg,-0.7,1.0,0,30.12451
D:\DPS 920\DPS920_final_project\IMG\center_2026_07_28_11_06_10_134.jpg,D:\DPS 920\DPS920_final_project\IMG\left_2026_07_28_11_06_10_134.jpg,D:\DPS 920\DPS920_final_project\IMG\right_2026_07_28_11_06_10_134.jpg,0.0,1.0,0,30.19027
D:\DPS 920\DPS920_final_project\IMG\center_2026_07_28_11_09_03_762.jpg,D:\DPS 920\DPS920_final_project\IMG\left_2026_07_28_11_09_03_762.jpg,D:\DPS 920\DPS920_final_project\IMG\right_2026_07_28_11_09_03_762.jpg,0.25,1.0,0,30.17957
D:\DPS 920\DPS920_final_project\IMG\center_2026_07_28_11_10_30_233.jpg,D:\DPS 920\DPS920_final_project\IMG\left_2026_07_28_11_10_30_233.jpg,D:\DPS 920\DPS920_final_project\IMG\right_2026_07_28_11_10_30_233.jpg,0.25,1.0,0,30.17693
D:\DPS 920\DPS920_final_project\IMG\center_2026_07_28_11_22_25_697.jpg,D:\DPS 920\DPS920_final_project\IMG\left_2026_07_28_11_22_25_697.jpg,D:\DPS 920\DPS920_final_project\IMG\right_2026_07_28_11_22_25_697.jpg,-0.1,1.0,0,30.18879
D:\DPS 920\DPS920_final_project\IMG\center_2026_07_28_11_08_20_157.jpg,D:\DPS 920\DPS920_final_project\IMG\left_2026_07_28_11_08_20_157.jpg,D:\DPS 920\DPS920_final_project\IMG\right_2026_07_28_11_08_20_157.jpg,0.0,1.0,0,30.19027
D:\DPS 920\DPS920_final_project\IMG\center_2026_07_28_11_08_28_937.jpg,D:\DPS 920\DPS920_final_project\IMG\left_2026_07_28_11_08_28_937.jpg,D:\DPS 920\DPS920_final_project\IMG\right_2026_07_28_11_08_28_937.jpg,0.0,1.0,0,30.18891
D:\DPS 920\DPS920_final_project\IMG\center_2026_07_28_11_08_57_292.jpg,D:\DPS 920\DPS920_final_project\IMG\left_2026_07_28_11_08_57_292.jpg,D:\DPS 920\DPS920_final_project\IMG\right_2026_07_28_11_08_57_292.jpg,0.0,1.0,0,30.19029
D:\DPS 920\DPS920_final_project\IMG\center_2026_07_28_11_10_15_946.jpg,D:\DPS 920\DPS920_final_project\IMG\left_2026_07_28_11_10_15_946.jpg,D:\DPS 920\DPS920_final_project\IMG\right_2026_07_28_11_10_15_946.jpg,-0.1,1.0,0,30.1923
D:\DPS 920\DPS920_final_project\IMG\center_2026_07_28_11_07_27_238.jpg,D:\DPS 920\DPS920_final_project\IMG\left_2026_07_28_11_07_27_238.jpg,D:\DPS 920\DPS920_final_project\IMG\right_2026_07_28_11_07_27_238.jpg,-0.15,1.0,0,30.1875
D:\DPS 920\DPS920_final_project\IMG\center_2026_07_28_11_06_52_463.jpg,D:\DPS 920\DPS920_final_project\IMG\left_2026_07_28_11_06_52_463.jpg,D:\DPS 920\DPS920_final_project\IMG\right_2026_07_28_11_06_52_463.jpg,0.0,1.0,0,30.19019
D:\DPS 920\DPS920_final_project\IMG\center_2026_07_28_11_07_38_767.jpg,D:\DPS 920\DPS920_final_project\IMG\left_2026_07_28_11_07_38_767.jpg,D:\DPS 920\DPS920_final_project\IMG\right_2026_07_28_11_07_38_767.jpg,0.45,1.0,0,30.1541
D:\DPS 920\DPS920_final_project\IMG\center_2026_07_28_11_05_56_522.jpg,D:\DPS 920\DPS920_final_project\IMG\left_2026_07_28_11_05_56_522.jpg,D:\DPS 920\DPS920_final_project\IMG\right_2026_07_28_11_05_56_522.jpg,0.0,1.0,0,15.15615
D:\DPS 920\DPS920_final_project\IMG\center_2026_07_28_11_21_58_937.jpg,D:\DPS 920\DPS920_final_project\IMG\left_2026_07_28_11_21_58_937.jpg,D:\DPS 920\DPS920_final_project\IMG\right_2026_07_28_11_21_58_937.jpg,-0.15,1.0,0,30.18796
D:\DPS 920\DPS920_final_project\IMG\center_2026_07_28_11_06_32_040.jpg,D:\DPS 920\DPS920_final_project\IMG\left_2026_07_28_11_06_32_040.jpg,D:\DPS 920\DPS920_final_project\IMG\right_2026_07_28_11_06_32_040.jpg,0.0,1.0,0,30.19031
D:\DPS 920\DPS920_final_project\IMG\center_2026_07_28_11_07_30_081.jpg,D:\DPS 920\DPS920_final_project\IMG\left_2026_07_28_11_07_30_081.jpg,D:\DPS 920\DPS920_final_project\IMG\right_2026_07_28_11_07_30_081.jpg,-0.1,1.0,0,30.19083
D:\DPS 920\DPS920_final_project\IMG\center_2026_07_28_11_06_53_252.jpg,D:\DPS 920\DPS920_final_project\IMG\left_2026_07_28_11_06_53_252.jpg,D:\DPS 920\DPS920_final_project\IMG\right_2026_07_28_11_06_53_252.jpg,0.0,1.0,0,30.19031
D:\DPS 920\DPS920_final_project\IMG\center_2026_07_28_11_06_47_695.jpg,D:\DPS 920\DPS920_final_project\IMG\left_2026_07_28_11_06_47_695.jpg,D:\DPS 920\DPS920_final_project\IMG\right_2026_07_28_11_06_47_695.jpg,0.0,1.0,0,30.19013
D:\DPS 920\DPS920_final_project\IMG\center_2026_07_28_11_06_41_635.jpg,D:\DPS 920\DPS920_final_project\IMG\left_2026_07_28_11_06_41_635.jpg,D:\DPS 920\DPS920_final_project\IMG\right_2026_07_28_11_06_41_635.jpg,0.35,1.0,0,30.1642
D:\DPS 920\DPS920_final_project\IMG\center_2026_07_28_11_06_13_822.jpg,D:\DPS 920\DPS920_final_project\IMG\left_2026_07_28_11_06_13_822.jpg,D:\DPS 920\DPS920_final_project\IMG\right_2026_07_28_11_06_13_822.jpg,0.0,1.0,0,30.18981
D:\DPS 920\DPS920_final_project\IMG\center_2026_07_28_11_10_06_418.jpg,D:\DPS 920\DPS920_final_project\IMG\left_2026_07_28_11_10_06_418.jpg,D:\DPS 920\DPS920_final_project\IMG\right_2026_07_28_11_10_06_418.jpg,0.35,1.0,0,30.16576
D:\DPS 920\DPS920_final_project\IMG\center_2026_07_28_11_21_07_583.jpg,D:\DPS 920\DPS920_final_project\IMG\left_2026_07_28_11_21_07_583.jpg,D:\DPS 920\DPS920_final_project\IMG\right_2026_07_28_11_21_07_583.jpg,0.4,1.0,0,30.15706
D:\DPS 920\DPS920_final_project\IMG\center_2026_07_28_11_07_06_252.jpg,D:\DPS 920\DPS920_final_project\IMG\left_2026_07_28_11_07_06_252.jpg,D:\DPS 920\DPS920_final_project\IMG\right_2026_07_28_11_07_06_252.jpg,0.05,1.0,0,30.18955
D:\DPS 920\DPS920_final_project\IMG\center_2026_07_28_11_22_29_838.jpg,D:\DPS 920\DPS920_final_project\IMG\left_2026_07_28_11_22_29_838.jpg,D:\DPS 920\DPS920_final_project\IMG\right_2026_07_28_11_22_29_838.jpg,0.15,1.0,0,30.18523
D:\DPS 920\DPS920_final_project\IMG\center_2026_07_28_11_21_19_377.jpg,D:\DPS 920\DPS920_final_project\IMG\left_2026_07_28_11_21_19_377.jpg,D:\DPS 920\DPS920_final_project\IMG\right_2026_07_28_11_21_19_377.jpg,-0.35,1.0,0,30.17101
D:\DPS 920\DPS920_final_project\IMG\center_2026_07_28_11_07_31_427.jpg,D:\DPS 920\DPS920_final_project\IMG\left_2026_07_28_11_07_31_427.jpg,D:\DPS 920\DPS920_final_project\IMG\right_2026_07_28_11_07_31_427.jpg,-0.3,1.0,0,30.17295
D:\DPS 920\DPS920_final_project\IMG\center_2026_07_28_11_07_30_441.jpg,D:\DPS 920\DPS920_final_project\IMG\left_2026_07_28_11_07_30_441.jpg,D:\DPS 920\DPS920_final_project\IMG\right_2026_07_28_11_07_30_441.jpg,-0.35,1.0,0,30.1676
D:\DPS 920\DPS920_final_project\IMG\center_2026_07_28_11_22_32_478.jpg,D:\DPS 920\DPS920_final_project\IMG\left_2026_07_28_11_22_32_478.jpg,D:\DPS 920\DPS920_final_project\IMG\right_2026_07_28_11_22_32_478.jpg,0.15,1.0,0,30.19191
D:\DPS 920\DPS920_final_project\IMG\center_2026_07_28_11_20_34_844.jpg,D:\DPS 920\DPS920_final_project\IMG\left_2026_07_28_11_20_34_844.jpg,D:\DPS 920\DPS920_final_project\IMG\right_2026_07_28_11_20_34_844.jpg,-0.1,1.0,0,30.18669
D:\DPS 920\DPS920_final_project\IMG\center_2026_07_28_11_22_50_325.jpg,D:\DPS 920\DPS920_final_project\IMG\left_2026_07_28_11_22_50_325.jpg,D:\DPS 920\DPS920_final_project\IMG\right_2026_07_28_11_22_50_325.jpg,0.0,1.0,0,30.19069
D:\DPS 920\DPS920_final_project\IMG\center_2026_07_28_11_08_14_497.jpg,D:\DPS 920\DPS920_final_project\IMG\left_2026_07_28_11_08_14_497.jpg,D:\DPS 920\DPS920_final_project\IMG\right_2026_07_28_11_08_14_497.jpg,0.0,1.0,0,30.19018
D:\DPS 920\DPS920_final_project\IMG\center_2026_07_28_11_10_27_726.jpg,D:\DPS 920\DPS920_final_project\IMG\left_2026_07_28_11_10_27_726.jpg,D:\DPS 920\DPS920_final_project\IMG\right_2026_07_28_11_10_27_726.jpg,0.3,1.0,0,30.17168
D:\DPS 920\DPS920_final_project\IMG\center_2026_07_28_11_10_08_003.jpg,D:\DPS 920\DPS920_final_project\IMG\left_2026_07_28_11_10_08_003.jpg,D:\DPS 920\DPS920_final_project\IMG\right_2026_07_28_11_10_08_003.jpg,0.25,1.0,0,30.18125
D:\DPS 920\DPS920_final_project\IMG\center_2026_07_28_11_20_48_700.jpg,D:\DPS 920\DPS920_final_project\IMG\left_2026_07_28_11_20_48_700.jpg,D:\DPS 920\DPS920_final_project\IMG\right_2026_07_28_11_20_48_700.jpg,0.0,1.0,0,30.18993
D:\DPS 920\DPS920_final_project\IMG\center_2026_07_28_11_06_41_911.jpg,D:\DPS 920\DPS920_final_project\IMG\left_2026_07_28_11_06_41_911.jpg,D:\DPS 920\DPS920_final_project\IMG\right_2026_07_28_11_06_41_911.jpg,0.0,1.0,0,30.19018
D:\DPS 920\DPS920_final_project\IMG\center_2026_07_28_11_20_28_536.jpg,D:\DPS 920\DPS920_final_project\IMG\left_2026_07_28_11_20_28_536.jpg,D:\DPS 920\DPS920_final_project\IMG\right_2026_07_28_11_20_28_536.jpg,0.0,1.0,0,30.19024
D:\DPS 920\DPS920_final_project\IMG\center_2026_07_28_11_09_02_065.jpg,D:\DPS 920\DPS920_final_project\IMG\left_2026_07_28_11_09_02_065.jpg,D:\DPS 920\DPS920_final_project\IMG\right_2026_07_28_11_09_02_065.jpg,0.45,1.0,0,30.1559
D:\DPS 920\DPS920_final_project\IMG\center_2026_07_28_11_06_41_423.jpg,D:\DPS 920\DPS920_final_project\IMG\left_2026_07_28_11_06_41_423.jpg,D:\DPS 920\DPS920_final_project\IMG\right_2026_07_28_11_06_41_423.jpg,0.0,1.0,0,30.18991
D:\DPS 920\DPS920_final_project\IMG\center_2026_07_28_11_08_54_724.jpg,D:\DPS 920\DPS920_final_project\IMG\left_2026_07_28_11_08_54_724.jpg,D:\DPS 920\DPS920_final_project\IMG\right_2026_07_28_11_08_54_724.jpg,-0.15,1.0,0,30.18664
D:\DPS 920\DPS920_final_project\IMG\center_2026_07_28_11_05_57_112.jpg,D:\DPS 920\DPS920_final_project\IMG\left_2026_07_28_11_05_57_112.jpg,D:\DPS 920\DPS920_final_project\IMG\right_2026_07_28_11_05_57_112.jpg,0.1,1.0,0,21.32505
D:\DPS 920\DPS920_final_project\IMG\center_2026_07_28_11_20_14_209.jpg,D:\DPS 920\DPS920_final_project\IMG\left_2026_07_28_11_20_14_209.jpg,D:\DPS 920\DPS920_final_project\IMG\right_2026_07_28_11_20_14_209.jpg,-0.1,1.0,0,30.18767
D:\DPS 920\DPS920_final_project\IMG\center_2026_07_28_11_20_34_697.jpg,D:\DPS 920\DPS920_final_project\IMG\left_2026_07_28_11_20_34_697.jpg,D:\DPS 920\DPS920_final_project\IMG\right_2026_07_28_11_20_34_697.jpg,-0.15,1.0,0,30.18627
D:\DPS 920\DPS920_final_project\IMG\center_2026_07_28_11_07_21_898.jpg,D:\DPS 920\DPS920_final_project\IMG\left_2026_07_28_11_07_21_898.jpg,D:\DPS 920\DPS920_final_project\IMG\right_2026_07_28_11_07_21_898.jpg,0.3,1.0,0,30.17351
D:\DPS 920\DPS920_final_project\IMG\center_2026_07_28_11_10_28_230.jpg,D:\DPS 920\DPS920_final_project\IMG\left_2026_07_28_11_10_28_230.jpg,D:\DPS 920\DPS920_final_project\IMG\right_2026_07_28_11_10_28_230.jpg,0.2,1.0,0,30.18106
D:\DPS 920\DPS920_final_project\IMG\center_2026_07_28_11_21_52_539.jpg,D:\DPS 920\DPS920_final_project\IMG\left_2026_07_28_11_21_52_539.jpg,D:\DPS 920\DPS920_final_project\IMG\right_2026_07_28_11_21_52_539.jpg,0.0,1.0,0,30.18983
D:\DPS 920\DPS920_final_project\IMG\center_2026_07_28_11_08_22_644.jpg,D:\DPS 920\DPS920_final_project\IMG\left_2026_07_28_11_08_22_644.jpg,D:\DPS 920\DPS920_final_project\IMG\right_2026_07_28_11_08_22_644.jpg,0.0,1.0,0,30.19029
D:\DPS 920\DPS920_final_project\IMG\center_2026_07_28_11_20_51_233.jpg,D:\DPS 920\DPS920_final_project\IMG\left_2026_07_28_11_20_51_233.jpg,D:\DPS 920\DPS920_final_project\IMG\right_2026_07_28_11_20_51_233.jpg,0.0,1.0,0,30.18997
D:\DPS 920\DPS920_final_project\IMG\center_2026_07_28_11_09_04_272.jpg,D:\DPS 920\DPS920_final_project\IMG\left_2026_07_28_11_09_04_272.jpg,D:\DPS 920\DPS920_final_project\IMG\right_2026_07_28_11_09_04_272.jpg,0.0,1.0,0,30.17539
D:\DPS 920\DPS920_final_project\IMG\center_2026_07_28_11_21_00_801.jpg,D:\DPS 920\DPS920_final_project\IMG\left_2026_07_28_11_21_00_801.jpg,D:\DPS 920\DPS920_final_project\IMG\right_2026_07_28_11_21_00_801.jpg,-0.3,1.0,0,30.16936
D:\DPS 920\DPS920_final_project\IMG\center_2026_07_28_11_07_59_861.jpg,D:\DPS 920\DPS920_final_project\IMG\left_2026_07_28_11_07_59_861.jpg,D:\DPS 920\DPS920_final_project\IMG\right_2026_07_28_11_07_59_861.jpg,0.1,1.0,0,30.18906
D:\DPS 920\DPS920_final_project\IMG\center_2026_07_28_11_07_07_136.jpg,D:\DPS 920\DPS920_final_project\IMG\left_2026_07_28_11_07_07_136.jpg,D:\DPS 920\DPS920_final_project\IMG\right_2026_07_28_11_07_07_136.jpg,0.1,1.0,0,30.18802
D:\DPS 920\DPS920_final_project\IMG\center_2026_07_28_11_06_18_970.jpg,D:\DPS 920\DPS920_final_project\IMG\left_2026_07_28_11_06_18_970.jpg,D:\DPS 920\DPS920_final_project\IMG\right_2026_07_28_11_06_18_970.jpg,0.05,1.0,0,30.18971
D:\DPS 920\DPS920_final_project\IMG\center_2026_07_28_11_09_41_850.jpg,D:\DPS 920\DPS920_final_project\IMG\left_2026_07_28_11_09_41_850.jpg,D:\DPS 920\DPS920_final_project\IMG\right_2026_07_28_11_09_41_850.jpg,0.0,1.0,0,30.19017
D:\DPS 920\DPS920_final_project\IMG\center_2026_07_28_11_06_15_875.jpg,D:\DPS 920\DPS920_final_project\IMG\left_2026_07_28_11_06_15_875.jpg,D:\DPS 920\DPS920_final_project\IMG\right_2026_07_28_11_06_15_875.jpg,0.0,1.0,0,30.18865
D:\DPS 920\DPS920_final_project\IMG\center_2026_07_28_11_06_49_772.jpg,D:\DPS 920\DPS920_final_project\IMG\left_2026_07_28_11_06_49_772.jpg,D:\DPS 920\DPS920_final_project\IMG\right_2026_07_28_11_06_49_772.jpg,0.0,1.0,0,30.19021
D:\DPS 920\DPS920_final_project\IMG\center_2026_07_28_11_06_06_375.jpg,D:\DPS 920\DPS920_final_project\IMG\left_2026_07_28_11_06_06_375.jpg,D:\DPS 920\DPS920_final_project\IMG\right_2026_07_28_11_06_06_375.jpg,-0.5000001,1.0,0,30.15184
D:\DPS 920\DPS920_final_project\IMG\center_2026_07_28_11_07_55_396.jpg,D:\DPS 920\DPS920_final_project\IMG\left_2026_07_28_11_07_55_396.jpg,D:\DPS 920\DPS920_final_project\IMG\right_2026_07_28_11_07_55_396.jpg,0.05,1.0,0,30.18995
D:\DPS 920\DPS920_final_project\IMG\center_2026_07_28_11_06_20_346.jpg,D:\DPS 920\DPS920_final_project\IMG\left_2026_07_28_11_06_20_346.jpg,D:\DPS 920\DPS920_final_project\IMG\right_2026_07_28_11_06_20_346.jpg,0.15,1.0,0,30.18472
D:\DPS 920\DPS920_final_project\IMG\center_2026_07_28_11_22_04_321.jpg,D:\DPS 920\DPS920_final_project\IMG\left_2026_07_28_11_22_04_321.jpg,D:\DPS 920\DPS920_final_project\IMG\right_2026_07_28_11_22_04_321.jpg,0.0,1.0,0,30.18972
D:\DPS 920\DPS920_final_project\IMG\center_2026_07_28_11_08_03_237.jpg,D:\DPS 920\DPS920_final_project\IMG\left_2026_07_28_11_08_03_237.jpg,D:\DPS 920\DPS920_final_project\IMG\right_2026_07_28_11_08_03_237.jpg,0.05,1.0,0,30.19002
D:\DPS 920\DPS920_final_project\IMG\center_2026_07_28_11_21_21_375.jpg,D:\DPS 920\DPS920_final_project\IMG\left_2026_07_28_11_21_21_375.jpg,D:\DPS 920\DPS920_final_project\IMG\right_2026_07_28_11_21_21_375.jpg,-0.05,1.0,0,30.18908
D:\DPS 920\DPS920_final_project\IMG\center_2026_07_28_11_08_49_783.jpg,D:\DPS 920\DPS920_final_project\IMG\left_2026_07_28_11_08_49_783.jpg,D:\DPS 920\DPS920_final_project\IMG\right_2026_07_28_11_08_49_783.jpg,-0.05,1.0,0,30.18945
D:\DPS 920\DPS920_final_project\IMG\center_2026_07_28_11_07_28_975.jpg,D:\DPS 920\DPS920_final_project\IMG\left_2026_07_28_11_07_28_975.jpg,D:\DPS 920\DPS920_final_project\IMG\right_2026_07_28_11_07_28_975.jpg,-0.9500002,1.0,0,30.0969
D:\DPS 920\DPS920_final_project\IMG\center_2026_07_28_11_08_50_939.jpg,D:\DPS 920\DPS920_final_project\IMG\left_2026_07_28_11_08_50_939.jpg,D:\DPS 920\DPS920_final_project\IMG\right_2026_07_28_11_08_50_939.jpg,-0.05,1.0,0,30.19026
D:\DPS 920\DPS920_final_project\IMG\center_2026_07_28_11_21_56_043.jpg,D:\DPS 920\DPS920_final_project\IMG\left_2026_07_28_11_21_56_043.jpg,D:\DPS 920\DPS920_final_project\IMG\right_2026_07_28_11_21_56_043.jpg,-0.3,1.0,0,30.16945
D:\DPS 920\DPS920_final_project\IMG\center_2026_07_28_11_07_28_473.jpg,D:\DPS 920\DPS920_final_project\IMG\left_2026_07_28_11_07_28_473.jpg,D:\DPS 920\DPS920_final_project\IMG\right_2026_07_28_11_07_28_473.jpg,-0.15,1.0,0,30.18798
D:\DPS 920\DPS920_final_project\IMG\center_2026_07_28_11_09_26_057.jpg,D:\DPS 920\DPS920_final_project\IMG\left_2026_07_28_11_09_26_057.jpg,D:\DPS 920\DPS920_final_project\IMG\right_2026_07_28_11_09_26_057.jpg,0.3,1.0,0,30.16873
D:\DPS 920\DPS920_final_project\IMG\center_2026_07_28_11_07_28_685.jpg,D:\DPS 920\DPS920_final_project\IMG\left_2026_07_28_11_07_28_685.jpg,D:\DPS 920\DPS920_final_project\IMG\right_2026_07_28_11_07_28_685.jpg,-0.2,1.0,0,30.18056
D:\DPS 920\DPS920_final_project\IMG\center_2026_07_28_11_22_03_527.jpg,D:\DPS 920\DPS920_final_project\IMG\left_2026_07_28_11_22_03_527.jpg,D:\DPS 920\DPS920_final_project\IMG\right_2026_07_28_11_22_03_527.jpg,-0.05,1.0,0,30.19011
D:\DPS 920\DPS920_final_project\IMG\center_2026_07_28_11_06_29_619.jpg,D:\DPS 920\DPS920_final_project\IMG\left_2026_07_28_11_06_29_619.jpg,D:\DPS 920\DPS920_final_project\IMG\right_2026_07_28_11_06_29_619.jpg,0.0,1.0,0,30.19015
D:\DPS 920\DPS920_final_project\IMG\center_2026_07_28_11_07_13_637.jpg,D:\DPS 920\DPS920_final_project\IMG\left_2026_07_28_11_07_13_637.jpg,D:\DPS 920\DPS920_final_project\IMG\right_2026_07_28_11_07_13_637.jpg,0.15,1.0,0,30.18554
D:\DPS 920\DPS920_final_project\IMG\center_2026_07_28_11_22_21_226.jpg,D:\DPS 920\DPS920_final_project\IMG\left_2026_07_28_11_22_21_226.jpg,D:\DPS 920\DPS920_final_project\IMG\right_2026_07_28_11_22_21_226.jpg,0.0,1.0,0,30.19028
D:\DPS 920\DPS920_final_project\IMG\center_2026_07_28_11_10_12_845.jpg,D:\DPS 920\DPS920_final_project\IMG\left_2026_07_28_11_10_12_845.jpg,D:\DPS 920\DPS920_final_project\IMG\right_2026_07_28_11_10_12_845.jpg,-0.15,1.0,0,30.18657
D:\DPS 920\DPS920_final_project\IMG\center_2026_07_28_11_21_22_230.jpg,D:\DPS 920\DPS920_final_project\IMG\left_2026_07_28_11_21_22_230.jpg,D:\DPS 920\DPS920_final_project\IMG\right_2026_07_28_11_21_22_230.jpg,-0.15,1.0,0,30.18522
D:\DPS 920\DPS920_final_project\IMG\center_2026_07_28_11_10_24_467.jpg,D:\DPS 920\DPS920_final_project\IMG\left_2026_07_28_11_10_24_467.jpg,D:\DPS 920\DPS920_final_project\IMG\right_2026_07_28_11_10_24_467.jpg,0.0,1.0,0,30.18206
D:\DPS 920\DPS920_final_project\IMG\center_2026_07_28_11_07_05_167.jpg,D:\DPS 920\DPS920_final_project\IMG\left_2026_07_28_11_07_05_167.jpg,D:\DPS 920\DPS920_final_project\IMG\right_2026_07_28_11_07_05_167.jpg,0.15,1.0,0,30.18375
D:\DPS 920\DPS920_final_project\IMG\center_2026_07_28_11_05_58_764.jpg,D:\DPS 920\DPS920_final_project\IMG\left_2026_07_28_11_05_58_764.jpg,D:\DPS 920\DPS920_final_project\IMG\right_2026_07_28_11_05_58_764.jpg,0.2,1.0,0,30.18148
D:\DPS 920\DPS920_final_project\IMG\center_2026_07_28_11_05_57_575.jpg,D:\DPS 920\DPS920_final_project\IMG\left_2026_07_28_11_05_57_575.jpg,D:\DPS 920\DPS920_final_project\IMG\right_2026_07_28_11_05_57_575.jpg,0.8000001,1.0,0,25.32888
D:\DPS 920\DPS920_final_project\IMG\center_2026_07_28_11_20_54_648.jpg,D:\DPS 920\DPS920_final_project\IMG\left_2026_07_28_11_20_54_648.jpg,D:\DPS 920\DPS920_final_project\IMG\right_2026_07_28_11_20_54_648.jpg,0.0,1.0,0,30.19047
D:\DPS 920\DPS920_final_project\IMG\center_2026_07_28_11_08_43_005.jpg,D:\DPS 920\DPS920_final_project\IMG\left_2026_07_28_11_08_43_005.jpg,D:\DPS 920\DPS920_final_project\IMG\right_2026_07_28_11_08_43_005.jpg,0.4,1.0,0,30.1582
D:\DPS 920\DPS920_final_project\IMG\center_2026_07_28_11_07_20_597.jpg,D:\DPS 920\DPS920_final_project\IMG\left_2026_07_28_11_07_20_597.jpg,D:\DPS 920\DPS920_final_project\IMG\right_2026_07_28_11_07_20_597.jpg,0.35,1.0,0,30.16564
D:\DPS 920\DPS920_final_project\IMG\center_2026_07_28_11_08_26_761.jpg,D:\DPS 920\DPS920_final_project\IMG\left_2026_07_28_11_08_26_761.jpg,D:\DPS 920\DPS920_final_project\IMG\right_2026_07_28_11_08_26_761.jpg,0.0,1.0,0,30.19009
D:\DPS 920\DPS920_final_project\IMG\center_2026_07_28_11_22_44_972.jpg,D:\DPS 920\DPS920_final_project\IMG\left_2026_07_28_11_22_44_972.jpg,D:\DPS 920\DPS920_final_project\IMG\right_2026_07_28_11_22_44_972.jpg,-0.2,1.0,0,30.18156
D:\DPS 920\DPS920_final_project\IMG\center_2026_07_28_11_20_00_283.jpg,D:\DPS 920\DPS920_final_project\IMG\left_2026_07_28_11_20_00_283.jpg,D:\DPS 920\DPS920_final_project\IMG\right_2026_07_28_11_20_00_283.jpg,-0.15,1.0,0,30.18492
D:\DPS 920\DPS920_final_project\IMG\center_2026_07_28_11_19_54_832.jpg,D:\DPS 920\DPS920_final_project\IMG\left_2026_07_28_11_19_54_832.jpg,D:\DPS 920\DPS920_final_project\IMG\right_2026_07_28_11_19_54_832.jpg,-0.05,1.0,0,9.171738
D:\DPS 920\DPS920_final_project\IMG\center_2026_07_28_11_08_01_722.jpg,D:\DPS 920\DPS920_final_project\IMG\left_2026_07_28_11_08_01_722.jpg,D:\DPS 920\DPS920_final_project\IMG\right_2026_07_28_11_08_01_722.jpg,0.25,1.0,0,30.17662
D:\DPS 920\DPS920_final_project\IMG\center_2026_07_28_11_08_47_886.jpg,D:\DPS 920\DPS920_final_project\IMG\left_2026_07_28_11_08_47_886.jpg,D:\DPS 920\DPS920_final_project\IMG\right_2026_07_28_11_08_47_886.jpg,0.0,1.0,0,30.19031
D:\DPS 920\DPS920_final_project\IMG\center_2026_07_28_11_07_36_380.jpg,D:\DPS 920\DPS920_final_project\IMG\left_2026_07_28_11_07_36_380.jpg,D:\DPS 920\DPS920_final_project\IMG\right_2026_07_28_11_07_36_380.jpg,0.0,1.0,0,30.1754
D:\DPS 920\DPS920_final_project\IMG\center_2026_07_28_11_22_39_713.jpg,D:\DPS 920\DPS920_final_project\IMG\left_2026_07_28_11_22_39_713.jpg,D:\DPS 920\DPS920_final_project\IMG\right_2026_07_28_11_22_39_713.jpg,-0.15,1.0,0,30.18571
D:\DPS 920\DPS920_final_project\IMG\center_2026_07_28_11_09_23_295.jpg,D:\DPS 920\DPS920_final_project\IMG\left_2026_07_28_11_09_23_295.jpg,D:\DPS 920\DPS920_final_project\IMG\right_2026_07_28_11_09_23_295.jpg,0.25,1.0,0,30.17714
D:\DPS 920\DPS920_final_project\IMG\center_2026_07_28_11_21_15_585.jpg,D:\DPS 920\DPS920_final_project\IMG\left_2026_07_28_11_21_15_585.jpg,D:\DPS 920\DPS920_final_project\IMG\right_2026_07_28_11_21_15_585.jpg,-0.2,1.0,0,30.1823
D:\DPS 920\DPS920_final_project\IMG\center_2026_07_28_11_21_09_848.jpg,D:\DPS 920\DPS920_final_project\IMG\left_2026_07_28_11_21_09_848.jpg,D:\DPS 920\DPS920_final_project\IMG\right_2026_07_28_11_21_09_848.jpg,0.5000001,1.0,0,30.14766
D:\DPS 920\DPS920_final_project\IMG\center_2026_07_28_11_21_01_321.jpg,D:\DPS 920\DPS920_final_project\IMG\left_2026_07_28_11_21_01_321.jpg,D:\DPS 920\DPS920_final_project\IMG\right_2026_07_28_11_21_01_321.jpg,-0.2,1.0,0,30.18035
D:\DPS 920\DPS920_final_project\IMG\center_2026_07_28_11_09_28_242.jpg,D:\DPS 920\DPS920_final_project\IMG\left_2026_07_28_11_09_28_242.jpg,D:\DPS 920\DPS920_final_project\IMG\right_2026_07_28_11_09_28_242.jpg,0.0,1.0,0,30.18953
D:\DPS 920\DPS920_final_project\IMG\center_2026_07_28_11_08_10_239.jpg,D:\DPS 920\DPS920_final_project\IMG\left_2026_07_28_11_08_10_239.jpg,D:\DPS 920\DPS920_final_project\IMG\right_2026_07_28_11_08_10_239.jpg,0.0,1.0,0,30.19042
D:\DPS 920\DPS920_final_project\IMG\center_2026_07_28_11_22_16_023.jpg,D:\DPS 920\DPS920_final_project\IMG\left_2026_07_28_11_22_16_023.jpg,D:\DPS 920\DPS920_final_project\IMG\right_2026_07_28_11_22_16_023.jpg,0.0,1.0,0,30.18999
D:\DPS 920\DPS920_final_project\IMG\center_2026_07_28_11_22_25_845.jpg,D:\DPS 920\DPS920_final_project\IMG\left_2026_07_28_11_22_25_845.jpg,D:\DPS 920\DPS920_final_project\IMG\right_2026_07_28_11_22_25_845.jpg,-0.1,1.0,0,30.18954
D:\DPS 920\DPS920_final_project\IMG\center_2026_07_28_11_09_40_638.jpg,D:\DPS 920\DPS920_final_project\IMG\left_2026_07_28_11_09_40_638.jpg,D:\DPS 920\DPS920_final_project\IMG\right_2026_07_28_11_09_40_638.jpg,0.0,1.0,0,30.18604
D:\DPS 920\DPS920_final_project\IMG\center_2026_07_28_11_07_49_250.jpg,D:\DPS 920\DPS920_final_project\IMG\left_2026_07_28_11_07_49_250.jpg,D:\DPS 920\DPS920_final_project\IMG\right_2026_07_28_11_07_49_250.jpg,0.0,1.0,0,30.19063
D:\DPS 920\DPS920_final_project\IMG\center_2026_07_28_11_07_19_218.jpg,D:\DPS 920\DPS920_final_project\IMG\left_2026_07_28_11_07_19_218.jpg,D:\DPS 920\DPS920_final_project\IMG\right_2026_07_28_11_07_19_218.jpg,0.5500001,1.0,0,30.14059
D:\DPS 920\DPS920_final_project\IMG\center_2026_07_28_11_21_18_184.jpg,D:\DPS 920\DPS920_final_project\IMG\left_2026_07_28_11_21_18_184.jpg,D:\DPS 920\DPS920_final_project\IMG\right_2026_07_28_11_21_18_184.jpg,-0.2,1.0,0,30.18445
D:\DPS 920\DPS920_final_project\IMG\center_2026_07_28_11_10_06_805.jpg,D:\DPS 920\DPS920_final_project\IMG\left_2026_07_28_11_10_06_805.jpg,D:\DPS 920\DPS920_final_project\IMG\right_2026_07_28_11_10_06_805.jpg,0.1,1.0,0,30.19252
D:\DPS 920\DPS920_final_project\IMG\center_2026_07_28_11_07_10_060.jpg,D:\DPS 920\DPS920_final_project\IMG\left_2026_07_28_11_07_10_060.jpg,D:\DPS 920\DPS920_final_project\IMG\right_2026_07_28_11_07_10_060.jpg,0.15,1.0,0,30.18393
D:\DPS 920\DPS920_final_project\IMG\center_2026_07_28_11_07_40_698.jpg,D:\DPS 920\DPS920_final_project\IMG\left_2026_07_28_11_07_40_698.jpg,D:\DPS 920\DPS920_final_project\IMG\right_2026_07_28_11_07_40_698.jpg,0.35,1.0,0,30.16981
D:\DPS 920\DPS920_final_project\IMG\center_2026_07_28_11_22_15_023.jpg,D:\DPS 920\DPS920_final_project\IMG\left_2026_07_28_11_22_15_023.jpg,D:\DPS 920\DPS920_final_project\IMG\right_2026_07_28_11_22_15_023.jpg,0.0,1.0,0,30.18994
D:\DPS 920\DPS920_final_project\IMG\center_2026_07_28_11_08_45_158.jpg,D:\DPS 920\DPS920_final_project\IMG\left_2026_07_28_11_08_45_158.jpg,D:\DPS 920\DPS920_final_project\IMG\right_2026_07_28_11_08_45_158.jpg,0.0,1.0,0,30.19011
D:\DPS 920\DPS920_final_project\IMG\center_2026_07_28_11_09_22_994.jpg,D:\DPS 920\DPS920_final_project\IMG\left_2026_07_28_11_09_22_994.jpg,D:\DPS 920\DPS920_final_project\IMG\right_2026_07_28_11_09_22_994.jpg,0.15,1.0,0,30.18649
D:\DPS 920\DPS920_final_project\IMG\center_2026_07_28_11_21_46_609.jpg,D:\DPS 920\DPS920_final_project\IMG\left_2026_07_28_11_21_46_609.jpg,D:\DPS 920\DPS920_final_project\IMG\right_2026_07_28_11_21_46_609.jpg,0.0,1.0,0,30.19018
D:\DPS 920\DPS920_final_project\IMG\center_2026_07_28_11_20_56_643.jpg,D:\DPS 920\DPS920_final_project\IMG\left_2026_07_28_11_20_56_643.jpg,D:\DPS 920\DPS920_final_project\IMG\right_2026_07_28_11_20_56_643.jpg,-0.25,1.0,0,30.17584
D:\DPS 920\DPS920_final_project\IMG\center_2026_07_28_11_10_13_775.jpg,D:\DPS 920\DPS920_final_project\IMG\left_2026_07_28_11_10_13_775.jpg,D:\DPS 920\DPS920_final_project\IMG\right_2026_07_28_11_10_13_775.jpg,-0.05,1.0,0,30.19005
D:\DPS 920\DPS920_final_project\IMG\center_2026_07_28_11_08_02_251.jpg,D:\DPS 920\DPS920_final_project\IMG\left_2026_07_28_11_08_02_251.jpg,D:\DPS 920\DPS920_final_project\IMG\right_2026_07_28_11_08_02_251.jpg,0.4,1.0,0,30.15991
D:\DPS 920\DPS920_final_project\IMG\center_2026_07_28_11_08_41_118.jpg,D:\DPS 920\DPS920_final_project\IMG\left_2026_07_28_11_08_41_118.jpg,D:\DPS 920\DPS920_final_project\IMG\right_2026_07_28_11_08_41_118.jpg,0.5000001,1.0,0,30.14546
D:\DPS 920\DPS920_final_project\IMG\center_2026_07_28_11_21_53_308.jpg,D:\DPS 920\DPS920_final_project\IMG\left_2026_07_28_11_21_53_308.jpg,D:\DPS 920\DPS920_final_project\IMG\right_2026_07_28_11_21_53_308.jpg,-0.15,1.0,0,30.18578
D:\DPS 920\DPS920_final_project\IMG\center_2026_07_28_11_20_32_654.jpg,D:\DPS 920\DPS920_final_project\IMG\left_2026_07_28_11_20_32_654.jpg,D:\DPS 920\DPS920_final_project\IMG\right_2026_07_28_11_20_32_654.jpg,-0.2,1.0,0,30.18097
D:\DPS 920\DPS920_final_project\IMG\center_2026_07_28_11_08_44_323.jpg,D:\DPS 920\DPS920_final_project\IMG\left_2026_07_28_11_08_44_323.jpg,D:\DPS 920\DPS920_final_project\IMG\right_2026_07_28_11_08_44_323.jpg,0.2,1.0,0,30.18461
D:\DPS 920\DPS920_final_project\IMG\center_2026_07_28_11_07_21_052.jpg,D:\DPS 920\DPS920_final_project\IMG\left_2026_07_28_11_07_21_052.jpg,D:\DPS 920\DPS920_final_project\IMG\right_2026_07_28_11_07_21_052.jpg,0.1,1.0,0,30.19018
D:\DPS 920\DPS920_final_project\IMG\center_2026_07_28_11_08_07_268.jpg,D:\DPS 920\DPS920_final_project\IMG\left_2026_07_28_11_08_07_268.jpg,D:\DPS 920\DPS920_final_project\IMG\right_2026_07_28_11_08_07_268.jpg,0.4,1.0,0,30.15843
D:\DPS 920\DPS920_final_project\IMG\center_2026_07_28_11_21_02_283.jpg,D:\DPS 920\DPS920_final_project\IMG\left_2026_07_28_11_21_02_283.jpg,D:\DPS 920\DPS920_final_project\IMG\right_2026_07_28_11_21_02_283.jpg,-0.05,1.0,0,30.19008
D:\DPS 920\DPS920_final_project\IMG\center_2026_07_28_11_09_22_481.jpg,D:\DPS 920\DPS920_final_project\IMG\left_2026_07_28_11_09_22_481.jpg,D:\DPS 920\DPS920_final_project\IMG\right_2026_07_28_11_09_22_481.jpg,0.05,1.0,0,30.18982
D:\DPS 920\DPS920_final_project\IMG\center_2026_07_28_11_07_17_746.jpg,D:\DPS 920\DPS920_final_project\IMG\left_2026_07_28_11_07_17_746.jpg,D:\DPS 920\DPS920_final_project\IMG\right_2026_07_28_11_07_17_746.jpg,0.5000001,1.0,0,30.14496
D:\DPS 920\DPS920_final_project\IMG\center_2026_07_28_11_08_44_753.jpg,D:\DPS 920\DPS920_final_project\IMG\left_2026_07_28_11_08_44_753.jpg,D:\DPS 920\DPS920_final_project\IMG\right_2026_07_28_11_08_44_753.jpg,0.2,1.0,0,30.18279
D:\DPS 920\DPS920_final_project\IMG\center_2026_07_28_11_06_04_487.jpg,D:\DPS 920\DPS920_final_project\IMG\left_2026_07_28_11_06_04_487.jpg,D:\DPS 920\DPS920_final_project\IMG\right_2026_07_28_11_06_04_487.jpg,-0.45,1.0,0,30.15343
D:\DPS 920\DPS920_final_project\IMG\center_2026_07_28_11_08_17_683.jpg,D:\DPS 920\DPS920_final_project\IMG\left_2026_07_28_11_08_17_683.jpg,D:\DPS 920\DPS920_final_project\IMG\right_2026_07_28_11_08_17_683.jpg,0.0,1.0,0,30.18997
D:\DPS 920\DPS920_final_project\IMG\center_2026_07_28_11_08_44_394.jpg,D:\DPS 920\DPS920_final_project\IMG\left_2026_07_28_11_08_44_394.jpg,D:\DPS 920\DPS920_final_project\IMG\right_2026_07_28_11_08_44_394.jpg,0.0,1.0,0,30.18461
D:\DPS 920\DPS920_final_project\IMG\center_2026_07_28_11_07_33_972.jpg,D:\DPS 920\DPS920_final_project\IMG\left_2026_07_28_11_07_33_972.jpg,D:\DPS 920\DPS920_final_project\IMG\right_2026_07_28_11_07_33_972.jpg,0.0,1.0,0,30.19033
D:\DPS 920\DPS920_final_project\IMG\center_2026_07_28_11_22_50_401.jpg,D:\DPS 920\DPS920_final_project\IMG\left_2026_07_28_11_22_50_401.jpg,D:\DPS 920\DPS920_final_project\IMG\right_2026_07_28_11_22_50_401.jpg,-0.05,1.0,0,30.19011
D:\DPS 920\DPS920_final_project\IMG\center_2026_07_28_11_07_10_273.jpg,D:\DPS 920\DPS920_final_project\IMG\left_2026_07_28_11_07_10_273.jpg,D:\DPS 920\DPS920_final_project\IMG\right_2026_07_28_11_07_10_273.jpg,0.1,1.0,0,30.18793
D:\DPS 920\DPS920_final_project\IMG\center_2026_07_28_11_21_15_374.jpg,D:\DPS 920\DPS920_final_project\IMG\left_2026_07_28_11_21_15_374.jpg,D:\DPS 920\DPS920_final_project\IMG\right_2026_07_28_11_21_15_374.jpg,-0.1,1.0,0,30.18774
D:\DPS 920\DPS920_final_project\IMG\center_2026_07_28_11_07_19_717.jpg,D:\DPS 920\DPS920_final_project\IMG\left_2026_07_28_11_07_19_717.jpg,D:\DPS 920\DPS920_final_project\IMG\right_2026_07_28_11_07_19_717.jpg,0.6500001,1.0,0,30.12921
D:\DPS 920\DPS920_final_project\IMG\center_2026_07_28_11_06_36_458.jpg,D:\DPS 920\DPS920_final_project\IMG\left_2026_07_28_11_06_36_458.jpg,D:\DPS 920\DPS920_final_project\IMG\right_2026_07_28_11_06_36_458.jpg,0.3,1.0,0,30.17
D:\DPS 920\DPS920_final_project\IMG\center_2026_07_28_11_06_35_955.jpg,D:\DPS 920\DPS920_final_project\IMG\left_2026_07_28_11_06_35_955.jpg,D:\DPS 920\DPS920_final_project\IMG\right_2026_07_28_11_06_35_955.jpg,0.15,1.0,0,30.18402
D:\DPS 920\DPS920_final_project\IMG\center_2026_07_28_11_07_12_766.jpg,D:\DPS 920\DPS920_final_project\IMG\left_2026_07_28_11_07_12_766.jpg,D:\DPS 920\DPS920_final_project\IMG\right_2026_07_28_11_07_12_766.jpg,0.05,1.0,0,30.19002
D:\DPS 920\DPS920_final_project\IMG\center_2026_07_28_11_08_37_212.jpg,D:\DPS 920\DPS920_final_project\IMG\left_2026_07_28_11_08_37_212.jpg,D:\DPS 920\DPS920_final_project\IMG\right_2026_07_28_11_08_37_212.jpg,0.1,1.0,0,30.18781
D:\DPS 920\DPS920_final_project\IMG\center_2026_07_28_11_20_56_137.jpg,D:\DPS 920\DPS920_final_project\IMG\left_2026_07_28_11_20_56_137.jpg,D:\DPS 920\DPS920_final_project\IMG\right_2026_07_28_11_20_56_137.jpg,-0.05,1.0,0,30.18964
D:\DPS 920\DPS920_final_project\IMG\center_2026_07_28_11_08_25_777.jpg,D:\DPS 920\DPS920_final_project\IMG\left_2026_07_28_11_08_25_777.jpg,D:\DPS 920\DPS920_final_project\IMG\right_2026_07_28_11_08_25_777.jpg,0.0,1.0,0,30.19036
D:\DPS 920\DPS920_final_project\IMG\center_2026_07_28_11_22_16_908.jpg,D:\DPS 920\DPS920_final_project\IMG\left_2026_07_28_11_22_16_908.jpg,D:\DPS 920\DPS920_final_project\IMG\right_2026_07_28_11_22_16_908.jpg,0.0,1.0,0,30.19
D:\DPS 920\DPS920_final_project\IMG\center_2026_07_28_11_22_42_613.jpg,D:\DPS 920\DPS920_final_project\IMG\left_2026_07_28_11_22_42_613.jpg,D:\DPS 920\DPS920_final_project\IMG\right_2026_07_28_11_22_42_613.jpg,-0.5000001,1.0,0,30.14724
D:\DPS 920\DPS920_final_project\IMG\center_2026_07_28_11_20_12_501.jpg,D:\DPS 920\DPS920_final_project\IMG\left_2026_07_28_11_20_12_501.jpg,D:\DPS 920\DPS920_final_project\IMG\right_2026_07_28_11_20_12_501.jpg,0.0,1.0,0,30.19035
D:\DPS 920\DPS920_final_project\IMG\center_2026_07_28_11_08_48_871.jpg,D:\DPS 920\DPS920_final_project\IMG\left_2026_07_28_11_08_48_871.jpg,D:\DPS 920\DPS920_final_project\IMG\right_2026_07_28_11_08_48_871.jpg,0.0,1.0,0,30.1903
D:\DPS 920\DPS920_final_project\IMG\center_2026_07_28_11_22_23_754.jpg,D:\DPS 920\DPS920_final_project\IMG\left_2026_07_28_11_22_23_754.jpg,D:\DPS 920\DPS920_final_project\IMG\right_2026_07_28_11_22_23_754.jpg,-0.05,1.0,0,30.19023
D:\DPS 920\DPS920_final_project\IMG\center_2026_07_28_11_08_45_236.jpg,D:\DPS 920\DPS920_final_project\IMG\left_2026_07_28_11_08_45_236.jpg,D:\DPS 920\DPS920_final_project\IMG\right_2026_07_28_11_08_45_236.jpg,0.0,1.0,0,30.19083
D:\DPS 920\DPS920_final_project\IMG\center_2026_07_28_11_09_12_922.jpg,D:\DPS 920\DPS920_final_project\IMG\left_2026_07_28_11_09_12_922.jpg,D:\DPS 920\DPS920_final_project\IMG\right_2026_07_28_11_09_12_922.jpg,0.0,1.0,0,30.19062
D:\DPS 920\DPS920_final_project\IMG\center_2026_07_28_11_07_21_541.jpg,D:\DPS 920\DPS920_final_project\IMG\left_2026_07_28_11_07_21_541.jpg,D:\DPS 920\DPS920_final_project\IMG\right_2026_07_28_11_07_21_541.jpg,0.0,1.0,0,30.18955
D:\DPS 920\DPS920_final_project\IMG\center_2026_07_28_11_21_08_725.jpg,D:\DPS 920\DPS920_final_project\IMG\left_2026_07_28_11_21_08_725.jpg,D:\DPS 920\DPS920_final_project\IMG\right_2026_07_28_11_21_08_725.jpg,0.5500001,1.0,0,30.13701
D:\DPS 920\DPS920_final_project\IMG\center_2026_07_28_11_22_15_170.jpg,D:\DPS 920\DPS920_final_project\IMG\left_2026_07_28_11_22_15_170.jpg,D:\DPS 920\DPS920_final_project\IMG\right_2026_07_28_11_22_15_170.jpg,-0.1,1.0,0,30.18739
D:\DPS 920\DPS920_final_project\IMG\center_2026_07_28_11_09_15_106.jpg,D:\DPS 920\DPS920_final_project\IMG\left_2026_07_28_11_09_15_106.jpg,D:\DPS 920\DPS920_final_project\IMG\right_2026_07_28_11_09_15_106.jpg,0.0,1.0,0,30.19071
D:\DPS 920\DPS920_final_project\IMG\center_2026_07_28_11_07_58_571.jpg,D:\DPS 920\DPS920_final_project\IMG\left_2026_07_28_11_07_58_571.jpg,D:\DPS 920\DPS920_final_project\IMG\right_2026_07_28_11_07_58_571.jpg,0.05,1.0,0,30.18979
D:\DPS 920\DPS920_final_project\IMG\center_2026_07_28_11_20_59_372.jpg,D:\DPS 920\DPS920_final_project\IMG\left_2026_07_28_11_20_59_372.jpg,D:\DPS 920\DPS920_final_project\IMG\right_2026_07_28_11_20_59_372.jpg,-0.25,1.0,0,30.18085
D:\DPS 920\DPS920_final_project\IMG\center_2026_07_28_11_10_22_240.jpg,D:\DPS 920\DPS920_final_project\IMG\left_2026_07_28_11_10_22_240.jpg,D:\DPS 920\DPS920_final_project\IMG\right_2026_07_28_11_10_22_240.jpg,0.3,1.0,0,30.17201
D:\DPS 920\DPS920_final_project\IMG\center_2026_07_28_11_06_05_146.jpg,D:\DPS 920\DPS920_final_project\IMG\left_2026_07_28_11_06_05_146.jpg,D:\DPS 920\DPS920_final_project\IMG\right_2026_07_28_11_06_05_146.jpg,0.0,1.0,0,30.18235
D:\DPS 920\DPS920_final_project\IMG\center_2026_07_28_11_20_37_991.jpg,D:\DPS 920\DPS920_final_project\IMG\left_2026_07_28_11_20_37_991.jpg,D:\DPS 920\DPS920_final_project\IMG\right_2026_07_28_11_20_37_991.jpg,-0.1,1.0,0,30.18801
D:\DPS 920\DPS920_final_project\IMG\center_2026_07_28_11_07_37_663.jpg,D:\DPS 920\DPS920_final_project\IMG\left_2026_07_28_11_07_37_663.jpg,D:\DPS 920\DPS920_final_project\IMG\right_2026_07_28_11_07_37_663.jpg,0.45,1.0,0,30.15311
D:\DPS 920\DPS920_final_project\IMG\center_2026_07_28_11_10_05_982.jpg,D:\DPS 920\DPS920_final_project\IMG\left_2026_07_28_11_10_05_982.jpg,D:\DPS 920\DPS920_final_project\IMG\right_2026_07_28_11_10_05_982.jpg,0.35,1.0,0,30.16533
D:\DPS 920\DPS920_final_project\IMG\center_2026_07_28_11_21_55_894.jpg,D:\DPS 920\DPS920_final_project\IMG\left_2026_07_28_11_21_55_894.jpg,D:\DPS 920\DPS920_final_project\IMG\right_2026_07_28_11_21_55_894.jpg,0.0,1.0,0,30.19092
D:\DPS 920\DPS920_final_project\IMG\center_2026_07_28_11_08_49_552.jpg,D:\DPS 920\DPS920_final_project\IMG\left_2026_07_28_11_08_49_552.jpg,D:\DPS 920\DPS920_final_project\IMG\right_2026_07_28_11_08_49_552.jpg,-0.1,1.0,0,30.18723
D:\DPS 920\DPS920_final_project\IMG\center_2026_07_28_11_06_48_620.jpg,D:\DPS 920\DPS920_final_project\IMG\left_2026_07_28_11_06_48_620.jpg,D:\DPS 920\DPS920_final_project\IMG\right_2026_07_28_11_06_48_620.jpg,0.0,1.0,0,30.19032
D:\DPS 920\DPS920_final_project\IMG\center_2026_07_28_11_21_51_669.jpg,D:\DPS 920\DPS920_final_project\IMG\left_2026_07_28_11_21_51_669.jpg,D:\DPS 920\DPS920_final_project\IMG\right_2026_07_28_11_21_51_669.jpg,-0.25,1.0,0,30.17475
D:\DPS 920\DPS920_final_project\IMG\center_2026_07_28_11_20_52_082.jpg,D:\DPS 920\DPS920_final_project\IMG\left_2026_07_28_11_20_52_082.jpg,D:\DPS 920\DPS920_final_project\IMG\right_2026_07_28_11_20_52_082.jpg,0.15,1.0,0,30.18376
D:\DPS 920\DPS920_final_project\IMG\center_2026_07_28_11_21_09_706.jpg,D:\DPS 920\DPS920_final_project\IMG\left_2026_07_28_11_21_09_706.jpg,D:\DPS 920\DPS920_final_project\IMG\right_2026_07_28_11_21_09_706.jpg,0.15,1.0,0,30.18693
D:\DPS 920\DPS920_final_project\IMG\center_2026_07_28_11_06_07_904.jpg,D:\DPS 920\DPS920_final_project\IMG\left_2026_07_28_11_06_07_904.jpg,D:\DPS 920\DPS920_final_project\IMG\right_2026_07_28_11_06_07_904.jpg,-0.1,1.0,0,30.18797
D:\DPS 920\DPS920_final_project\IMG\center_2026_07_28_11_08_53_024.jpg,D:\DPS 920\DPS920_final_project\IMG\left_2026_07_28_11_08_53_024.jpg,D:\DPS 920\DPS920_final_project\IMG\right_2026_07_28_11_08_53_024.jpg,-0.1,1.0,0,30.19098
D:\DPS 920\DPS920_final_project\IMG\center_2026_07_28_11_06_53_733.jpg,D:\DPS 920\DPS920_final_project\IMG\left_2026_07_28_11_06_53_733.jpg,D:\DPS 920\DPS920_final_project\IMG\right_2026_07_28_11_06_53_733.jpg,0.15,1.0,0,30.18421
D:\DPS 920\DPS920_final_project\IMG\center_2026_07_28_11_10_17_385.jpg,D:\DPS 920\DPS920_final_project\IMG\left_2026_07_28_11_10_17_385.jpg,D:\DPS 920\DPS920_final_project\IMG\right_2026_07_28_11_10_17_385.jpg,-0.8000001,1.0,0,30.11191
D:\DPS 920\DPS920_final_project\IMG\center_2026_07_28_11_08_20_299.jpg,D:\DPS 920\DPS920_final_project\IMG\left_2026_07_28_11_08_20_299.jpg,D:\DPS 920\DPS920_final_project\IMG\right_2026_07_28_11_08_20_299.jpg,0.0,1.0,0,30.19041
D:\DPS 920\DPS920_final_project\IMG\center_2026_07_28_11_22_36_271.jpg,D:\DPS 920\DPS920_final_project\IMG\left_2026_07_28_11_22_36_271.jpg,D:\DPS 920\DPS920_final_project\IMG\right_2026_07_28_11_22_36_271.jpg,0.0,1.0,0,30.19029
D:\DPS 920\DPS920_final_project\IMG\center_2026_07_28_11_07_41_061.jpg,D:\DPS 920\DPS920_final_project\IMG\left_2026_07_28_11_07_41_061.jpg,D:\DPS 920\DPS920_final_project\IMG\right_2026_07_28_11_07_41_061.jpg,0.0,1.0,0,30.18674
D:\DPS 920\DPS920_final_project\IMG\center_2026_07_28_11_08_40_756.jpg,D:\DPS 920\DPS920_final_project\IMG\left_2026_07_28_11_08_40_756.jpg,D:\DPS 920\DPS920_final_project\IMG\right_2026_07_28_11_08_40_756.jpg,0.05,1.0,0,30.1901
D:\DPS 920\DPS920_final_project\IMG\center_2026_07_28_11_09_08_294.jpg,D:\DPS 920\DPS920_final_project\IMG\left_2026_07_28_11_09_08_294.jpg,D:\DPS 920\DPS920_final_project\IMG\right_2026_07_28_11_09_08_294.jpg,-0.25,1.0,0,30.17498
D:\DPS 920\DPS920_final_project\IMG\center_2026_07_28_11_07_02_973.jpg,D:\DPS 920\DPS920_final_project\IMG\left_2026_07_28_11_07_02_973.jpg,D:\DPS 920\DPS920_final_project\IMG\right_2026_07_28_11_07_02_973.jpg,0.0,1.0,0,30.19028
D:\DPS 920\DPS920_final_project\IMG\center_2026_07_28_11_21_40_387.jpg,D:\DPS 920\DPS920_final_project\IMG\left_2026_07_28_11_21_40_387.jpg,D:\DPS 920\DPS920_final_project\IMG\right_2026_07_28_11_21_40_387.jpg,0.0,1.0,0,30.19029
D:\DPS 920\DPS920_final_project\IMG\center_2026_07_28_11_08_48_552.jpg,D:\DPS 920\DPS920_final_project\IMG\left_2026_07_28_11_08_48_552.jpg,D:\DPS 920\DPS920_final_project\IMG\right_2026_07_28_11_08_48_552.jpg,0.0,1.0,0,30.19033
D:\DPS 920\DPS920_final_project\IMG\center_2026_07_28_11_21_20_303.jpg,D:\DPS 920\DPS920_final_project\IMG\left_2026_07_28_11_21_20_303.jpg,D:\DPS 920\DPS920_final_project\IMG\right_2026_07_28_11_21_20_303.jpg,0.0,1.0,0,30.18935
D:\DPS 920\DPS920_final_project\IMG\center_2026_07_28_11_09_02_972.jpg,D:\DPS 920\DPS920_final_project\IMG\left_2026_07_28_11_09_02_972.jpg,D:\DPS 920\DPS920_final_project\IMG\right_2026_07_28_11_09_02_972.jpg,0.1,1.0,0,30.18981
D:\DPS 920\DPS920_final_project\IMG\center_2026_07_28_11_22_42_035.jpg,D:\DPS 920\DPS920_final_project\IMG\left_2026_07_28_11_22_42_035.jpg,D:\DPS 920\DPS920_final_project\IMG\right_2026_07_28_11_22_42_035.jpg,-0.6000001,1.0,0,30.13333
D:\DPS 920\DPS920_final_project\IMG\center_2026_07_28_11_09_42_561.jpg,D:\DPS 920\DPS920_final_project\IMG\left_2026_07_28_11_09_42_561.jpg,D:\DPS 920\DPS920_final_project\IMG\right_2026_07_28_11_09_42_561.jpg,0.0,1.0,0,30.19028
D:\DPS 920\DPS920_final_project\IMG\center_2026_07_28_11_20_33_583.jpg,D:\DPS 920\DPS920_final_project\IMG\left_2026_07_28_11_20_33_583.jpg,D:\DPS 920\DPS920_final_project\IMG\right_2026_07_28_11_20_33_583.jpg,-0.25,1.0,0,30.17567
D:\DPS 920\DPS920_final_project\IMG\center_2026_07_28_11_22_21_151.jpg,D:\DPS 920\DPS920_final_project\IMG\left_2026_07_28_11_22_21_151.jpg,D:\DPS 920\DPS920_final_project\IMG\right_2026_07_28_11_22_21_151.jpg,0.0,1.0,0,30.18764
D:\DPS 920\DPS920_final_project\IMG\center_2026_07_28_11_09_03_473.jpg,D:\DPS 920\DPS920_final_project\IMG\left_2026_07_28_11_09_03_473.jpg,D:\DPS 920\DPS920_final_project\IMG\right_2026_07_28_11_09_03_473.jpg,0.3,1.0,0,30.17485
D:\DPS 920\DPS920_final_project\IMG\center_2026_07_28_11_21_25_965.jpg,D:\DPS 920\DPS920_final_project\IMG\left_2026_07_28_11_21_25_965.jpg,D:\DPS 920\DPS920_final_project\IMG\right_2026_07_28_11_21_25_965.jpg,0.0,1.0,0,30.19015
D:\DPS 920\DPS920_final_project\IMG\center_2026_07_28_11_06_09_039.jpg,D:\DPS 920\DPS920_final_project\IMG\left_2026_07_28_11_06_09_039.jpg,D:\DPS 920\DPS920_final_project\IMG\right_2026_07_28_11_06_09_039.jpg,0.0,1.0,0,30.19029
D:\DPS 920\DPS920_final_project\IMG\center_2026_07_28_11_06_36_944.jpg,D:\DPS 920\DPS920_final_project\IMG\left_2026_07_28_11_06_36_944.jpg,D:\DPS 920\DPS920_final_project\IMG\right_2026_07_28_11_06_36_944.jpg,0.15,1.0,0,30.18471
D:\DPS 920\DPS920_final_project\IMG\center_2026_07_28_11_07_16_481.jpg,D:\DPS 920\DPS920_final_project\IMG\left_2026_07_28_11_07_16_481.jpg,D:\DPS 920\DPS920_final_project\IMG\right_2026_07_28_11_07_16_481.jpg,0.3,1.0,0,30.1701
D:\DPS 920\DPS920_final_project\IMG\center_2026_07_28_11_08_21_291.jpg,D:\DPS 920\DPS920_final_project\IMG\left_2026_07_28_11_08_21_291.jpg,D:\DPS 920\DPS920_final_project\IMG\right_2026_07_28_11_08_21_291.jpg,0.1,1.0,0,30.18768
D:\DPS 920\DPS920_final_project\IMG\center_2026_07_28_11_22_17_585.jpg,D:\DPS 920\DPS920_final_project\IMG\left_2026_07_28_11_22_17_585.jpg,D:\DPS 920\DPS920_final_project\IMG\right_2026_07_28_11_22_17_585.jpg,-0.2,1.0,0,30.1808
D:\DPS 920\DPS920_final_project\IMG\center_2026_07_28_11_22_17_293.jpg,D:\DPS 920\DPS920_final_project\IMG\left_2026_07_28_11_22_17_293.jpg,D:\DPS 920\DPS920_final_project\IMG\right_2026_07_28_11_22_17_293.jpg,-0.15,1.0,0,30.23592
D:\DPS 920\DPS920_final_project\IMG\center_2026_07_28_11_21_49_935.jpg,D:\DPS 920\DPS920_final_project\IMG\left_2026_07_28_11_21_49_935.jpg,D:\DPS 920\DPS920_final_project\IMG\right_2026_07_28_11_21_49_935.jpg,-0.15,1.0,0,30.18395
D:\DPS 920\DPS920_final_project\IMG\center_2026_07_28_11_08_52_590.jpg,D:\DPS 920\DPS920_final_project\IMG\left_2026_07_28_11_08_52_590.jpg,D:\DPS 920\DPS920_final_project\IMG\right_2026_07_28_11_08_52_590.jpg,-0.5000001,1.0,0,30.14925
D:\DPS 920\DPS920_final_project\IMG\center_2026_07_28_11_21_16_413.jpg,D:\DPS 920\DPS920_final_project\IMG\left_2026_07_28_11_21_16_413.jpg,D:\DPS 920\DPS920_final_project\IMG\right_2026_07_28_11_21_16_413.jpg,-0.1,1.0,0,30.18825
D:\DPS 920\DPS920_final_project\IMG\center_2026_07_28_11_09_23_834.jpg,D:\DPS 920\DPS920_final_project\IMG\left_2026_07_28_11_09_23_834.jpg,D:\DPS 920\DPS920_final_project\IMG\right_2026_07_28_11_09_23_834.jpg,0.25,1.0,0,30.17653
D:\DPS 920\DPS920_final_project\IMG\center_2026_07_28_11_07_29_700.jpg,D:\DPS 920\DPS920_final_project\IMG\left_2026_07_28_11_07_29_700.jpg,D:\DPS 920\DPS920_final_project\IMG\right_2026_07_28_11_07_29_700.jpg,0.0,1.0,0,30.1767
D:\DPS 920\DPS920_final_project\IMG\center_2026_07_28_11_09_35_427.jpg,D:\DPS 920\DPS920_final_project\IMG\left_2026_07_28_11_09_35_427.jpg,D:\DPS 920\DPS920_final_project\IMG\right_2026_07_28_11_09_35_427.jpg,0.0,1.0,0,30.19029
D:\DPS 920\DPS920_final_project\IMG\center_2026_07_28_11_21_29_199.jpg,D:\DPS 920\DPS920_final_project\IMG\left_2026_07_28_11_21_29_199.jpg,D:\DPS 920\DPS920_final_project\IMG\right_2026_07_28_11_21_29_199.jpg,0.0,1.0,0,30.18975
D:\DPS 920\DPS920_final_project\IMG\center_2026_07_28_11_09_58_974.jpg,D:\DPS 920\DPS920_final_project\IMG\left_2026_07_28_11_09_58_974.jpg,D:\DPS 920\DPS920_final_project\IMG\right_2026_07_28_11_09_58_974.jpg,0.25,1.0,0,30.17501
D:\DPS 920\DPS920_final_project\IMG\center_2026_07_28_11_06_33_106.jpg,D:\DPS 920\DPS920_final_project\IMG\left_2026_07_28_11_06_33_106.jpg,D:\DPS 920\DPS920_final_project\IMG\right_2026_07_28_11_06_33_106.jpg,0.0,1.0,0,30.19014
D:\DPS 920\DPS920_final_project\IMG\center_2026_07_28_11_08_32_805.jpg,D:\DPS 920\DPS920_final_project\IMG\left_2026_07_28_11_08_32_805.jpg,D:\DPS 920\DPS920_final_project\IMG\right_2026_07_28_11_08_32_805.jpg,0.0,1.0,0,30.19024
D:\DPS 920\DPS920_final_project\IMG\center_2026_07_28_11_07_53_056.jpg,D:\DPS 920\DPS920_final_project\IMG\left_2026_07_28_11_07_53_056.jpg,D:\DPS 920\DPS920_final_project\IMG\right_2026_07_28_11_07_53_056.jpg,0.1,1.0,0,30.18766
D:\DPS 920\DPS920_final_project\IMG\center_2026_07_28_11_06_16_163.jpg,D:\DPS 920\DPS920_final_project\IMG\left_2026_07_28_11_06_16_163.jpg,D:\DPS 920\DPS920_final_project\IMG\right_2026_07_28_11_06_16_163.jpg,0.5500001,1.0,0,30.14133
D:\DPS 920\DPS920_final_project\IMG\center_2026_07_28_11_22_19_789.jpg,D:\DPS 920\DPS920_final_project\IMG\left_2026_07_28_11_22_19_789.jpg,D:\DPS 920\DPS920_final_project\IMG\right_2026_07_28_11_22_19_789.jpg,-0.05,1.0,0,30.18969
D:\DPS 920\DPS920_final_project\IMG\center_2026_07_28_11_09_58_900.jpg,D:\DPS 920\DPS920_final_project\IMG\left_2026_07_28_11_09_58_900.jpg,D:\DPS 920\DPS920_final_project\IMG\right_2026_07_28_11_09_58_900.jpg,0.05,1.0,0,30.18991
D:\DPS 920\DPS920_final_project\IMG\center_2026_07_28_11_09_59_401.jpg,D:\DPS 920\DPS920_final_project\IMG\left_2026_07_28_11_09_59_401.jpg,D:\DPS 920\DPS920_final_project\IMG\right_2026_07_28_11_09_59_401.jpg,0.1,1.0,0,30.19039
D:\DPS 920\DPS920_final_project\IMG\center_2026_07_28_11_20_30_832.jpg,D:\DPS 920\DPS920_final_project\IMG\left_2026_07_28_11_20_30_832.jpg,D:\DPS 920\DPS920_final_project\IMG\right_2026_07_28_11_20_30_832.jpg,-0.1,1.0,0,30.18822
D:\DPS 920\DPS920_final_project\IMG\center_2026_07_28_11_09_04_981.jpg,D:\DPS 920\DPS920_final_project\IMG\left_2026_07_28_11_09_04_981.jpg,D:\DPS 920\DPS920_final_project\IMG\right_2026_07_28_11_09_04_981.jpg,0.0,1.0,0,30.19127
D:\DPS 920\DPS920_final_project\IMG\center_2026_07_28_11_22_24_948.jpg,D:\DPS 920\DPS920_final_project\IMG\left_2026_07_28_11_22_24_948.jpg,D:\DPS 920\DPS920_final_project\IMG\right_2026_07_28_11_22_24_948.jpg,-0.1,1.0,0,30.18854
D:\DPS 920\DPS920_final_project\IMG\center_2026_07_28_11_07_39_400.jpg,D:\DPS 920\DPS920_final_project\IMG\left_2026_07_28_11_07_39_400.jpg,D:\DPS 920\DPS920_final_project\IMG\right_2026_07_28_11_07_39_400.jpg,0.8000001,1.0,0,30.1113
D:\DPS 920\DPS920_final_project\IMG\center_2026_07_28_11_09_03_988.jpg,D:\DPS 920\DPS920_final_project\IMG\left_2026_07_28_11_09_03_988.jpg,D:\DPS 920\DPS920_final_project\IMG\right_2026_07_28_11_09_03_988.jpg,0.3,1.0,0,30.17316
D:\DPS 920\DPS920_final_project\IMG\center_2026_07_28_11_09_35_201.jpg,D:\DPS 920\DPS920_final_project\IMG\left_2026_07_28_11_09_35_201.jpg,D:\DPS 920\DPS920_final_project\IMG\right_2026_07_28_11_09_35_201.jpg,0.0,1.0,0,30.1903
D:\DPS 920\DPS920_final_project\IMG\center_2026_07_28_11_07_22_350.jpg,D:\DPS 920\DPS920_final_project\IMG\left_2026_07_28_11_07_22_350.jpg,D:\DPS 920\DPS920_final_project\IMG\right_2026_07_28_11_07_22_350.jpg,0.2,1.0,0,30.18305
D:\DPS 920\DPS920_final_project\IMG\center_2026_07_28_11_21_31_073.jpg,D:\DPS 920\DPS920_final_project\IMG\left_2026_07_28_11_21_31_073.jpg,D:\DPS 920\DPS920_final_project\IMG\right_2026_07_28_11_21_31_073.jpg,-0.05,1.0,0,30.18967
D:\DPS 920\DPS920_final_project\IMG\center_2026_07_28_11_06_05_286.jpg,D:\DPS 920\DPS920_final_project\IMG\left_2026_07_28_11_06_05_286.jpg,D:\DPS 920\DPS920_final_project\IMG\right_2026_07_28_11_06_05_286.jpg,-0.2,1.0,0,30.18287
D:\DPS 920\DPS920_final_project\IMG\center_2026_07_28_11_09_56_980.jpg,D:\DPS 920\DPS920_final_project\IMG\left_2026_07_28_11_09_56_980.jpg,D:\DPS 920\DPS920_final_project\IMG\right_2026_07_28_11_09_56_980.jpg,0.25,1.0,0,30.17663
D:\DPS 920\DPS920_final_project\IMG\center_2026_07_28_11_20_49_286.jpg,D:\DPS 920\DPS920_final_project\IMG\left_2026_07_28_11_20_49_286.jpg,D:\DPS 920\DPS920_final_project\IMG\right_2026_07_28_11_20_49_286.jpg,-0.05,1.0,0,30.18945
D:\DPS 920\DPS920_final_project\IMG\center_2026_07_28_11_06_15_441.jpg,D:\DPS 920\DPS920_final_project\IMG\left_2026_07_28_11_06_15_441.jpg,D:\DPS 920\DPS920_final_project\IMG\right_2026_07_28_11_06_15_441.jpg,0.4,1.0,0,30.16279
D:\DPS 920\DPS920_final_project\IMG\center_2026_07_28_11_06_42_339.jpg,D:\DPS 920\DPS920_final_project\IMG\left_2026_07_28_11_06_42_339.jpg,D:\DPS 920\DPS920_final_project\IMG\right_2026_07_28_11_06_42_339.jpg,0.15,1.0,0,30.18569
D:\DPS 920\DPS920_final_project\IMG\center_2026_07_28_11_21_29_274.jpg,D:\DPS 920\DPS920_final_project\IMG\left_2026_07_28_11_21_29_274.jpg,D:\DPS 920\DPS920_final_project\IMG\right_2026_07_28_11_21_29_274.jpg,-0.05,1.0,0,30.19007
D:\DPS 920\DPS920_final_project\IMG\center_2026_07_28_11_06_13_962.jpg,D:\DPS 920\DPS920_final_project\IMG\left_2026_07_28_11_06_13_962.jpg,D:\DPS 920\DPS920_final_project\IMG\right_2026_07_28_11_06_13_962.jpg,0.25,1.0,0,30.17731
D:\DPS 920\DPS920_final_project\IMG\center_2026_07_28_11_09_22_845.jpg,D:\DPS 920\DPS920_final_project\IMG\left_2026_07_28_11_09_22_845.jpg,D:\DPS 920\DPS920_final_project\IMG\right_2026_07_28_11_09_22_845.jpg,0.3,1.0,0,30.17061
D:\DPS 920\DPS920_final_project\IMG\center_2026_07_28_11_08_44_919.jpg,D:\DPS 920\DPS920_final_project\IMG\left_2026_07_28_11_08_44_919.jpg,D:\DPS 920\DPS920_final_project\IMG\right_2026_07_28_11_08_44_919.jpg,0.0,1.0,0,30.18915
D:\DPS 920\DPS920_final_project\IMG\center_2026_07_28_11_20_21_451.jpg,D:\DPS 920\DPS920_final_project\IMG\left_2026_07_28_11_20_21_451.jpg,D:\DPS 920\DPS920_final_project\IMG\right_2026_07_28_11_20_21_451.jpg,0.0,1.0,0,30.19024
D:\DPS 920\DPS920_final_project\IMG\center_2026_07_28_11_08_32_949.jpg,D:\DPS 920\DPS920_final_project\IMG\left_2026_07_28_11_08_32_949.jpg,D:\DPS 920\DPS920_final_project\IMG\right_2026_07_28_11_08_32_949.jpg,0.3,1.0,0,30.17051
D:\DPS 920\DPS920_final_project\IMG\center_2026_07_28_11_06_57_325.jpg,D:\DPS 920\DPS920_final_project\IMG\left_2026_07_28_11_06_57_325.jpg,D:\DPS 920\DPS920_final_project\IMG\right_2026_07_28_11_06_57_325.jpg,0.0,1.0,0,30.19031
D:\DPS 920\DPS920_final_project\IMG\center_2026_07_28_11_07_20_215.jpg,D:\DPS 920\DPS920_final_project\IMG\left_2026_07_28_11_07_20_215.jpg,D:\DPS 920\DPS920_final_project\IMG\right_2026_07_28_11_07_20_215.jpg,0.45,1.0,0,30.15227
D:\DPS 920\DPS920_final_project\IMG\center_2026_07_28_11_09_05_051.jpg,D:\DPS 920\DPS920_final_project\IMG\left_2026_07_28_11_09_05_051.jpg,D:\DPS 920\DPS920_final_project\IMG\right_2026_07_28_11_09_05_051.jpg,0.0,1.0,0,30.1901
D:\DPS 920\DPS920_final_project\IMG\center_2026_07_28_11_20_02_380.jpg,D:\DPS 920\DPS920_final_project\IMG\left_2026_07_28_11_20_02_380.jpg,D:\DPS 920\DPS920_final_project\IMG\right_2026_07_28_11_20_02_380.jpg,0.0,1.0,0,30.18938
D:\DPS 920\DPS920_final_project\IMG\center_2026_07_28_11_21_39_572.jpg,D:\DPS 920\DPS920_final_project\IMG\left_2026_07_28_11_21_39_572.jpg,D:\DPS 920\DPS920_final_project\IMG\right_2026_07_28_11_21_39_572.jpg,0.0,1.0,0,30.19027
D:\DPS 920\DPS920_final_project\IMG\center_2026_07_28_11_07_05_745.jpg,D:\DPS 920\DPS920_final_project\IMG\left_2026_07_28_11_07_05_745.jpg,D:\DPS 920\DPS920_final_project\IMG\right_2026_07_28_11_07_05_745.jpg,0.15,1.0,0,30.18394
D:\DPS 920\DPS920_final_project\IMG\center_2026_07_28_11_06_52_255.jpg,D:\DPS 920\DPS920_final_project\IMG\left_2026_07_28_11_06_52_255.jpg,D:\DPS 920\DPS920_final_project\IMG\right_2026_07_28_11_06_52_255.jpg,0.05,1.0,0,30.18975
D:\DPS 920\DPS920_final_project\IMG\center_2026_07_28_11_07_36_522.jpg,D:\DPS 920\DPS920_final_project\IMG\left_2026_07_28_11_07_36_522.jpg,D:\DPS 920\DPS920_final_project\IMG\right_2026_07_28_11_07_36_522.jpg,0.0,1.0,0,30.18955
D:\DPS 920\DPS920_final_project\IMG\center_2026_07_28_11_21_38_832.jpg,D:\DPS 920\DPS920_final_project\IMG\left_2026_07_28_11_21_38_832.jpg,D:\DPS 920\DPS920_final_project\IMG\right_2026_07_28_11_21_38_832.jpg,0.0,1.0,0,30.19034
D:\DPS 920\DPS920_final_project\IMG\center_2026_07_28_11_21_17_966.jpg,D:\DPS 920\DPS920_final_project\IMG\left_2026_07_28_11_21_17_966.jpg,D:\DPS 920\DPS920_final_project\IMG\right_2026_07_28_11_21_17_966.jpg,-0.3,1.0,0,30.17138
D:\DPS 920\DPS920_final_project\IMG\center_2026_07_28_11_09_19_380.jpg,D:\DPS 920\DPS920_final_project\IMG\left_2026_07_28_11_09_19_380.jpg,D:\DPS 920\DPS920_final_project\IMG\right_2026_07_28_11_09_19_380.jpg,0.1,1.0,0,30.18758
D:\DPS 920\DPS920_final_project\IMG\center_2026_07_28_11_06_15_804.jpg,D:\DPS 920\DPS920_final_project\IMG\left_2026_07_28_11_06_15_804.jpg,D:\DPS 920\DPS920_final_project\IMG\right_2026_07_28_11_06_15_804.jpg,0.35,1.0,0,30.17583
D:\DPS 920\DPS920_final_project\IMG\center_2026_07_28_11_10_25_988.jpg,D:\DPS 920\DPS920_final_project\IMG\left_2026_07_28_11_10_25_988.jpg,D:\DPS 920\DPS920_final_project\IMG\right_2026_07_28_11_10_25_988.jpg,0.2,1.0,0,30.18908
D:\DPS 920\DPS920_final_project\IMG\center_2026_07_28_11_07_09_176.jpg,D:\DPS 920\DPS920_final_project\IMG\left_2026_07_28_11_07_09_176.jpg,D:\DPS 920\DPS920_final_project\IMG\right_2026_07_28_11_07_09_176.jpg,0.05,1.0,0,30.18996
D:\DPS 920\DPS920_final_project\IMG\center_2026_07_28_11_22_18_891.jpg,D:\DPS 920\DPS920_final_project\IMG\left_2026_07_28_11_22_18_891.jpg,D:\DPS 920\DPS920_final_project\IMG\right_2026_07_28_11_22_18_891.jpg,-0.3,1.0,0,30.17179
D:\DPS 920\DPS920_final_project\IMG\center_2026_07_28_11_21_33_641.jpg,D:\DPS 920\DPS920_final_project\IMG\left_2026_07_28_11_21_33_641.jpg,D:\DPS 920\DPS920_final_project\IMG\right_2026_07_28_11_21_33_641.jpg,0.0,1.0,0,30.19029
D:\DPS 920\DPS920_final_project\IMG\center_2026_07_28_11_10_09_927.jpg,D:\DPS 920\DPS920_final_project\IMG\left_2026_07_28_11_10_09_927.jpg,D:\DPS 920\DPS920_final_project\IMG\right_2026_07_28_11_10_09_927.jpg,0.0,1.0,0,30.18933
D:\DPS 920\DPS920_final_project\IMG\center_2026_07_28_11_22_01_280.jpg,D:\DPS 920\DPS920_final_project\IMG\left_2026_07_28_11_22_01_280.jpg,D:\DPS 920\DPS920_final_project\IMG\right_2026_07_28_11_22_01_280.jpg,-0.1,1.0,0,30.19027
D:\DPS 920\DPS920_final_project\IMG\center_2026_07_28_11_19_56_802.jpg,D:\DPS 920\DPS920_final_project\IMG\left_2026_07_28_11_19_56_802.jpg,D:\DPS 920\DPS920_final_project\IMG\right_2026_07_28_11_19_56_802.jpg,-0.25,1.0,0,28.34391
D:\DPS 920\DPS920_final_project\IMG\center_2026_07_28_11_06_39_852.jpg,D:\DPS 920\DPS920_final_project\IMG\left_2026_07_28_11_06_39_852.jpg,D:\DPS 920\DPS920_final_project\IMG\right_2026_07_28_11_06_39_852.jpg,0.25,1.0,0,30.17526
D:\DPS 920\DPS920_final_project\IMG\center_2026_07_28_11_10_04_630.jpg,D:\DPS 920\DPS920_final_project\IMG\left_2026_07_28_11_10_04_630.jpg,D:\DPS 920\DPS920_final_project\IMG\right_2026_07_28_11_10_04_630.jpg,0.05,1.0,0,30.19328
D:\DPS 920\DPS920_final_project\IMG\center_2026_07_28_11_09_37_795.jpg,D:\DPS 920\DPS920_final_project\IMG\left_2026_07_28_11_09_37_795.jpg,D:\DPS 920\DPS920_final_project\IMG\right_2026_07_28_11_09_37_795.jpg,0.0,1.0,0,30.1898
D:\DPS 920\DPS920_final_project\IMG\center_2026_07_28_11_21_27_527.jpg,D:\DPS 920\DPS920_final_project\IMG\left_2026_07_28_11_21_27_527.jpg,D:\DPS 920\DPS920_final_project\IMG\right_2026_07_28_11_21_27_527.jpg,0.0,1.0,0,30.19048
D:\DPS 920\DPS920_final_project\IMG\center_2026_07_28_11_20_31_523.jpg,D:\DPS 920\DPS920_final_project\IMG\left_2026_07_28_11_20_31_523.jpg,D:\DPS 920\DPS920_final_project\IMG\right_2026_07_28_11_20_31_523.jpg,0.0,1.0,0,30.18995
D:\DPS 920\DPS920_final_project\IMG\center_2026_07_28_11_21_56_117.jpg,D:\DPS 920\DPS920_final_project\IMG\left_2026_07_28_11_21_56_117.jpg,D:\DPS 920\DPS920_final_project\IMG\right_2026_07_28_11_21_56_117.jpg,-0.45,1.0,0,30.15137
D:\DPS 920\DPS920_final_project\IMG\center_2026_07_28_11_22_39_223.jpg,D:\DPS 920\DPS920_final_project\IMG\left_2026_07_28_11_22_39_223.jpg,D:\DPS 920\DPS920_final_project\IMG\right_2026_07_28_11_22_39_223.jpg,-0.15,1.0,0,30.18665
D:\DPS 920\DPS920_final_project\IMG\center_2026_07_28_11_22_41_258.jpg,D:\DPS 920\DPS920_final_project\IMG\left_2026_07_28_11_22_41_258.jpg,D:\DPS 920\DPS920_final_project\IMG\right_2026_07_28_11_22_41_258.jpg,-0.4,1.0,0,30.15771
D:\DPS 920\DPS920_final_project\IMG\center_2026_07_28_11_06_26_157.jpg,D:\DPS 920\DPS920_final_project\IMG\left_2026_07_28_11_06_26_157.jpg,D:\DPS 920\DPS920_final_project\IMG\right_2026_07_28_11_06_26_157.jpg,0.0,1.0,0,30.19065
D:\DPS 920\DPS920_final_project\IMG\center_2026_07_28_11_22_35_077.jpg,D:\DPS 920\DPS920_final_project\IMG\left_2026_07_28_11_22_35_077.jpg,D:\DPS 920\DPS920_final_project\IMG\right_2026_07_28_11_22_35_077.jpg,0.0,1.0,0,30.1904
D:\DPS 920\DPS920_final_project\IMG\center_2026_07_28_11_09_52_345.jpg,D:\DPS 920\DPS920_final_project\IMG\left_2026_07_28_11_09_52_345.jpg,D:\DPS 920\DPS920_final_project\IMG\right_2026_07_28_11_09_52_345.jpg,0.0,1.0,0,30.18744
D:\DPS 920\DPS920_final_project\IMG\center_2026_07_28_11_06_35_816.jpg,D:\DPS 920\DPS920_final_project\IMG\left_2026_07_28_11_06_35_816.jpg,D:\DPS 920\DPS920_final_project\IMG\right_2026_07_28_11_06_35_816.jpg,0.0,1.0,0,30.19044
D:\DPS 920\DPS920_final_project\IMG\center_2026_07_28_11_06_13_107.jpg,D:\DPS 920\DPS920_final_project\IMG\left_2026_07_28_11_06_13_107.jpg,D:\DPS 920\DPS920_final_project\IMG\right_2026_07_28_11_06_13_107.jpg,0.15,1.0,0,30.18444
D:\DPS 920\DPS920_final_project\IMG\center_2026_07_28_11_22_37_740.jpg,D:\DPS 920\DPS920_final_project\IMG\left_2026_07_28_11_22_37_740.jpg,D:\DPS 920\DPS920_final_project\IMG\right_2026_07_28_11_22_37_740.jpg,0.0,1.0,0,30.1903
D:\DPS 920\DPS920_final_project\IMG\center_2026_07_28_11_22_11_716.jpg,D:\DPS 920\DPS920_final_project\IMG\left_2026_07_28_11_22_11_716.jpg,D:\DPS 920\DPS920_final_project\IMG\right_2026_07_28_11_22_11_716.jpg,0.0,1.0,0,30.18991
D:\DPS 920\DPS920_final_project\IMG\center_2026_07_28_11_07_21_191.jpg,D:\DPS 920\DPS920_final_project\IMG\left_2026_07_28_11_07_21_191.jpg,D:\DPS 920\DPS920_final_project\IMG\right_2026_07_28_11_07_21_191.jpg,0.45,1.0,0,30.15507
D:\DPS 920\DPS920_final_project\IMG\center_2026_07_28_11_06_58_033.jpg,D:\DPS 920\DPS920_final_project\IMG\left_2026_07_28_11_06_58_033.jpg,D:\DPS 920\DPS920_final_project\IMG\right_2026_07_28_11_06_58_033.jpg,0.2,1.0,0,30.17986
D:\DPS 920\DPS920_final_project\IMG\center_2026_07_28_11_08_56_917.jpg,D:\DPS 920\DPS920_final_project\IMG\left_2026_07_28_11_08_56_917.jpg,D:\DPS 920\DPS920_final_project\IMG\right_2026_07_28_11_08_56_917.jpg,0.0,1.0,0,30.1903
D:\DPS 920\DPS920_final_project\IMG\center_2026_07_28_11_08_59_452.jpg,D:\DPS 920\DPS920_final_project\IMG\left_2026_07_28_11_08_59_452.jpg,D:\DPS 920\DPS920_final_project\IMG\right_2026_07_28_11_08_59_452.jpg,0.15,1.0,0,30.18563
D:\DPS 920\DPS920_final_project\IMG\center_2026_07_28_11_06_39_278.jpg,D:\DPS 920\DPS920_final_project\IMG\left_2026_07_28_11_06_39_278.jpg,D:\DPS 920\DPS920_final_project\IMG\right_2026_07_28_11_06_39_278.jpg,0.05,1.0,0,30.18976
D:\DPS 920\DPS920_final_project\IMG\center_2026_07_28_11_20_52_501.jpg,D:\DPS 920\DPS920_final_project\IMG\left_2026_07_28_11_20_52_501.jpg,D:\DPS 920\DPS920_final_project\IMG\right_2026_07_28_11_20_52_501.jpg,0.0,1.0,0,30.18922
D:\DPS 920\DPS920_final_project\IMG\center_2026_07_28_11_06_31_293.jpg,D:\DPS 920\DPS920_final_project\IMG\left_2026_07_28_11_06_31_293.jpg,D:\DPS 920\DPS920_final_project\IMG\right_2026_07_28_11_06_31_293.jpg,0.0,1.0,0,30.19031
D:\DPS 920\DPS920_final_project\IMG\center_2026_07_28_11_09_28_859.jpg,D:\DPS 920\DPS920_final_project\IMG\left_2026_07_28_11_09_28_859.jpg,D:\DPS 920\DPS920_final_project\IMG\right_2026_07_28_11_09_28_859.jpg,0.05,1.0,0,30.18868
D:\DPS 920\DPS920_final_project\IMG\center_2026_07_28_11_21_03_255.jpg,D:\DPS 920\DPS920_final_project\IMG\left_2026_07_28_11_21_03_255.jpg,D:\DPS 920\DPS920_final_project\IMG\right_2026_07_28_11_21_03_255.jpg,-0.2,1.0,0,30.1808
D:\DPS 920\DPS920_final_project\IMG\center_2026_07_28_11_07_08_667.jpg,D:\DPS 920\DPS920_final_project\IMG\left_2026_07_28_11_07_08_667.jpg,D:\DPS 920\DPS920_final_project\IMG\right_2026_07_28_11_07_08_667.jpg,0.1,1.0,0,30.18748
D:\DPS 920\DPS920_final_project\IMG\center_2026_07_28_11_20_24_647.jpg,D:\DPS 920\DPS920_final_project\IMG\left_2026_07_28_11_20_24_647.jpg,D:\DPS 920\DPS920_final_project\IMG\right_2026_07_28_11_20_24_647.jpg,0.0,1.0,0,30.19026
D:\DPS 920\DPS920_final_project\IMG\center_2026_07_28_11_07_38_838.jpg,D:\DPS 920\DPS920_final_project\IMG\left_2026_07_28_11_07_38_838.jpg,D:\DPS 920\DPS920_final_project\IMG\right_2026_07_28_11_07_38_838.jpg,0.0,1.0,0,30.18899
D:\DPS 920\DPS920_final_project\IMG\center_2026_07_28_11_20_36_563.jpg,D:\DPS 920\DPS920_final_project\IMG\left_2026_07_28_11_20_36_563.jpg,D:\DPS 920\DPS920_final_project\IMG\right_2026_07_28_11_20_36_563.jpg,0.0,1.0,0,30.18939
D:\DPS 920\DPS920_final_project\IMG\center_2026_07_28_11_19_57_892.jpg,D:\DPS 920\DPS920_final_project\IMG\left_2026_07_28_11_19_57_892.jpg,D:\DPS 920\DPS920_final_project\IMG\right_2026_07_28_11_19_57_892.jpg,-0.25,1.0,0,30.17759
D:\DPS 920\DPS920_final_project\IMG\center_2026_07_28_11_10_06_345.jpg,D:\DPS 920\DPS920_final_project\IMG\left_2026_07_28_11_10_06_345.jpg,D:\DPS 920\DPS920_final_project\IMG\right_2026_07_28_11_10_06_345.jpg,0.15,1.0,0,30.18745
D:\DPS 920\DPS920_final_project\IMG\center_2026_07_28_11_21_51_218.jpg,D:\DPS 920\DPS920_final_project\IMG\left_2026_07_28_11_21_51_218.jpg,D:\DPS 920\DPS920_final_project\IMG\right_2026_07_28_11_21_51_218.jpg,0.0,1.0,0,30.1897
D:\DPS 920\DPS920_final_project\IMG\center_2026_07_28_11_06_49_995.jpg,D:\DPS 920\DPS920_final_project\IMG\left_2026_07_28_11_06_49_995.jpg,D:\DPS 920\DPS920_final_project\IMG\right_2026_07_28_11_06_49_995.jpg,0.15,1.0,0,30.1846
D:\DPS 920\DPS920_final_project\IMG\center_2026_07_28_11_07_12_621.jpg,D:\DPS 920\DPS920_final_project\IMG\left_2026_07_28_11_07_12_621.jpg,D:\DPS 920\DPS920_final_project\IMG\right_2026_07_28_11_07_12_621.jpg,0.25,1.0,0,30.17666
D:\DPS 920\DPS920_final_project\IMG\center_2026_07_28_11_10_22_827.jpg,D:\DPS 920\DPS920_final_project\IMG\left_2026_07_28_11_10_22_827.jpg,D:\DPS 920\DPS920_final_project\IMG\right_2026_07_28_11_10_22_827.jpg,0.05,1.0,0,30.19005
D:\DPS 920\DPS920_final_project\IMG\center_2026_07_28_11_06_06_820.jpg,D:\DPS 920\DPS920_final_project\IMG\left_2026_07_28_11_06_06_820.jpg,D:\DPS 920\DPS920_final_project\IMG\right_2026_07_28_11_06_06_820.jpg,-0.45,1.0,0,30.15606
D:\DPS 920\DPS920_final_project\IMG\center_2026_07_28_11_09_09_446.jpg,D:\DPS 920\DPS920_final_project\IMG\left_2026_07_28_11_09_09_446.jpg,D:\DPS 920\DPS920_final_project\IMG\right_2026_07_28_11_09_09_446.jpg,0.0,1.0,0,30.19063
D:\DPS 920\DPS920_final_project\IMG\center_2026_07_28_11_09_54_918.jpg,D:\DPS 920\DPS920_final_project\IMG\left_2026_07_28_11_09_54_918.jpg,D:\DPS 920\DPS920_final_project\IMG\right_2026_07_28_11_09_54_918.jpg,0.0,1.0,0,30.19008
D:\DPS 920\DPS920_final_project\IMG\center_2026_07_28_11_20_14_280.jpg,D:\DPS 920\DPS920_final_project\IMG\left_2026_07_28_11_20_14_280.jpg,D:\DPS 920\DPS920_final_project\IMG\right_2026_07_28_11_20_14_280.jpg,0.0,1.0,0,30.18995
D:\DPS 920\DPS920_final_project\IMG\center_2026_07_28_11_21_14_381.jpg,D:\DPS 920\DPS920_final_project\IMG\left_2026_07_28_11_21_14_381.jpg,D:\DPS 920\DPS920_final_project\IMG\right_2026_07_28_11_21_14_381.jpg,0.0,1.0,0,30.18996
D:\DPS 920\DPS920_final_project\IMG\center_2026_07_28_11_22_22_487.jpg,D:\DPS 920\DPS920_final_project\IMG\left_2026_07_28_11_22_22_487.jpg,D:\DPS 920\DPS920_final_project\IMG\right_2026_07_28_11_22_22_487.jpg,-0.05,1.0,0,30.19094
D:\DPS 920\DPS920_final_project\IMG\center_2026_07_28_11_07_51_249.jpg,D:\DPS 920\DPS920_final_project\IMG\left_2026_07_28_11_07_51_249.jpg,D:\DPS 920\DPS920_final_project\IMG\right_2026_07_28_11_07_51_249.jpg,0.0,1.0,0,30.19069
D:\DPS 920\DPS920_final_project\IMG\center_2026_07_28_11_05_55_956.jpg,D:\DPS 920\DPS920_final_project\IMG\left_2026_07_28_11_05_55_956.jpg,D:\DPS 920\DPS920_final_project\IMG\right_2026_07_28_11_05_55_956.jpg,0.1,1.0,0,9.120028
D:\DPS 920\DPS920_final_project\IMG\center_2026_07_28_11_10_08_517.jpg,D:\DPS 920\DPS920_final_project\IMG\left_2026_07_28_11_10_08_517.jpg,D:\DPS 920\DPS920_final_project\IMG\right_2026_07_28_11_10_08_517.jpg,0.2,1.0,0,30.18246
D:\DPS 920\DPS920_final_project\IMG\center_2026_07_28_11_10_17_242.jpg,D:\DPS 920\DPS920_final_project\IMG\left_2026_07_28_11_10_17_242.jpg,D:\DPS 920\DPS920_final_project\IMG\right_2026_07_28_11_10_17_242.jpg,-0.45,1.0,0,30.15308
D:\DPS 920\DPS920_final_project\IMG\center_2026_07_28_11_06_55_212.jpg,D:\DPS 920\DPS920_final_project\IMG\left_2026_07_28_11_06_55_212.jpg,D:\DPS 920\DPS920_final_project\IMG\right_2026_07_28_11_06_55_212.jpg,0.0,1.0,0,30.19032
D:\DPS 920\DPS920_final_project\IMG\center_2026_07_28_11_09_26_831.jpg,D:\DPS 920\DPS920_final_project\IMG\left_2026_07_28_11_09_26_831.jpg,D:\DPS 920\DPS920_final_project\IMG\right_2026_07_28_11_09_26_831.jpg,0.3,1.0,0,30.17143
D:\DPS 920\DPS920_final_project\IMG\center_2026_07_28_11_22_41_190.jpg,D:\DPS 920\DPS920_final_project\IMG\left_2026_07_28_11_22_41_190.jpg,D:\DPS 920\DPS920_final_project\IMG\right_2026_07_28_11_22_41_190.jpg,-0.25,1.0,0,30.17594
D:\DPS 920\DPS920_final_project\IMG\center_2026_07_28_11_09_30_297.jpg,D:\DPS 920\DPS920_final_project\IMG\left_2026_07_28_11_09_30_297.jpg,D:\DPS 920\DPS920_final_project\IMG\right_2026_07_28_11_09_30_297.jpg,0.0,1.0,0,30.19034
D:\DPS 920\DPS920_final_project\IMG\center_2026_07_28_11_08_49_409.jpg,D:\DPS 920\DPS920_final_project\IMG\left_2026_07_28_11_08_49_409.jpg,D:\DPS 920\DPS920_final_project\IMG\right_2026_07_28_11_08_49_409.jpg,0.0,1.0,0,30.19015
D:\DPS 920\DPS920_final_project\IMG\center_2026_07_28_11_08_05_840.jpg,D:\DPS 920\DPS920_final_project\IMG\left_2026_07_28_11_08_05_840.jpg,D:\DPS 920\DPS920_final_project\IMG\right_2026_07_28_11_08_05_840.jpg,0.05,1.0,0,30.19012
D:\DPS 920\DPS920_final_project\IMG\center_2026_07_28_11_09_39_240.jpg,D:\DPS 920\DPS920_final_project\IMG\left_2026_07_28_11_09_39_240.jpg,D:\DPS 920\DPS920_final_project\IMG\right_2026_07_28_11_09_39_240.jpg,0.0,1.0,0,30.1903
D:\DPS 920\DPS920_final_project\IMG\center_2026_07_28_11_09_23_758.jpg,D:\DPS 920\DPS920_final_project\IMG\left_2026_07_28_11_09_23_758.jpg,D:\DPS 920\DPS920_final_project\IMG\right_2026_07_28_11_09_23_758.jpg,0.05,1.0,0,30.18991
D:\DPS 920\DPS920_final_project\IMG\center_2026_07_28_11_20_27_888.jpg,D:\DPS 920\DPS920_final_project\IMG\left_2026_07_28_11_20_27_888.jpg,D:\DPS 920\DPS920_final_project\IMG\right_2026_07_28_11_20_27_888.jpg,0.0,1.0,0,30.18619
D:\DPS 920\DPS920_final_project\IMG\center_2026_07_28_11_22_30_482.jpg,D:\DPS 920\DPS920_final_project\IMG\left_2026_07_28_11_22_30_482.jpg,D:\DPS 920\DPS920_final_project\IMG\right_2026_07_28_11_22_30_482.jpg,0.5000001,1.0,0,30.14553
D:\DPS 920\DPS920_final_project\IMG\center_2026_07_28_11_07_52_416.jpg,D:\DPS 920\DPS920_final_project\IMG\left_2026_07_28_11_07_52_416.jpg,D:\DPS 920\DPS920_final_project\IMG\right_2026_07_28_11_07_52_416.jpg,0.05,1.0,0,30.19486
D:\DPS 920\DPS920_final_project\IMG\center_2026_07_28_11_06_16_451.jpg,D:\DPS 920\DPS920_final_project\IMG\left_2026_07_28_11_06_16_451.jpg,D:\DPS 920\DPS920_final_project\IMG\right_2026_07_28_11_06_16_451.jpg,0.0,1.0,0,30.1797
D:\DPS 920\DPS920_final_project\IMG\center_2026_07_28_11_09_51_990.jpg,D:\DPS 920\DPS920_final_project\IMG\left_2026_07_28_11_09_51_990.jpg,D:\DPS 920\DPS920_final_project\IMG\right_2026_07_28_11_09_51_990.jpg,0.25,1.0,0,30.17562
D:\DPS 920\DPS920_final_project\IMG\center_2026_07_28_11_10_05_272.jpg,D:\DPS 920\DPS920_final_project\IMG\left_2026_07_28_11_10_05_272.jpg,D:\DPS 920\DPS920_final_project\IMG\right_2026_07_28_11_10_05_272.jpg,0.25,1.0,0,30.17949
D:\DPS 920\DPS920_final_project\IMG\center_2026_07_28_11_20_29_695.jpg,D:\DPS 920\DPS920_final_project\IMG\left_2026_07_28_11_20_29_695.jpg,D:\DPS 920\DPS920_final_project\IMG\right_2026_07_28_11_20_29_695.jpg,-0.1,1.0,0,30.18919
D:\DPS 920\DPS920_final_project\IMG\center_2026_07_28_11_21_14_448.jpg,D:\DPS 920\DPS920_final_project\IMG\left_2026_07_28_11_21_14_448.jpg,D:\DPS 920\DPS920_final_project\IMG\right_2026_07_28_11_21_14_448.jpg,0.0,1.0,0,30.19025
D:\DPS 920\DPS920_final_project\IMG\center_2026_07_28_11_22_47_036.jpg,D:\DPS 920\DPS920_final_project\IMG\left_2026_07_28_11_22_47_036.jpg,D:\DPS 920\DPS920_final_project\IMG\right_2026_07_28_11_22_47_036.jpg,-0.2,1.0,0,30.18307
D:\DPS 920\DPS920_final_project\IMG\center_2026_07_28_11_20_02_305.jpg,D:\DPS 920\DPS920_final_project\IMG\left_2026_07_28_11_20_02_305.jpg,D:\DPS 920\DPS920_final_project\IMG\right_2026_07_28_11_20_02_305.jpg,-0.35,1.0,0,30.16793
D:\DPS 920\DPS920_final_project\IMG\center_2026_07_28_11_06_08_187.jpg,D:\DPS 920\DPS920_final_project\IMG\left_2026_07_28_11_06_08_187.jpg,D:\DPS 920\DPS920_final_project\IMG\right_2026_07_28_11_06_08_187.jpg,-0.2,1.0,0,30.18222
D:\DPS 920\DPS920_final_project\IMG\center_2026_07_28_11_22_46_589.jpg,D:\DPS 920\DPS920_final_project\IMG\left_2026_07_28_11_22_46_589.jpg,D:\DPS 920\DPS920_final_project\IMG\right_2026_07_28_11_22_46_589.jpg,-0.15,1.0,0,30.1867
D:\DPS 920\DPS920_final_project\IMG\center_2026_07_28_11_07_41_273.jpg,D:\DPS 920\DPS920_final_project\IMG\left_2026_07_28_11_07_41_273.jpg,D:\DPS 920\DPS920_final_project\IMG\right_2026_07_28_11_07_41_273.jpg,0.0,1.0,0,30.1878
D:\DPS 920\DPS920_final_project\IMG\center_2026_07_28_11_07_04_061.jpg,D:\DPS 920\DPS920_final_project\IMG\left_2026_07_28_11_07_04_061.jpg,D:\DPS 920\DPS920_final_project\IMG\right_2026_07_28_11_07_04_061.jpg,0.1,1.0,0,30.18776
D:\DPS 920\DPS920_final_project\IMG\center_2026_07_28_11_06_13_457.jpg,D:\DPS 920\DPS920_final_project\IMG\left_2026_07_28_11_06_13_457.jpg,D:\DPS 920\DPS920_final_project\IMG\right_2026_07_28_11_06_13_457.jpg,0.2,1.0,0,30.18029
D:\DPS 920\DPS920_final_project\IMG\center_2026_07_28_11_10_09_631.jpg,D:\DPS 920\DPS920_final_project\IMG\left_2026_07_28_11_10_09_631.jpg,D:\DPS 920\DPS920_final_project\IMG\right_2026_07_28_11_10_09_631.jpg,0.0,1.0,0,30.19028
D:\DPS 920\DPS920_final_project\IMG\center_2026_07_28_11_21_47_749.jpg,D:\DPS 920\DPS920_final_project\IMG\left_2026_07_28_11_21_47_749.jpg,D:\DPS 920\DPS920_final_project\IMG\right_2026_07_28_11_21_47_749.jpg,0.0,1.0,0,30.19025
D:\DPS 920\DPS920_final_project\IMG\center_2026_07_28_11_09_36_938.jpg,D:\DPS 920\DPS920_final_project\IMG\left_2026_07_28_11_09_36_938.jpg,D:\DPS 920\DPS920_final_project\IMG\right_2026_07_28_11_09_36_938.jpg,0.0,1.0,0,30.19031
D:\DPS 920\DPS920_final_project\IMG\center_2026_07_28_11_05_56_824.jpg,D:\DPS 920\DPS920_final_project\IMG\left_2026_07_28_11_05_56_824.jpg,D:\DPS 920\DPS920_final_project\IMG\right_2026_07_28_11_05_56_824.jpg,0.0,1.0,0,18.30793
D:\DPS 920\DPS920_final_project\IMG\center_2026_07_28_11_06_35_181.jpg,D:\DPS 920\DPS920_final_project\IMG\left_2026_07_28_11_06_35_181.jpg,D:\DPS 920\DPS920_final_project\IMG\right_2026_07_28_11_06_35_181.jpg,0.2,1.0,0,30.18028
D:\DPS 920\DPS920_final_project\IMG\center_2026_07_28_11_22_21_598.jpg,D:\DPS 920\DPS920_final_project\IMG\left_2026_07_28_11_22_21_598.jpg,D:\DPS 920\DPS920_final_project\IMG\right_2026_07_28_11_22_21_598.jpg,-0.2,1.0,0,30.1816
D:\DPS 920\DPS920_final_project\IMG\center_2026_07_28_11_22_30_555.jpg,D:\DPS 920\DPS920_final_project\IMG\left_2026_07_28_11_22_30_555.jpg,D:\DPS 920\DPS920_final_project\IMG\right_2026_07_28_11_22_30_555.jpg,0.6500001,1.0,0,30.12582
D:\DPS 920\DPS920_final_project\IMG\center_2026_07_28_11_06_37_643.jpg,D:\DPS 920\DPS920_final_project\IMG\left_2026_07_28_11_06_37_643.jpg,D:\DPS 920\DPS920_final_project\IMG\right_2026_07_28_11_06_37_643.jpg,0.05,1.0,0,30.19039
D:\DPS 920\DPS920_final_project\IMG\center_2026_07_28_11_21_07_020.jpg,D:\DPS 920\DPS920_final_project\IMG\left_2026_07_28_11_21_07_020.jpg,D:\DPS 920\DPS920_final_project\IMG\right_2026_07_28_11_21_07_020.jpg,0.6000001,1.0,0,30.13399
D:\DPS 920\DPS920_final_project\IMG\center_2026_07_28_11_07_27_529.jpg,D:\DPS 920\DPS920_final_project\IMG\left_2026_07_28_11_07_27_529.jpg,D:\DPS 920\DPS920_final_project\IMG\right_2026_07_28_11_07_27_529.jpg,-0.25,1.0,0,30.17697
D:\DPS 920\DPS920_final_project\IMG\center_2026_07_28_11_07_26_078.jpg,D:\DPS 920\DPS920_final_project\IMG\left_2026_07_28_11_07_26_078.jpg,D:\DPS 920\DPS920_final_project\IMG\right_2026_07_28_11_07_26_078.jpg,0.0,1.0,0,30.19028
D:\DPS 920\DPS920_final_project\IMG\center_2026_07_28_11_22_47_257.jpg,D:\DPS 920\DPS920_final_project\IMG\left_2026_07_28_11_22_47_257.jpg,D:\DPS 920\DPS920_final_project\IMG\right_2026_07_28_11_22_47_257.jpg,-0.7500002,1.0,0,30.11597
D:\DPS 920\DPS920_final_project\IMG\center_2026_07_28_11_07_58_147.jpg,D:\DPS 920\DPS920_final_project\IMG\left_2026_07_28_11_07_58_147.jpg,D:\DPS 920\DPS920_final_project\IMG\right_2026_07_28_11_07_58_147.jpg,0.0,1.0,0,30.19018
D:\DPS 920\DPS920_final_project\IMG\center_2026_07_28_11_21_44_092.jpg,D:\DPS 920\DPS920_final_project\IMG\left_2026_07_28_11_21_44_092.jpg,D:\DPS 920\DPS920_final_project\IMG\right_2026_07_28_11_21_44_092.jpg,0.0,1.0,0,30.1898
D:\DPS 920\DPS920_final_project\IMG\center_2026_07_28_11_21_46_304.jpg,D:\DPS 920\DPS920_final_project\IMG\left_2026_07_28_11_21_46_304.jpg,D:\DPS 920\DPS920_final_project\IMG\right_2026_07_28_11_21_46_304.jpg,-0.1,1.0,0,30.18754
D:\DPS 920\DPS920_final_project\IMG\center_2026_07_28_11_21_59_357.jpg,D:\DPS 920\DPS920_final_project\IMG\left_2026_07_28_11_21_59_357.jpg,D:\DPS 920\DPS920_final_project\IMG\right_2026_07_28_11_21_59_357.jpg,-0.25,1.0,0,30.17575
D:\DPS 920\DPS920_final_project\IMG\center_2026_07_28_11_08_39_014.jpg,D:\DPS 920\DPS920_final_project\IMG\left_2026_07_28_11_08_39_014.jpg,D:\DPS 920\DPS920_final_project\IMG\right_2026_07_28_11_08_39_014.jpg,0.25,1.0,0,30.17539
D:\DPS 920\DPS920_final_project\IMG\center_2026_07_28_11_06_05_504.jpg,D:\DPS 920\DPS920_final_project\IMG\left_2026_07_28_11_06_05_504.jpg,D:\DPS 920\DPS920_final_project\IMG\right_2026_07_28_11_06_05_504.jpg,-0.05,1.0,0,30.18993
D:\DPS 920\DPS920_final_project\IMG\center_2026_07_28_11_21_30_012.jpg,D:\DPS 920\DPS920_final_project\IMG\left_2026_07_28_11_21_30_012.jpg,D:\DPS 920\DPS920_final_project\IMG\right_2026_07_28_11_21_30_012.jpg,-0.15,1.0,0,30.18653
D:\DPS 920\DPS920_final_project\IMG\center_2026_07_28_11_22_32_336.jpg,D:\DPS 920\DPS920_final_project\IMG\left_2026_07_28_11_22_32_336.jpg,D:\DPS 920\DPS920_final_project\IMG\right_2026_07_28_11_22_32_336.jpg,0.0,1.0,0,30.1901
D:\DPS 920\DPS920_final_project\IMG\center_2026_07_28_11_10_20_432.jpg,D:\DPS 920\DPS920_final_project\IMG\left_2026_07_28_11_10_20_432.jpg,D:\DPS 920\DPS920_final_project\IMG\right_2026_07_28_11_10_20_432.jpg,0.0,1.0,0,30.1903
D:\DPS 920\DPS920_final_project\IMG\center_2026_07_28_11_20_32_294.jpg,D:\DPS 920\DPS920_final_project\IMG\left_2026_07_28_11_20_32_294.jpg,D:\DPS 920\DPS920_final_project\IMG\right_2026_07_28_11_20_32_294.jpg,-0.15,1.0,0,30.18327
D:\DPS 920\DPS920_final_project\IMG\center_2026_07_28_11_10_02_359.jpg,D:\DPS 920\DPS920_final_project\IMG\left_2026_07_28_11_10_02_359.jpg,D:\DPS 920\DPS920_final_project\IMG\right_2026_07_28_11_10_02_359.jpg,0.2,1.0,0,30.18061
D:\DPS 920\DPS920_final_project\IMG\center_2026_07_28_11_22_44_906.jpg,D:\DPS 920\DPS920_final_project\IMG\left_2026_07_28_11_22_44_906.jpg,D:\DPS 920\DPS920_final_project\IMG\right_2026_07_28_11_22_44_906.jpg,-0.05,1.0,0,30.18959
D:\DPS 920\DPS920_final_project\IMG\center_2026_07_28_11_21_21_019.jpg,D:\DPS 920\DPS920_final_project\IMG\left_2026_07_28_11_21_21_019.jpg,D:\DPS 920\DPS920_final_project\IMG\right_2026_07_28_11_21_21_019.jpg,-0.1,1.0,0,30.19
D:\DPS 920\DPS920_final_project\IMG\center_2026_07_28_11_20_33_999.jpg,D:\DPS 920\DPS920_final_project\IMG\left_2026_07_28_11_20_33_999.jpg,D:\DPS 920\DPS920_final_project\IMG\right_2026_07_28_11_20_33_999.jpg,-0.05,1.0,0,30.19046
D:\DPS 920\DPS920_final_project\IMG\center_2026_07_28_11_09_24_964.jpg,D:\DPS 920\DPS920_final_project\IMG\left_2026_07_28_11_09_24_964.jpg,D:\DPS 920\DPS920_final_project\IMG\right_2026_07_28_11_09_24_964.jpg,0.3,1.0,0,30.17149
D:\DPS 920\DPS920_final_project\IMG\center_2026_07_28_11_06_30_350.jpg,D:\DPS 920\DPS920_final_project\IMG\left_2026_07_28_11_06_30_350.jpg,D:\DPS 920\DPS920_final_project\IMG\right_2026_07_28_11_06_30_350.jpg,0.2,1.0,0,30.18076
D:\DPS 920\DPS920_final_project\IMG\center_2026_07_28_11_08_30_173.jpg,D:\DPS 920\DPS920_final_project\IMG\left_2026_07_28_11_08_30_173.jpg,D:\DPS 920\DPS920_final_project\IMG\right_2026_07_28_11_08_30_173.jpg,0.0,1.0,0,30.19043
D:\DPS 920\DPS920_final_project\IMG\center_2026_07_28_11_06_04_704.jpg,D:\DPS 920\DPS920_final_project\IMG\left_2026_07_28_11_06_04_704.jpg,D:\DPS 920\DPS920_final_project\IMG\right_2026_07_28_11_06_04_704.jpg,-0.1,1.0,0,30.19027
D:\DPS 920\DPS920_final_project\IMG\center_2026_07_28_11_22_46_812.jpg,D:\DPS 920\DPS920_final_project\IMG\left_2026_07_28_11_22_46_812.jpg,D:\DPS 920\DPS920_final_project\IMG\right_2026_07_28_11_22_46_812.jpg,-0.1,1.0,0,30.18971
D:\DPS 920\DPS920_final_project\IMG\center_2026_07_28_11_09_41_918.jpg,D:\DPS 920\DPS920_final_project\IMG\left_2026_07_28_11_09_41_918.jpg,D:\DPS 920\DPS920_final_project\IMG\right_2026_07_28_11_09_41_918.jpg,0.0,1.0,0,30.19013
D:\DPS 920\DPS920_final_project\IMG\center_2026_07_28_11_22_03_249.jpg,D:\DPS 920\DPS920_final_project\IMG\left_2026_07_28_11_22_03_249.jpg,D:\DPS 920\DPS920_final_project\IMG\right_2026_07_28_11_22_03_249.jpg,-0.25,1.0,0,30.17642
D:\DPS 920\DPS920_final_project\IMG\center_2026_07_28_11_07_21_120.jpg,D:\DPS 920\DPS920_final_project\IMG\left_2026_07_28_11_07_21_120.jpg,D:\DPS 920\DPS920_final_project\IMG\right_2026_07_28_11_07_21_120.jpg,0.25,1.0,0,30.17945
D:\DPS 920\DPS920_final_project\IMG\center_2026_07_28_11_07_10_417.jpg,D:\DPS 920\DPS920_final_project\IMG\left_2026_07_28_11_07_10_417.jpg,D:\DPS 920\DPS920_final_project\IMG\right_2026_07_28_11_07_10_417.jpg,0.45,1.0,0,30.15117
D:\DPS 920\DPS920_final_project\IMG\center_2026_07_28_11_08_07_190.jpg,D:\DPS 920\DPS920_final_project\IMG\left_2026_07_28_11_08_07_190.jpg,D:\DPS 920\DPS920_final_project\IMG\right_2026_07_28_11_08_07_190.jpg,0.2,1.0,0,30.18129
D:\DPS 920\DPS920_final_project\IMG\center_2026_07_28_11_21_51_142.jpg,D:\DPS 920\DPS920_final_project\IMG\left_2026_07_28_11_21_51_142.jpg,D:\DPS 920\DPS920_final_project\IMG\right_2026_07_28_11_21_51_142.jpg,-0.2,1.0,0,30.18134
D:\DPS 920\DPS920_final_project\IMG\center_2026_07_28_11_08_42_423.jpg,D:\DPS 920\DPS920_final_project\IMG\left_2026_07_28_11_08_42_423.jpg,D:\DPS 920\DPS920_final_project\IMG\right_2026_07_28_11_08_42_423.jpg,0.5500001,1.0,0,30.1401
D:\DPS 920\DPS920_final_project\IMG\center_2026_07_28_11_22_39_850.jpg,D:\DPS 920\DPS920_final_project\IMG\left_2026_07_28_11_22_39_850.jpg,D:\DPS 920\DPS920_final_project\IMG\right_2026_07_28_11_22_39_850.jpg,-0.05,1.0,0,30.19026
D:\DPS 920\DPS920_final_project\IMG\center_2026_07_28_11_07_38_141.jpg,D:\DPS 920\DPS920_final_project\IMG\left_2026_07_28_11_07_38_141.jpg,D:\DPS 920\DPS920_final_project\IMG\right_2026_07_28_11_07_38_141.jpg,0.4,1.0,0,30.15833
D:\DPS 920\DPS920_final_project\IMG\center_2026_07_28_11_22_29_413.jpg,D:\DPS 920\DPS920_final_project\IMG\left_2026_07_28_11_22_29_413.jpg,D:\DPS 920\DPS920_final_project\IMG\right_2026_07_28_11_22_29_413.jpg,0.15,1.0,0,30.18476
D:\DPS 920\DPS920_final_project\IMG\center_2026_07_28_11_09_00_589.jpg,D:\DPS 920\DPS920_final_project\IMG\left_2026_07_28_11_09_00_589.jpg,D:\DPS 920\DPS920_final_project\IMG\right_2026_07_28_11_09_00_589.jpg,0.25,1.0,0,30.17737
D:\DPS 920\DPS920_final_project\IMG\center_2026_07_28_11_07_56_040.jpg,D:\DPS 920\DPS920_final_project\IMG\left_2026_07_28_11_07_56_040.jpg,D:\DPS 920\DPS920_final_project\IMG\right_2026_07_28_11_07_56_040.jpg,0.0,1.0,0,30.18654
D:\DPS 920\DPS920_final_project\IMG\center_2026_07_28_11_09_26_761.jpg,D:\DPS 920\DPS920_final_project\IMG\left_2026_07_28_11_09_26_761.jpg,D:\DPS 920\DPS920_final_project\IMG\right_2026_07_28_11_09_26_761.jpg,0.1,1.0,0,30.1896
D:\DPS 920\DPS920_final_project\IMG\center_2026_07_28_11_06_05_217.jpg,D:\DPS 920\DPS920_final_project\IMG\left_2026_07_28_11_06_05_217.jpg,D:\DPS 920\DPS920_final_project\IMG\right_2026_07_28_11_06_05_217.jpg,-0.05,1.0,0,30.19085
D:\DPS 920\DPS920_final_project\IMG\center_2026_07_28_11_22_39_078.jpg,D:\DPS 920\DPS920_final_project\IMG\left_2026_07_28_11_22_39_078.jpg,D:\DPS 920\DPS920_final_project\IMG\right_2026_07_28_11_22_39_078.jpg,-0.3,1.0,0,30.16974
D:\DPS 920\DPS920_final_project\IMG\center_2026_07_28_11_09_44_636.jpg,D:\DPS 920\DPS920_final_project\IMG\left_2026_07_28_11_09_44_636.jpg,D:\DPS 920\DPS920_final_project\IMG\right_2026_07_28_11_09_44_636.jpg,0.0,1.0,0,30.19017
D:\DPS 920\DPS920_final_project\IMG\center_2026_07_28_11_10_24_908.jpg,D:\DPS 920\DPS920_final_project\IMG\left_2026_07_28_11_10_24_908.jpg,D:\DPS 920\DPS920_final_project\IMG\right_2026_07_28_11_10_24_908.jpg,0.3,1.0,0,30.16924
D:\DPS 920\DPS920_final_project\IMG\center_2026_07_28_11_10_16_616.jpg,D:\DPS 920\DPS920_final_project\IMG\left_2026_07_28_11_10_16_616.jpg,D:\DPS 920\DPS920_final_project\IMG\right_2026_07_28_11_10_16_616.jpg,-0.5500001,1.0,0,30.14386
D:\DPS 920\DPS920_final_project\IMG\center_2026_07_28_11_21_06_455.jpg,D:\DPS 920\DPS920_final_project\IMG\left_2026_07_28_11_21_06_455.jpg,D:\DPS 920\DPS920_final_project\IMG\right_2026_07_28_11_21_06_455.jpg,0.05,1.0,0,30.18989
D:\DPS 920\DPS920_final_project\IMG\center_2026_07_28_11_06_35_748.jpg,D:\DPS 920\DPS920_final_project\IMG\left_2026_07_28_11_06_35_748.jpg,D:\DPS 920\DPS920_final_project\IMG\right_2026_07_28_11_06_35_748.jpg,0.0,1.0,0,30.1908
D:\DPS 920\DPS920_final_project\IMG\center_2026_07_28_11_22_22_189.jpg,D:\DPS 920\DPS920_final_project\IMG\left_2026_07_28_11_22_22_189.jpg,D:\DPS 920\DPS920_final_project\IMG\right_2026_07_28_11_22_22_189.jpg,-0.4,1.0,0,30.16292
D:\DPS 920\DPS920_final_project\IMG\center_2026_07_28_11_20_25_951.jpg,D:\DPS 920\DPS920_final_project\IMG\left_2026_07_28_11_20_25_951.jpg,D:\DPS 920\DPS920_final_project\IMG\right_2026_07_28_11_20_25_951.jpg,0.0,1.0,0,30.19005
D:\DPS 920\DPS920_final_project\IMG\center_2026_07_28_11_07_51_839.jpg,D:\DPS 920\DPS920_final_project\IMG\left_2026_07_28_11_07_51_839.jpg,D:\DPS 920\DPS920_final_project\IMG\right_2026_07_28_11_07_51_839.jpg,0.0,1.0,0,30.19067
D:\DPS 920\DPS920_final_project\IMG\center_2026_07_28_11_08_23_297.jpg,D:\DPS 920\DPS920_final_project\IMG\left_2026_07_28_11_08_23_297.jpg,D:\DPS 920\DPS920_final_project\IMG\right_2026_07_28_11_08_23_297.jpg,0.05,1.0,0,30.18972
D:\DPS 920\DPS920_final_project\IMG\center_2026_07_28_11_08_21_860.jpg,D:\DPS 920\DPS920_final_project\IMG\left_2026_07_28_11_08_21_860.jpg,D:\DPS 920\DPS920_final_project\IMG\right_2026_07_28_11_08_21_860.jpg,0.15,1.0,0,30.18564
D:\DPS 920\DPS920_final_project\IMG\center_2026_07_28_11_09_08_223.jpg,D:\DPS 920\DPS920_final_project\IMG\left_2026_07_28_11_09_08_223.jpg,D:\DPS 920\DPS920_final_project\IMG\right_2026_07_28_11_09_08_223.jpg,-0.05,1.0,0,30.19007
D:\DPS 920\DPS920_final_project\IMG\center_2026_07_28_11_20_56_063.jpg,D:\DPS 920\DPS920_final_project\IMG\left_2026_07_28_11_20_56_063.jpg,D:\DPS 920\DPS920_final_project\IMG\right_2026_07_28_11_20_56_063.jpg,0.0,1.0,0,30.19041
D:\DPS 920\DPS920_final_project\IMG\center_2026_07_28_11_06_44_447.jpg,D:\DPS 920\DPS920_final_project\IMG\left_2026_07_28_11_06_44_447.jpg,D:\DPS 920\DPS920_final_project\IMG\right_2026_07_28_11_06_44_447.jpg,0.0,1.0,0,30.19033
D:\DPS 920\DPS920_final_project\IMG\center_2026_07_28_11_09_25_496.jpg,D:\DPS 920\DPS920_final_project\IMG\left_2026_07_28_11_09_25_496.jpg,D:\DPS 920\DPS920_final_project\IMG\right_2026_07_28_11_09_25_496.jpg,0.2,1.0,0,30.18488
D:\DPS 920\DPS920_final_project\IMG\center_2026_07_28_11_20_36_283.jpg,D:\DPS 920\DPS920_final_project\IMG\left_2026_07_28_11_20_36_283.jpg,D:\DPS 920\DPS920_final_project\IMG\right_2026_07_28_11_20_36_283.jpg,-0.3,1.0,0,30.17632
D:\DPS 920\DPS920_final_project\IMG\center_2026_07_28_11_21_06_313.jpg,D:\DPS 920\DPS920_final_project\IMG\left_2026_07_28_11_21_06_313.jpg,D:\DPS 920\DPS920_final_project\IMG\right_2026_07_28_11_21_06_313.jpg,0.15,1.0,0,30.18423
D:\DPS 920\DPS920_final_project\IMG\center_2026_07_28_11_09_56_169.jpg,D:\DPS 920\DPS920_final_project\IMG\left_2026_07_28_11_09_56_169.jpg,D:\DPS 920\DPS920_final_project\IMG\right_2026_07_28_11_09_56_169.jpg,0.0,1.0,0,30.18975
D:\DPS 920\DPS920_final_project\IMG\center_2026_07_28_11_07_09_760.jpg,D:\DPS 920\DPS920_final_project\IMG\left_2026_07_28_11_07_09_760.jpg,D:\DPS 920\DPS920_final_project\IMG\right_2026_07_28_11_07_09_760.jpg,0.2,1.0,0,30.1807
D:\DPS 920\DPS920_final_project\IMG\center_2026_07_28_11_21_18_532.jpg,D:\DPS 920\DPS920_final_project\IMG\left_2026_07_28_11_21_18_532.jpg,D:\DPS 920\DPS920_final_project\IMG\right_2026_07_28_11_21_18_532.jpg,-0.4,1.0,0,30.16488
D:\DPS 920\DPS920_final_project\IMG\center_2026_07_28_11_09_23_220.jpg,D:\DPS 920\DPS920_final_project\IMG\left_2026_07_28_11_09_23_220.jpg,D:\DPS 920\DPS920_final_project\IMG\right_2026_07_28_11_09_23_220.jpg,0.05,1.0,0,30.18911
D:\DPS 920\DPS920_final_project\IMG\center_2026_07_28_11_20_26_096.jpg,D:\DPS 920\DPS920_final_project\IMG\left_2026_07_28_11_20_26_096.jpg,D:\DPS 920\DPS920_final_project\IMG\right_2026_07_28_11_20_26_096.jpg,-0.1,1.0,0,30.18802
D:\DPS 920\DPS920_final_project\IMG\center_2026_07_28_11_22_23_979.jpg,D:\DPS 920\DPS920_final_project\IMG\left_2026_07_28_11_22_23_979.jpg,D:\DPS 920\DPS920_final_project\IMG\right_2026_07_28_11_22_23_979.jpg,-0.15,1.0,0,30.1875
D:\DPS 920\DPS920_final_project\IMG\center_2026_07_28_11_20_05_266.jpg,D:\DPS 920\DPS920_final_project\IMG\left_2026_07_28_11_20_05_266.jpg,D:\DPS 920\DPS920_final_project\IMG\right_2026_07_28_11_20_05_266.jpg,0.0,1.0,0,30.19002
D:\DPS 920\DPS920_final_project\IMG\center_2026_07_28_11_21_24_641.jpg,D:\DPS 920\DPS920_final_project\IMG\left_2026_07_28_11_21_24_641.jpg,D:\DPS 920\DPS920_final_project\IMG\right_2026_07_28_11_21_24_641.jpg,-0.15,1.0,0,30.18558
D:\DPS 920\DPS920_final_project\IMG\center_2026_07_28_11_07_40_991.jpg,D:\DPS 920\DPS920_final_project\IMG\left_2026_07_28_11_07_40_991.jpg,D:\DPS 920\DPS920_final_project\IMG\right_2026_07_28_11_07_40_991.jpg,0.45,1.0,0,30.15421
D:\DPS 920\DPS920_final_project\IMG\center_2026_07_28_11_20_23_503.jpg,D:\DPS 920\DPS920_final_project\IMG\left_2026_07_28_11_20_23_503.jpg,D:\DPS 920\DPS920_final_project\IMG\right_2026_07_28_11_20_23_503.jpg,-0.05,1.0,0,30.18977
D:\DPS 920\DPS920_final_project\IMG\center_2026_07_28_11_09_09_080.jpg,D:\DPS 920\DPS920_final_project\IMG\left_2026_07_28_11_09_09_080.jpg,D:\DPS 920\DPS920_final_project\IMG\right_2026_07_28_11_09_09_080.jpg,0.0,1.0,0,30.19061
D:\DPS 920\DPS920_final_project\IMG\center_2026_07_28_11_22_39_364.jpg,D:\DPS 920\DPS920_final_project\IMG\left_2026_07_28_11_22_39_364.jpg,D:\DPS 920\DPS920_final_project\IMG\right_2026_07_28_11_22_39_364.jpg,-0.05,1.0,0,30.19004
D:\DPS 920\DPS920_final_project\IMG\center_2026_07_28_11_07_27_667.jpg,D:\DPS 920\DPS920_final_project\IMG\left_2026_07_28_11_07_27_667.jpg,D:\DPS 920\DPS920_final_project\IMG\right_2026_07_28_11_07_27_667.jpg,0.0,1.0,0,30.18982
D:\DPS 920\DPS920_final_project\IMG\center_2026_07_28_11_22_02_054.jpg,D:\DPS 920\DPS920_final_project\IMG\left_2026_07_28_11_22_02_054.jpg,D:\DPS 920\DPS920_final_project\IMG\right_2026_07_28_11_22_02_054.jpg,-0.25,1.0,0,30.17807
D:\DPS 920\DPS920_final_project\IMG\center_2026_07_28_11_09_59_838.jpg,D:\DPS 920\DPS920_final_project\IMG\left_2026_07_28_11_09_59_838.jpg,D:\DPS 920\DPS920_final_project\IMG\right_2026_07_28_11_09_59_838.jpg,0.2,1.0,0,30.18251
D:\DPS 920\DPS920_final_project\IMG\center_2026_07_28_11_08_14_647.jpg,D:\DPS 920\DPS920_final_project\IMG\left_2026_07_28_11_08_14_647.jpg,D:\DPS 920\DPS920_final_project\IMG\right_2026_07_28_11_08_14_647.jpg,0.0,1.0,0,30.19021
D:\DPS 920\DPS920_final_project\IMG\center_2026_07_28_11_09_03_913.jpg,D:\DPS 920\DPS920_final_project\IMG\left_2026_07_28_11_09_03_913.jpg,D:\DPS 920\DPS920_final_project\IMG\right_2026_07_28_11_09_03_913.jpg,0.15,1.0,0,30.18871
D:\DPS 920\DPS920_final_project\IMG\center_2026_07_28_11_08_18_813.jpg,D:\DPS 920\DPS920_final_project\IMG\left_2026_07_28_11_08_18_813.jpg,D:\DPS 920\DPS920_final_project\IMG\right_2026_07_28_11_08_18_813.jpg,0.1,1.0,0,30.18768
D:\DPS 920\DPS920_final_project\IMG\center_2026_07_28_11_21_04_607.jpg,D:\DPS 920\DPS920_final_project\IMG\left_2026_07_28_11_21_04_607.jpg,D:\DPS 920\DPS920_final_project\IMG\right_2026_07_28_11_21_04_607.jpg,-0.1,1.0,0,30.18764
D:\DPS 920\DPS920_final_project\IMG\center_2026_07_28_11_19_56_363.jpg,D:\DPS 920\DPS920_final_project\IMG\left_2026_07_28_11_19_56_363.jpg,D:\DPS 920\DPS920_final_project\IMG\right_2026_07_28_11_19_56_363.jpg,-0.3,1.0,0,24.40139
D:\DPS 920\DPS920_final_project\IMG\center_2026_07_28_11_10_02_655.jpg,D:\DPS 920\DPS920_final_project\IMG\left_2026_07_28_11_10_02_655.jpg,D:\DPS 920\DPS920_final_project\IMG\right_2026_07_28_11_10_02_655.jpg,0.45,1.0,0,30.15388
D:\DPS 920\DPS920_final_project\IMG\center_2026_07_28_11_20_14_132.jpg,D:\DPS 920\DPS920_final_project\IMG\left_2026_07_28_11_20_14_132.jpg,D:\DPS 920\DPS920_final_project\IMG\right_2026_07_28_11_20_14_132.jpg,0.0,1.0,0,30.1903
D:\DPS 920\DPS920_final_project\IMG\center_2026_07_28_11_21_57_062.jpg,D:\DPS 920\DPS920_final_project\IMG\left_2026_07_28_11_21_57_062.jpg,D:\DPS 920\DPS920_final_project\IMG\right_2026_07_28_11_21_57_062.jpg,-0.2,1.0,0,30.18006
D:\DPS 920\DPS920_final_project\IMG\center_2026_07_28_11_22_22_558.jpg,D:\DPS 920\DPS920_final_project\IMG\left_2026_07_28_11_22_22_558.jpg,D:\DPS 920\DPS920_final_project\IMG\right_2026_07_28_11_22_22_558.jpg,-0.2,1.0,0,30.18449
D:\DPS 920\DPS920_final_project\IMG\center_2026_07_28_11_19_54_906.jpg,D:\DPS 920\DPS920_final_project\IMG\left_2026_07_28_11_19_54_906.jpg,D:\DPS 920\DPS920_final_project\IMG\right_2026_07_28_11_19_54_906.jpg,-0.25,1.0,0,10.05292
D:\DPS 920\DPS920_final_project\IMG\center_2026_07_28_11_09_17_530.jpg,D:\DPS 920\DPS920_final_project\IMG\left_2026_07_28_11_09_17_530.jpg,D:\DPS 920\DPS920_final_project\IMG\right_2026_07_28_11_09_17_530.jpg,0.0,1.0,0,30.1903
D:\DPS 920\DPS920_final_project\IMG\center_2026_07_28_11_10_08_886.jpg,D:\DPS 920\DPS920_final_project\IMG\left_2026_07_28_11_10_08_886.jpg,D:\DPS 920\DPS920_final_project\IMG\right_2026_07_28_11_10_08_886.jpg,0.25,1.0,0,30.17552
D:\DPS 920\DPS920_final_project\IMG\center_2026_07_28_11_09_35_277.jpg,D:\DPS 920\DPS920_final_project\IMG\left_2026_07_28_11_09_35_277.jpg,D:\DPS 920\DPS920_final_project\IMG\right_2026_07_28_11_09_35_277.jpg,0.05,1.0,0,30.1898
D:\DPS 920\DPS920_final_project\IMG\center_2026_07_28_11_22_12_231.jpg,D:\DPS 920\DPS920_final_project\IMG\left_2026_07_28_11_22_12_231.jpg,D:\DPS 920\DPS920_final_project\IMG\right_2026_07_28_11_22_12_231.jpg,0.0,1.0,0,30.18995
D:\DPS 920\DPS920_final_project\IMG\center_2026_07_28_11_08_43_507.jpg,D:\DPS 920\DPS920_final_project\IMG\left_2026_07_28_11_08_43_507.jpg,D:\DPS 920\DPS920_final_project\IMG\right_2026_07_28_11_08_43_507.jpg,0.15,1.0,0,30.18587
D:\DPS 920\DPS920_final_project\IMG\center_2026_07_28_11_19_58_392.jpg,D:\DPS 920\DPS920_final_project\IMG\left_2026_07_28_11_19_58_392.jpg,D:\DPS 920\DPS920_final_project\IMG\right_2026_07_28_11_19_58_392.jpg,-0.15,1.0,0,30.18753
D:\DPS 920\DPS920_final_project\IMG\center_2026_07_28_11_07_59_432.jpg,D:\DPS 920\DPS920_final_project\IMG\left_2026_07_28_11_07_59_432.jpg,D:\DPS 920\DPS920_final_project\IMG\right_2026_07_28_11_07_59_432.jpg,0.15,1.0,0,30.18444
D:\DPS 920\DPS920_final_project\IMG\center_2026_07_28_11_22_41_824.jpg,D:\DPS 920\DPS920_final_project\IMG\left_2026_07_28_11_22_41_824.jpg,D:\DPS 920\DPS920_final_project\IMG\right_2026_07_28_11_22_41_824.jpg,-0.1,1.0,0,30.18872
D:\DPS 920\DPS920_final_project\IMG\center_2026_07_28_11_06_14_301.jpg,D:\DPS 920\DPS920_final_project\IMG\left_2026_07_28_11_06_14_301.jpg,D:\DPS 920\DPS920_final_project\IMG\right_2026_07_28_11_06_14_301.jpg,0.0,1.0,0,30.18918
D:\DPS 920\DPS920_final_project\IMG\center_2026_07_28_11_10_01_352.jpg,D:\DPS 920\DPS920_final_project\IMG\left_2026_07_28_11_10_01_352.jpg,D:\DPS 920\DPS920_final_project\IMG\right_2026_07_28_11_10_01_352.jpg,0.2,1.0,0,30.17957
D:\DPS 920\DPS920_final_project\IMG\center_2026_07_28_11_09_35_126.jpg,D:\DPS 920\DPS920_final_project\IMG\left_2026_07_28_11_09_35_126.jpg,D:\DPS 920\DPS920_final_project\IMG\right_2026_07_28_11_09_35_126.jpg,0.0,1.0,0,30.19024
D:\DPS 920\DPS920_final_project\IMG\center_2026_07_28_11_07_08_167.jpg,D:\DPS 920\DPS920_final_project\IMG\left_2026_07_28_11_07_08_167.jpg,D:\DPS 920\DPS920_final_project\IMG\right_2026_07_28_11_07_08_167.jpg,0.1,1.0,0,30.18754
D:\DPS 920\DPS920_final_project\IMG\center_2026_07_28_11_20_09_102.jpg,D:\DPS 920\DPS920_final_project\IMG\left_2026_07_28_11_20_09_102.jpg,D:\DPS 920\DPS920_final_project\IMG\right_2026_07_28_11_20_09_102.jpg,0.0,1.0,0,30.19027
D:\DPS 920\DPS920_final_project\IMG\center_2026_07_28_11_21_01_973.jpg,D:\DPS 920\DPS920_final_project\IMG\left_2026_07_28_11_21_01_973.jpg,D:\DPS 920\DPS920_final_project\IMG\right_2026_07_28_11_21_01_973.jpg,-0.15,1.0,0,30.18461
D:\DPS 920\DPS920_final_project\IMG\center_2026_07_28_11_10_25_913.jpg,D:\DPS 920\DPS920_final_project\IMG\left_2026_07_28_11_10_25_913.jpg,D:\DPS 920\DPS920_final_project\IMG\right_2026_07_28_11_10_25_913.jpg,0.05,1.0,0,30.19032
D:\DPS 920\DPS920_final_project\IMG\center_2026_07_28_11_10_28_450.jpg,D:\DPS 920\DPS920_final_project\IMG\left_2026_07_28_11_10_28_450.jpg,D:\DPS 920\DPS920_final_project\IMG\right_2026_07_28_11_10_28_450.jpg,0.0,1.0,0,30.19028
D:\DPS 920\DPS920_final_project\IMG\center_2026_07_28_11_21_29_351.jpg,D:\DPS 920\DPS920_final_project\IMG\left_2026_07_28_11_21_29_351.jpg,D:\DPS 920\DPS920_final_project\IMG\right_2026_07_28_11_21_29_351.jpg,-0.25,1.0,0,30.17659
D:\DPS 920\DPS920_final_project\IMG\center_2026_07_28_11_20_09_560.jpg,D:\DPS 920\DPS920_final_project\IMG\left_2026_07_28_11_20_09_560.jpg,D:\DPS 920\DPS920_final_project\IMG\right_2026_07_28_11_20_09_560.jpg,0.0,1.0,0,30.19026
D:\DPS 920\DPS920_final_project\IMG\center_2026_07_28_11_09_06_267.jpg,D:\DPS 920\DPS920_final_project\IMG\left_2026_07_28_11_09_06_267.jpg,D:\DPS 920\DPS920_final_project\IMG\right_2026_07_28_11_09_06_267.jpg,0.0,1.0,0,30.19092
D:\DPS 920\DPS920_final_project\IMG\center_2026_07_28_11_07_37_020.jpg,D:\DPS 920\DPS920_final_project\IMG\left_2026_07_28_11_07_37_020.jpg,D:\DPS 920\DPS920_final_project\IMG\right_2026_07_28_11_07_37_020.jpg,0.0,1.0,0,30.19007
D:\DPS 920\DPS920_final_project\IMG\center_2026_07_28_11_07_04_362.jpg,D:\DPS 920\DPS920_final_project\IMG\left_2026_07_28_11_07_04_362.jpg,D:\DPS 920\DPS920_final_project\IMG\right_2026_07_28_11_07_04_362.jpg,0.0,1.0,0,30.19035
D:\DPS 920\DPS920_final_project\IMG\center_2026_07_28_11_08_55_959.jpg,D:\DPS 920\DPS920_final_project\IMG\left_2026_07_28_11_08_55_959.jpg,D:\DPS 920\DPS920_final_project\IMG\right_2026_07_28_11_08_55_959.jpg,0.0,1.0,0,30.19031
D:\DPS 920\DPS920_final_project\IMG\center_2026_07_28_11_20_53_818.jpg,D:\DPS 920\DPS920_final_project\IMG\left_2026_07_28_11_20_53_818.jpg,D:\DPS 920\DPS920_final_project\IMG\right_2026_07_28_11_20_53_818.jpg,0.0,1.0,0,30.1894
D:\DPS 920\DPS920_final_project\IMG\center_2026_07_28_11_21_23_084.jpg,D:\DPS 920\DPS920_final_project\IMG\left_2026_07_28_11_21_23_084.jpg,D:\DPS 920\DPS920_final_project\IMG\right_2026_07_28_11_21_23_084.jpg,-0.05,1.0,0,30.19105
D:\DPS 920\DPS920_final_project\IMG\center_2026_07_28_11_08_19_378.jpg,D:\DPS 920\DPS920_final_project\IMG\left_2026_07_28_11_08_19_378.jpg,D:\DPS 920\DPS920_final_project\IMG\right_2026_07_28_11_08_19_378.jpg,0.05,1.0,0,30.18967
D:\DPS 920\DPS920_final_project\IMG\center_2026_07_28_11_09_34_821.jpg,D:\DPS 920\DPS920_final_project\IMG\left_2026_07_28_11_09_34_821.jpg,D:\DPS 920\DPS920_final_project\IMG\right_2026_07_28_11_09_34_821.jpg,0.15,1.0,0,30.18512
D:\DPS 920\DPS920_final_project\IMG\center_2026_07_28_11_09_25_265.jpg,D:\DPS 920\DPS920_final_project\IMG\left_2026_07_28_11_09_25_265.jpg,D:\DPS 920\DPS920_final_project\IMG\right_2026_07_28_11_09_25_265.jpg,0.3,1.0,0,30.17155
D:\DPS 920\DPS920_final_project\IMG\center_2026_07_28_11_09_27_113.jpg,D:\DPS 920\DPS920_final_project\IMG\left_2026_07_28_11_09_27_113.jpg,D:\DPS 920\DPS920_final_project\IMG\right_2026_07_28_11_09_27_113.jpg,0.35,1.0,0,30.16596
D:\DPS 920\DPS920_final_project\IMG\center_2026_07_28_11_22_38_574.jpg,D:\DPS 920\DPS920_final_project\IMG\left_2026_07_28_11_22_38_574.jpg,D:\DPS 920\DPS920_final_project\IMG\right_2026_07_28_11_22_38_574.jpg,-0.15,1.0,0,30.18425
D:\DPS 920\DPS920_final_project\IMG\center_2026_07_28_11_07_09_465.jpg,D:\DPS 920\DPS920_final_project\IMG\left_2026_07_28_11_07_09_465.jpg,D:\DPS 920\DPS920_final_project\IMG\right_2026_07_28_11_07_09_465.jpg,0.25,1.0,0,30.1766
D:\DPS 920\DPS920_final_project\IMG\center_2026_07_28_11_09_18_017.jpg,D:\DPS 920\DPS920_final_project\IMG\left_2026_07_28_11_09_18_017.jpg,D:\DPS 920\DPS920_final_project\IMG\right_2026_07_28_11_09_18_017.jpg,0.25,1.0,0,30.17476
D:\DPS 920\DPS920_final_project\IMG\center_2026_07_28_11_22_05_613.jpg,D:\DPS 920\DPS920_final_project\IMG\left_2026_07_28_11_22_05_613.jpg,D:\DPS 920\DPS920_final_project\IMG\right_2026_07_28_11_22_05_613.jpg,-0.1,1.0,0,30.1886
D:\DPS 920\DPS920_final_project\IMG\center_2026_07_28_11_09_52_275.jpg,D:\DPS 920\DPS920_final_project\IMG\left_2026_07_28_11_09_52_275.jpg,D:\DPS 920\DPS920_final_project\IMG\right_2026_07_28_11_09_52_275.jpg,0.1,1.0,0,30.18813
D:\DPS 920\DPS920_final_project\IMG\center_2026_07_28_11_22_42_891.jpg,D:\DPS 920\DPS920_final_project\IMG\left_2026_07_28_11_22_42_891.jpg,D:\DPS 920\DPS920_final_project\IMG\right_2026_07_28_11_22_42_891.jpg,0.0,1.0,0,30.18773
D:\DPS 920\DPS920_final_project\IMG\center_2026_07_28_11_08_57_805.jpg,D:\DPS 920\DPS920_final_project\IMG\left_2026_07_28_11_08_57_805.jpg,D:\DPS 920\DPS920_final_project\IMG\right_2026_07_28_11_08_57_805.jpg,0.2,1.0,0,30.17986
D:\DPS 920\DPS920_final_project\IMG\center_2026_07_28_11_21_19_879.jpg,D:\DPS 920\DPS920_final_project\IMG\left_2026_07_28_11_21_19_879.jpg,D:\DPS 920\DPS920_final_project\IMG\right_2026_07_28_11_21_19_879.jpg,-0.3,1.0,0,30.17471
D:\DPS 920\DPS920_final_project\IMG\center_2026_07_28_11_09_41_987.jpg,D:\DPS 920\DPS920_final_project\IMG\left_2026_07_28_11_09_41_987.jpg,D:\DPS 920\DPS920_final_project\IMG\right_2026_07_28_11_09_41_987.jpg,0.0,1.0,0,30.1903
D:\DPS 920\DPS920_final_project\IMG\center_2026_07_28_11_22_37_376.jpg,D:\DPS 920\DPS920_final_project\IMG\left_2026_07_28_11_22_37_376.jpg,D:\DPS 920\DPS920_final_project\IMG\right_2026_07_28_11_22_37_376.jpg,0.0,1.0,0,30.19032
D:\DPS 920\DPS920_final_project\IMG\center_2026_07_28_11_20_57_296.jpg,D:\DPS 920\DPS920_final_project\IMG\left_2026_07_28_11_20_57_296.jpg,D:\DPS 920\DPS920_final_project\IMG\right_2026_07_28_11_20_57_296.jpg,-0.15,1.0,0,30.18392
D:\DPS 920\DPS920_final_project\IMG\center_2026_07_28_11_06_34_561.jpg,D:\DPS 920\DPS920_final_project\IMG\left_2026_07_28_11_06_34_561.jpg,D:\DPS 920\DPS920_final_project\IMG\right_2026_07_28_11_06_34_561.jpg,0.0,1.0,0,30.19003
D:\DPS 920\DPS920_final_project\IMG\center_2026_07_28_11_09_04_063.jpg,D:\DPS 920\DPS920_final_project\IMG\left_2026_07_28_11_09_04_063.jpg,D:\DPS 920\DPS920_final_project\IMG\right_2026_07_28_11_09_04_063.jpg,0.5000001,1.0,0,30.14923
D:\DPS 920\DPS920_final_project\IMG\center_2026_07_28_11_07_37_163.jpg,D:\DPS 920\DPS920_final_project\IMG\left_2026_07_28_11_07_37_163.jpg,D:\DPS 920\DPS920_final_project\IMG\right_2026_07_28_11_07_37_163.jpg,0.2,1.0,0,30.17999
D:\DPS 920\DPS920_final_project\IMG\center_2026_07_28_11_22_25_402.jpg,D:\DPS 920\DPS920_final_project\IMG\left_2026_07_28_11_22_25_402.jpg,D:\DPS 920\DPS920_final_project\IMG\right_2026_07_28_11_22_25_402.jpg,-0.25,1.0,0,30.17793
D:\DPS 920\DPS920_final_project\IMG\center_2026_07_28_11_08_41_189.jpg,D:\DPS 920\DPS920_final_project\IMG\left_2026_07_28_11_08_41_189.jpg,D:\DPS 920\DPS920_final_project\IMG\right_2026_07_28_11_08_41_189.jpg,0.6500001,1.0,0,30.12642
D:\DPS 920\DPS920_final_project\IMG\center_2026_07_28_11_10_13_054.jpg,D:\DPS 920\DPS920_final_project\IMG\left_2026_07_28_11_10_13_054.jpg,D:\DPS 920\DPS920_final_project\IMG\right_2026_07_28_11_10_13_054.jpg,-0.2,1.0,0,30.18243
D:\DPS 920\DPS920_final_project\IMG\center_2026_07_28_11_07_03_336.jpg,D:\DPS 920\DPS920_final_project\IMG\left_2026_07_28_11_07_03_336.jpg,D:\DPS 920\DPS920_final_project\IMG\right_2026_07_28_11_07_03_336.jpg,0.1,1.0,0,30.18793
D:\DPS 920\DPS920_final_project\IMG\center_2026_07_28_11_22_33_324.jpg,D:\DPS 920\DPS920_final_project\IMG\left_2026_07_28_11_22_33_324.jpg,D:\DPS 920\DPS920_final_project\IMG\right_2026_07_28_11_22_33_324.jpg,0.2,1.0,0,30.18228
D:\DPS 920\DPS920_final_project\IMG\center_2026_07_28_11_09_03_543.jpg,D:\DPS 920\DPS920_final_project\IMG\left_2026_07_28_11_09_03_543.jpg,D:\DPS 920\DPS920_final_project\IMG\right_2026_07_28_11_09_03_543.jpg,0.45,1.0,0,30.15582
D:\DPS 920\DPS920_final_project\IMG\center_2026_07_28_11_20_00_663.jpg,D:\DPS 920\DPS920_final_project\IMG\left_2026_07_28_11_20_00_663.jpg,D:\DPS 920\DPS920_final_project\IMG\right_2026_07_28_11_20_00_663.jpg,-0.2,1.0,0,30.18277
D:\DPS 920\DPS920_final_project\IMG\center_2026_07_28_11_21_26_572.jpg,D:\DPS 920\DPS920_final_project\IMG\left_2026_07_28_11_21_26_572.jpg,D:\DPS 920\DPS920_final_project\IMG\right_2026_07_28_11_21_26_572.jpg,0.0,1.0,0,30.19057
D:\DPS 920\DPS920_final_project\IMG\center_2026_07_28_11_06_19_619.jpg,D:\DPS 920\DPS920_final_project\IMG\left_2026_07_28_11_06_19_619.jpg,D:\DPS 920\DPS920_final_project\IMG\right_2026_07_28_11_06_19_619.jpg,0.0,1.0,0,30.19031
D:\DPS 920\DPS920_final_project\IMG\center_2026_07_28_11_07_29_410.jpg,D:\DPS 920\DPS920_final_project\IMG\left_2026_07_28_11_07_29_410.jpg,D:\DPS 920\DPS920_final_project\IMG\right_2026_07_28_11_07_29_410.jpg,-0.1,1.0,0,30.18787
D:\DPS 920\DPS920_final_project\IMG\center_2026_07_28_11_06_44_754.jpg,D:\DPS 920\DPS920_final_project\IMG\left_2026_07_28_11_06_44_754.jpg,D:\DPS 920\DPS920_final_project\IMG\right_2026_07_28_11_06_44_754.jpg,0.0,1.0,0,30.19022
D:\DPS 920\DPS920_final_project\IMG\center_2026_07_28_11_09_58_054.jpg,D:\DPS 920\DPS920_final_project\IMG\left_2026_07_28_11_09_58_054.jpg,D:\DPS 920\DPS920_final_project\IMG\right_2026_07_28_11_09_58_054.jpg,0.0,1.0,0,30.18965
D:\DPS 920\DPS920_final_project\IMG\center_2026_07_28_11_08_17_195.jpg,D:\DPS 920\DPS920_final_project\IMG\left_2026_07_28_11_08_17_195.jpg,D:\DPS 920\DPS920_final_project\IMG\right_2026_07_28_11_08_17_195.jpg,0.05,1.0,0,30.18968
D:\DPS 920\DPS920_final_project\IMG\center_2026_07_28_11_08_34_583.jpg,D:\DPS 920\DPS920_final_project\IMG\left_2026_07_28_11_08_34_583.jpg,D:\DPS 920\DPS920_final_project\IMG\right_2026_07_28_11_08_34_583.jpg,0.2,1.0,0,30.18051
D:\DPS 920\DPS920_final_project\IMG\center_2026_07_28_11_06_16_593.jpg,D:\DPS 920\DPS920_final_project\IMG\left_2026_07_28_11_06_16_593.jpg,D:\DPS 920\DPS920_final_project\IMG\right_2026_07_28_11_06_16_593.jpg,0.0,1.0,0,30.18851
D:\DPS 920\DPS920_final_project\IMG\center_2026_07_28_11_07_35_487.jpg,D:\DPS 920\DPS920_final_project\IMG\left_2026_07_28_11_07_35_487.jpg,D:\DPS 920\DPS920_final_project\IMG\right_2026_07_28_11_07_35_487.jpg,0.1,1.0,0,30.18798
D:\DPS 920\DPS920_final_project\IMG\center_2026_07_28_11_09_55_578.jpg,D:\DPS 920\DPS920_final_project\IMG\left_2026_07_28_11_09_55_578.jpg,D:\DPS 920\DPS920_final_project\IMG\right_2026_07_28_11_09_55_578.jpg,0.1,1.0,0,30.18833
D:\DPS 920\DPS920_final_project\IMG\center_2026_07_28_11_06_06_897.jpg,D:\DPS 920\DPS920_final_project\IMG\left_2026_07_28_11_06_06_897.jpg,D:\DPS 920\DPS920_final_project\IMG\right_2026_07_28_11_06_06_897.jpg,-0.6500001,1.0,0,30.12993
D:\DPS 920\DPS920_final_project\IMG\center_2026_07_28_11_07_38_907.jpg,D:\DPS 920\DPS920_final_project\IMG\left_2026_07_28_11_07_38_907.jpg,D:\DPS 920\DPS920_final_project\IMG\right_2026_07_28_11_07_38_907.jpg,0.1,1.0,0,30.19057
D:\DPS 920\DPS920_final_project\IMG\center_2026_07_28_11_08_03_874.jpg,D:\DPS 920\DPS920_final_project\IMG\left_2026_07_28_11_08_03_874.jpg,D:\DPS 920\DPS920_final_project\IMG\right_2026_07_28_11_08_03_874.jpg,0.4,1.0,0,30.15714
D:\DPS 920\DPS920_final_project\IMG\center_2026_07_28_11_08_05_567.jpg,D:\DPS 920\DPS920_final_project\IMG\left_2026_07_28_11_08_05_567.jpg,D:\DPS 920\DPS920_final_project\IMG\right_2026_07_28_11_08_05_567.jpg,0.2,1.0,0,30.18063
D:\DPS 920\DPS920_final_project\IMG\center_2026_07_28_11_21_14_516.jpg,D:\DPS 920\DPS920_final_project\IMG\left_2026_07_28_11_21_14_516.jpg,D:\DPS 920\DPS920_final_project\IMG\right_2026_07_28_11_21_14_516.jpg,-0.15,1.0,0,30.18527
D:\DPS 920\DPS920_final_project\IMG\center_2026_07_28_11_08_37_658.jpg,D:\DPS 920\DPS920_final_project\IMG\left_2026_07_28_11_08_37_658.jpg,D:\DPS 920\DPS920_final_project\IMG\right_2026_07_28_11_08_37_658.jpg,0.05,1.0,0,30.19004
D:\DPS 920\DPS920_final_project\IMG\center_2026_07_28_11_20_15_231.jpg,D:\DPS 920\DPS920_final_project\IMG\left_2026_07_28_11_20_15_231.jpg,D:\DPS 920\DPS920_final_project\IMG\right_2026_07_28_11_20_15_231.jpg,-0.2,1.0,0,30.17992
D:\DPS 920\DPS920_final_project\IMG\center_2026_07_28_11_08_42_851.jpg,D:\DPS 920\DPS920_final_project\IMG\left_2026_07_28_11_08_42_851.jpg,D:\DPS 920\DPS920_final_project\IMG\right_2026_07_28_11_08_42_851.jpg,0.05,1.0,0,30.19473
D:\DPS 920\DPS920_final_project\IMG\center_2026_07_28_11_09_18_957.jpg,D:\DPS 920\DPS920_final_project\IMG\left_2026_07_28_11_09_18_957.jpg,D:\DPS 920\DPS920_final_project\IMG\right_2026_07_28_11_09_18_957.jpg,0.15,1.0,0,30.18438
D:\DPS 920\DPS920_final_project\IMG\center_2026_07_28_11_07_55_467.jpg,D:\DPS 920\DPS920_final_project\IMG\left_2026_07_28_11_07_55_467.jpg,D:\DPS 920\DPS920_final_project\IMG\right_2026_07_28_11_07_55_467.jpg,0.2,1.0,0,30.18094
D:\DPS 920\DPS920_final_project\IMG\center_2026_07_28_11_22_40_060.jpg,D:\DPS 920\DPS920_final_project\IMG\left_2026_07_28_11_22_40_060.jpg,D:\DPS 920\DPS920_final_project\IMG\right_2026_07_28_11_22_40_060.jpg,-0.6000001,1.0,0,30.13546
D:\DPS 920\DPS920_final_project\IMG\center_2026_07_28_11_22_43_037.jpg,D:\DPS 920\DPS920_final_project\IMG\left_2026_07_28_11_22_43_037.jpg,D:\DPS 920\DPS920_final_project\IMG\right_2026_07_28_11_22_43_037.jpg,-0.1,1.0,0,30.18922
D:\DPS 920\DPS920_final_project\IMG\center_2026_07_28_11_09_05_122.jpg,D:\DPS 920\DPS920_final_project\IMG\left_2026_07_28_11_09_05_122.jpg,D:\DPS 920\DPS920_final_project\IMG\right_2026_07_28_11_09_05_122.jpg,0.15,1.0,0,30.18606
D:\DPS 920\DPS920_final_project\IMG\center_2026_07_28_11_06_32_822.jpg,D:\DPS 920\DPS920_final_project\IMG\left_2026_07_28_11_06_32_822.jpg,D:\DPS 920\DPS920_final_project\IMG\right_2026_07_28_11_06_32_822.jpg,0.2,1.0,0,30.18012
D:\DPS 920\DPS920_final_project\IMG\center_2026_07_28_11_20_51_021.jpg,D:\DPS 920\DPS920_final_project\IMG\left_2026_07_28_11_20_51_021.jpg,D:\DPS 920\DPS920_final_project\IMG\right_2026_07_28_11_20_51_021.jpg,0.0,1.0,0,30.18998
D:\DPS 920\DPS920_final_project\IMG\center_2026_07_28_11_08_59_806.jpg,D:\DPS 920\DPS920_final_project\IMG\left_2026_07_28_11_08_59_806.jpg,D:\DPS 920\DPS920_final_project\IMG\right_2026_07_28_11_08_59_806.jpg,0.1,1.0,0,30.18878
D:\DPS 920\DPS920_final_project\IMG\center_2026_07_28_11_10_05_488.jpg,D:\DPS 920\DPS920_final_project\IMG\left_2026_07_28_11_10_05_488.jpg,D:\DPS 920\DPS920_final_project\IMG\right_2026_07_28_11_10_05_488.jpg,0.7500002,1.0,0,30.11523
D:\DPS 920\DPS920_final_project\IMG\center_2026_07_28_11_09_30_667.jpg,D:\DPS 920\DPS920_final_project\IMG\left_2026_07_28_11_09_30_667.jpg,D:\DPS 920\DPS920_final_project\IMG\right_2026_07_28_11_09_30_667.jpg,0.25,1.0,0,30.17438
D:\DPS 920\DPS920_final_project\IMG\center_2026_07_28_11_07_15_341.jpg,D:\DPS 920\DPS920_final_project\IMG\left_2026_07_28_11_07_15_341.jpg,D:\DPS 920\DPS920_final_project\IMG\right_2026_07_28_11_07_15_341.jpg,0.1,1.0,0,30.18909
D:\DPS 920\DPS920_final_project\IMG\center_2026_07_28_11_06_35_113.jpg,D:\DPS 920\DPS920_final_project\IMG\left_2026_07_28_11_06_35_113.jpg,D:\DPS 920\DPS920_final_project\IMG\right_2026_07_28_11_06_35_113.jpg,0.05,1.0,0,30.18983
D:\DPS 920\DPS920_final_project\IMG\center_2026_07_28_11_06_11_273.jpg,D:\DPS 920\DPS920_final_project\IMG\left_2026_07_28_11_06_11_273.jpg,D:\DPS 920\DPS920_final_project\IMG\right_2026_07_28_11_06_11_273.jpg,0.0,1.0,0,30.19016
D:\DPS 920\DPS920_final_project\IMG\center_2026_07_28_11_09_22_773.jpg,D:\DPS 920\DPS920_final_project\IMG\left_2026_07_28_11_09_22_773.jpg,D:\DPS 920\DPS920_final_project\IMG\right_2026_07_28_11_09_22_773.jpg,0.15,1.0,0,30.18535
D:\DPS 920\DPS920_final_project\IMG\center_2026_07_28_11_22_31_975.jpg,D:\DPS 920\DPS920_final_project\IMG\left_2026_07_28_11_22_31_975.jpg,D:\DPS 920\DPS920_final_project\IMG\right_2026_07_28_11_22_31_975.jpg,0.4,1.0,0,30.16216
D:\DPS 920\DPS920_final_project\IMG\center_2026_07_28_11_09_51_920.jpg,D:\DPS 920\DPS920_final_project\IMG\left_2026_07_28_11_09_51_920.jpg,D:\DPS 920\DPS920_final_project\IMG\right_2026_07_28_11_09_51_920.jpg,0.05,1.0,0,30.18995
D:\DPS 920\DPS920_final_project\IMG\center_2026_07_28_11_10_25_343.jpg,D:\DPS 920\DPS920_final_project\IMG\left_2026_07_28_11_10_25_343.jpg,D:\DPS 920\DPS920_final_project\IMG\right_2026_07_28_11_10_25_343.jpg,0.2,1.0,0,30.18716
D:\DPS 920\DPS920_final_project\IMG\center_2026_07_28_11_10_25_203.jpg,D:\DPS 920\DPS920_final_project\IMG\left_2026_07_28_11_10_25_203.jpg,D:\DPS 920\DPS920_final_project\IMG\right_2026_07_28_11_10_25_203.jpg,0.0,1.0,0,30.18744
D:\DPS 920\DPS920_final_project\IMG\center_2026_07_28_11_06_16_946.jpg,D:\DPS 920\DPS920_final_project\IMG\left_2026_07_28_11_06_16_946.jpg,D:\DPS 920\DPS920_final_project\IMG\right_2026_07_28_11_06_16_946.jpg,0.3,1.0,0,30.17045
D:\DPS 920\DPS920_final_project\IMG\center_2026_07_28_11_21_34_482.jpg,D:\DPS 920\DPS920_final_project\IMG\left_2026_07_28_11_21_34_482.jpg,D:\DPS 920\DPS920_final_project\IMG\right_2026_07_28_11_21_34_482.jpg,0.0,1.0,0,30.1901
D:\DPS 920\DPS920_final_project\IMG\center_2026_07_28_11_08_37_140.jpg,D:\DPS 920\DPS920_final_project\IMG\left_2026_07_28_11_08_37_140.jpg,D:\DPS 920\DPS920_final_project\IMG\right_2026_07_28_11_08_37_140.jpg,0.0,1.0,0,30.19049
D:\DPS 920\DPS920_final_project\IMG\center_2026_07_28_11_08_35_691.jpg,D:\DPS 920\DPS920_final_project\IMG\left_2026_07_28_11_08_35_691.jpg,D:\DPS 920\DPS920_final_project\IMG\right_2026_07_28_11_08_35_691.jpg,0.05,1.0,0,30.19009
D:\DPS 920\DPS920_final_project\IMG\center_2026_07_28_11_10_16_307.jpg,D:\DPS 920\DPS920_final_project\IMG\left_2026_07_28_11_10_16_307.jpg,D:\DPS 920\DPS920_final_project\IMG\right_2026_07_28_11_10_16_307.jpg,-0.5500001,1.0,0,30.14385
D:\DPS 920\DPS920_final_project\IMG\center_2026_07_28_11_06_23_994.jpg,D:\DPS 920\DPS920_final_project\IMG\left_2026_07_28_11_06_23_994.jpg,D:\DPS 920\DPS920_final_project\IMG\right_2026_07_28_11_06_23_994.jpg,-0.2,1.0,0,30.18006
D:\DPS 920\DPS920_final_project\IMG\center_2026_07_28_11_22_11_041.jpg,D:\DPS 920\DPS920_final_project\IMG\left_2026_07_28_11_22_11_041.jpg,D:\DPS 920\DPS920_final_project\IMG\right_2026_07_28_11_22_11_041.jpg,0.0,1.0,0,30.1899
D:\DPS 920\DPS920_final_project\IMG\center_2026_07_28_11_08_00_007.jpg,D:\DPS 920\DPS920_final_project\IMG\left_2026_07_28_11_08_00_007.jpg,D:\DPS 920\DPS920_final_project\IMG\right_2026_07_28_11_08_00_007.jpg,0.0,1.0,0,30.18878
D:\DPS 920\DPS920_final_project\IMG\center_2026_07_28_11_06_50_880.jpg,D:\DPS 920\DPS920_final_project\IMG\left_2026_07_28_11_06_50_880.jpg,D:\DPS 920\DPS920_final_project\IMG\right_2026_07_28_11_06_50_880.jpg,0.0,1.0,0,30.18722
D:\DPS 920\DPS920_final_project\IMG\center_2026_07_28_11_08_28_037.jpg,D:\DPS 920\DPS920_final_project\IMG\left_2026_07_28_11_08_28_037.jpg,D:\DPS 920\DPS920_final_project\IMG\right_2026_07_28_11_08_28_037.jpg,0.0,1.0,0,30.19023
D:\DPS 920\DPS920_final_project\IMG\center_2026_07_28_11_22_31_126.jpg,D:\DPS 920\DPS920_final_project\IMG\left_2026_07_28_11_22_31_126.jpg,D:\DPS 920\DPS920_final_project\IMG\right_2026_07_28_11_22_31_126.jpg,0.6000001,1.0,0,30.13305
D:\DPS 920\DPS920_final_project\IMG\center_2026_07_28_11_06_17_979.jpg,D:\DPS 920\DPS920_final_project\IMG\left_2026_07_28_11_06_17_979.jpg,D:\DPS 920\DPS920_final_project\IMG\right_2026_07_28_11_06_17_979.jpg,0.3,1.0,0,30.17147
D:\DPS 920\DPS920_final_project\IMG\center_2026_07_28_11_08_35_766.jpg,D:\DPS 920\DPS920_final_project\IMG\left_2026_07_28_11_08_35_766.jpg,D:\DPS 920\DPS920_final_project\IMG\right_2026_07_28_11_08_35_766.jpg,0.2,1.0,0,30.18188
D:\DPS 920\DPS920_final_project\IMG\center_2026_07_28_11_06_05_718.jpg,D:\DPS 920\DPS920_final_project\IMG\left_2026_07_28_11_06_05_718.jpg,D:\DPS 920\DPS920_final_project\IMG\right_2026_07_28_11_06_05_718.jpg,-0.15,1.0,0,30.18617
D:\DPS 920\DPS920_final_project\IMG\center_2026_07_28_11_08_52_877.jpg,D:\DPS 920\DPS920_final_project\IMG\left_2026_07_28_11_08_52_877.jpg,D:\DPS 920\DPS920_final_project\IMG\right_2026_07_28_11_08_52_877.jpg,-0.15,1.0,0,30.18864
D:\DPS 920\DPS920_final_project\IMG\center_2026_07_28_11_10_19_020.jpg,D:\DPS 920\DPS920_final_project\IMG\left_2026_07_28_11_10_19_020.jpg,D:\DPS 920\DPS920_final_project\IMG\right_2026_07_28_11_10_19_020.jpg,0.1,1.0,0,30.18768
D:\DPS 920\DPS920_final_project\IMG\center_2026_07_28_11_20_53_306.jpg,D:\DPS 920\DPS920_final_project\IMG\left_2026_07_28_11_20_53_306.jpg,D:\DPS 920\DPS920_final_project\IMG\right_2026_07_28_11_20_53_306.jpg,-0.15,1.0,0,30.1844
D:\DPS 920\DPS920_final_project\IMG\center_2026_07_28_11_10_30_818.jpg,D:\DPS 920\DPS920_final_project\IMG\left_2026_07_28_11_10_30_818.jpg,D:\DPS 920\DPS920_final_project\IMG\right_2026_07_28_11_10_30_818.jpg,0.0,1.0,0,30.20704
D:\DPS 920\DPS920_final_project\IMG\center_2026_07_28_11_09_49_893.jpg,D:\DPS 920\DPS920_final_project\IMG\left_2026_07_28_11_09_49_893.jpg,D:\DPS 920\DPS920_final_project\IMG\right_2026_07_28_11_09_49_893.jpg,0.15,1.0,0,30.18409
D:\DPS 920\DPS920_final_project\IMG\center_2026_07_28_11_22_20_070.jpg,D:\DPS 920\DPS920_final_project\IMG\left_2026_07_28_11_22_20_070.jpg,D:\DPS 920\DPS920_final_project\IMG\right_2026_07_28_11_22_20_070.jpg,-0.25,1.0,0,30.1767
D:\DPS 920\DPS920_final_project\IMG\center_2026_07_28_11_07_52_268.jpg,D:\DPS 920\DPS920_final_project\IMG\left_2026_07_28_11_07_52_268.jpg,D:\DPS 920\DPS920_final_project\IMG\right_2026_07_28_11_07_52_268.jpg,0.0,1.0,0,30.1907
D:\DPS 920\DPS920_final_project\IMG\center_2026_07_28_11_06_36_800.jpg,D:\DPS 920\DPS920_final_project\IMG\left_2026_07_28_11_06_36_800.jpg,D:\DPS 920\DPS920_final_project\IMG\right_2026_07_28_11_06_36_800.jpg,0.0,1.0,0,30.19018
D:\DPS 920\DPS920_final_project\IMG\center_2026_07_28_11_10_14_435.jpg,D:\DPS 920\DPS920_final_project\IMG\left_2026_07_28_11_10_14_435.jpg,D:\DPS 920\DPS920_final_project\IMG\right_2026_07_28_11_10_14_435.jpg,-0.45,1.0,0,30.15121
D:\DPS 920\DPS920_final_project\IMG\center_2026_07_28_11_21_12_168.jpg,D:\DPS 920\DPS920_final_project\IMG\left_2026_07_28_11_21_12_168.jpg,D:\DPS 920\DPS920_final_project\IMG\right_2026_07_28_11_21_12_168.jpg,0.0,1.0,0,30.19028
D:\DPS 920\DPS920_final_project\IMG\center_2026_07_28_11_20_59_926.jpg,D:\DPS 920\DPS920_final_project\IMG\left_2026_07_28_11_20_59_926.jpg,D:\DPS 920\DPS920_final_project\IMG\right_2026_07_28_11_20_59_926.jpg,-0.7500002,1.0,0,30.11572
D:\DPS 920\DPS920_final_project\IMG\center_2026_07_28_11_20_34_486.jpg,D:\DPS 920\DPS920_final_project\IMG\left_2026_07_28_11_20_34_486.jpg,D:\DPS 920\DPS920_final_project\IMG\right_2026_07_28_11_20_34_486.jpg,-0.15,1.0,0,30.18681
D:\DPS 920\DPS920_final_project\IMG\center_2026_07_28_11_21_21_087.jpg,D:\DPS 920\DPS920_final_project\IMG\left_2026_07_28_11_21_21_087.jpg,D:\DPS 920\DPS920_final_project\IMG\right_2026_07_28_11_21_21_087.jpg,-0.25,1.0,0,30.17897
D:\DPS 920\DPS920_final_project\IMG\center_2026_07_28_11_10_01_562.jpg,D:\DPS 920\DPS920_final_project\IMG\left_2026_07_28_11_10_01_562.jpg,D:\DPS 920\DPS920_final_project\IMG\right_2026_07_28_11_10_01_562.jpg,0.2,1.0,0,30.1811
D:\DPS 920\DPS920_final_project\IMG\center_2026_07_28_11_06_10_776.jpg,D:\DPS 920\DPS920_final_project\IMG\left_2026_07_28_11_06_10_776.jpg,D:\DPS 920\DPS920_final_project\IMG\right_2026_07_28_11_06_10_776.jpg,0.0,1.0,0,30.19038
D:\DPS 920\DPS920_final_project\IMG\center_2026_07_28_11_21_33_283.jpg,D:\DPS 920\DPS920_final_project\IMG\left_2026_07_28_11_21_33_283.jpg,D:\DPS 920\DPS920_final_project\IMG\right_2026_07_28_11_21_33_283.jpg,-0.1,1.0,0,30.18806
D:\DPS 920\DPS920_final_project\IMG\center_2026_07_28_11_22_23_161.jpg,D:\DPS 920\DPS920_final_project\IMG\left_2026_07_28_11_22_23_161.jpg,D:\DPS 920\DPS920_final_project\IMG\right_2026_07_28_11_22_23_161.jpg,0.0,1.0,0,30.19023
D:\DPS 920\DPS920_final_project\IMG\center_2026_07_28_11_09_25_989.jpg,D:\DPS 920\DPS920_final_project\IMG\left_2026_07_28_11_09_25_989.jpg,D:\DPS 920\DPS920_final_project\IMG\right_2026_07_28_11_09_25_989.jpg,0.1,1.0,0,30.18844
D:\DPS 920\DPS920_final_project\IMG\center_2026_07_28_11_20_09_793.jpg,D:\DPS 920\DPS920_final_project\IMG\left_2026_07_28_11_20_09_793.jpg,D:\DPS 920\DPS920_final_project\IMG\right_2026_07_28_11_20_09_793.jpg,0.0,1.0,0,30.18979
D:\DPS 920\DPS920_final_project\IMG\center_2026_07_28_11_08_41_781.jpg,D:\DPS 920\DPS920_final_project\IMG\left_2026_07_28_11_08_41_781.jpg,D:\DPS 920\DPS920_final_project\IMG\right_2026_07_28_11_08_41_781.jpg,0.35,1.0,0,30.16155
D:\DPS 920\DPS920_final_project\IMG\center_2026_07_28_11_07_12_054.jpg,D:\DPS 920\DPS920_final_project\IMG\left_2026_07_28_11_07_12_054.jpg,D:\DPS 920\DPS920_final_project\IMG\right_2026_07_28_11_07_12_054.jpg,0.2,1.0,0,30.18006
D:\DPS 920\DPS920_final_project\IMG\center_2026_07_28_11_08_37_508.jpg,D:\DPS 920\DPS920_final_project\IMG\left_2026_07_28_11_08_37_508.jpg,D:\DPS 920\DPS920_final_project\IMG\right_2026_07_28_11_08_37_508.jpg,0.25,1.0,0,30.17634
D:\DPS 920\DPS920_final_project\IMG\center_2026_07_28_11_20_08_304.jpg,D:\DPS 920\DPS920_final_project\IMG\left_2026_07_28_11_20_08_304.jpg,D:\DPS 920\DPS920_final_project\IMG\right_2026_07_28_11_20_08_304.jpg,-0.05,1.0,0,30.1897
D:\DPS 920\DPS920_final_project\IMG\center_2026_07_28_11_07_09_393.jpg,D:\DPS 920\DPS920_final_project\IMG\left_2026_07_28_11_07_09_393.jpg,D:\DPS 920\DPS920_final_project\IMG\right_2026_07_28_11_07_09_393.jpg,0.1,1.0,0,30.18891
D:\DPS 920\DPS920_final_project\IMG\center_2026_07_28_11_07_58_927.jpg,D:\DPS 920\DPS920_final_project\IMG\left_2026_07_28_11_07_58_927.jpg,D:\DPS 920\DPS920_final_project\IMG\right_2026_07_28_11_07_58_927.jpg,0.1,1.0,0,30.18803
D:\DPS 920\DPS920_final_project\IMG\center_2026_07_28_11_06_57_677.jpg,D:\DPS 920\DPS920_final_project\IMG\left_2026_07_28_11_06_57_677.jpg,D:\DPS 920\DPS920_final_project\IMG\right_2026_07_28_11_06_57_677.jpg,0.0,1.0,0,30.19028
D:\DPS 920\DPS920_final_project\IMG\center_2026_07_28_11_20_29_201.jpg,D:\DPS 920\DPS920_final_project\IMG\left_2026_07_28_11_20_29_201.jpg,D:\DPS 920\DPS920_final_project\IMG\right_2026_07_28_11_20_29_201.jpg,-0.15,1.0,0,30.184
D:\DPS 920\DPS920_final_project\IMG\center_2026_07_28_11_07_14_836.jpg,D:\DPS 920\DPS920_final_project\IMG\left_2026_07_28_11_07_14_836.jpg,D:\DPS 920\DPS920_final_project\IMG\right_2026_07_28_11_07_14_836.jpg,0.2,1.0,0,30.18073
D:\DPS 920\DPS920_final_project\IMG\center_2026_07_28_11_08_49_188.jpg,D:\DPS 920\DPS920_final_project\IMG\left_2026_07_28_11_08_49_188.jpg,D:\DPS 920\DPS920_final_project\IMG\right_2026_07_28_11_08_49_188.jpg,0.0,1.0,0,30.19027
D:\DPS 920\DPS920_final_project\IMG\center_2026_07_28_11_09_47_116.jpg,D:\DPS 920\DPS920_final_project\IMG\left_2026_07_28_11_09_47_116.jpg,D:\DPS 920\DPS920_final_project\IMG\right_2026_07_28_11_09_47_116.jpg,0.0,1.0,0,30.19025
D:\DPS 920\DPS920_final_project\IMG\center_2026_07_28_11_21_14_102.jpg,D:\DPS 920\DPS920_final_project\IMG\left_2026_07_28_11_21_14_102.jpg,D:\DPS 920\DPS920_final_project\IMG\right_2026_07_28_11_21_14_102.jpg,-0.2,1.0,0,30.17984
D:\DPS 920\DPS920_final_project\IMG\center_2026_07_28_11_09_10_015.jpg,D:\DPS 920\DPS920_final_project\IMG\left_2026_07_28_11_09_10_015.jpg,D:\DPS 920\DPS920_final_project\IMG\right_2026_07_28_11_09_10_015.jpg,0.0,1.0,0,30.19059
D:\DPS 920\DPS920_final_project\IMG\center_2026_07_28_11_21_19_589.jpg,D:\DPS 920\DPS920_final_project\IMG\left_2026_07_28_11_21_19_589.jpg,D:\DPS 920\DPS920_final_project\IMG\right_2026_07_28_11_21_19_589.jpg,-0.2,1.0,0,30.18443
D:\DPS 920\DPS920_final_project\IMG\center_2026_07_28_11_06_55_005.jpg,D:\DPS 920\DPS920_final_project\IMG\left_2026_07_28_11_06_55_005.jpg,D:\DPS 920\DPS920_final_project\IMG\right_2026_07_28_11_06_55_005.jpg,0.0,1.0,0,30.19028
D:\DPS 920\DPS920_final_project\IMG\center_2026_07_28_11_06_38_864.jpg,D:\DPS 920\DPS920_final_project\IMG\left_2026_07_28_11_06_38_864.jpg,D:\DPS 920\DPS920_final_project\IMG\right_2026_07_28_11_06_38_864.jpg,0.4,1.0,0,30.15929
D:\DPS 920\DPS920_final_project\IMG\center_2026_07_28_11_22_05_688.jpg,D:\DPS 920\DPS920_final_project\IMG\left_2026_07_28_11_22_05_688.jpg,D:\DPS 920\DPS920_final_project\IMG\right_2026_07_28_11_22_05_688.jpg,0.0,1.0,0,30.19002
D:\DPS 920\DPS920_final_project\IMG\center_2026_07_28_11_06_04_928.jpg,D:\DPS 920\DPS920_final_project\IMG\left_2026_07_28_11_06_04_928.jpg,D:\DPS 920\DPS920_final_project\IMG\right_2026_07_28_11_06_04_928.jpg,0.0,1.0,0,30.1896
D:\DPS 920\DPS920_final_project\IMG\center_2026_07_28_11_21_38_204.jpg,D:\DPS 920\DPS920_final_project\IMG\left_2026_07_28_11_21_38_204.jpg,D:\DPS 920\DPS920_final_project\IMG\right_2026_07_28_11_21_38_204.jpg,-0.2,1.0,0,30.17943
D:\DPS 920\DPS920_final_project\IMG\center_2026_07_28_11_06_16_237.jpg,D:\DPS 920\DPS920_final_project\IMG\left_2026_07_28_11_06_16_237.jpg,D:\DPS 920\DPS920_final_project\IMG\right_2026_07_28_11_06_16_237.jpg,0.7500002,1.0,0,30.11592
D:\DPS 920\DPS920_final_project\IMG\center_2026_07_28_11_07_31_571.jpg,D:\DPS 920\DPS920_final_project\IMG\left_2026_07_28_11_07_31_571.jpg,D:\DPS 920\DPS920_final_project\IMG\right_2026_07_28_11_07_31_571.jpg,-0.15,1.0,0,30.18698
D:\DPS 920\DPS920_final_project\IMG\center_2026_07_28_11_21_23_457.jpg,D:\DPS 920\DPS920_final_project\IMG\left_2026_07_28_11_21_23_457.jpg,D:\DPS 920\DPS920_final_project\IMG\right_2026_07_28_11_21_23_457.jpg,0.0,1.0,0,30.19114
D:\DPS 920\DPS920_final_project\IMG\center_2026_07_28_11_10_12_280.jpg,D:\DPS 920\DPS920_final_project\IMG\left_2026_07_28_11_10_12_280.jpg,D:\DPS 920\DPS920_final_project\IMG\right_2026_07_28_11_10_12_280.jpg,0.0,1.0,0,30.19028
D:\DPS 920\DPS920_final_project\IMG\center_2026_07_28_11_21_27_452.jpg,D:\DPS 920\DPS920_final_project\IMG\left_2026_07_28_11_21_27_452.jpg,D:\DPS 920\DPS920_final_project\IMG\right_2026_07_28_11_21_27_452.jpg,-0.2,1.0,0,30.18094
D:\DPS 920\DPS920_final_project\IMG\center_2026_07_28_11_06_13_892.jpg,D:\DPS 920\DPS920_final_project\IMG\left_2026_07_28_11_06_13_892.jpg,D:\DPS 920\DPS920_final_project\IMG\right_2026_07_28_11_06_13_892.jpg,0.1,1.0,0,30.18928
D:\DPS 920\DPS920_final_project\IMG\center_2026_07_28_11_19_57_821.jpg,D:\DPS 920\DPS920_final_project\IMG\left_2026_07_28_11_19_57_821.jpg,D:\DPS 920\DPS920_final_project\IMG\right_2026_07_28_11_19_57_821.jpg,-0.1,1.0,0,30.18966
D:\DPS 920\DPS920_final_project\IMG\center_2026_07_28_11_20_19_276.jpg,D:\DPS 920\DPS920_final_project\IMG\left_2026_07_28_11_20_19_276.jpg,D:\DPS 920\DPS920_final_project\IMG\right_2026_07_28_11_20_19_276.jpg,0.0,1.0,0,30.19016
D:\DPS 920\DPS920_final_project\IMG\center_2026_07_28_11_07_19_784.jpg,D:\DPS 920\DPS920_final_project\IMG\left_2026_07_28_11_07_19_784.jpg,D:\DPS 920\DPS920_final_project\IMG\right_2026_07_28_11_07_19_784.jpg,0.0,1.0,0,30.18196
D:\DPS 920\DPS920_final_project\IMG\center_2026_07_28_11_08_54_508.jpg,D:\DPS 920\DPS920_final_project\IMG\left_2026_07_28_11_08_54_508.jpg,D:\DPS 920\DPS920_final_project\IMG\right_2026_07_28_11_08_54_508.jpg,-0.05,1.0,0,30.19011
D:\DPS 920\DPS920_final_project\IMG\center_2026_07_28_11_22_19_194.jpg,D:\DPS 920\DPS920_final_project\IMG\left_2026_07_28_11_22_19_194.jpg,D:\DPS 920\DPS920_final_project\IMG\right_2026_07_28_11_22_19_194.jpg,-0.15,1.0,0,30.18497
D:\DPS 920\DPS920_final_project\IMG\center_2026_07_28_11_22_10_671.jpg,D:\DPS 920\DPS920_final_project\IMG\left_2026_07_28_11_22_10_671.jpg,D:\DPS 920\DPS920_final_project\IMG\right_2026_07_28_11_22_10_671.jpg,0.0,1.0,0,30.18991
D:\DPS 920\DPS920_final_project\IMG\center_2026_07_28_11_08_38_146.jpg,D:\DPS 920\DPS920_final_project\IMG\left_2026_07_28_11_08_38_146.jpg,D:\DPS 920\DPS920_final_project\IMG\right_2026_07_28_11_08_38_146.jpg,0.05,1.0,0,30.18825
D:\DPS 920\DPS920_final_project\IMG\center_2026_07_28_11_06_59_179.jpg,D:\DPS 920\DPS920_final_project\IMG\left_2026_07_28_11_06_59_179.jpg,D:\DPS 920\DPS920_final_project\IMG\right_2026_07_28_11_06_59_179.jpg,0.1,1.0,0,30.18752
D:\DPS 920\DPS920_final_project\IMG\center_2026_07_28_11_06_17_093.jpg,D:\DPS 920\DPS920_final_project\IMG\left_2026_07_28_11_06_17_093.jpg,D:\DPS 920\DPS920_final_project\IMG\right_2026_07_28_11_06_17_093.jpg,0.1,1.0,0,30.18982
D:\DPS 920\DPS920_final_project\IMG\center_2026_07_28_11_08_55_520.jpg,D:\DPS 920\DPS920_final_project\IMG\left_2026_07_28_11_08_55_520.jpg,D:\DPS 920\DPS920_final_project\IMG\right_2026_07_28_11_08_55_520.jpg,-0.1,1.0,0,30.18906
D:\DPS 920\DPS920_final_project\IMG\center_2026_07_28_11_19_54_540.jpg,D:\DPS 920\DPS920_final_project\IMG\left_2026_07_28_11_19_54_540.jpg,D:\DPS 920\DPS920_final_project\IMG\right_2026_07_28_11_19_54_540.jpg,-0.35,1.0,0,6.027232
D:\DPS 920\DPS920_final_project\IMG\center_2026_07_28_11_21_18_396.jpg,D:\DPS 920\DPS920_final_project\IMG\left_2026_07_28_11_21_18_396.jpg,D:\DPS 920\DPS920_final_project\IMG\right_2026_07_28_11_21_18_396.jpg,-0.05,1.0,0,30.18933
D:\DPS 920\DPS920_final_project\IMG\center_2026_07_28_11_22_14_572.jpg,D:\DPS 920\DPS920_final_project\IMG\left_2026_07_28_11_22_14_572.jpg,D:\DPS 920\DPS920_final_project\IMG\right_2026_07_28_11_22_14_572.jpg,0.0,1.0,0,30.18995
D:\DPS 920\DPS920_final_project\IMG\center_2026_07_28_11_09_54_257.jpg,D:\DPS 920\DPS920_final_project\IMG\left_2026_07_28_11_09_54_257.jpg,D:\DPS 920\DPS920_final_project\IMG\right_2026_07_28_11_09_54_257.jpg,0.0,1.0,0,30.19042
D:\DPS 920\DPS920_final_project\IMG\center_2026_07_28_11_22_41_610.jpg,D:\DPS 920\DPS920_final_project\IMG\left_2026_07_28_11_22_41_610.jpg,D:\DPS 920\DPS920_final_project\IMG\right_2026_07_28_11_22_41_610.jpg,-0.35,1.0,0,30.16587
D:\DPS 920\DPS920_final_project\IMG\center_2026_07_28_11_08_34_516.jpg,D:\DPS 920\DPS920_final_project\IMG\left_2026_07_28_11_08_34_516.jpg,D:\DPS 920\DPS920_final_project\IMG\right_2026_07_28_11_08_34_516.jpg,0.05,1.0,0,30.18992
D:\DPS 920\DPS920_final_project\IMG\center_2026_07_28_11_08_02_527.jpg,D:\DPS 920\DPS920_final_project\IMG\left_2026_07_28_11_08_02_527.jpg,D:\DPS 920\DPS920_final_project\IMG\right_2026_07_28_11_08_02_527.jpg,0.35,1.0,0,30.16673
D:\DPS 920\DPS920_final_project\IMG\center_2026_07_28_11_20_47_049.jpg,D:\DPS 920\DPS920_final_project\IMG\left_2026_07_28_11_20_47_049.jpg,D:\DPS 920\DPS920_final_project\IMG\right_2026_07_28_11_20_47_049.jpg,-0.05,1.0,0,30.18934
D:\DPS 920\DPS920_final_project\IMG\center_2026_07_28_11_07_58_008.jpg,D:\DPS 920\DPS920_final_project\IMG\left_2026_07_28_11_07_58_008.jpg,D:\DPS 920\DPS920_final_project\IMG\right_2026_07_28_11_07_58_008.jpg,0.15,1.0,0,30.18501
D:\DPS 920\DPS920_final_project\IMG\center_2026_07_28_11_20_16_683.jpg,D:\DPS 920\DPS920_final_project\IMG\left_2026_07_28_11_20_16_683.jpg,D:\DPS 920\DPS920_final_project\IMG\right_2026_07_28_11_20_16_683.jpg,-0.15,1.0,0,30.18426
D:\DPS 920\DPS920_final_project\IMG\center_2026_07_28_11_06_41_050.jpg,D:\DPS 920\DPS920_final_project\IMG\left_2026_07_28_11_06_41_050.jpg,D:\DPS 920\DPS920_final_project\IMG\right_2026_07_28_11_06_41_050.jpg,0.0,1.0,0,30.19037
D:\DPS 920\DPS920_final_project\IMG\center_2026_07_28_11_20_28_683.jpg,D:\DPS 920\DPS920_final_project\IMG\left_2026_07_28_11_20_28_683.jpg,D:\DPS 920\DPS920_final_project\IMG\right_2026_07_28_11_20_28_683.jpg,-0.05,1.0,0,30.18976
D:\DPS 920\DPS920_final_project\IMG\center_2026_07_28_11_21_50_912.jpg,D:\DPS 920\DPS920_final_project\IMG\left_2026_07_28_11_21_50_912.jpg,D:\DPS 920\DPS920_final_project\IMG\right_2026_07_28_11_21_50_912.jpg,-0.15,1.0,0,30.18416
D:\DPS 920\DPS920_final_project\IMG\center_2026_07_28_11_06_03_301.jpg,D:\DPS 920\DPS920_final_project\IMG\left_2026_07_28_11_06_03_301.jpg,D:\DPS 920\DPS920_final_project\IMG\right_2026_07_28_11_06_03_301.jpg,0.0,1.0,0,30.19027
D:\DPS 920\DPS920_final_project\IMG\center_2026_07_28_11_22_07_407.jpg,D:\DPS 920\DPS920_final_project\IMG\left_2026_07_28_11_22_07_407.jpg,D:\DPS 920\DPS920_final_project\IMG\right_2026_07_28_11_22_07_407.jpg,-0.05,1.0,0,30.18978
D:\DPS 920\DPS920_final_project\IMG\center_2026_07_28_11_07_37_802.jpg,D:\DPS 920\DPS920_final_project\IMG\left_2026_07_28_11_07_37_802.jpg,D:\DPS 920\DPS920_final_project\IMG\right_2026_07_28_11_07_37_802.jpg,0.1,1.0,0,30.1902
D:\DPS 920\DPS920_final_project\IMG\center_2026_07_28_11_21_08_584.jpg,D:\DPS 920\DPS920_final_project\IMG\left_2026_07_28_11_21_08_584.jpg,D:\DPS 920\DPS920_final_project\IMG\right_2026_07_28_11_21_08_584.jpg,0.2,1.0,0,30.18143
D:\DPS 920\DPS920_final_project\IMG\center_2026_07_28_11_20_30_481.jpg,D:\DPS 920\DPS920_final_project\IMG\left_2026_07_28_11_20_30_481.jpg,D:\DPS 920\DPS920_final_project\IMG\right_2026_07_28_11_20_30_481.jpg,-0.15,1.0,0,30.18577
D:\DPS 920\DPS920_final_project\IMG\center_2026_07_28_11_06_03_741.jpg,D:\DPS 920\DPS920_final_project\IMG\left_2026_07_28_11_06_03_741.jpg,D:\DPS 920\DPS920_final_project\IMG\right_2026_07_28_11_06_03_741.jpg,0.0,1.0,0,30.19005
D:\DPS 920\DPS920_final_project\IMG\center_2026_07_28_11_08_42_495.jpg,D:\DPS 920\DPS920_final_project\IMG\left_2026_07_28_11_08_42_495.jpg,D:\DPS 920\DPS920_final_project\IMG\right_2026_07_28_11_08_42_495.jpg,0.7500002,1.0,0,30.11389
D:\DPS 920\DPS920_final_project\IMG\center_2026_07_28_11_07_30_654.jpg,D:\DPS 920\DPS920_final_project\IMG\left_2026_07_28_11_07_30_654.jpg,D:\DPS 920\DPS920_final_project\IMG\right_2026_07_28_11_07_30_654.jpg,-0.05,1.0,0,30.18916
D:\DPS 920\DPS920_final_project\IMG\center_2026_07_28_11_10_19_984.jpg,D:\DPS 920\DPS920_final_project\IMG\left_2026_07_28_11_10_19_984.jpg,D:\DPS 920\DPS920_final_project\IMG\right_2026_07_28_11_10_19_984.jpg,0.1,1.0,0,30.18771
D:\DPS 920\DPS920_final_project\IMG\center_2026_07_28_11_08_01_575.jpg,D:\DPS 920\DPS920_final_project\IMG\left_2026_07_28_11_08_01_575.jpg,D:\DPS 920\DPS920_final_project\IMG\right_2026_07_28_11_08_01_575.jpg,0.0,1.0,0,30.19029
D:\DPS 920\DPS920_final_project\IMG\center_2026_07_28_11_10_16_896.jpg,D:\DPS 920\DPS920_final_project\IMG\left_2026_07_28_11_10_16_896.jpg,D:\DPS 920\DPS920_final_project\IMG\right_2026_07_28_11_10_16_896.jpg,0.0,1.0,0,30.17939
D:\DPS 920\DPS920_final_project\IMG\center_2026_07_28_11_10_03_558.jpg,D:\DPS 920\DPS920_final_project\IMG\left_2026_07_28_11_10_03_558.jpg,D:\DPS 920\DPS920_final_project\IMG\right_2026_07_28_11_10_03_558.jpg,0.3,1.0,0,30.16623
D:\DPS 920\DPS920_final_project\IMG\center_2026_07_28_11_06_07_416.jpg,D:\DPS 920\DPS920_final_project\IMG\left_2026_07_28_11_06_07_416.jpg,D:\DPS 920\DPS920_final_project\IMG\right_2026_07_28_11_06_07_416.jpg,-0.45,1.0,0,30.15216
D:\DPS 920\DPS920_final_project\IMG\center_2026_07_28_11_20_21_977.jpg,D:\DPS 920\DPS920_final_project\IMG\left_2026_07_28_11_20_21_977.jpg,D:\DPS 920\DPS920_final_project\IMG\right_2026_07_28_11_20_21_977.jpg,-0.15,1.0,0,30.18385
D:\DPS 920\DPS920_final_project\IMG\center_2026_07_28_11_22_41_893.jpg,D:\DPS 920\DPS920_final_project\IMG\left_2026_07_28_11_22_41_893.jpg,D:\DPS 920\DPS920_final_project\IMG\right_2026_07_28_11_22_41_893.jpg,-0.25,1.0,0,30.17712
D:\DPS 920\DPS920_final_project\IMG\center_2026_07_28_11_06_39_921.jpg,D:\DPS 920\DPS920_final_project\IMG\left_2026_07_28_11_06_39_921.jpg,D:\DPS 920\DPS920_final_project\IMG\right_2026_07_28_11_06_39_921.jpg,0.4,1.0,0,30.15759
D:\DPS 920\DPS920_final_project\IMG\center_2026_07_28_11_20_40_357.jpg,D:\DPS 920\DPS920_final_project\IMG\left_2026_07_28_11_20_40_357.jpg,D:\DPS 920\DPS920_final_project\IMG\right_2026_07_28_11_20_40_357.jpg,0.0,1.0,0,30.19029
D:\DPS 920\DPS920_final_project\IMG\center_2026_07_28_11_20_25_060.jpg,D:\DPS 920\DPS920_final_project\IMG\left_2026_07_28_11_20_25_060.jpg,D:\DPS 920\DPS920_final_project\IMG\right_2026_07_28_11_20_25_060.jpg,0.0,1.0,0,30.19036
D:\DPS 920\DPS920_final_project\IMG\center_2026_07_28_11_21_24_495.jpg,D:\DPS 920\DPS920_final_project\IMG\left_2026_07_28_11_21_24_495.jpg,D:\DPS 920\DPS920_final_project\IMG\right_2026_07_28_11_21_24_495.jpg,-0.15,1.0,0,30.18585
D:\DPS 920\DPS920_final_project\IMG\center_2026_07_28_11_05_57_719.jpg,D:\DPS 920\DPS920_final_project\IMG\left_2026_07_28_11_05_57_719.jpg,D:\DPS 920\DPS920_final_project\IMG\right_2026_07_28_11_05_57_719.jpg,0.0,1.0,0,26.48082
D:\DPS 920\DPS920_final_project\IMG\center_2026_07_28_11_06_18_265.jpg,D:\DPS 920\DPS920_final_project\IMG\left_2026_07_28_11_06_18_265.jpg,D:\DPS 920\DPS920_final_project\IMG\right_2026_07_28_11_06_18_265.jpg,0.0,1.0,0,30.18883
D:\DPS 920\DPS920_final_project\IMG\center_2026_07_28_11_07_15_409.jpg,D:\DPS 920\DPS920_final_project\IMG\left_2026_07_28_11_07_15_409.jpg,D:\DPS 920\DPS920_final_project\IMG\right_2026_07_28_11_07_15_409.jpg,0.25,1.0,0,30.17665
D:\DPS 920\DPS920_final_project\IMG\center_2026_07_28_11_21_28_912.jpg,D:\DPS 920\DPS920_final_project\IMG\left_2026_07_28_11_21_28_912.jpg,D:\DPS 920\DPS920_final_project\IMG\right_2026_07_28_11_21_28_912.jpg,-0.1,1.0,0,30.18816
D:\DPS 920\DPS920_final_project\IMG\center_2026_07_28_11_06_05_073.jpg,D:\DPS 920\DPS920_final_project\IMG\left_2026_07_28_11_06_05_073.jpg,D:\DPS 920\DPS920_final_project\IMG\right_2026_07_28_11_06_05_073.jpg,-0.1,1.0,0,30.18543
D:\DPS 920\DPS920_final_project\IMG\center_2026_07_28_11_07_20_831.jpg,D:\DPS 920\DPS920_final_project\IMG\left_2026_07_28_11_07_20_831.jpg,D:\DPS 920\DPS920_final_project\IMG\right_2026_07_28_11_07_20_831.jpg,0.2,1.0,0,30.18297
D:\DPS 920\DPS920_final_project\IMG\center_2026_07_28_11_22_06_116.jpg,D:\DPS 920\DPS920_final_project\IMG\left_2026_07_28_11_22_06_116.jpg,D:\DPS 920\DPS920_final_project\IMG\right_2026_07_28_11_22_06_116.jpg,-0.15,1.0,0,30.18429
D:\DPS 920\DPS920_final_project\IMG\center_2026_07_28_11_08_40_536.jpg,D:\DPS 920\DPS920_final_project\IMG\left_2026_07_28_11_08_40_536.jpg,D:\DPS 920\DPS920_final_project\IMG\right_2026_07_28_11_08_40_536.jpg,0.45,1.0,0,30.15135
D:\DPS 920\DPS920_final_project\IMG\center_2026_07_28_11_21_57_835.jpg,D:\DPS 920\DPS920_final_project\IMG\left_2026_07_28_11_21_57_835.jpg,D:\DPS 920\DPS920_final_project\IMG\right_2026_07_28_11_21_57_835.jpg,-0.05,1.0,0,30.19013
D:\DPS 920\DPS920_final_project\IMG\center_2026_07_28_11_08_53_808.jpg,D:\DPS 920\DPS920_final_project\IMG\left_2026_07_28_11_08_53_808.jpg,D:\DPS 920\DPS920_final_project\IMG\right_2026_07_28_11_08_53_808.jpg,0.0,1.0,0,30.18945
D:\DPS 920\DPS920_final_project\IMG\center_2026_07_28_11_09_23_602.jpg,D:\DPS 920\DPS920_final_project\IMG\left_2026_07_28_11_09_23_602.jpg,D:\DPS 920\DPS920_final_project\IMG\right_2026_07_28_11_09_23_602.jpg,0.3,1.0,0,30.17158
D:\DPS 920\DPS920_final_project\IMG\center_2026_07_28_11_09_29_986.jpg,D:\DPS 920\DPS920_final_project\IMG\left_2026_07_28_11_09_29_986.jpg,D:\DPS 920\DPS920_final_project\IMG\right_2026_07_28_11_09_29_986.jpg,0.0,1.0,0,30.18793
D:\DPS 920\DPS920_final_project\IMG\center_2026_07_28_11_20_43_826.jpg,D:\DPS 920\DPS920_final_project\IMG\left_2026_07_28_11_20_43_826.jpg,D:\DPS 920\DPS920_final_project\IMG\right_2026_07_28_11_20_43_826.jpg,-0.2,1.0,0,30.18023
D:\DPS 920\DPS920_final_project\IMG\center_2026_07_28_11_08_35_347.jpg,D:\DPS 920\DPS920_final_project\IMG\left_2026_07_28_11_08_35_347.jpg,D:\DPS 920\DPS920_final_project\IMG\right_2026_07_28_11_08_35_347.jpg,0.1,1.0,0,30.18726
D:\DPS 920\DPS920_final_project\IMG\center_2026_07_28_11_22_18_160.jpg,D:\DPS 920\DPS920_final_project\IMG\left_2026_07_28_11_22_18_160.jpg,D:\DPS 920\DPS920_final_project\IMG\right_2026_07_28_11_22_18_160.jpg,0.0,1.0,0,30.19029
D:\DPS 920\DPS920_final_project\IMG\center_2026_07_28_11_07_27_020.jpg,D:\DPS 920\DPS920_final_project\IMG\left_2026_07_28_11_07_27_020.jpg,D:\DPS 920\DPS920_final_project\IMG\right_2026_07_28_11_07_27_020.jpg,-0.05,1.0,0,30.18991
D:\DPS 920\DPS920_final_project\IMG\center_2026_07_28_11_07_46_222.jpg,D:\DPS 920\DPS920_final_project\IMG\left_2026_07_28_11_07_46_222.jpg,D:\DPS 920\DPS920_final_project\IMG\right_2026_07_28_11_07_46_222.jpg,0.0,1.0,0,30.19062
D:\DPS 920\DPS920_final_project\IMG\center_2026_07_28_11_20_58_452.jpg,D:\DPS 920\DPS920_final_project\IMG\left_2026_07_28_11_20_58_452.jpg,D:\DPS 920\DPS920_final_project\IMG\right_2026_07_28_11_20_58_452.jpg,-0.5000001,1.0,0,30.14801
D:\DPS 920\DPS920_final_project\IMG\center_2026_07_28_11_09_04_202.jpg,D:\DPS 920\DPS920_final_project\IMG\left_2026_07_28_11_09_04_202.jpg,D:\DPS 920\DPS920_final_project\IMG\right_2026_07_28_11_09_04_202.jpg,0.8500001,1.0,0,30.10747
D:\DPS 920\DPS920_final_project\IMG\center_2026_07_28_11_06_43_248.jpg,D:\DPS 920\DPS920_final_project\IMG\left_2026_07_28_11_06_43_248.jpg,D:\DPS 920\DPS920_final_project\IMG\right_2026_07_28_11_06_43_248.jpg,0.15,1.0,0,30.18419
D:\DPS 920\DPS920_final_project\IMG\center_2026_07_28_11_07_00_235.jpg,D:\DPS 920\DPS920_final_project\IMG\left_2026_07_28_11_07_00_235.jpg,D:\DPS 920\DPS920_final_project\IMG\right_2026_07_28_11_07_00_235.jpg,0.05,1.0,0,30.18972
D:\DPS 920\DPS920_final_project\IMG\center_2026_07_28_11_07_37_521.jpg,D:\DPS 920\DPS920_final_project\IMG\left_2026_07_28_11_07_37_521.jpg,D:\DPS 920\DPS920_final_project\IMG\right_2026_07_28_11_07_37_521.jpg,0.1,1.0,0,30.18936
D:\DPS 920\DPS920_final_project\IMG\center_2026_07_28_11_21_33_846.jpg,D:\DPS 920\DPS920_final_project\IMG\left_2026_07_28_11_21_33_846.jpg,D:\DPS 920\DPS920_final_project\IMG\right_2026_07_28_11_21_33_846.jpg,0.0,1.0,0,30.19029
