D:\DPS 920\DPS920_final_project\IMG\center_2026_07_27_15_29_46_909.jpg,D:\DPS 920\DPS920_final_project\IMG\left_2026_07_27_15_29_46_909.jpg,D:\DPS 920\DPS920_final_project\IMG\right_2026_07_27_15_29_46_909.jpg,0,0,0,2.008802E-05
D:\DPS 920\DPS920_final_project\IMG\center_2026_07_27_15_29_46_978.jpg,D:\DPS 920\DPS920_final_project\IMG\left_2026_07_27_15_29_46_978.jpg,D:\DPS 920\DPS920_final_project\IMG\right_2026_07_27_15_29_46_978.jpg,0,0,0,1.393663E-05
D:\DPS 920\DPS920_final_project\IMG\center_2026_07_27_15_29_47_050.jpg,D:\DPS 920\DPS920_final_project\IMG\left_2026_07_27_15_29_47_050.jpg,D:\DPS 920\DPS920_final_project\IMG\right_2026_07_27_15_29_47_050.jpg,0,0,0,6.327377E-06
D:\DPS 920\DPS920_final_project\IMG\center_2026_07_27_15_29_47_123.jpg,D:\DPS 920\DPS920_final_project\IMG\left_2026_07_27_15_29_47_123.jpg,D:\DPS 920\DPS920_final_project\IMG\right_2026_07_27_15_29_47_123.jpg,0,0,0,1.89914E-05
D:\DPS 920\DPS920_final_project\IMG\center_2026_07_27_15_29_47_197.jpg,D:\DPS 920\DPS920_final_project\IMG\left_2026_07_27_15_29_47_197.jpg,D:\DPS 920\DPS920_final_project\IMG\right_2026_07_27_15_29_47_197.jpg,0,0,0,9.015815E-06
D:\DPS 920\DPS920_final_project\IMG\center_2026_07_27_15_29_47_269.jpg,D:\DPS 920\DPS920_final_project\IMG\left_2026_07_27_15_29_47_269.jpg,D:\DPS 920\DPS920_final_project\IMG\right_2026_07_27_15_29_47_269.jpg,0,0,0,1.223993E-05
D:\DPS 920\DPS920_final_project\IMG\center_2026_07_27_15_29_47_341.jpg,D:\DPS 920\DPS920_final_project\IMG\left_2026_07_27_15_29_47_341.jpg,D:\DPS 920\DPS920_final_project\IMG\right_2026_07_27_15_29_47_341.jpg,0,0,0,8.585268E-06
D:\DPS 920\DPS920_final_project\IMG\center_2026_07_27_15_29_47_413.jpg,D:\DPS 920\DPS920_final_project\IMG\left_2026_07_27_15_29_47_413.jpg,D:\DPS 920\DPS920_final_project\IMG\right_2026_07_27_15_29_47_413.jpg,0,0,0,7.223146E-06
D:\DPS 920\DPS920_final_project\IMG\center_2026_07_27_15_29_47_481.jpg,D:\DPS 920\DPS920_final_project\IMG\left_2026_07_27_15_29_47_481.jpg,D:\DPS 920\DPS920_final_project\IMG\right_2026_07_27_15_29_47_481.jpg,0,0,0,2.706224E-06
D:\DPS 920\DPS920_final_project\IMG\center_2026_07_27_15_29_47_553.jpg,D:\DPS 920\DPS920_final_project\IMG\left_2026_07_27_15_29_47_553.jpg,D:\DPS 920\DPS920_final_project\IMG\right_2026_07_27_15_29_47_553.jpg,0,0,0,2.075867E-05
D:\DPS 920\DPS920_final_project\IMG\center_2026_07_27_15_29_47_626.jpg,D:\DPS 920\DPS920_final_project\IMG\left_2026_07_27_15_29_47_626.jpg,D:\DPS 920\DPS920_final_project\IMG\right_2026_07_27_15_29_47_626.jpg,0,0,0,1.513466E-05
D:\DPS 920\DPS920_final_project\IMG\center_2026_07_27_15_29_47_699.jpg,D:\DPS 920\DPS920_final_project\IMG\left_2026_07_27_15_29_47_699.jpg,D:\DPS 920\DPS920_final_project\IMG\right_2026_07_27_15_29_47_699.jpg,0,0,0,5.429872E-06
D:\DPS 920\DPS920_final_project\IMG\center_2026_07_27_15_29_47_772.jpg,D:\DPS 920\DPS920_final_project\IMG\left_2026_07_27_15_29_47_772.jpg,D:\DPS 920\DPS920_final_project\IMG\right_2026_07_27_15_29_47_772.jpg,0,0,0,3.330901E-06
D:\DPS 920\DPS920_final_project\IMG\center_2026_07_27_15_29_47_845.jpg,D:\DPS 920\DPS920_final_project\IMG\left_2026_07_27_15_29_47_845.jpg,D:\DPS 920\DPS920_final_project\IMG\right_2026_07_27_15_29_47_845.jpg,0,0.1120053,0,0.07782885
D:\DPS 920\DPS920_final_project\IMG\center_2026_07_27_15_29_47_913.jpg,D:\DPS 920\DPS920_final_project\IMG\left_2026_07_27_15_29_47_913.jpg,D:\DPS 920\DPS920_final_project\IMG\right_2026_07_27_15_29_47_913.jpg,0,0.3136278,0,0.2089845
D:\DPS 920\DPS920_final_project\IMG\center_2026_07_27_15_29_47_983.jpg,D:\DPS 920\DPS920_final_project\IMG\left_2026_07_27_15_29_47_983.jpg,D:\DPS 920\DPS920_final_project\IMG\right_2026_07_27_15_29_47_983.jpg,0,0.5412939,0,0.6293301
D:\DPS 920\DPS920_final_project\IMG\center_2026_07_27_15_29_48_050.jpg,D:\DPS 920\DPS920_final_project\IMG\left_2026_07_27_15_29_48_050.jpg,D:\DPS 920\DPS920_final_project\IMG\right_2026_07_27_15_29_48_050.jpg,-0.05,0.7260432,0,1.098458
D:\DPS 920\DPS920_final_project\IMG\center_2026_07_27_15_29_48_120.jpg,D:\DPS 920\DPS920_final_project\IMG\left_2026_07_27_15_29_48_120.jpg,D:\DPS 920\DPS920_final_project\IMG\right_2026_07_27_15_29_48_120.jpg,-0.25,0.953634,0,1.913155
D:\DPS 920\DPS920_final_project\IMG\center_2026_07_27_15_29_48_187.jpg,D:\DPS 920\DPS920_final_project\IMG\left_2026_07_27_15_29_48_187.jpg,D:\DPS 920\DPS920_final_project\IMG\right_2026_07_27_15_29_48_187.jpg,0,1,0,2.59872
D:\DPS 920\DPS920_final_project\IMG\center_2026_07_27_15_29_48_256.jpg,D:\DPS 920\DPS920_final_project\IMG\left_2026_07_27_15_29_48_256.jpg,D:\DPS 920\DPS920_final_project\IMG\right_2026_07_27_15_29_48_256.jpg,0,1,0,3.296112
D:\DPS 920\DPS920_final_project\IMG\center_2026_07_27_15_29_48_323.jpg,D:\DPS 920\DPS920_final_project\IMG\left_2026_07_27_15_29_48_323.jpg,D:\DPS 920\DPS920_final_project\IMG\right_2026_07_27_15_29_48_323.jpg,-0.15,1,0,4.231659
D:\DPS 920\DPS920_final_project\IMG\center_2026_07_27_15_29_48_391.jpg,D:\DPS 920\DPS920_final_project\IMG\left_2026_07_27_15_29_48_391.jpg,D:\DPS 920\DPS920_final_project\IMG\right_2026_07_27_15_29_48_391.jpg,0,1,0,4.926531
D:\DPS 920\DPS920_final_project\IMG\center_2026_07_27_15_29_48_461.jpg,D:\DPS 920\DPS920_final_project\IMG\left_2026_07_27_15_29_48_461.jpg,D:\DPS 920\DPS920_final_project\IMG\right_2026_07_27_15_29_48_461.jpg,-0.05,1,0,5.852226
D:\DPS 920\DPS920_final_project\IMG\center_2026_07_27_15_29_48_534.jpg,D:\DPS 920\DPS920_final_project\IMG\left_2026_07_27_15_29_48_534.jpg,D:\DPS 920\DPS920_final_project\IMG\right_2026_07_27_15_29_48_534.jpg,-0.2,1,0,6.535202
D:\DPS 920\DPS920_final_project\IMG\center_2026_07_27_15_29_48_608.jpg,D:\DPS 920\DPS920_final_project\IMG\left_2026_07_27_15_29_48_608.jpg,D:\DPS 920\DPS920_final_project\IMG\right_2026_07_27_15_29_48_608.jpg,-0.05,1,0,7.440392
D:\DPS 920\DPS920_final_project\IMG\center_2026_07_27_15_29_48_676.jpg,D:\DPS 920\DPS920_final_project\IMG\left_2026_07_27_15_29_48_676.jpg,D:\DPS 920\DPS920_final_project\IMG\right_2026_07_27_15_29_48_676.jpg,-0.2,1,0,8.115625
D:\DPS 920\DPS920_final_project\IMG\center_2026_07_27_15_29_48_744.jpg,D:\DPS 920\DPS920_final_project\IMG\left_2026_07_27_15_29_48_744.jpg,D:\DPS 920\DPS920_final_project\IMG\right_2026_07_27_15_29_48_744.jpg,-0.05,1,0,9.007905
D:\DPS 920\DPS920_final_project\IMG\center_2026_07_27_15_29_48_819.jpg,D:\DPS 920\DPS920_final_project\IMG\left_2026_07_27_15_29_48_819.jpg,D:\DPS 920\DPS920_final_project\IMG\right_2026_07_27_15_29_48_819.jpg,0,1,0,9.895147
D:\DPS 920\DPS920_final_project\IMG\center_2026_07_27_15_29_48_891.jpg,D:\DPS 920\DPS920_final_project\IMG\left_2026_07_27_15_29_48_891.jpg,D:\DPS 920\DPS920_final_project\IMG\right_2026_07_27_15_29_48_891.jpg,0,1,0,10.55972
D:\DPS 920\DPS920_final_project\IMG\center_2026_07_27_15_29_48_963.jpg,D:\DPS 920\DPS920_final_project\IMG\left_2026_07_27_15_29_48_963.jpg,D:\DPS 920\DPS920_final_project\IMG\right_2026_07_27_15_29_48_963.jpg,-0.2,1,0,11.53168
D:\DPS 920\DPS920_final_project\IMG\center_2026_07_27_15_29_49_031.jpg,D:\DPS 920\DPS920_final_project\IMG\left_2026_07_27_15_29_49_031.jpg,D:\DPS 920\DPS920_final_project\IMG\right_2026_07_27_15_29_49_031.jpg,0,1,0,11.85551
D:\DPS 920\DPS920_final_project\IMG\center_2026_07_27_15_29_49_098.jpg,D:\DPS 920\DPS920_final_project\IMG\left_2026_07_27_15_29_49_098.jpg,D:\DPS 920\DPS920_final_project\IMG\right_2026_07_27_15_29_49_098.jpg,-0.15,1,0,12.80783
D:\DPS 920\DPS920_final_project\IMG\center_2026_07_27_15_29_49_166.jpg,D:\DPS 920\DPS920_final_project\IMG\left_2026_07_27_15_29_49_166.jpg,D:\DPS 920\DPS920_final_project\IMG\right_2026_07_27_15_29_49_166.jpg,-0.35,1,0,13.53268
D:\DPS 920\DPS920_final_project\IMG\center_2026_07_27_15_29_49_234.jpg,D:\DPS 920\DPS920_final_project\IMG\left_2026_07_27_15_29_49_234.jpg,D:\DPS 920\DPS920_final_project\IMG\right_2026_07_27_15_29_49_234.jpg,-0.5000001,1,0,14.15057
D:\DPS 920\DPS920_final_project\IMG\center_2026_07_27_15_29_49_304.jpg,D:\DPS 920\DPS920_final_project\IMG\left_2026_07_27_15_29_49_304.jpg,D:\DPS 920\DPS920_final_project\IMG\right_2026_07_27_15_29_49_304.jpg,0,1,0,14.84735
D:\DPS 920\DPS920_final_project\IMG\center_2026_07_27_15_29_49_374.jpg,D:\DPS 920\DPS920_final_project\IMG\left_2026_07_27_15_29_49_374.jpg,D:\DPS 920\DPS920_final_project\IMG\right_2026_07_27_15_29_49_374.jpg,0,1,0,15.60968
D:\DPS 920\DPS920_final_project\IMG\center_2026_07_27_15_29_49_445.jpg,D:\DPS 920\DPS920_final_project\IMG\left_2026_07_27_15_29_49_445.jpg,D:\DPS 920\DPS920_final_project\IMG\right_2026_07_27_15_29_49_445.jpg,0,1,0,16.44617
D:\DPS 920\DPS920_final_project\IMG\center_2026_07_27_15_29_49_514.jpg,D:\DPS 920\DPS920_final_project\IMG\left_2026_07_27_15_29_49_514.jpg,D:\DPS 920\DPS920_final_project\IMG\right_2026_07_27_15_29_49_514.jpg,0,1,0,16.84454
D:\DPS 920\DPS920_final_project\IMG\center_2026_07_27_15_29_49_582.jpg,D:\DPS 920\DPS920_final_project\IMG\left_2026_07_27_15_29_49_582.jpg,D:\DPS 920\DPS920_final_project\IMG\right_2026_07_27_15_29_49_582.jpg,-0.05,1,0,17.69477
D:\DPS 920\DPS920_final_project\IMG\center_2026_07_27_15_29_49_652.jpg,D:\DPS 920\DPS920_final_project\IMG\left_2026_07_27_15_29_49_652.jpg,D:\DPS 920\DPS920_final_project\IMG\right_2026_07_27_15_29_49_652.jpg,-0.2,1,0,18.48615
D:\DPS 920\DPS920_final_project\IMG\center_2026_07_27_15_29_49_721.jpg,D:\DPS 920\DPS920_final_project\IMG\left_2026_07_27_15_29_49_721.jpg,D:\DPS 920\DPS920_final_project\IMG\right_2026_07_27_15_29_49_721.jpg,0,1,0,19.27951
D:\DPS 920\DPS920_final_project\IMG\center_2026_07_27_15_29_49_790.jpg,D:\DPS 920\DPS920_final_project\IMG\left_2026_07_27_15_29_49_790.jpg,D:\DPS 920\DPS920_final_project\IMG\right_2026_07_27_15_29_49_790.jpg,-0.15,1,0,19.75772
D:\DPS 920\DPS920_final_project\IMG\center_2026_07_27_15_29_49_865.jpg,D:\DPS 920\DPS920_final_project\IMG\left_2026_07_27_15_29_49_865.jpg,D:\DPS 920\DPS920_final_project\IMG\right_2026_07_27_15_29_49_865.jpg,-0.35,1,0,20.53466
D:\DPS 920\DPS920_final_project\IMG\center_2026_07_27_15_29_49_933.jpg,D:\DPS 920\DPS920_final_project\IMG\left_2026_07_27_15_29_49_933.jpg,D:\DPS 920\DPS920_final_project\IMG\right_2026_07_27_15_29_49_933.jpg,-0.5000001,1,0,21.14047
D:\DPS 920\DPS920_final_project\IMG\center_2026_07_27_15_29_50_003.jpg,D:\DPS 920\DPS920_final_project\IMG\left_2026_07_27_15_29_50_003.jpg,D:\DPS 920\DPS920_final_project\IMG\right_2026_07_27_15_29_50_003.jpg,-0.7,1,0,21.76012
D:\DPS 920\DPS920_final_project\IMG\center_2026_07_27_15_29_50_075.jpg,D:\DPS 920\DPS920_final_project\IMG\left_2026_07_27_15_29_50_075.jpg,D:\DPS 920\DPS920_final_project\IMG\right_2026_07_27_15_29_50_075.jpg,-0.8500001,1,0,22.14143
D:\DPS 920\DPS920_final_project\IMG\center_2026_07_27_15_29_50_150.jpg,D:\DPS 920\DPS920_final_project\IMG\left_2026_07_27_15_29_50_150.jpg,D:\DPS 920\DPS920_final_project\IMG\right_2026_07_27_15_29_50_150.jpg,0,1,0,22.7389
D:\DPS 920\DPS920_final_project\IMG\center_2026_07_27_15_29_50_220.jpg,D:\DPS 920\DPS920_final_project\IMG\left_2026_07_27_15_29_50_220.jpg,D:\DPS 920\DPS920_final_project\IMG\right_2026_07_27_15_29_50_220.jpg,0,1,0,23.44398
D:\DPS 920\DPS920_final_project\IMG\center_2026_07_27_15_29_50_286.jpg,D:\DPS 920\DPS920_final_project\IMG\left_2026_07_27_15_29_50_286.jpg,D:\DPS 920\DPS920_final_project\IMG\right_2026_07_27_15_29_50_286.jpg,0,1,0,24.01685
D:\DPS 920\DPS920_final_project\IMG\center_2026_07_27_15_29_50_354.jpg,D:\DPS 920\DPS920_final_project\IMG\left_2026_07_27_15_29_50_354.jpg,D:\DPS 920\DPS920_final_project\IMG\right_2026_07_27_15_29_50_354.jpg,0,1,0,24.58853
D:\DPS 920\DPS920_final_project\IMG\center_2026_07_27_15_29_50_428.jpg,D:\DPS 920\DPS920_final_project\IMG\left_2026_07_27_15_29_50_428.jpg,D:\DPS 920\DPS920_final_project\IMG\right_2026_07_27_15_29_50_428.jpg,0,1,0,25.35807
D:\DPS 920\DPS920_final_project\IMG\center_2026_07_27_15_29_50_495.jpg,D:\DPS 920\DPS920_final_project\IMG\left_2026_07_27_15_29_50_495.jpg,D:\DPS 920\DPS920_final_project\IMG\right_2026_07_27_15_29_50_495.jpg,0,1,0,25.93079
D:\DPS 920\DPS920_final_project\IMG\center_2026_07_27_15_29_50_562.jpg,D:\DPS 920\DPS920_final_project\IMG\left_2026_07_27_15_29_50_562.jpg,D:\DPS 920\DPS920_final_project\IMG\right_2026_07_27_15_29_50_562.jpg,0,1,0,26.68944
D:\DPS 920\DPS920_final_project\IMG\center_2026_07_27_15_29_50_630.jpg,D:\DPS 920\DPS920_final_project\IMG\left_2026_07_27_15_29_50_630.jpg,D:\DPS 920\DPS920_final_project\IMG\right_2026_07_27_15_29_50_630.jpg,-0.1,1,0,27.25193
D:\DPS 920\DPS920_final_project\IMG\center_2026_07_27_15_29_50_698.jpg,D:\DPS 920\DPS920_final_project\IMG\left_2026_07_27_15_29_50_698.jpg,D:\DPS 920\DPS920_final_project\IMG\right_2026_07_27_15_29_50_698.jpg,-0.25,1,0,27.78517
D:\DPS 920\DPS920_final_project\IMG\center_2026_07_27_15_29_50_771.jpg,D:\DPS 920\DPS920_final_project\IMG\left_2026_07_27_15_29_50_771.jpg,D:\DPS 920\DPS920_final_project\IMG\right_2026_07_27_15_29_50_771.jpg,0,1,0,28.50434
D:\DPS 920\DPS920_final_project\IMG\center_2026_07_27_15_29_50_840.jpg,D:\DPS 920\DPS920_final_project\IMG\left_2026_07_27_15_29_50_840.jpg,D:\DPS 920\DPS920_final_project\IMG\right_2026_07_27_15_29_50_840.jpg,-0.2,1,0,29.23284
D:\DPS 920\DPS920_final_project\IMG\center_2026_07_27_15_29_50_908.jpg,D:\DPS 920\DPS920_final_project\IMG\left_2026_07_27_15_29_50_908.jpg,D:\DPS 920\DPS920_final_project\IMG\right_2026_07_27_15_29_50_908.jpg,0,1,0,29.75167
D:\DPS 920\DPS920_final_project\IMG\center_2026_07_27_15_29_50_982.jpg,D:\DPS 920\DPS920_final_project\IMG\left_2026_07_27_15_29_50_982.jpg,D:\DPS 920\DPS920_final_project\IMG\right_2026_07_27_15_29_50_982.jpg,0,1,0,30.19013
D:\DPS 920\DPS920_final_project\IMG\center_2026_07_27_15_29_51_055.jpg,D:\DPS 920\DPS920_final_project\IMG\left_2026_07_27_15_29_51_055.jpg,D:\DPS 920\DPS920_final_project\IMG\right_2026_07_27_15_29_51_055.jpg,0,1,0,30.19007
D:\DPS 920\DPS920_final_project\IMG\center_2026_07_27_15_29_51_128.jpg,D:\DPS 920\DPS920_final_project\IMG\left_2026_07_27_15_29_51_128.jpg,D:\DPS 920\DPS920_final_project\IMG\right_2026_07_27_15_29_51_128.jpg,-0.1,1,0,30.1886
D:\DPS 920\DPS920_final_project\IMG\center_2026_07_27_15_29_51_199.jpg,D:\DPS 920\DPS920_final_project\IMG\left_2026_07_27_15_29_51_199.jpg,D:\DPS 920\DPS920_final_project\IMG\right_2026_07_27_15_29_51_199.jpg,0,1,0,30.19068
D:\DPS 920\DPS920_final_project\IMG\center_2026_07_27_15_29_51_272.jpg,D:\DPS 920\DPS920_final_project\IMG\left_2026_07_27_15_29_51_272.jpg,D:\DPS 920\DPS920_final_project\IMG\right_2026_07_27_15_29_51_272.jpg,-0.05,1,0,30.19005
D:\DPS 920\DPS920_final_project\IMG\center_2026_07_27_15_29_51_345.jpg,D:\DPS 920\DPS920_final_project\IMG\left_2026_07_27_15_29_51_345.jpg,D:\DPS 920\DPS920_final_project\IMG\right_2026_07_27_15_29_51_345.jpg,0,1,0,30.18787
D:\DPS 920\DPS920_final_project\IMG\center_2026_07_27_15_29_51_418.jpg,D:\DPS 920\DPS920_final_project\IMG\left_2026_07_27_15_29_51_418.jpg,D:\DPS 920\DPS920_final_project\IMG\right_2026_07_27_15_29_51_418.jpg,0,1,0,30.19017
D:\DPS 920\DPS920_final_project\IMG\center_2026_07_27_15_29_51_485.jpg,D:\DPS 920\DPS920_final_project\IMG\left_2026_07_27_15_29_51_485.jpg,D:\DPS 920\DPS920_final_project\IMG\right_2026_07_27_15_29_51_485.jpg,-0.2,1,0,30.18205
D:\DPS 920\DPS920_final_project\IMG\center_2026_07_27_15_29_51_560.jpg,D:\DPS 920\DPS920_final_project\IMG\left_2026_07_27_15_29_51_560.jpg,D:\DPS 920\DPS920_final_project\IMG\right_2026_07_27_15_29_51_560.jpg,-0.05,1,0,30.18972
D:\DPS 920\DPS920_final_project\IMG\center_2026_07_27_15_29_51_632.jpg,D:\DPS 920\DPS920_final_project\IMG\left_2026_07_27_15_29_51_632.jpg,D:\DPS 920\DPS920_final_project\IMG\right_2026_07_27_15_29_51_632.jpg,-0.2,1,0,30.18329
D:\DPS 920\DPS920_final_project\IMG\center_2026_07_27_15_29_51_699.jpg,D:\DPS 920\DPS920_final_project\IMG\left_2026_07_27_15_29_51_699.jpg,D:\DPS 920\DPS920_final_project\IMG\right_2026_07_27_15_29_51_699.jpg,0,1,0,30.18927
D:\DPS 920\DPS920_final_project\IMG\center_2026_07_27_15_29_51_771.jpg,D:\DPS 920\DPS920_final_project\IMG\left_2026_07_27_15_29_51_771.jpg,D:\DPS 920\DPS920_final_project\IMG\right_2026_07_27_15_29_51_771.jpg,-0.1,1,0,30.18964
D:\DPS 920\DPS920_final_project\IMG\center_2026_07_27_15_29_51_838.jpg,D:\DPS 920\DPS920_final_project\IMG\left_2026_07_27_15_29_51_838.jpg,D:\DPS 920\DPS920_final_project\IMG\right_2026_07_27_15_29_51_838.jpg,-0.25,1,0,30.17795
D:\DPS 920\DPS920_final_project\IMG\center_2026_07_27_15_29_51_905.jpg,D:\DPS 920\DPS920_final_project\IMG\left_2026_07_27_15_29_51_905.jpg,D:\DPS 920\DPS920_final_project\IMG\right_2026_07_27_15_29_51_905.jpg,-0.05,1,0,30.19021
D:\DPS 920\DPS920_final_project\IMG\center_2026_07_27_15_29_51_973.jpg,D:\DPS 920\DPS920_final_project\IMG\left_2026_07_27_15_29_51_973.jpg,D:\DPS 920\DPS920_final_project\IMG\right_2026_07_27_15_29_51_973.jpg,-0.2,1,0,30.18343
D:\DPS 920\DPS920_final_project\IMG\center_2026_07_27_15_29_52_042.jpg,D:\DPS 920\DPS920_final_project\IMG\left_2026_07_27_15_29_52_042.jpg,D:\DPS 920\DPS920_final_project\IMG\right_2026_07_27_15_29_52_042.jpg,0,1,0,30.19005
D:\DPS 920\DPS920_final_project\IMG\center_2026_07_27_15_29_52_117.jpg,D:\DPS 920\DPS920_final_project\IMG\left_2026_07_27_15_29_52_117.jpg,D:\DPS 920\DPS920_final_project\IMG\right_2026_07_27_15_29_52_117.jpg,-0.15,1,0,30.18644
D:\DPS 920\DPS920_final_project\IMG\center_2026_07_27_15_29_52_186.jpg,D:\DPS 920\DPS920_final_project\IMG\left_2026_07_27_15_29_52_186.jpg,D:\DPS 920\DPS920_final_project\IMG\right_2026_07_27_15_29_52_186.jpg,-0.05,1,0,30.19089
D:\DPS 920\DPS920_final_project\IMG\center_2026_07_27_15_29_52_260.jpg,D:\DPS 920\DPS920_final_project\IMG\left_2026_07_27_15_29_52_260.jpg,D:\DPS 920\DPS920_final_project\IMG\right_2026_07_27_15_29_52_260.jpg,-0.25,1,0,30.17964
D:\DPS 920\DPS920_final_project\IMG\center_2026_07_27_15_29_52_334.jpg,D:\DPS 920\DPS920_final_project\IMG\left_2026_07_27_15_29_52_334.jpg,D:\DPS 920\DPS920_final_project\IMG\right_2026_07_27_15_29_52_334.jpg,-0.05,1,0,30.19037
D:\DPS 920\DPS920_final_project\IMG\center_2026_07_27_15_29_52_410.jpg,D:\DPS 920\DPS920_final_project\IMG\left_2026_07_27_15_29_52_410.jpg,D:\DPS 920\DPS920_final_project\IMG\right_2026_07_27_15_29_52_410.jpg,0,1,0,30.18899
D:\DPS 920\DPS920_final_project\IMG\center_2026_07_27_15_29_52_478.jpg,D:\DPS 920\DPS920_final_project\IMG\left_2026_07_27_15_29_52_478.jpg,D:\DPS 920\DPS920_final_project\IMG\right_2026_07_27_15_29_52_478.jpg,0,1,0,30.18998
D:\DPS 920\DPS920_final_project\IMG\center_2026_07_27_15_29_52_545.jpg,D:\DPS 920\DPS920_final_project\IMG\left_2026_07_27_15_29_52_545.jpg,D:\DPS 920\DPS920_final_project\IMG\right_2026_07_27_15_29_52_545.jpg,-0.1,1,0,30.18924
D:\DPS 920\DPS920_final_project\IMG\center_2026_07_27_15_29_52_615.jpg,D:\DPS 920\DPS920_final_project\IMG\left_2026_07_27_15_29_52_615.jpg,D:\DPS 920\DPS920_final_project\IMG\right_2026_07_27_15_29_52_615.jpg,0,1,0,30.18771
D:\DPS 920\DPS920_final_project\IMG\center_2026_07_27_15_29_52_685.jpg,D:\DPS 920\DPS920_final_project\IMG\left_2026_07_27_15_29_52_685.jpg,D:\DPS 920\DPS920_final_project\IMG\right_2026_07_27_15_29_52_685.jpg,0,1,0,30.1902
D:\DPS 920\DPS920_final_project\IMG\center_2026_07_27_15_29_52_759.jpg,D:\DPS 920\DPS920_final_project\IMG\left_2026_07_27_15_29_52_759.jpg,D:\DPS 920\DPS920_final_project\IMG\right_2026_07_27_15_29_52_759.jpg,0,1,0,30.189
D:\DPS 920\DPS920_final_project\IMG\center_2026_07_27_15_29_52_830.jpg,D:\DPS 920\DPS920_final_project\IMG\left_2026_07_27_15_29_52_830.jpg,D:\DPS 920\DPS920_final_project\IMG\right_2026_07_27_15_29_52_830.jpg,0,1,0,30.19024
D:\DPS 920\DPS920_final_project\IMG\center_2026_07_27_15_29_52_901.jpg,D:\DPS 920\DPS920_final_project\IMG\left_2026_07_27_15_29_52_901.jpg,D:\DPS 920\DPS920_final_project\IMG\right_2026_07_27_15_29_52_901.jpg,-0.2,1,0,30.18145
D:\DPS 920\DPS920_final_project\IMG\center_2026_07_27_15_29_52_971.jpg,D:\DPS 920\DPS920_final_project\IMG\left_2026_07_27_15_29_52_971.jpg,D:\DPS 920\DPS920_final_project\IMG\right_2026_07_27_15_29_52_971.jpg,0,1,0,30.18511
D:\DPS 920\DPS920_final_project\IMG\center_2026_07_27_15_29_53_043.jpg,D:\DPS 920\DPS920_final_project\IMG\left_2026_07_27_15_29_53_043.jpg,D:\DPS 920\DPS920_final_project\IMG\right_2026_07_27_15_29_53_043.jpg,-0.05,1,0,30.19009
D:\DPS 920\DPS920_final_project\IMG\center_2026_07_27_15_29_53_112.jpg,D:\DPS 920\DPS920_final_project\IMG\left_2026_07_27_15_29_53_112.jpg,D:\DPS 920\DPS920_final_project\IMG\right_2026_07_27_15_29_53_112.jpg,-0.2,1,0,30.18328
D:\DPS 920\DPS920_final_project\IMG\center_2026_07_27_15_29_53_183.jpg,D:\DPS 920\DPS920_final_project\IMG\left_2026_07_27_15_29_53_183.jpg,D:\DPS 920\DPS920_final_project\IMG\right_2026_07_27_15_29_53_183.jpg,0,1,0,30.19028
D:\DPS 920\DPS920_final_project\IMG\center_2026_07_27_15_29_53_254.jpg,D:\DPS 920\DPS920_final_project\IMG\left_2026_07_27_15_29_53_254.jpg,D:\DPS 920\DPS920_final_project\IMG\right_2026_07_27_15_29_53_254.jpg,-0.15,1,0,30.18637
D:\DPS 920\DPS920_final_project\IMG\center_2026_07_27_15_29_53_327.jpg,D:\DPS 920\DPS920_final_project\IMG\left_2026_07_27_15_29_53_327.jpg,D:\DPS 920\DPS920_final_project\IMG\right_2026_07_27_15_29_53_327.jpg,0,1,0,30.19028
D:\DPS 920\DPS920_final_project\IMG\center_2026_07_27_15_29_53_398.jpg,D:\DPS 920\DPS920_final_project\IMG\left_2026_07_27_15_29_53_398.jpg,D:\DPS 920\DPS920_final_project\IMG\right_2026_07_27_15_29_53_398.jpg,-0.15,1,0,30.1876
D:\DPS 920\DPS920_final_project\IMG\center_2026_07_27_15_29_53_472.jpg,D:\DPS 920\DPS920_final_project\IMG\left_2026_07_27_15_29_53_472.jpg,D:\DPS 920\DPS920_final_project\IMG\right_2026_07_27_15_29_53_472.jpg,-0.3,1,0,30.17277
D:\DPS 920\DPS920_final_project\IMG\center_2026_07_27_15_29_53_548.jpg,D:\DPS 920\DPS920_final_project\IMG\left_2026_07_27_15_29_53_548.jpg,D:\DPS 920\DPS920_final_project\IMG\right_2026_07_27_15_29_53_548.jpg,-0.05,1,0,30.19018
D:\DPS 920\DPS920_final_project\IMG\center_2026_07_27_15_29_53_622.jpg,D:\DPS 920\DPS920_final_project\IMG\left_2026_07_27_15_29_53_622.jpg,D:\DPS 920\DPS920_final_project\IMG\right_2026_07_27_15_29_53_622.jpg,-0.25,1,0,30.17935
D:\DPS 920\DPS920_final_project\IMG\center_2026_07_27_15_29_53_689.jpg,D:\DPS 920\DPS920_final_project\IMG\left_2026_07_27_15_29_53_689.jpg,D:\DPS 920\DPS920_final_project\IMG\right_2026_07_27_15_29_53_689.jpg,0,1,0,30.18931
D:\DPS 920\DPS920_final_project\IMG\center_2026_07_27_15_29_53_757.jpg,D:\DPS 920\DPS920_final_project\IMG\left_2026_07_27_15_29_53_757.jpg,D:\DPS 920\DPS920_final_project\IMG\right_2026_07_27_15_29_53_757.jpg,-0.1,1,0,30.19023
D:\DPS 920\DPS920_final_project\IMG\center_2026_07_27_15_29_53_825.jpg,D:\DPS 920\DPS920_final_project\IMG\left_2026_07_27_15_29_53_825.jpg,D:\DPS 920\DPS920_final_project\IMG\right_2026_07_27_15_29_53_825.jpg,0,1,0,30.18974
D:\DPS 920\DPS920_final_project\IMG\center_2026_07_27_15_29_53_895.jpg,D:\DPS 920\DPS920_final_project\IMG\left_2026_07_27_15_29_53_895.jpg,D:\DPS 920\DPS920_final_project\IMG\right_2026_07_27_15_29_53_895.jpg,-0.05,1,0,30.19013
D:\DPS 920\DPS920_final_project\IMG\center_2026_07_27_15_29_53_964.jpg,D:\DPS 920\DPS920_final_project\IMG\left_2026_07_27_15_29_53_964.jpg,D:\DPS 920\DPS920_final_project\IMG\right_2026_07_27_15_29_53_964.jpg,0,1,0,30.1882
D:\DPS 920\DPS920_final_project\IMG\center_2026_07_27_15_29_54_040.jpg,D:\DPS 920\DPS920_final_project\IMG\left_2026_07_27_15_29_54_040.jpg,D:\DPS 920\DPS920_final_project\IMG\right_2026_07_27_15_29_54_040.jpg,-0.05,1,0,30.19011
D:\DPS 920\DPS920_final_project\IMG\center_2026_07_27_15_29_54_115.jpg,D:\DPS 920\DPS920_final_project\IMG\left_2026_07_27_15_29_54_115.jpg,D:\DPS 920\DPS920_final_project\IMG\right_2026_07_27_15_29_54_115.jpg,-0.2,1,0,30.18212
D:\DPS 920\DPS920_final_project\IMG\center_2026_07_27_15_29_54_182.jpg,D:\DPS 920\DPS920_final_project\IMG\left_2026_07_27_15_29_54_182.jpg,D:\DPS 920\DPS920_final_project\IMG\right_2026_07_27_15_29_54_182.jpg,0,1,0,30.18943
D:\DPS 920\DPS920_final_project\IMG\center_2026_07_27_15_29_54_255.jpg,D:\DPS 920\DPS920_final_project\IMG\left_2026_07_27_15_29_54_255.jpg,D:\DPS 920\DPS920_final_project\IMG\right_2026_07_27_15_29_54_255.jpg,-0.1,1,0,30.18947
D:\DPS 920\DPS920_final_project\IMG\center_2026_07_27_15_29_54_329.jpg,D:\DPS 920\DPS920_final_project\IMG\left_2026_07_27_15_29_54_329.jpg,D:\DPS 920\DPS920_final_project\IMG\right_2026_07_27_15_29_54_329.jpg,0,1,0,30.19036
D:\DPS 920\DPS920_final_project\IMG\center_2026_07_27_15_29_54_402.jpg,D:\DPS 920\DPS920_final_project\IMG\left_2026_07_27_15_29_54_402.jpg,D:\DPS 920\DPS920_final_project\IMG\right_2026_07_27_15_29_54_402.jpg,-0.05,1,0,30.19012
D:\DPS 920\DPS920_final_project\IMG\center_2026_07_27_15_29_54_478.jpg,D:\DPS 920\DPS920_final_project\IMG\left_2026_07_27_15_29_54_478.jpg,D:\DPS 920\DPS920_final_project\IMG\right_2026_07_27_15_29_54_478.jpg,0,1,0,30.189
D:\DPS 920\DPS920_final_project\IMG\center_2026_07_27_15_29_54_552.jpg,D:\DPS 920\DPS920_final_project\IMG\left_2026_07_27_15_29_54_552.jpg,D:\DPS 920\DPS920_final_project\IMG\right_2026_07_27_15_29_54_552.jpg,0,1,0,30.19019
D:\DPS 920\DPS920_final_project\IMG\center_2026_07_27_15_29_54_629.jpg,D:\DPS 920\DPS920_final_project\IMG\left_2026_07_27_15_29_54_629.jpg,D:\DPS 920\DPS920_final_project\IMG\right_2026_07_27_15_29_54_629.jpg,-0.2,1,0,30.18127
D:\DPS 920\DPS920_final_project\IMG\center_2026_07_27_15_29_54_703.jpg,D:\DPS 920\DPS920_final_project\IMG\left_2026_07_27_15_29_54_703.jpg,D:\DPS 920\DPS920_final_project\IMG\right_2026_07_27_15_29_54_703.jpg,-0.05,1,0,30.19021
D:\DPS 920\DPS920_final_project\IMG\center_2026_07_27_15_29_54_775.jpg,D:\DPS 920\DPS920_final_project\IMG\left_2026_07_27_15_29_54_775.jpg,D:\DPS 920\DPS920_final_project\IMG\right_2026_07_27_15_29_54_775.jpg,-0.2,1,0,30.18217
D:\DPS 920\DPS920_final_project\IMG\center_2026_07_27_15_29_54_851.jpg,D:\DPS 920\DPS920_final_project\IMG\left_2026_07_27_15_29_54_851.jpg,D:\DPS 920\DPS920_final_project\IMG\right_2026_07_27_15_29_54_851.jpg,-0.4,1,0,30.15962
D:\DPS 920\DPS920_final_project\IMG\center_2026_07_27_15_29_54_930.jpg,D:\DPS 920\DPS920_final_project\IMG\left_2026_07_27_15_29_54_930.jpg,D:\DPS 920\DPS920_final_project\IMG\right_2026_07_27_15_29_54_930.jpg,0,1,0,30.17564
D:\DPS 920\DPS920_final_project\IMG\center_2026_07_27_15_29_54_998.jpg,D:\DPS 920\DPS920_final_project\IMG\left_2026_07_27_15_29_54_998.jpg,D:\DPS 920\DPS920_final_project\IMG\right_2026_07_27_15_29_54_998.jpg,0,1,0,30.18633
D:\DPS 920\DPS920_final_project\IMG\center_2026_07_27_15_29_55_069.jpg,D:\DPS 920\DPS920_final_project\IMG\left_2026_07_27_15_29_55_069.jpg,D:\DPS 920\DPS920_final_project\IMG\right_2026_07_27_15_29_55_069.jpg,0,1,0,30.18986
D:\DPS 920\DPS920_final_project\IMG\center_2026_07_27_15_29_55_141.jpg,D:\DPS 920\DPS920_final_project\IMG\left_2026_07_27_15_29_55_141.jpg,D:\DPS 920\DPS920_final_project\IMG\right_2026_07_27_15_29_55_141.jpg,0,1,0,30.19004
D:\DPS 920\DPS920_final_project\IMG\center_2026_07_27_15_29_55_215.jpg,D:\DPS 920\DPS920_final_project\IMG\left_2026_07_27_15_29_55_215.jpg,D:\DPS 920\DPS920_final_project\IMG\right_2026_07_27_15_29_55_215.jpg,0,1,0,30.19056
D:\DPS 920\DPS920_final_project\IMG\center_2026_07_27_15_29_55_289.jpg,D:\DPS 920\DPS920_final_project\IMG\left_2026_07_27_15_29_55_289.jpg,D:\DPS 920\DPS920_final_project\IMG\right_2026_07_27_15_29_55_289.jpg,0,1,0,30.19034
D:\DPS 920\DPS920_final_project\IMG\center_2026_07_27_15_29_55_362.jpg,D:\DPS 920\DPS920_final_project\IMG\left_2026_07_27_15_29_55_362.jpg,D:\DPS 920\DPS920_final_project\IMG\right_2026_07_27_15_29_55_362.jpg,0,1,0,30.19029
D:\DPS 920\DPS920_final_project\IMG\center_2026_07_27_15_29_55_433.jpg,D:\DPS 920\DPS920_final_project\IMG\left_2026_07_27_15_29_55_433.jpg,D:\DPS 920\DPS920_final_project\IMG\right_2026_07_27_15_29_55_433.jpg,-0.15,1,0,30.1846
D:\DPS 920\DPS920_final_project\IMG\center_2026_07_27_15_29_55_508.jpg,D:\DPS 920\DPS920_final_project\IMG\left_2026_07_27_15_29_55_508.jpg,D:\DPS 920\DPS920_final_project\IMG\right_2026_07_27_15_29_55_508.jpg,0,1,0,30.19034
D:\DPS 920\DPS920_final_project\IMG\center_2026_07_27_15_29_55_581.jpg,D:\DPS 920\DPS920_final_project\IMG\left_2026_07_27_15_29_55_581.jpg,D:\DPS 920\DPS920_final_project\IMG\right_2026_07_27_15_29_55_581.jpg,-0.15,1,0,30.18504
D:\DPS 920\DPS920_final_project\IMG\center_2026_07_27_15_29_55_655.jpg,D:\DPS 920\DPS920_final_project\IMG\left_2026_07_27_15_29_55_655.jpg,D:\DPS 920\DPS920_final_project\IMG\right_2026_07_27_15_29_55_655.jpg,0,1,0,30.19003
D:\DPS 920\DPS920_final_project\IMG\center_2026_07_27_15_29_55_730.jpg,D:\DPS 920\DPS920_final_project\IMG\left_2026_07_27_15_29_55_730.jpg,D:\DPS 920\DPS920_final_project\IMG\right_2026_07_27_15_29_55_730.jpg,-0.1,1,0,30.18842
D:\DPS 920\DPS920_final_project\IMG\center_2026_07_27_15_29_55_801.jpg,D:\DPS 920\DPS920_final_project\IMG\left_2026_07_27_15_29_55_801.jpg,D:\DPS 920\DPS920_final_project\IMG\right_2026_07_27_15_29_55_801.jpg,0,1,0,30.19032
D:\DPS 920\DPS920_final_project\IMG\center_2026_07_27_15_29_55_870.jpg,D:\DPS 920\DPS920_final_project\IMG\left_2026_07_27_15_29_55_870.jpg,D:\DPS 920\DPS920_final_project\IMG\right_2026_07_27_15_29_55_870.jpg,-0.1,1,0,30.18865
D:\DPS 920\DPS920_final_project\IMG\center_2026_07_27_15_29_55_941.jpg,D:\DPS 920\DPS920_final_project\IMG\left_2026_07_27_15_29_55_941.jpg,D:\DPS 920\DPS920_final_project\IMG\right_2026_07_27_15_29_55_941.jpg,0,1,0,30.19173
D:\DPS 920\DPS920_final_project\IMG\center_2026_07_27_15_29_56_014.jpg,D:\DPS 920\DPS920_final_project\IMG\left_2026_07_27_15_29_56_014.jpg,D:\DPS 920\DPS920_final_project\IMG\right_2026_07_27_15_29_56_014.jpg,0,1,0,30.19006
D:\DPS 920\DPS920_final_project\IMG\center_2026_07_27_15_29_56_086.jpg,D:\DPS 920\DPS920_final_project\IMG\left_2026_07_27_15_29_56_086.jpg,D:\DPS 920\DPS920_final_project\IMG\right_2026_07_27_15_29_56_086.jpg,-0.2,1,0,30.18143
D:\DPS 920\DPS920_final_project\IMG\center_2026_07_27_15_29_56_160.jpg,D:\DPS 920\DPS920_final_project\IMG\left_2026_07_27_15_29_56_160.jpg,D:\DPS 920\DPS920_final_project\IMG\right_2026_07_27_15_29_56_160.jpg,0,1,0,30.18902
D:\DPS 920\DPS920_final_project\IMG\center_2026_07_27_15_29_56_233.jpg,D:\DPS 920\DPS920_final_project\IMG\left_2026_07_27_15_29_56_233.jpg,D:\DPS 920\DPS920_final_project\IMG\right_2026_07_27_15_29_56_233.jpg,-0.1,1,0,30.19015
D:\DPS 920\DPS920_final_project\IMG\center_2026_07_27_15_29_56_308.jpg,D:\DPS 920\DPS920_final_project\IMG\left_2026_07_27_15_29_56_308.jpg,D:\DPS 920\DPS920_final_project\IMG\right_2026_07_27_15_29_56_308.jpg,0,1,0,30.1904
D:\DPS 920\DPS920_final_project\IMG\center_2026_07_27_15_29_56_382.jpg,D:\DPS 920\DPS920_final_project\IMG\left_2026_07_27_15_29_56_382.jpg,D:\DPS 920\DPS920_final_project\IMG\right_2026_07_27_15_29_56_382.jpg,-0.1,1,0,30.1889
D:\DPS 920\DPS920_final_project\IMG\center_2026_07_27_15_29_56_457.jpg,D:\DPS 920\DPS920_final_project\IMG\left_2026_07_27_15_29_56_457.jpg,D:\DPS 920\DPS920_final_project\IMG\right_2026_07_27_15_29_56_457.jpg,0,1,0,30.18766
D:\DPS 920\DPS920_final_project\IMG\center_2026_07_27_15_29_56_533.jpg,D:\DPS 920\DPS920_final_project\IMG\left_2026_07_27_15_29_56_533.jpg,D:\DPS 920\DPS920_final_project\IMG\right_2026_07_27_15_29_56_533.jpg,0,1,0,30.18984
D:\DPS 920\DPS920_final_project\IMG\center_2026_07_27_15_29_56_607.jpg,D:\DPS 920\DPS920_final_project\IMG\left_2026_07_27_15_29_56_607.jpg,D:\DPS 920\DPS920_final_project\IMG\right_2026_07_27_15_29_56_607.jpg,0,1,0,30.18999
D:\DPS 920\DPS920_final_project\IMG\center_2026_07_27_15_29_56_681.jpg,D:\DPS 920\DPS920_final_project\IMG\left_2026_07_27_15_29_56_681.jpg,D:\DPS 920\DPS920_final_project\IMG\right_2026_07_27_15_29_56_681.jpg,0,1,0,30.18998
D:\DPS 920\DPS920_final_project\IMG\center_2026_07_27_15_29_56_756.jpg,D:\DPS 920\DPS920_final_project\IMG\left_2026_07_27_15_29_56_756.jpg,D:\DPS 920\DPS920_final_project\IMG\right_2026_07_27_15_29_56_756.jpg,0,1,0,30.18994
D:\DPS 920\DPS920_final_project\IMG\center_2026_07_27_15_29_56_829.jpg,D:\DPS 920\DPS920_final_project\IMG\left_2026_07_27_15_29_56_829.jpg,D:\DPS 920\DPS920_final_project\IMG\right_2026_07_27_15_29_56_829.jpg,0,1,0,30.1881
D:\DPS 920\DPS920_final_project\IMG\center_2026_07_27_15_29_56_899.jpg,D:\DPS 920\DPS920_final_project\IMG\left_2026_07_27_15_29_56_899.jpg,D:\DPS 920\DPS920_final_project\IMG\right_2026_07_27_15_29_56_899.jpg,0,1,0,30.18983
D:\DPS 920\DPS920_final_project\IMG\center_2026_07_27_15_29_56_966.jpg,D:\DPS 920\DPS920_final_project\IMG\left_2026_07_27_15_29_56_966.jpg,D:\DPS 920\DPS920_final_project\IMG\right_2026_07_27_15_29_56_966.jpg,-0.15,1,0,30.18329
D:\DPS 920\DPS920_final_project\IMG\center_2026_07_27_15_29_57_037.jpg,D:\DPS 920\DPS920_final_project\IMG\left_2026_07_27_15_29_57_037.jpg,D:\DPS 920\DPS920_final_project\IMG\right_2026_07_27_15_29_57_037.jpg,0,1,0,30.1902
D:\DPS 920\DPS920_final_project\IMG\center_2026_07_27_15_29_57_107.jpg,D:\DPS 920\DPS920_final_project\IMG\left_2026_07_27_15_29_57_107.jpg,D:\DPS 920\DPS920_final_project\IMG\right_2026_07_27_15_29_57_107.jpg,-0.15,1,0,30.18509
D:\DPS 920\DPS920_final_project\IMG\center_2026_07_27_15_29_57_176.jpg,D:\DPS 920\DPS920_final_project\IMG\left_2026_07_27_15_29_57_176.jpg,D:\DPS 920\DPS920_final_project\IMG\right_2026_07_27_15_29_57_176.jpg,0,1,0,30.18559
D:\DPS 920\DPS920_final_project\IMG\center_2026_07_27_15_29_57_250.jpg,D:\DPS 920\DPS920_final_project\IMG\left_2026_07_27_15_29_57_250.jpg,D:\DPS 920\DPS920_final_project\IMG\right_2026_07_27_15_29_57_250.jpg,-0.05,1,0,30.19046
D:\DPS 920\DPS920_final_project\IMG\center_2026_07_27_15_29_57_319.jpg,D:\DPS 920\DPS920_final_project\IMG\left_2026_07_27_15_29_57_319.jpg,D:\DPS 920\DPS920_final_project\IMG\right_2026_07_27_15_29_57_319.jpg,-0.25,1,0,30.17716
D:\DPS 920\DPS920_final_project\IMG\center_2026_07_27_15_29_57_388.jpg,D:\DPS 920\DPS920_final_project\IMG\left_2026_07_27_15_29_57_388.jpg,D:\DPS 920\DPS920_final_project\IMG\right_2026_07_27_15_29_57_388.jpg,0,1,0,30.18931
D:\DPS 920\DPS920_final_project\IMG\center_2026_07_27_15_29_57_460.jpg,D:\DPS 920\DPS920_final_project\IMG\left_2026_07_27_15_29_57_460.jpg,D:\DPS 920\DPS920_final_project\IMG\right_2026_07_27_15_29_57_460.jpg,-0.1,1,0,30.18897
D:\DPS 920\DPS920_final_project\IMG\center_2026_07_27_15_29_57_526.jpg,D:\DPS 920\DPS920_final_project\IMG\left_2026_07_27_15_29_57_526.jpg,D:\DPS 920\DPS920_final_project\IMG\right_2026_07_27_15_29_57_526.jpg,0,1,0,30.18783
D:\DPS 920\DPS920_final_project\IMG\center_2026_07_27_15_29_57_593.jpg,D:\DPS 920\DPS920_final_project\IMG\left_2026_07_27_15_29_57_593.jpg,D:\DPS 920\DPS920_final_project\IMG\right_2026_07_27_15_29_57_593.jpg,0,1,0,30.18996
D:\DPS 920\DPS920_final_project\IMG\center_2026_07_27_15_29_57_661.jpg,D:\DPS 920\DPS920_final_project\IMG\left_2026_07_27_15_29_57_661.jpg,D:\DPS 920\DPS920_final_project\IMG\right_2026_07_27_15_29_57_661.jpg,-0.15,1,0,30.18546
D:\DPS 920\DPS920_final_project\IMG\center_2026_07_27_15_29_57_732.jpg,D:\DPS 920\DPS920_final_project\IMG\left_2026_07_27_15_29_57_732.jpg,D:\DPS 920\DPS920_final_project\IMG\right_2026_07_27_15_29_57_732.jpg,0,1,0,30.18985
D:\DPS 920\DPS920_final_project\IMG\center_2026_07_27_15_29_57_803.jpg,D:\DPS 920\DPS920_final_project\IMG\left_2026_07_27_15_29_57_803.jpg,D:\DPS 920\DPS920_final_project\IMG\right_2026_07_27_15_29_57_803.jpg,0,1,0,30.18965
D:\DPS 920\DPS920_final_project\IMG\center_2026_07_27_15_29_57_870.jpg,D:\DPS 920\DPS920_final_project\IMG\left_2026_07_27_15_29_57_870.jpg,D:\DPS 920\DPS920_final_project\IMG\right_2026_07_27_15_29_57_870.jpg,0,1,0,30.18974
D:\DPS 920\DPS920_final_project\IMG\center_2026_07_27_15_29_57_938.jpg,D:\DPS 920\DPS920_final_project\IMG\left_2026_07_27_15_29_57_938.jpg,D:\DPS 920\DPS920_final_project\IMG\right_2026_07_27_15_29_57_938.jpg,0,1,0,30.18915
D:\DPS 920\DPS920_final_project\IMG\center_2026_07_27_15_29_58_017.jpg,D:\DPS 920\DPS920_final_project\IMG\left_2026_07_27_15_29_58_017.jpg,D:\DPS 920\DPS920_final_project\IMG\right_2026_07_27_15_29_58_017.jpg,0,1,0,30.19167
D:\DPS 920\DPS920_final_project\IMG\center_2026_07_27_15_29_58_085.jpg,D:\DPS 920\DPS920_final_project\IMG\left_2026_07_27_15_29_58_085.jpg,D:\DPS 920\DPS920_final_project\IMG\right_2026_07_27_15_29_58_085.jpg,0,1,0,30.19047
D:\DPS 920\DPS920_final_project\IMG\center_2026_07_27_15_29_58_154.jpg,D:\DPS 920\DPS920_final_project\IMG\left_2026_07_27_15_29_58_154.jpg,D:\DPS 920\DPS920_final_project\IMG\right_2026_07_27_15_29_58_154.jpg,-0.1,1,0,30.18723
D:\DPS 920\DPS920_final_project\IMG\center_2026_07_27_15_29_58_223.jpg,D:\DPS 920\DPS920_final_project\IMG\left_2026_07_27_15_29_58_223.jpg,D:\DPS 920\DPS920_final_project\IMG\right_2026_07_27_15_29_58_223.jpg,0,1,0,30.19196
D:\DPS 920\DPS920_final_project\IMG\center_2026_07_27_15_29_58_294.jpg,D:\DPS 920\DPS920_final_project\IMG\left_2026_07_27_15_29_58_294.jpg,D:\DPS 920\DPS920_final_project\IMG\right_2026_07_27_15_29_58_294.jpg,-0.05,1,0,30.19051
D:\DPS 920\DPS920_final_project\IMG\center_2026_07_27_15_29_58_364.jpg,D:\DPS 920\DPS920_final_project\IMG\left_2026_07_27_15_29_58_364.jpg,D:\DPS 920\DPS920_final_project\IMG\right_2026_07_27_15_29_58_364.jpg,-0.25,1,0,30.17495
D:\DPS 920\DPS920_final_project\IMG\center_2026_07_27_15_29_58_436.jpg,D:\DPS 920\DPS920_final_project\IMG\left_2026_07_27_15_29_58_436.jpg,D:\DPS 920\DPS920_final_project\IMG\right_2026_07_27_15_29_58_436.jpg,0,1,0,30.18952
D:\DPS 920\DPS920_final_project\IMG\center_2026_07_27_15_29_58_509.jpg,D:\DPS 920\DPS920_final_project\IMG\left_2026_07_27_15_29_58_509.jpg,D:\DPS 920\DPS920_final_project\IMG\right_2026_07_27_15_29_58_509.jpg,-0.2,1,0,30.18207
D:\DPS 920\DPS920_final_project\IMG\center_2026_07_27_15_29_58_582.jpg,D:\DPS 920\DPS920_final_project\IMG\left_2026_07_27_15_29_58_582.jpg,D:\DPS 920\DPS920_final_project\IMG\right_2026_07_27_15_29_58_582.jpg,0,1,0,30.19003
D:\DPS 920\DPS920_final_project\IMG\center_2026_07_27_15_29_58_655.jpg,D:\DPS 920\DPS920_final_project\IMG\left_2026_07_27_15_29_58_655.jpg,D:\DPS 920\DPS920_final_project\IMG\right_2026_07_27_15_29_58_655.jpg,-0.15,1,0,30.18736
D:\DPS 920\DPS920_final_project\IMG\center_2026_07_27_15_29_58_724.jpg,D:\DPS 920\DPS920_final_project\IMG\left_2026_07_27_15_29_58_724.jpg,D:\DPS 920\DPS920_final_project\IMG\right_2026_07_27_15_29_58_724.jpg,0,1,0,30.18931
D:\DPS 920\DPS920_final_project\IMG\center_2026_07_27_15_29_58_793.jpg,D:\DPS 920\DPS920_final_project\IMG\left_2026_07_27_15_29_58_793.jpg,D:\DPS 920\DPS920_final_project\IMG\right_2026_07_27_15_29_58_793.jpg,0,1,0,30.18964
D:\DPS 920\DPS920_final_project\IMG\center_2026_07_27_15_29_58_867.jpg,D:\DPS 920\DPS920_final_project\IMG\left_2026_07_27_15_29_58_867.jpg,D:\DPS 920\DPS920_final_project\IMG\right_2026_07_27_15_29_58_867.jpg,0,1,0,30.18917
D:\DPS 920\DPS920_final_project\IMG\center_2026_07_27_15_29_58_937.jpg,D:\DPS 920\DPS920_final_project\IMG\left_2026_07_27_15_29_58_937.jpg,D:\DPS 920\DPS920_final_project\IMG\right_2026_07_27_15_29_58_937.jpg,0,1,0,30.18954
D:\DPS 920\DPS920_final_project\IMG\center_2026_07_27_15_29_59_008.jpg,D:\DPS 920\DPS920_final_project\IMG\left_2026_07_27_15_29_59_008.jpg,D:\DPS 920\DPS920_final_project\IMG\right_2026_07_27_15_29_59_008.jpg,0,1,0,30.18668
D:\DPS 920\DPS920_final_project\IMG\center_2026_07_27_15_29_59_082.jpg,D:\DPS 920\DPS920_final_project\IMG\left_2026_07_27_15_29_59_082.jpg,D:\DPS 920\DPS920_final_project\IMG\right_2026_07_27_15_29_59_082.jpg,0,1,0,30.19055
D:\DPS 920\DPS920_final_project\IMG\center_2026_07_27_15_29_59_150.jpg,D:\DPS 920\DPS920_final_project\IMG\left_2026_07_27_15_29_59_150.jpg,D:\DPS 920\DPS920_final_project\IMG\right_2026_07_27_15_29_59_150.jpg,0,1,0,30.19032
D:\DPS 920\DPS920_final_project\IMG\center_2026_07_27_15_29_59_220.jpg,D:\DPS 920\DPS920_final_project\IMG\left_2026_07_27_15_29_59_220.jpg,D:\DPS 920\DPS920_final_project\IMG\right_2026_07_27_15_29_59_220.jpg,0,1,0,30.18585
D:\DPS 920\DPS920_final_project\IMG\center_2026_07_27_15_29_59_289.jpg,D:\DPS 920\DPS920_final_project\IMG\left_2026_07_27_15_29_59_289.jpg,D:\DPS 920\DPS920_final_project\IMG\right_2026_07_27_15_29_59_289.jpg,0,1,0,30.19168
D:\DPS 920\DPS920_final_project\IMG\center_2026_07_27_15_29_59_367.jpg,D:\DPS 920\DPS920_final_project\IMG\left_2026_07_27_15_29_59_367.jpg,D:\DPS 920\DPS920_final_project\IMG\right_2026_07_27_15_29_59_367.jpg,0,1,0,30.19068
D:\DPS 920\DPS920_final_project\IMG\center_2026_07_27_15_29_59_434.jpg,D:\DPS 920\DPS920_final_project\IMG\left_2026_07_27_15_29_59_434.jpg,D:\DPS 920\DPS920_final_project\IMG\right_2026_07_27_15_29_59_434.jpg,-0.1,1,0,30.18739
D:\DPS 920\DPS920_final_project\IMG\center_2026_07_27_15_29_59_502.jpg,D:\DPS 920\DPS920_final_project\IMG\left_2026_07_27_15_29_59_502.jpg,D:\DPS 920\DPS920_final_project\IMG\right_2026_07_27_15_29_59_502.jpg,0,1,0,30.19175
D:\DPS 920\DPS920_final_project\IMG\center_2026_07_27_15_29_59_570.jpg,D:\DPS 920\DPS920_final_project\IMG\left_2026_07_27_15_29_59_570.jpg,D:\DPS 920\DPS920_final_project\IMG\right_2026_07_27_15_29_59_570.jpg,-0.1,1,0,30.18855
D:\DPS 920\DPS920_final_project\IMG\center_2026_07_27_15_29_59_637.jpg,D:\DPS 920\DPS920_final_project\IMG\left_2026_07_27_15_29_59_637.jpg,D:\DPS 920\DPS920_final_project\IMG\right_2026_07_27_15_29_59_637.jpg,0,1,0,30.18778
D:\DPS 920\DPS920_final_project\IMG\center_2026_07_27_15_29_59_717.jpg,D:\DPS 920\DPS920_final_project\IMG\left_2026_07_27_15_29_59_717.jpg,D:\DPS 920\DPS920_final_project\IMG\right_2026_07_27_15_29_59_717.jpg,0,1,0,30.19015
D:\DPS 920\DPS920_final_project\IMG\center_2026_07_27_15_29_59_784.jpg,D:\DPS 920\DPS920_final_project\IMG\left_2026_07_27_15_29_59_784.jpg,D:\DPS 920\DPS920_final_project\IMG\right_2026_07_27_15_29_59_784.jpg,0,1,0,30.1902
D:\DPS 920\DPS920_final_project\IMG\center_2026_07_27_15_29_59_857.jpg,D:\DPS 920\DPS920_final_project\IMG\left_2026_07_27_15_29_59_857.jpg,D:\DPS 920\DPS920_final_project\IMG\right_2026_07_27_15_29_59_857.jpg,0,1,0,30.1902
D:\DPS 920\DPS920_final_project\IMG\center_2026_07_27_15_29_59_933.jpg,D:\DPS 920\DPS920_final_project\IMG\left_2026_07_27_15_29_59_933.jpg,D:\DPS 920\DPS920_final_project\IMG\right_2026_07_27_15_29_59_933.jpg,0,1,0,30.19018
D:\DPS 920\DPS920_final_project\IMG\center_2026_07_27_15_30_00_007.jpg,D:\DPS 920\DPS920_final_project\IMG\left_2026_07_27_15_30_00_007.jpg,D:\DPS 920\DPS920_final_project\IMG\right_2026_07_27_15_30_00_007.jpg,-0.2,1,0,30.17915
D:\DPS 920\DPS920_final_project\IMG\center_2026_07_27_15_30_00_080.jpg,D:\DPS 920\DPS920_final_project\IMG\left_2026_07_27_15_30_00_080.jpg,D:\DPS 920\DPS920_final_project\IMG\right_2026_07_27_15_30_00_080.jpg,0,1,0,30.18629
D:\DPS 920\DPS920_final_project\IMG\center_2026_07_27_15_30_00_151.jpg,D:\DPS 920\DPS920_final_project\IMG\left_2026_07_27_15_30_00_151.jpg,D:\DPS 920\DPS920_final_project\IMG\right_2026_07_27_15_30_00_151.jpg,-0.1,1,0,30.18954
D:\DPS 920\DPS920_final_project\IMG\center_2026_07_27_15_30_00_221.jpg,D:\DPS 920\DPS920_final_project\IMG\left_2026_07_27_15_30_00_221.jpg,D:\DPS 920\DPS920_final_project\IMG\right_2026_07_27_15_30_00_221.jpg,0,1,0,30.19043
D:\DPS 920\DPS920_final_project\IMG\center_2026_07_27_15_30_00_292.jpg,D:\DPS 920\DPS920_final_project\IMG\left_2026_07_27_15_30_00_292.jpg,D:\DPS 920\DPS920_final_project\IMG\right_2026_07_27_15_30_00_292.jpg,-0.05,1,0,30.18922
D:\DPS 920\DPS920_final_project\IMG\center_2026_07_27_15_30_00_358.jpg,D:\DPS 920\DPS920_final_project\IMG\left_2026_07_27_15_30_00_358.jpg,D:\DPS 920\DPS920_final_project\IMG\right_2026_07_27_15_30_00_358.jpg,0,1,0,30.19178
D:\DPS 920\DPS920_final_project\IMG\center_2026_07_27_15_30_00_437.jpg,D:\DPS 920\DPS920_final_project\IMG\left_2026_07_27_15_30_00_437.jpg,D:\DPS 920\DPS920_final_project\IMG\right_2026_07_27_15_30_00_437.jpg,0,1,0,30.19073
D:\DPS 920\DPS920_final_project\IMG\center_2026_07_27_15_30_00_513.jpg,D:\DPS 920\DPS920_final_project\IMG\left_2026_07_27_15_30_00_513.jpg,D:\DPS 920\DPS920_final_project\IMG\right_2026_07_27_15_30_00_513.jpg,0,1,0,30.19049
D:\DPS 920\DPS920_final_project\IMG\center_2026_07_27_15_30_00_581.jpg,D:\DPS 920\DPS920_final_project\IMG\left_2026_07_27_15_30_00_581.jpg,D:\DPS 920\DPS920_final_project\IMG\right_2026_07_27_15_30_00_581.jpg,0,1,0,30.1905
D:\DPS 920\DPS920_final_project\IMG\center_2026_07_27_15_30_00_661.jpg,D:\DPS 920\DPS920_final_project\IMG\left_2026_07_27_15_30_00_661.jpg,D:\DPS 920\DPS920_final_project\IMG\right_2026_07_27_15_30_00_661.jpg,-0.15,1,0,30.18391
D:\DPS 920\DPS920_final_project\IMG\center_2026_07_27_15_30_00_738.jpg,D:\DPS 920\DPS920_final_project\IMG\left_2026_07_27_15_30_00_738.jpg,D:\DPS 920\DPS920_final_project\IMG\right_2026_07_27_15_30_00_738.jpg,0,1,0,30.18987
D:\DPS 920\DPS920_final_project\IMG\center_2026_07_27_15_30_00_813.jpg,D:\DPS 920\DPS920_final_project\IMG\left_2026_07_27_15_30_00_813.jpg,D:\DPS 920\DPS920_final_project\IMG\right_2026_07_27_15_30_00_813.jpg,-0.1,1,0,30.18849
D:\DPS 920\DPS920_final_project\IMG\center_2026_07_27_15_30_00_891.jpg,D:\DPS 920\DPS920_final_project\IMG\left_2026_07_27_15_30_00_891.jpg,D:\DPS 920\DPS920_final_project\IMG\right_2026_07_27_15_30_00_891.jpg,0,1,0,30.19085
D:\DPS 920\DPS920_final_project\IMG\center_2026_07_27_15_30_00_969.jpg,D:\DPS 920\DPS920_final_project\IMG\left_2026_07_27_15_30_00_969.jpg,D:\DPS 920\DPS920_final_project\IMG\right_2026_07_27_15_30_00_969.jpg,-0.1,1,0,30.18855
D:\DPS 920\DPS920_final_project\IMG\center_2026_07_27_15_30_01_043.jpg,D:\DPS 920\DPS920_final_project\IMG\left_2026_07_27_15_30_01_043.jpg,D:\DPS 920\DPS920_final_project\IMG\right_2026_07_27_15_30_01_043.jpg,0,1,0,30.19061
D:\DPS 920\DPS920_final_project\IMG\center_2026_07_27_15_30_01_115.jpg,D:\DPS 920\DPS920_final_project\IMG\left_2026_07_27_15_30_01_115.jpg,D:\DPS 920\DPS920_final_project\IMG\right_2026_07_27_15_30_01_115.jpg,0,1,0,30.18986
D:\DPS 920\DPS920_final_project\IMG\center_2026_07_27_15_30_01_190.jpg,D:\DPS 920\DPS920_final_project\IMG\left_2026_07_27_15_30_01_190.jpg,D:\DPS 920\DPS920_final_project\IMG\right_2026_07_27_15_30_01_190.jpg,0,1,0,30.18993
D:\DPS 920\DPS920_final_project\IMG\center_2026_07_27_15_30_01_269.jpg,D:\DPS 920\DPS920_final_project\IMG\left_2026_07_27_15_30_01_269.jpg,D:\DPS 920\DPS920_final_project\IMG\right_2026_07_27_15_30_01_269.jpg,0,1,0,30.19106
D:\DPS 920\DPS920_final_project\IMG\center_2026_07_27_15_30_01_336.jpg,D:\DPS 920\DPS920_final_project\IMG\left_2026_07_27_15_30_01_336.jpg,D:\DPS 920\DPS920_final_project\IMG\right_2026_07_27_15_30_01_336.jpg,0,1,0,30.19058
D:\DPS 920\DPS920_final_project\IMG\center_2026_07_27_15_30_01_413.jpg,D:\DPS 920\DPS920_final_project\IMG\left_2026_07_27_15_30_01_413.jpg,D:\DPS 920\DPS920_final_project\IMG\right_2026_07_27_15_30_01_413.jpg,0,1,0,30.19034
D:\DPS 920\DPS920_final_project\IMG\center_2026_07_27_15_30_01_492.jpg,D:\DPS 920\DPS920_final_project\IMG\left_2026_07_27_15_30_01_492.jpg,D:\DPS 920\DPS920_final_project\IMG\right_2026_07_27_15_30_01_492.jpg,-0.05,1,0,30.19083
D:\DPS 920\DPS920_final_project\IMG\center_2026_07_27_15_30_01_569.jpg,D:\DPS 920\DPS920_final_project\IMG\left_2026_07_27_15_30_01_569.jpg,D:\DPS 920\DPS920_final_project\IMG\right_2026_07_27_15_30_01_569.jpg,0,1,0,30.19151
D:\DPS 920\DPS920_final_project\IMG\center_2026_07_27_15_30_01_644.jpg,D:\DPS 920\DPS920_final_project\IMG\left_2026_07_27_15_30_01_644.jpg,D:\DPS 920\DPS920_final_project\IMG\right_2026_07_27_15_30_01_644.jpg,0,1,0,30.19052
D:\DPS 920\DPS920_final_project\IMG\center_2026_07_27_15_30_01_714.jpg,D:\DPS 920\DPS920_final_project\IMG\left_2026_07_27_15_30_01_714.jpg,D:\DPS 920\DPS920_final_project\IMG\right_2026_07_27_15_30_01_714.jpg,0,1,0,30.19044
D:\DPS 920\DPS920_final_project\IMG\center_2026_07_27_15_30_01_786.jpg,D:\DPS 920\DPS920_final_project\IMG\left_2026_07_27_15_30_01_786.jpg,D:\DPS 920\DPS920_final_project\IMG\right_2026_07_27_15_30_01_786.jpg,0,1,0,30.19045
D:\DPS 920\DPS920_final_project\IMG\center_2026_07_27_15_30_01_857.jpg,D:\DPS 920\DPS920_final_project\IMG\left_2026_07_27_15_30_01_857.jpg,D:\DPS 920\DPS920_final_project\IMG\right_2026_07_27_15_30_01_857.jpg,0,1,0,30.19045
D:\DPS 920\DPS920_final_project\IMG\center_2026_07_27_15_30_01_929.jpg,D:\DPS 920\DPS920_final_project\IMG\left_2026_07_27_15_30_01_929.jpg,D:\DPS 920\DPS920_final_project\IMG\right_2026_07_27_15_30_01_929.jpg,0,1,0,30.19049
D:\DPS 920\DPS920_final_project\IMG\center_2026_07_27_15_30_02_003.jpg,D:\DPS 920\DPS920_final_project\IMG\left_2026_07_27_15_30_02_003.jpg,D:\DPS 920\DPS920_final_project\IMG\right_2026_07_27_15_30_02_003.jpg,0,1,0,30.19043
D:\DPS 920\DPS920_final_project\IMG\center_2026_07_27_15_30_02_079.jpg,D:\DPS 920\DPS920_final_project\IMG\left_2026_07_27_15_30_02_079.jpg,D:\DPS 920\DPS920_final_project\IMG\right_2026_07_27_15_30_02_079.jpg,0,1,0,30.19047
D:\DPS 920\DPS920_final_project\IMG\center_2026_07_27_15_30_02_155.jpg,D:\DPS 920\DPS920_final_project\IMG\left_2026_07_27_15_30_02_155.jpg,D:\DPS 920\DPS920_final_project\IMG\right_2026_07_27_15_30_02_155.jpg,-0.15,1,0,30.18371
D:\DPS 920\DPS920_final_project\IMG\center_2026_07_27_15_30_02_233.jpg,D:\DPS 920\DPS920_final_project\IMG\left_2026_07_27_15_30_02_233.jpg,D:\DPS 920\DPS920_final_project\IMG\right_2026_07_27_15_30_02_233.jpg,0,1,0,30.1905
D:\DPS 920\DPS920_final_project\IMG\center_2026_07_27_15_30_02_309.jpg,D:\DPS 920\DPS920_final_project\IMG\left_2026_07_27_15_30_02_309.jpg,D:\DPS 920\DPS920_final_project\IMG\right_2026_07_27_15_30_02_309.jpg,-0.1,1,0,30.18783
D:\DPS 920\DPS920_final_project\IMG\center_2026_07_27_15_30_02_384.jpg,D:\DPS 920\DPS920_final_project\IMG\left_2026_07_27_15_30_02_384.jpg,D:\DPS 920\DPS920_final_project\IMG\right_2026_07_27_15_30_02_384.jpg,0,1,0,30.19039
D:\DPS 920\DPS920_final_project\IMG\center_2026_07_27_15_30_02_459.jpg,D:\DPS 920\DPS920_final_project\IMG\left_2026_07_27_15_30_02_459.jpg,D:\DPS 920\DPS920_final_project\IMG\right_2026_07_27_15_30_02_459.jpg,0,1,0,30.19148
D:\DPS 920\DPS920_final_project\IMG\center_2026_07_27_15_30_02_539.jpg,D:\DPS 920\DPS920_final_project\IMG\left_2026_07_27_15_30_02_539.jpg,D:\DPS 920\DPS920_final_project\IMG\right_2026_07_27_15_30_02_539.jpg,0,1,0,30.19043
D:\DPS 920\DPS920_final_project\IMG\center_2026_07_27_15_30_02_605.jpg,D:\DPS 920\DPS920_final_project\IMG\left_2026_07_27_15_30_02_605.jpg,D:\DPS 920\DPS920_final_project\IMG\right_2026_07_27_15_30_02_605.jpg,0,1,0,30.19036
D:\DPS 920\DPS920_final_project\IMG\center_2026_07_27_15_30_02_675.jpg,D:\DPS 920\DPS920_final_project\IMG\left_2026_07_27_15_30_02_675.jpg,D:\DPS 920\DPS920_final_project\IMG\right_2026_07_27_15_30_02_675.jpg,0,1,0,30.19378
D:\DPS 920\DPS920_final_project\IMG\center_2026_07_27_15_30_02_745.jpg,D:\DPS 920\DPS920_final_project\IMG\left_2026_07_27_15_30_02_745.jpg,D:\DPS 920\DPS920_final_project\IMG\right_2026_07_27_15_30_02_745.jpg,-0.2,1,0,30.17959
D:\DPS 920\DPS920_final_project\IMG\center_2026_07_27_15_30_02_813.jpg,D:\DPS 920\DPS920_final_project\IMG\left_2026_07_27_15_30_02_813.jpg,D:\DPS 920\DPS920_final_project\IMG\right_2026_07_27_15_30_02_813.jpg,0,1,0,30.19143
D:\DPS 920\DPS920_final_project\IMG\center_2026_07_27_15_30_02_880.jpg,D:\DPS 920\DPS920_final_project\IMG\left_2026_07_27_15_30_02_880.jpg,D:\DPS 920\DPS920_final_project\IMG\right_2026_07_27_15_30_02_880.jpg,0,1,0,30.19036
D:\DPS 920\DPS920_final_project\IMG\center_2026_07_27_15_30_02_948.jpg,D:\DPS 920\DPS920_final_project\IMG\left_2026_07_27_15_30_02_948.jpg,D:\DPS 920\DPS920_final_project\IMG\right_2026_07_27_15_30_02_948.jpg,0,1,0,30.19039
D:\DPS 920\DPS920_final_project\IMG\center_2026_07_27_15_30_03_026.jpg,D:\DPS 920\DPS920_final_project\IMG\left_2026_07_27_15_30_03_026.jpg,D:\DPS 920\DPS920_final_project\IMG\right_2026_07_27_15_30_03_026.jpg,0,1,0,30.19044
D:\DPS 920\DPS920_final_project\IMG\center_2026_07_27_15_30_03_100.jpg,D:\DPS 920\DPS920_final_project\IMG\left_2026_07_27_15_30_03_100.jpg,D:\DPS 920\DPS920_final_project\IMG\right_2026_07_27_15_30_03_100.jpg,0,1,0,30.1904
D:\DPS 920\DPS920_final_project\IMG\center_2026_07_27_15_30_03_171.jpg,D:\DPS 920\DPS920_final_project\IMG\left_2026_07_27_15_30_03_171.jpg,D:\DPS 920\DPS920_final_project\IMG\right_2026_07_27_15_30_03_171.jpg,0,1,0,30.19041
D:\DPS 920\DPS920_final_project\IMG\center_2026_07_27_15_30_03_244.jpg,D:\DPS 920\DPS920_final_project\IMG\left_2026_07_27_15_30_03_244.jpg,D:\DPS 920\DPS920_final_project\IMG\right_2026_07_27_15_30_03_244.jpg,-0.15,1,0,30.1842
D:\DPS 920\DPS920_final_project\IMG\center_2026_07_27_15_30_03_317.jpg,D:\DPS 920\DPS920_final_project\IMG\left_2026_07_27_15_30_03_317.jpg,D:\DPS 920\DPS920_final_project\IMG\right_2026_07_27_15_30_03_317.jpg,0,1,0,30.19125
D:\DPS 920\DPS920_final_project\IMG\center_2026_07_27_15_30_03_391.jpg,D:\DPS 920\DPS920_final_project\IMG\left_2026_07_27_15_30_03_391.jpg,D:\DPS 920\DPS920_final_project\IMG\right_2026_07_27_15_30_03_391.jpg,0,1,0,30.19032
D:\DPS 920\DPS920_final_project\IMG\center_2026_07_27_15_30_03_465.jpg,D:\DPS 920\DPS920_final_project\IMG\left_2026_07_27_15_30_03_465.jpg,D:\DPS 920\DPS920_final_project\IMG\right_2026_07_27_15_30_03_465.jpg,0,1,0,30.19032
D:\DPS 920\DPS920_final_project\IMG\center_2026_07_27_15_30_03_538.jpg,D:\DPS 920\DPS920_final_project\IMG\left_2026_07_27_15_30_03_538.jpg,D:\DPS 920\DPS920_final_project\IMG\right_2026_07_27_15_30_03_538.jpg,-0.15,1,0,30.18452
D:\DPS 920\DPS920_final_project\IMG\center_2026_07_27_15_30_03_611.jpg,D:\DPS 920\DPS920_final_project\IMG\left_2026_07_27_15_30_03_611.jpg,D:\DPS 920\DPS920_final_project\IMG\right_2026_07_27_15_30_03_611.jpg,0,1,0,30.18998
D:\DPS 920\DPS920_final_project\IMG\center_2026_07_27_15_30_03_685.jpg,D:\DPS 920\DPS920_final_project\IMG\left_2026_07_27_15_30_03_685.jpg,D:\DPS 920\DPS920_final_project\IMG\right_2026_07_27_15_30_03_685.jpg,-0.05,1,0,30.19061
D:\DPS 920\DPS920_final_project\IMG\center_2026_07_27_15_30_03_761.jpg,D:\DPS 920\DPS920_final_project\IMG\left_2026_07_27_15_30_03_761.jpg,D:\DPS 920\DPS920_final_project\IMG\right_2026_07_27_15_30_03_761.jpg,0,1,0,30.18767
D:\DPS 920\DPS920_final_project\IMG\center_2026_07_27_15_30_03_836.jpg,D:\DPS 920\DPS920_final_project\IMG\left_2026_07_27_15_30_03_836.jpg,D:\DPS 920\DPS920_final_project\IMG\right_2026_07_27_15_30_03_836.jpg,0,1,0,30.19037
D:\DPS 920\DPS920_final_project\IMG\center_2026_07_27_15_30_03_915.jpg,D:\DPS 920\DPS920_final_project\IMG\left_2026_07_27_15_30_03_915.jpg,D:\DPS 920\DPS920_final_project\IMG\right_2026_07_27_15_30_03_915.jpg,0,1,0,30.19085
D:\DPS 920\DPS920_final_project\IMG\center_2026_07_27_15_30_03_982.jpg,D:\DPS 920\DPS920_final_project\IMG\left_2026_07_27_15_30_03_982.jpg,D:\DPS 920\DPS920_final_project\IMG\right_2026_07_27_15_30_03_982.jpg,0,1,0,30.1905
D:\DPS 920\DPS920_final_project\IMG\center_2026_07_27_15_30_04_051.jpg,D:\DPS 920\DPS920_final_project\IMG\left_2026_07_27_15_30_04_051.jpg,D:\DPS 920\DPS920_final_project\IMG\right_2026_07_27_15_30_04_051.jpg,-0.1,1,0,30.18798
D:\DPS 920\DPS920_final_project\IMG\center_2026_07_27_15_30_04_118.jpg,D:\DPS 920\DPS920_final_project\IMG\left_2026_07_27_15_30_04_118.jpg,D:\DPS 920\DPS920_final_project\IMG\right_2026_07_27_15_30_04_118.jpg,0,1,0,30.19009
D:\DPS 920\DPS920_final_project\IMG\center_2026_07_27_15_30_04_194.jpg,D:\DPS 920\DPS920_final_project\IMG\left_2026_07_27_15_30_04_194.jpg,D:\DPS 920\DPS920_final_project\IMG\right_2026_07_27_15_30_04_194.jpg,0,1,0,30.19038
D:\DPS 920\DPS920_final_project\IMG\center_2026_07_27_15_30_04_272.jpg,D:\DPS 920\DPS920_final_project\IMG\left_2026_07_27_15_30_04_272.jpg,D:\DPS 920\DPS920_final_project\IMG\right_2026_07_27_15_30_04_272.jpg,0,1,0,30.19033
D:\DPS 920\DPS920_final_project\IMG\center_2026_07_27_15_30_04_348.jpg,D:\DPS 920\DPS920_final_project\IMG\left_2026_07_27_15_30_04_348.jpg,D:\DPS 920\DPS920_final_project\IMG\right_2026_07_27_15_30_04_348.jpg,-0.05,1,0,30.18978
D:\DPS 920\DPS920_final_project\IMG\center_2026_07_27_15_30_04_423.jpg,D:\DPS 920\DPS920_final_project\IMG\left_2026_07_27_15_30_04_423.jpg,D:\DPS 920\DPS920_final_project\IMG\right_2026_07_27_15_30_04_423.jpg,0,1,0,30.19097
D:\DPS 920\DPS920_final_project\IMG\center_2026_07_27_15_30_04_497.jpg,D:\DPS 920\DPS920_final_project\IMG\left_2026_07_27_15_30_04_497.jpg,D:\DPS 920\DPS920_final_project\IMG\right_2026_07_27_15_30_04_497.jpg,0,1,0,30.19027
D:\DPS 920\DPS920_final_project\IMG\center_2026_07_27_15_30_04_572.jpg,D:\DPS 920\DPS920_final_project\IMG\left_2026_07_27_15_30_04_572.jpg,D:\DPS 920\DPS920_final_project\IMG\right_2026_07_27_15_30_04_572.jpg,0,1,0,30.19031
D:\DPS 920\DPS920_final_project\IMG\center_2026_07_27_15_30_04_650.jpg,D:\DPS 920\DPS920_final_project\IMG\left_2026_07_27_15_30_04_650.jpg,D:\DPS 920\DPS920_final_project\IMG\right_2026_07_27_15_30_04_650.jpg,0,1,0,30.1903
D:\DPS 920\DPS920_final_project\IMG\center_2026_07_27_15_30_04_730.jpg,D:\DPS 920\DPS920_final_project\IMG\left_2026_07_27_15_30_04_730.jpg,D:\DPS 920\DPS920_final_project\IMG\right_2026_07_27_15_30_04_730.jpg,-0.05,1,0,30.18968
D:\DPS 920\DPS920_final_project\IMG\center_2026_07_27_15_30_04_807.jpg,D:\DPS 920\DPS920_final_project\IMG\left_2026_07_27_15_30_04_807.jpg,D:\DPS 920\DPS920_final_project\IMG\right_2026_07_27_15_30_04_807.jpg,0,1,0,30.19015
D:\DPS 920\DPS920_final_project\IMG\center_2026_07_27_15_30_04_885.jpg,D:\DPS 920\DPS920_final_project\IMG\left_2026_07_27_15_30_04_885.jpg,D:\DPS 920\DPS920_final_project\IMG\right_2026_07_27_15_30_04_885.jpg,0,1,0,30.1903
D:\DPS 920\DPS920_final_project\IMG\center_2026_07_27_15_30_04_962.jpg,D:\DPS 920\DPS920_final_project\IMG\left_2026_07_27_15_30_04_962.jpg,D:\DPS 920\DPS920_final_project\IMG\right_2026_07_27_15_30_04_962.jpg,0,1,0,30.19066
D:\DPS 920\DPS920_final_project\IMG\center_2026_07_27_15_30_05_040.jpg,D:\DPS 920\DPS920_final_project\IMG\left_2026_07_27_15_30_05_040.jpg,D:\DPS 920\DPS920_final_project\IMG\right_2026_07_27_15_30_05_040.jpg,-0.05,1,0,30.18985
D:\DPS 920\DPS920_final_project\IMG\center_2026_07_27_15_30_05_113.jpg,D:\DPS 920\DPS920_final_project\IMG\left_2026_07_27_15_30_05_113.jpg,D:\DPS 920\DPS920_final_project\IMG\right_2026_07_27_15_30_05_113.jpg,-0.2,1,0,30.17972
D:\DPS 920\DPS920_final_project\IMG\center_2026_07_27_15_30_05_188.jpg,D:\DPS 920\DPS920_final_project\IMG\left_2026_07_27_15_30_05_188.jpg,D:\DPS 920\DPS920_final_project\IMG\right_2026_07_27_15_30_05_188.jpg,0,1,0,30.19098
D:\DPS 920\DPS920_final_project\IMG\center_2026_07_27_15_30_05_263.jpg,D:\DPS 920\DPS920_final_project\IMG\left_2026_07_27_15_30_05_263.jpg,D:\DPS 920\DPS920_final_project\IMG\right_2026_07_27_15_30_05_263.jpg,0,1,0,30.19048
D:\DPS 920\DPS920_final_project\IMG\center_2026_07_27_15_30_05_335.jpg,D:\DPS 920\DPS920_final_project\IMG\left_2026_07_27_15_30_05_335.jpg,D:\DPS 920\DPS920_final_project\IMG\right_2026_07_27_15_30_05_335.jpg,-0.05,1,0,30.18994
D:\DPS 920\DPS920_final_project\IMG\center_2026_07_27_15_30_05_409.jpg,D:\DPS 920\DPS920_final_project\IMG\left_2026_07_27_15_30_05_409.jpg,D:\DPS 920\DPS920_final_project\IMG\right_2026_07_27_15_30_05_409.jpg,0,1,0,30.19026
D:\DPS 920\DPS920_final_project\IMG\center_2026_07_27_15_30_05_487.jpg,D:\DPS 920\DPS920_final_project\IMG\left_2026_07_27_15_30_05_487.jpg,D:\DPS 920\DPS920_final_project\IMG\right_2026_07_27_15_30_05_487.jpg,0,1,0,30.19039
D:\DPS 920\DPS920_final_project\IMG\center_2026_07_27_15_30_05_565.jpg,D:\DPS 920\DPS920_final_project\IMG\left_2026_07_27_15_30_05_565.jpg,D:\DPS 920\DPS920_final_project\IMG\right_2026_07_27_15_30_05_565.jpg,0,1,0,30.19039
D:\DPS 920\DPS920_final_project\IMG\center_2026_07_27_15_30_05_641.jpg,D:\DPS 920\DPS920_final_project\IMG\left_2026_07_27_15_30_05_641.jpg,D:\DPS 920\DPS920_final_project\IMG\right_2026_07_27_15_30_05_641.jpg,-0.15,1,0,30.18424
D:\DPS 920\DPS920_final_project\IMG\center_2026_07_27_15_30_05_719.jpg,D:\DPS 920\DPS920_final_project\IMG\left_2026_07_27_15_30_05_719.jpg,D:\DPS 920\DPS920_final_project\IMG\right_2026_07_27_15_30_05_719.jpg,0,1,0,30.19041
D:\DPS 920\DPS920_final_project\IMG\center_2026_07_27_15_30_05_796.jpg,D:\DPS 920\DPS920_final_project\IMG\left_2026_07_27_15_30_05_796.jpg,D:\DPS 920\DPS920_final_project\IMG\right_2026_07_27_15_30_05_796.jpg,0,1,0,30.1903
D:\DPS 920\DPS920_final_project\IMG\center_2026_07_27_15_30_05_873.jpg,D:\DPS 920\DPS920_final_project\IMG\left_2026_07_27_15_30_05_873.jpg,D:\DPS 920\DPS920_final_project\IMG\right_2026_07_27_15_30_05_873.jpg,-0.15,1,0,30.18454
D:\DPS 920\DPS920_final_project\IMG\center_2026_07_27_15_30_05_951.jpg,D:\DPS 920\DPS920_final_project\IMG\left_2026_07_27_15_30_05_951.jpg,D:\DPS 920\DPS920_final_project\IMG\right_2026_07_27_15_30_05_951.jpg,0,1,0,30.19034
D:\DPS 920\DPS920_final_project\IMG\center_2026_07_27_15_30_06_023.jpg,D:\DPS 920\DPS920_final_project\IMG\left_2026_07_27_15_30_06_023.jpg,D:\DPS 920\DPS920_final_project\IMG\right_2026_07_27_15_30_06_023.jpg,-0.05,1,0,30.18981
D:\DPS 920\DPS920_final_project\IMG\center_2026_07_27_15_30_06_097.jpg,D:\DPS 920\DPS920_final_project\IMG\left_2026_07_27_15_30_06_097.jpg,D:\DPS 920\DPS920_final_project\IMG\right_2026_07_27_15_30_06_097.jpg,-0.2,1,0,30.18027
D:\DPS 920\DPS920_final_project\IMG\center_2026_07_27_15_30_06_167.jpg,D:\DPS 920\DPS920_final_project\IMG\left_2026_07_27_15_30_06_167.jpg,D:\DPS 920\DPS920_final_project\IMG\right_2026_07_27_15_30_06_167.jpg,0,1,0,30.19021
D:\DPS 920\DPS920_final_project\IMG\center_2026_07_27_15_30_06_242.jpg,D:\DPS 920\DPS920_final_project\IMG\left_2026_07_27_15_30_06_242.jpg,D:\DPS 920\DPS920_final_project\IMG\right_2026_07_27_15_30_06_242.jpg,0,1,0,30.19019
D:\DPS 920\DPS920_final_project\IMG\center_2026_07_27_15_30_06_317.jpg,D:\DPS 920\DPS920_final_project\IMG\left_2026_07_27_15_30_06_317.jpg,D:\DPS 920\DPS920_final_project\IMG\right_2026_07_27_15_30_06_317.jpg,0,1,0,30.19067
D:\DPS 920\DPS920_final_project\IMG\center_2026_07_27_15_30_06_390.jpg,D:\DPS 920\DPS920_final_project\IMG\left_2026_07_27_15_30_06_390.jpg,D:\DPS 920\DPS920_final_project\IMG\right_2026_07_27_15_30_06_390.jpg,0,1,0,30.19037
D:\DPS 920\DPS920_final_project\IMG\center_2026_07_27_15_30_06_463.jpg,D:\DPS 920\DPS920_final_project\IMG\left_2026_07_27_15_30_06_463.jpg,D:\DPS 920\DPS920_final_project\IMG\right_2026_07_27_15_30_06_463.jpg,0,1,0,30.19031
D:\DPS 920\DPS920_final_project\IMG\center_2026_07_27_15_30_06_539.jpg,D:\DPS 920\DPS920_final_project\IMG\left_2026_07_27_15_30_06_539.jpg,D:\DPS 920\DPS920_final_project\IMG\right_2026_07_27_15_30_06_539.jpg,0,1,0,30.19055
D:\DPS 920\DPS920_final_project\IMG\center_2026_07_27_15_30_06_617.jpg,D:\DPS 920\DPS920_final_project\IMG\left_2026_07_27_15_30_06_617.jpg,D:\DPS 920\DPS920_final_project\IMG\right_2026_07_27_15_30_06_617.jpg,0,1,0,30.19043
D:\DPS 920\DPS920_final_project\IMG\center_2026_07_27_15_30_06_693.jpg,D:\DPS 920\DPS920_final_project\IMG\left_2026_07_27_15_30_06_693.jpg,D:\DPS 920\DPS920_final_project\IMG\right_2026_07_27_15_30_06_693.jpg,-0.2,1,0,30.17957
D:\DPS 920\DPS920_final_project\IMG\center_2026_07_27_15_30_06_769.jpg,D:\DPS 920\DPS920_final_project\IMG\left_2026_07_27_15_30_06_769.jpg,D:\DPS 920\DPS920_final_project\IMG\right_2026_07_27_15_30_06_769.jpg,0,1,0,30.19035
D:\DPS 920\DPS920_final_project\IMG\center_2026_07_27_15_30_06_843.jpg,D:\DPS 920\DPS920_final_project\IMG\left_2026_07_27_15_30_06_843.jpg,D:\DPS 920\DPS920_final_project\IMG\right_2026_07_27_15_30_06_843.jpg,0,1,0,30.19026
D:\DPS 920\DPS920_final_project\IMG\center_2026_07_27_15_30_06_918.jpg,D:\DPS 920\DPS920_final_project\IMG\left_2026_07_27_15_30_06_918.jpg,D:\DPS 920\DPS920_final_project\IMG\right_2026_07_27_15_30_06_918.jpg,-0.05,1,0,30.1898
D:\DPS 920\DPS920_final_project\IMG\center_2026_07_27_15_30_06_992.jpg,D:\DPS 920\DPS920_final_project\IMG\left_2026_07_27_15_30_06_992.jpg,D:\DPS 920\DPS920_final_project\IMG\right_2026_07_27_15_30_06_992.jpg,0,1,0,30.19028
D:\DPS 920\DPS920_final_project\IMG\center_2026_07_27_15_30_07_065.jpg,D:\DPS 920\DPS920_final_project\IMG\left_2026_07_27_15_30_07_065.jpg,D:\DPS 920\DPS920_final_project\IMG\right_2026_07_27_15_30_07_065.jpg,0,1,0,30.19028
D:\DPS 920\DPS920_final_project\IMG\center_2026_07_27_15_30_07_135.jpg,D:\DPS 920\DPS920_final_project\IMG\left_2026_07_27_15_30_07_135.jpg,D:\DPS 920\DPS920_final_project\IMG\right_2026_07_27_15_30_07_135.jpg,0,1,0,30.19027
D:\DPS 920\DPS920_final_project\IMG\center_2026_07_27_15_30_07_205.jpg,D:\DPS 920\DPS920_final_project\IMG\left_2026_07_27_15_30_07_205.jpg,D:\DPS 920\DPS920_final_project\IMG\right_2026_07_27_15_30_07_205.jpg,-0.05,1,0,30.18963
D:\DPS 920\DPS920_final_project\IMG\center_2026_07_27_15_30_07_274.jpg,D:\DPS 920\DPS920_final_project\IMG\left_2026_07_27_15_30_07_274.jpg,D:\DPS 920\DPS920_final_project\IMG\right_2026_07_27_15_30_07_274.jpg,0,1,0,30.18831
D:\DPS 920\DPS920_final_project\IMG\center_2026_07_27_15_30_07_344.jpg,D:\DPS 920\DPS920_final_project\IMG\left_2026_07_27_15_30_07_344.jpg,D:\DPS 920\DPS920_final_project\IMG\right_2026_07_27_15_30_07_344.jpg,0,1,0,30.19018
D:\DPS 920\DPS920_final_project\IMG\center_2026_07_27_15_30_07_412.jpg,D:\DPS 920\DPS920_final_project\IMG\left_2026_07_27_15_30_07_412.jpg,D:\DPS 920\DPS920_final_project\IMG\right_2026_07_27_15_30_07_412.jpg,0,1,0,30.19023
D:\DPS 920\DPS920_final_project\IMG\center_2026_07_27_15_30_07_481.jpg,D:\DPS 920\DPS920_final_project\IMG\left_2026_07_27_15_30_07_481.jpg,D:\DPS 920\DPS920_final_project\IMG\right_2026_07_27_15_30_07_481.jpg,-0.05,1,0,30.18967
D:\DPS 920\DPS920_final_project\IMG\center_2026_07_27_15_30_07_547.jpg,D:\DPS 920\DPS920_final_project\IMG\left_2026_07_27_15_30_07_547.jpg,D:\DPS 920\DPS920_final_project\IMG\right_2026_07_27_15_30_07_547.jpg,0,1,0,30.18834
D:\DPS 920\DPS920_final_project\IMG\center_2026_07_27_15_30_07_615.jpg,D:\DPS 920\DPS920_final_project\IMG\left_2026_07_27_15_30_07_615.jpg,D:\DPS 920\DPS920_final_project\IMG\right_2026_07_27_15_30_07_615.jpg,0,1,0,30.19025
D:\DPS 920\DPS920_final_project\IMG\center_2026_07_27_15_30_07_683.jpg,D:\DPS 920\DPS920_final_project\IMG\left_2026_07_27_15_30_07_683.jpg,D:\DPS 920\DPS920_final_project\IMG\right_2026_07_27_15_30_07_683.jpg,0,1,0,30.19035
D:\DPS 920\DPS920_final_project\IMG\center_2026_07_27_15_30_07_752.jpg,D:\DPS 920\DPS920_final_project\IMG\left_2026_07_27_15_30_07_752.jpg,D:\DPS 920\DPS920_final_project\IMG\right_2026_07_27_15_30_07_752.jpg,-0.05,1,0,30.18979
D:\DPS 920\DPS920_final_project\IMG\center_2026_07_27_15_30_07_825.jpg,D:\DPS 920\DPS920_final_project\IMG\left_2026_07_27_15_30_07_825.jpg,D:\DPS 920\DPS920_final_project\IMG\right_2026_07_27_15_30_07_825.jpg,0,1,0,30.1873
D:\DPS 920\DPS920_final_project\IMG\center_2026_07_27_15_30_07_899.jpg,D:\DPS 920\DPS920_final_project\IMG\left_2026_07_27_15_30_07_899.jpg,D:\DPS 920\DPS920_final_project\IMG\right_2026_07_27_15_30_07_899.jpg,0,1,0,30.19032
D:\DPS 920\DPS920_final_project\IMG\center_2026_07_27_15_30_07_974.jpg,D:\DPS 920\DPS920_final_project\IMG\left_2026_07_27_15_30_07_974.jpg,D:\DPS 920\DPS920_final_project\IMG\right_2026_07_27_15_30_07_974.jpg,0,1,0,30.19029
D:\DPS 920\DPS920_final_project\IMG\center_2026_07_27_15_30_08_047.jpg,D:\DPS 920\DPS920_final_project\IMG\left_2026_07_27_15_30_08_047.jpg,D:\DPS 920\DPS920_final_project\IMG\right_2026_07_27_15_30_08_047.jpg,-0.05,1,0,30.18978
D:\DPS 920\DPS920_final_project\IMG\center_2026_07_27_15_30_08_119.jpg,D:\DPS 920\DPS920_final_project\IMG\left_2026_07_27_15_30_08_119.jpg,D:\DPS 920\DPS920_final_project\IMG\right_2026_07_27_15_30_08_119.jpg,0,1,0,30.19079
D:\DPS 920\DPS920_final_project\IMG\center_2026_07_27_15_30_08_190.jpg,D:\DPS 920\DPS920_final_project\IMG\left_2026_07_27_15_30_08_190.jpg,D:\DPS 920\DPS920_final_project\IMG\right_2026_07_27_15_30_08_190.jpg,0,1,0,30.19017
D:\DPS 920\DPS920_final_project\IMG\center_2026_07_27_15_30_08_263.jpg,D:\DPS 920\DPS920_final_project\IMG\left_2026_07_27_15_30_08_263.jpg,D:\DPS 920\DPS920_final_project\IMG\right_2026_07_27_15_30_08_263.jpg,0,1,0,30.1902
D:\DPS 920\DPS920_final_project\IMG\center_2026_07_27_15_30_08_338.jpg,D:\DPS 920\DPS920_final_project\IMG\left_2026_07_27_15_30_08_338.jpg,D:\DPS 920\DPS920_final_project\IMG\right_2026_07_27_15_30_08_338.jpg,0,1,0,30.19022
D:\DPS 920\DPS920_final_project\IMG\center_2026_07_27_15_30_08_413.jpg,D:\DPS 920\DPS920_final_project\IMG\left_2026_07_27_15_30_08_413.jpg,D:\DPS 920\DPS920_final_project\IMG\right_2026_07_27_15_30_08_413.jpg,0,1,0,30.1902
D:\DPS 920\DPS920_final_project\IMG\center_2026_07_27_15_30_08_491.jpg,D:\DPS 920\DPS920_final_project\IMG\left_2026_07_27_15_30_08_491.jpg,D:\DPS 920\DPS920_final_project\IMG\right_2026_07_27_15_30_08_491.jpg,0,1,0,30.1902
D:\DPS 920\DPS920_final_project\IMG\center_2026_07_27_15_30_08_557.jpg,D:\DPS 920\DPS920_final_project\IMG\left_2026_07_27_15_30_08_557.jpg,D:\DPS 920\DPS920_final_project\IMG\right_2026_07_27_15_30_08_557.jpg,0,1,0,30.19019
D:\DPS 920\DPS920_final_project\IMG\center_2026_07_27_15_30_08_634.jpg,D:\DPS 920\DPS920_final_project\IMG\left_2026_07_27_15_30_08_634.jpg,D:\DPS 920\DPS920_final_project\IMG\right_2026_07_27_15_30_08_634.jpg,0,1,0,30.1902
D:\DPS 920\DPS920_final_project\IMG\center_2026_07_27_15_30_08_715.jpg,D:\DPS 920\DPS920_final_project\IMG\left_2026_07_27_15_30_08_715.jpg,D:\DPS 920\DPS920_final_project\IMG\right_2026_07_27_15_30_08_715.jpg,0,1,0,30.19019
D:\DPS 920\DPS920_final_project\IMG\center_2026_07_27_15_30_08_793.jpg,D:\DPS 920\DPS920_final_project\IMG\left_2026_07_27_15_30_08_793.jpg,D:\DPS 920\DPS920_final_project\IMG\right_2026_07_27_15_30_08_793.jpg,0,1,0,30.1902
D:\DPS 920\DPS920_final_project\IMG\center_2026_07_27_15_30_08_870.jpg,D:\DPS 920\DPS920_final_project\IMG\left_2026_07_27_15_30_08_870.jpg,D:\DPS 920\DPS920_final_project\IMG\right_2026_07_27_15_30_08_870.jpg,0,1,0,30.19019
D:\DPS 920\DPS920_final_project\IMG\center_2026_07_27_15_30_08_943.jpg,D:\DPS 920\DPS920_final_project\IMG\left_2026_07_27_15_30_08_943.jpg,D:\DPS 920\DPS920_final_project\IMG\right_2026_07_27_15_30_08_943.jpg,-0.05,1,0,30.18954
D:\DPS 920\DPS920_final_project\IMG\center_2026_07_27_15_30_09_016.jpg,D:\DPS 920\DPS920_final_project\IMG\left_2026_07_27_15_30_09_016.jpg,D:\DPS 920\DPS920_final_project\IMG\right_2026_07_27_15_30_09_016.jpg,0,1,0,30.18774
D:\DPS 920\DPS920_final_project\IMG\center_2026_07_27_15_30_09_088.jpg,D:\DPS 920\DPS920_final_project\IMG\left_2026_07_27_15_30_09_088.jpg,D:\DPS 920\DPS920_final_project\IMG\right_2026_07_27_15_30_09_088.jpg,0,1,0,30.19031
D:\DPS 920\DPS920_final_project\IMG\center_2026_07_27_15_30_09_163.jpg,D:\DPS 920\DPS920_final_project\IMG\left_2026_07_27_15_30_09_163.jpg,D:\DPS 920\DPS920_final_project\IMG\right_2026_07_27_15_30_09_163.jpg,0,1,0,30.19026
D:\DPS 920\DPS920_final_project\IMG\center_2026_07_27_15_30_09_239.jpg,D:\DPS 920\DPS920_final_project\IMG\left_2026_07_27_15_30_09_239.jpg,D:\DPS 920\DPS920_final_project\IMG\right_2026_07_27_15_30_09_239.jpg,0,1,0,30.19069
D:\DPS 920\DPS920_final_project\IMG\center_2026_07_27_15_30_09_315.jpg,D:\DPS 920\DPS920_final_project\IMG\left_2026_07_27_15_30_09_315.jpg,D:\DPS 920\DPS920_final_project\IMG\right_2026_07_27_15_30_09_315.jpg,0,1,0,30.19042
D:\DPS 920\DPS920_final_project\IMG\center_2026_07_27_15_30_09_390.jpg,D:\DPS 920\DPS920_final_project\IMG\left_2026_07_27_15_30_09_390.jpg,D:\DPS 920\DPS920_final_project\IMG\right_2026_07_27_15_30_09_390.jpg,0,1,0,30.19034
D:\DPS 920\DPS920_final_project\IMG\center_2026_07_27_15_30_09_466.jpg,D:\DPS 920\DPS920_final_project\IMG\left_2026_07_27_15_30_09_466.jpg,D:\DPS 920\DPS920_final_project\IMG\right_2026_07_27_15_30_09_466.jpg,0,1,0,30.1903
D:\DPS 920\DPS920_final_project\IMG\center_2026_07_27_15_30_09_541.jpg,D:\DPS 920\DPS920_final_project\IMG\left_2026_07_27_15_30_09_541.jpg,D:\DPS 920\DPS920_final_project\IMG\right_2026_07_27_15_30_09_541.jpg,0,1,0,30.19029
D:\DPS 920\DPS920_final_project\IMG\center_2026_07_27_15_30_09_616.jpg,D:\DPS 920\DPS920_final_project\IMG\left_2026_07_27_15_30_09_616.jpg,D:\DPS 920\DPS920_final_project\IMG\right_2026_07_27_15_30_09_616.jpg,0,1,0,30.19032
D:\DPS 920\DPS920_final_project\IMG\center_2026_07_27_15_30_09_688.jpg,D:\DPS 920\DPS920_final_project\IMG\left_2026_07_27_15_30_09_688.jpg,D:\DPS 920\DPS920_final_project\IMG\right_2026_07_27_15_30_09_688.jpg,0,1,0,30.1903
D:\DPS 920\DPS920_final_project\IMG\center_2026_07_27_15_30_09_758.jpg,D:\DPS 920\DPS920_final_project\IMG\left_2026_07_27_15_30_09_758.jpg,D:\DPS 920\DPS920_final_project\IMG\right_2026_07_27_15_30_09_758.jpg,0,1,0,30.19029
D:\DPS 920\DPS920_final_project\IMG\center_2026_07_27_15_30_09_828.jpg,D:\DPS 920\DPS920_final_project\IMG\left_2026_07_27_15_30_09_828.jpg,D:\DPS 920\DPS920_final_project\IMG\right_2026_07_27_15_30_09_828.jpg,0,1,0,30.19031
D:\DPS 920\DPS920_final_project\IMG\center_2026_07_27_15_30_09_899.jpg,D:\DPS 920\DPS920_final_project\IMG\left_2026_07_27_15_30_09_899.jpg,D:\DPS 920\DPS920_final_project\IMG\right_2026_07_27_15_30_09_899.jpg,0,1,0,30.19033
D:\DPS 920\DPS920_final_project\IMG\center_2026_07_27_15_30_09_970.jpg,D:\DPS 920\DPS920_final_project\IMG\left_2026_07_27_15_30_09_970.jpg,D:\DPS 920\DPS920_final_project\IMG\right_2026_07_27_15_30_09_970.jpg,0,1,0,30.19033
D:\DPS 920\DPS920_final_project\IMG\center_2026_07_27_15_30_10_042.jpg,D:\DPS 920\DPS920_final_project\IMG\left_2026_07_27_15_30_10_042.jpg,D:\DPS 920\DPS920_final_project\IMG\right_2026_07_27_15_30_10_042.jpg,0,1,0,30.1903
D:\DPS 920\DPS920_final_project\IMG\center_2026_07_27_15_30_10_112.jpg,D:\DPS 920\DPS920_final_project\IMG\left_2026_07_27_15_30_10_112.jpg,D:\DPS 920\DPS920_final_project\IMG\right_2026_07_27_15_30_10_112.jpg,0,1,0,30.19031
D:\DPS 920\DPS920_final_project\IMG\center_2026_07_27_15_30_10_183.jpg,D:\DPS 920\DPS920_final_project\IMG\left_2026_07_27_15_30_10_183.jpg,D:\DPS 920\DPS920_final_project\IMG\right_2026_07_27_15_30_10_183.jpg,0,1,0,30.1903
D:\DPS 920\DPS920_final_project\IMG\center_2026_07_27_15_30_10_257.jpg,D:\DPS 920\DPS920_final_project\IMG\left_2026_07_27_15_30_10_257.jpg,D:\DPS 920\DPS920_final_project\IMG\right_2026_07_27_15_30_10_257.jpg,0,1,0,30.19032
D:\DPS 920\DPS920_final_project\IMG\center_2026_07_27_15_30_10_328.jpg,D:\DPS 920\DPS920_final_project\IMG\left_2026_07_27_15_30_10_328.jpg,D:\DPS 920\DPS920_final_project\IMG\right_2026_07_27_15_30_10_328.jpg,-0.1,1,0,30.18749
D:\DPS 920\DPS920_final_project\IMG\center_2026_07_27_15_30_10_399.jpg,D:\DPS 920\DPS920_final_project\IMG\left_2026_07_27_15_30_10_399.jpg,D:\DPS 920\DPS920_final_project\IMG\right_2026_07_27_15_30_10_399.jpg,0,1,0,30.1894
D:\DPS 920\DPS920_final_project\IMG\center_2026_07_27_15_30_10_470.jpg,D:\DPS 920\DPS920_final_project\IMG\left_2026_07_27_15_30_10_470.jpg,D:\DPS 920\DPS920_final_project\IMG\right_2026_07_27_15_30_10_470.jpg,0,1,0,30.1905
D:\DPS 920\DPS920_final_project\IMG\center_2026_07_27_15_30_10_544.jpg,D:\DPS 920\DPS920_final_project\IMG\left_2026_07_27_15_30_10_544.jpg,D:\DPS 920\DPS920_final_project\IMG\right_2026_07_27_15_30_10_544.jpg,0,1,0,30.1904
D:\DPS 920\DPS920_final_project\IMG\center_2026_07_27_15_30_10_615.jpg,D:\DPS 920\DPS920_final_project\IMG\left_2026_07_27_15_30_10_615.jpg,D:\DPS 920\DPS920_final_project\IMG\right_2026_07_27_15_30_10_615.jpg,0,1,0,30.19008
D:\DPS 920\DPS920_final_project\IMG\center_2026_07_27_15_30_10_688.jpg,D:\DPS 920\DPS920_final_project\IMG\left_2026_07_27_15_30_10_688.jpg,D:\DPS 920\DPS920_final_project\IMG\right_2026_07_27_15_30_10_688.jpg,-0.1,1,0,30.18788
D:\DPS 920\DPS920_final_project\IMG\center_2026_07_27_15_30_10_761.jpg,D:\DPS 920\DPS920_final_project\IMG\left_2026_07_27_15_30_10_761.jpg,D:\DPS 920\DPS920_final_project\IMG\right_2026_07_27_15_30_10_761.jpg,0,1,0,30.19126
D:\DPS 920\DPS920_final_project\IMG\center_2026_07_27_15_30_10_832.jpg,D:\DPS 920\DPS920_final_project\IMG\left_2026_07_27_15_30_10_832.jpg,D:\DPS 920\DPS920_final_project\IMG\right_2026_07_27_15_30_10_832.jpg,0,1,0,30.19023
D:\DPS 920\DPS920_final_project\IMG\center_2026_07_27_15_30_10_907.jpg,D:\DPS 920\DPS920_final_project\IMG\left_2026_07_27_15_30_10_907.jpg,D:\DPS 920\DPS920_final_project\IMG\right_2026_07_27_15_30_10_907.jpg,0,1,0,30.19031
D:\DPS 920\DPS920_final_project\IMG\center_2026_07_27_15_30_10_980.jpg,D:\DPS 920\DPS920_final_project\IMG\left_2026_07_27_15_30_10_980.jpg,D:\DPS 920\DPS920_final_project\IMG\right_2026_07_27_15_30_10_980.jpg,0,1,0,30.19036
D:\DPS 920\DPS920_final_project\IMG\center_2026_07_27_15_30_11_052.jpg,D:\DPS 920\DPS920_final_project\IMG\left_2026_07_27_15_30_11_052.jpg,D:\DPS 920\DPS920_final_project\IMG\right_2026_07_27_15_30_11_052.jpg,0,1,0,30.18941
D:\DPS 920\DPS920_final_project\IMG\center_2026_07_27_15_30_11_126.jpg,D:\DPS 920\DPS920_final_project\IMG\left_2026_07_27_15_30_11_126.jpg,D:\DPS 920\DPS920_final_project\IMG\right_2026_07_27_15_30_11_126.jpg,0,1,0,30.19029
D:\DPS 920\DPS920_final_project\IMG\center_2026_07_27_15_30_11_200.jpg,D:\DPS 920\DPS920_final_project\IMG\left_2026_07_27_15_30_11_200.jpg,D:\DPS 920\DPS920_final_project\IMG\right_2026_07_27_15_30_11_200.jpg,0,1,0,30.19033
D:\DPS 920\DPS920_final_project\IMG\center_2026_07_27_15_30_11_276.jpg,D:\DPS 920\DPS920_final_project\IMG\left_2026_07_27_15_30_11_276.jpg,D:\DPS 920\DPS920_final_project\IMG\right_2026_07_27_15_30_11_276.jpg,0,1,0,30.19033
D:\DPS 920\DPS920_final_project\IMG\center_2026_07_27_15_30_11_350.jpg,D:\DPS 920\DPS920_final_project\IMG\left_2026_07_27_15_30_11_350.jpg,D:\DPS 920\DPS920_final_project\IMG\right_2026_07_27_15_30_11_350.jpg,0,1,0,30.19033
D:\DPS 920\DPS920_final_project\IMG\center_2026_07_27_15_30_11_423.jpg,D:\DPS 920\DPS920_final_project\IMG\left_2026_07_27_15_30_11_423.jpg,D:\DPS 920\DPS920_final_project\IMG\right_2026_07_27_15_30_11_423.jpg,0,1,0,30.19031
D:\DPS 920\DPS920_final_project\IMG\center_2026_07_27_15_30_11_500.jpg,D:\DPS 920\DPS920_final_project\IMG\left_2026_07_27_15_30_11_500.jpg,D:\DPS 920\DPS920_final_project\IMG\right_2026_07_27_15_30_11_500.jpg,0,1,0,30.19032
D:\DPS 920\DPS920_final_project\IMG\center_2026_07_27_15_30_11_575.jpg,D:\DPS 920\DPS920_final_project\IMG\left_2026_07_27_15_30_11_575.jpg,D:\DPS 920\DPS920_final_project\IMG\right_2026_07_27_15_30_11_575.jpg,0,1,0,30.19032
D:\DPS 920\DPS920_final_project\IMG\center_2026_07_27_15_30_11_650.jpg,D:\DPS 920\DPS920_final_project\IMG\left_2026_07_27_15_30_11_650.jpg,D:\DPS 920\DPS920_final_project\IMG\right_2026_07_27_15_30_11_650.jpg,-0.1,1,0,30.18748
D:\DPS 920\DPS920_final_project\IMG\center_2026_07_27_15_30_11_726.jpg,D:\DPS 920\DPS920_final_project\IMG\left_2026_07_27_15_30_11_726.jpg,D:\DPS 920\DPS920_final_project\IMG\right_2026_07_27_15_30_11_726.jpg,0,1,0,30.18996
D:\DPS 920\DPS920_final_project\IMG\center_2026_07_27_15_30_11_800.jpg,D:\DPS 920\DPS920_final_project\IMG\left_2026_07_27_15_30_11_800.jpg,D:\DPS 920\DPS920_final_project\IMG\right_2026_07_27_15_30_11_800.jpg,0,1,0,30.18964
D:\DPS 920\DPS920_final_project\IMG\center_2026_07_27_15_30_11_876.jpg,D:\DPS 920\DPS920_final_project\IMG\left_2026_07_27_15_30_11_876.jpg,D:\DPS 920\DPS920_final_project\IMG\right_2026_07_27_15_30_11_876.jpg,0,1,0,30.19048
D:\DPS 920\DPS920_final_project\IMG\center_2026_07_27_15_30_11_950.jpg,D:\DPS 920\DPS920_final_project\IMG\left_2026_07_27_15_30_11_950.jpg,D:\DPS 920\DPS920_final_project\IMG\right_2026_07_27_15_30_11_950.jpg,0,1,0,30.1904
D:\DPS 920\DPS920_final_project\IMG\center_2026_07_27_15_30_12_023.jpg,D:\DPS 920\DPS920_final_project\IMG\left_2026_07_27_15_30_12_023.jpg,D:\DPS 920\DPS920_final_project\IMG\right_2026_07_27_15_30_12_023.jpg,0,1,0,30.18994
D:\DPS 920\DPS920_final_project\IMG\center_2026_07_27_15_30_12_094.jpg,D:\DPS 920\DPS920_final_project\IMG\left_2026_07_27_15_30_12_094.jpg,D:\DPS 920\DPS920_final_project\IMG\right_2026_07_27_15_30_12_094.jpg,0,1,0,30.19053
D:\DPS 920\DPS920_final_project\IMG\center_2026_07_27_15_30_12_170.jpg,D:\DPS 920\DPS920_final_project\IMG\left_2026_07_27_15_30_12_170.jpg,D:\DPS 920\DPS920_final_project\IMG\right_2026_07_27_15_30_12_170.jpg,0,1,0,30.19044
D:\DPS 920\DPS920_final_project\IMG\center_2026_07_27_15_30_12_244.jpg,D:\DPS 920\DPS920_final_project\IMG\left_2026_07_27_15_30_12_244.jpg,D:\DPS 920\DPS920_final_project\IMG\right_2026_07_27_15_30_12_244.jpg,0,1,0,30.1904
D:\DPS 920\DPS920_final_project\IMG\center_2026_07_27_15_30_12_317.jpg,D:\DPS 920\DPS920_final_project\IMG\left_2026_07_27_15_30_12_317.jpg,D:\DPS 920\DPS920_final_project\IMG\right_2026_07_27_15_30_12_317.jpg,-0.05,1,0,30.18977
D:\DPS 920\DPS920_final_project\IMG\center_2026_07_27_15_30_12_390.jpg,D:\DPS 920\DPS920_final_project\IMG\left_2026_07_27_15_30_12_390.jpg,D:\DPS 920\DPS920_final_project\IMG\right_2026_07_27_15_30_12_390.jpg,0,1,0,30.19108
D:\DPS 920\DPS920_final_project\IMG\center_2026_07_27_15_30_12_463.jpg,D:\DPS 920\DPS920_final_project\IMG\left_2026_07_27_15_30_12_463.jpg,D:\DPS 920\DPS920_final_project\IMG\right_2026_07_27_15_30_12_463.jpg,0,1,0,30.19039
D:\DPS 920\DPS920_final_project\IMG\center_2026_07_27_15_30_12_536.jpg,D:\DPS 920\DPS920_final_project\IMG\left_2026_07_27_15_30_12_536.jpg,D:\DPS 920\DPS920_final_project\IMG\right_2026_07_27_15_30_12_536.jpg,0,1,0,30.19037
D:\DPS 920\DPS920_final_project\IMG\center_2026_07_27_15_30_12_609.jpg,D:\DPS 920\DPS920_final_project\IMG\left_2026_07_27_15_30_12_609.jpg,D:\DPS 920\DPS920_final_project\IMG\right_2026_07_27_15_30_12_609.jpg,-0.1,1,0,30.18781
D:\DPS 920\DPS920_final_project\IMG\center_2026_07_27_15_30_12_680.jpg,D:\DPS 920\DPS920_final_project\IMG\left_2026_07_27_15_30_12_680.jpg,D:\DPS 920\DPS920_final_project\IMG\right_2026_07_27_15_30_12_680.jpg,0,1,0,30.19115
D:\DPS 920\DPS920_final_project\IMG\center_2026_07_27_15_30_12_754.jpg,D:\DPS 920\DPS920_final_project\IMG\left_2026_07_27_15_30_12_754.jpg,D:\DPS 920\DPS920_final_project\IMG\right_2026_07_27_15_30_12_754.jpg,0,1,0,30.19019
D:\DPS 920\DPS920_final_project\IMG\center_2026_07_27_15_30_12_829.jpg,D:\DPS 920\DPS920_final_project\IMG\left_2026_07_27_15_30_12_829.jpg,D:\DPS 920\DPS920_final_project\IMG\right_2026_07_27_15_30_12_829.jpg,0,1,0,30.19029
D:\DPS 920\DPS920_final_project\IMG\center_2026_07_27_15_30_12_905.jpg,D:\DPS 920\DPS920_final_project\IMG\left_2026_07_27_15_30_12_905.jpg,D:\DPS 920\DPS920_final_project\IMG\right_2026_07_27_15_30_12_905.jpg,0,1,0,30.19029
D:\DPS 920\DPS920_final_project\IMG\center_2026_07_27_15_30_12_979.jpg,D:\DPS 920\DPS920_final_project\IMG\left_2026_07_27_15_30_12_979.jpg,D:\DPS 920\DPS920_final_project\IMG\right_2026_07_27_15_30_12_979.jpg,0,1,0,30.19029
D:\DPS 920\DPS920_final_project\IMG\center_2026_07_27_15_30_13_056.jpg,D:\DPS 920\DPS920_final_project\IMG\left_2026_07_27_15_30_13_056.jpg,D:\DPS 920\DPS920_final_project\IMG\right_2026_07_27_15_30_13_056.jpg,0,1,0,30.19026
D:\DPS 920\DPS920_final_project\IMG\center_2026_07_27_15_30_13_132.jpg,D:\DPS 920\DPS920_final_project\IMG\left_2026_07_27_15_30_13_132.jpg,D:\DPS 920\DPS920_final_project\IMG\right_2026_07_27_15_30_13_132.jpg,0,1,0,30.19027
D:\DPS 920\DPS920_final_project\IMG\center_2026_07_27_15_30_13_209.jpg,D:\DPS 920\DPS920_final_project\IMG\left_2026_07_27_15_30_13_209.jpg,D:\DPS 920\DPS920_final_project\IMG\right_2026_07_27_15_30_13_209.jpg,0,1,0,30.18964
D:\DPS 920\DPS920_final_project\IMG\center_2026_07_27_15_30_13_287.jpg,D:\DPS 920\DPS920_final_project\IMG\left_2026_07_27_15_30_13_287.jpg,D:\DPS 920\DPS920_final_project\IMG\right_2026_07_27_15_30_13_287.jpg,0,1,0,30.19042
D:\DPS 920\DPS920_final_project\IMG\center_2026_07_27_15_30_13_364.jpg,D:\DPS 920\DPS920_final_project\IMG\left_2026_07_27_15_30_13_364.jpg,D:\DPS 920\DPS920_final_project\IMG\right_2026_07_27_15_30_13_364.jpg,0,1,0,30.1904
D:\DPS 920\DPS920_final_project\IMG\center_2026_07_27_15_30_13_442.jpg,D:\DPS 920\DPS920_final_project\IMG\left_2026_07_27_15_30_13_442.jpg,D:\DPS 920\DPS920_final_project\IMG\right_2026_07_27_15_30_13_442.jpg,0,1,0,30.19072
D:\DPS 920\DPS920_final_project\IMG\center_2026_07_27_15_30_13_510.jpg,D:\DPS 920\DPS920_final_project\IMG\left_2026_07_27_15_30_13_510.jpg,D:\DPS 920\DPS920_final_project\IMG\right_2026_07_27_15_30_13_510.jpg,0,1,0,30.1905
D:\DPS 920\DPS920_final_project\IMG\center_2026_07_27_15_30_13_588.jpg,D:\DPS 920\DPS920_final_project\IMG\left_2026_07_27_15_30_13_588.jpg,D:\DPS 920\DPS920_final_project\IMG\right_2026_07_27_15_30_13_588.jpg,0,1,0,30.19043
D:\DPS 920\DPS920_final_project\IMG\center_2026_07_27_15_30_13_655.jpg,D:\DPS 920\DPS920_final_project\IMG\left_2026_07_27_15_30_13_655.jpg,D:\DPS 920\DPS920_final_project\IMG\right_2026_07_27_15_30_13_655.jpg,-0.15,1,0,30.18408
D:\DPS 920\DPS920_final_project\IMG\center_2026_07_27_15_30_13_730.jpg,D:\DPS 920\DPS920_final_project\IMG\left_2026_07_27_15_30_13_730.jpg,D:\DPS 920\DPS920_final_project\IMG\right_2026_07_27_15_30_13_730.jpg,0,1,0,30.1898
D:\DPS 920\DPS920_final_project\IMG\center_2026_07_27_15_30_13_808.jpg,D:\DPS 920\DPS920_final_project\IMG\left_2026_07_27_15_30_13_808.jpg,D:\DPS 920\DPS920_final_project\IMG\right_2026_07_27_15_30_13_808.jpg,0,1,0,30.1903
D:\DPS 920\DPS920_final_project\IMG\center_2026_07_27_15_30_13_886.jpg,D:\DPS 920\DPS920_final_project\IMG\left_2026_07_27_15_30_13_886.jpg,D:\DPS 920\DPS920_final_project\IMG\right_2026_07_27_15_30_13_886.jpg,-0.1,1,0,30.18814
D:\DPS 920\DPS920_final_project\IMG\center_2026_07_27_15_30_13_962.jpg,D:\DPS 920\DPS920_final_project\IMG\left_2026_07_27_15_30_13_962.jpg,D:\DPS 920\DPS920_final_project\IMG\right_2026_07_27_15_30_13_962.jpg,0,1,0,30.19005
D:\DPS 920\DPS920_final_project\IMG\center_2026_07_27_15_30_14_039.jpg,D:\DPS 920\DPS920_final_project\IMG\left_2026_07_27_15_30_14_039.jpg,D:\DPS 920\DPS920_final_project\IMG\right_2026_07_27_15_30_14_039.jpg,0,1,0,30.19031
D:\DPS 920\DPS920_final_project\IMG\center_2026_07_27_15_30_14_114.jpg,D:\DPS 920\DPS920_final_project\IMG\left_2026_07_27_15_30_14_114.jpg,D:\DPS 920\DPS920_final_project\IMG\right_2026_07_27_15_30_14_114.jpg,0,1,0,30.19029
D:\DPS 920\DPS920_final_project\IMG\center_2026_07_27_15_30_14_192.jpg,D:\DPS 920\DPS920_final_project\IMG\left_2026_07_27_15_30_14_192.jpg,D:\DPS 920\DPS920_final_project\IMG\right_2026_07_27_15_30_14_192.jpg,0,1,0,30.19029
D:\DPS 920\DPS920_final_project\IMG\center_2026_07_27_15_30_14_271.jpg,D:\DPS 920\DPS920_final_project\IMG\left_2026_07_27_15_30_14_271.jpg,D:\DPS 920\DPS920_final_project\IMG\right_2026_07_27_15_30_14_271.jpg,0,1,0,30.19032
D:\DPS 920\DPS920_final_project\IMG\center_2026_07_27_15_30_14_346.jpg,D:\DPS 920\DPS920_final_project\IMG\left_2026_07_27_15_30_14_346.jpg,D:\DPS 920\DPS920_final_project\IMG\right_2026_07_27_15_30_14_346.jpg,0,1,0,30.1903
D:\DPS 920\DPS920_final_project\IMG\center_2026_07_27_15_30_14_420.jpg,D:\DPS 920\DPS920_final_project\IMG\left_2026_07_27_15_30_14_420.jpg,D:\DPS 920\DPS920_final_project\IMG\right_2026_07_27_15_30_14_420.jpg,0,1,0,30.19028
D:\DPS 920\DPS920_final_project\IMG\center_2026_07_27_15_30_14_496.jpg,D:\DPS 920\DPS920_final_project\IMG\left_2026_07_27_15_30_14_496.jpg,D:\DPS 920\DPS920_final_project\IMG\right_2026_07_27_15_30_14_496.jpg,-0.05,1,0,30.18964
D:\DPS 920\DPS920_final_project\IMG\center_2026_07_27_15_30_14_569.jpg,D:\DPS 920\DPS920_final_project\IMG\left_2026_07_27_15_30_14_569.jpg,D:\DPS 920\DPS920_final_project\IMG\right_2026_07_27_15_30_14_569.jpg,0,1,0,30.191
D:\DPS 920\DPS920_final_project\IMG\center_2026_07_27_15_30_14_644.jpg,D:\DPS 920\DPS920_final_project\IMG\left_2026_07_27_15_30_14_644.jpg,D:\DPS 920\DPS920_final_project\IMG\right_2026_07_27_15_30_14_644.jpg,0,1,0,30.1904
D:\DPS 920\DPS920_final_project\IMG\center_2026_07_27_15_30_14_719.jpg,D:\DPS 920\DPS920_final_project\IMG\left_2026_07_27_15_30_14_719.jpg,D:\DPS 920\DPS920_final_project\IMG\right_2026_07_27_15_30_14_719.jpg,0,1,0,30.19038
D:\DPS 920\DPS920_final_project\IMG\center_2026_07_27_15_30_14_794.jpg,D:\DPS 920\DPS920_final_project\IMG\left_2026_07_27_15_30_14_794.jpg,D:\DPS 920\DPS920_final_project\IMG\right_2026_07_27_15_30_14_794.jpg,-0.15,1,0,30.18439
D:\DPS 920\DPS920_final_project\IMG\center_2026_07_27_15_30_14_870.jpg,D:\DPS 920\DPS920_final_project\IMG\left_2026_07_27_15_30_14_870.jpg,D:\DPS 920\DPS920_final_project\IMG\right_2026_07_27_15_30_14_870.jpg,0,1,0,30.19049
D:\DPS 920\DPS920_final_project\IMG\center_2026_07_27_15_30_14_945.jpg,D:\DPS 920\DPS920_final_project\IMG\left_2026_07_27_15_30_14_945.jpg,D:\DPS 920\DPS920_final_project\IMG\right_2026_07_27_15_30_14_945.jpg,0,1,0,30.19034
D:\DPS 920\DPS920_final_project\IMG\center_2026_07_27_15_30_15_021.jpg,D:\DPS 920\DPS920_final_project\IMG\left_2026_07_27_15_30_15_021.jpg,D:\DPS 920\DPS920_final_project\IMG\right_2026_07_27_15_30_15_021.jpg,-0.1,1,0,30.18791
D:\DPS 920\DPS920_final_project\IMG\center_2026_07_27_15_30_15_094.jpg,D:\DPS 920\DPS920_final_project\IMG\left_2026_07_27_15_30_15_094.jpg,D:\DPS 920\DPS920_final_project\IMG\right_2026_07_27_15_30_15_094.jpg,0,1,0,30.18736
D:\DPS 920\DPS920_final_project\IMG\center_2026_07_27_15_30_15_165.jpg,D:\DPS 920\DPS920_final_project\IMG\left_2026_07_27_15_30_15_165.jpg,D:\DPS 920\DPS920_final_project\IMG\right_2026_07_27_15_30_15_165.jpg,0,1,0,30.19023
D:\DPS 920\DPS920_final_project\IMG\center_2026_07_27_15_30_15_236.jpg,D:\DPS 920\DPS920_final_project\IMG\left_2026_07_27_15_30_15_236.jpg,D:\DPS 920\DPS920_final_project\IMG\right_2026_07_27_15_30_15_236.jpg,0,1,0,30.19026
D:\DPS 920\DPS920_final_project\IMG\center_2026_07_27_15_30_15_308.jpg,D:\DPS 920\DPS920_final_project\IMG\left_2026_07_27_15_30_15_308.jpg,D:\DPS 920\DPS920_final_project\IMG\right_2026_07_27_15_30_15_308.jpg,-0.1,1,0,30.18816
D:\DPS 920\DPS920_final_project\IMG\center_2026_07_27_15_30_15_380.jpg,D:\DPS 920\DPS920_final_project\IMG\left_2026_07_27_15_30_15_380.jpg,D:\DPS 920\DPS920_final_project\IMG\right_2026_07_27_15_30_15_380.jpg,0,1,0,30.19031
D:\DPS 920\DPS920_final_project\IMG\center_2026_07_27_15_30_15_451.jpg,D:\DPS 920\DPS920_final_project\IMG\left_2026_07_27_15_30_15_451.jpg,D:\DPS 920\DPS920_final_project\IMG\right_2026_07_27_15_30_15_451.jpg,0,1,0,30.19022
D:\DPS 920\DPS920_final_project\IMG\center_2026_07_27_15_30_15_525.jpg,D:\DPS 920\DPS920_final_project\IMG\left_2026_07_27_15_30_15_525.jpg,D:\DPS 920\DPS920_final_project\IMG\right_2026_07_27_15_30_15_525.jpg,0,1,0,30.19024
D:\DPS 920\DPS920_final_project\IMG\center_2026_07_27_15_30_15_595.jpg,D:\DPS 920\DPS920_final_project\IMG\left_2026_07_27_15_30_15_595.jpg,D:\DPS 920\DPS920_final_project\IMG\right_2026_07_27_15_30_15_595.jpg,0,1,0,30.19025
D:\DPS 920\DPS920_final_project\IMG\center_2026_07_27_15_30_15_665.jpg,D:\DPS 920\DPS920_final_project\IMG\left_2026_07_27_15_30_15_665.jpg,D:\DPS 920\DPS920_final_project\IMG\right_2026_07_27_15_30_15_665.jpg,0,1,0,30.19022
D:\DPS 920\DPS920_final_project\IMG\center_2026_07_27_15_30_15_736.jpg,D:\DPS 920\DPS920_final_project\IMG\left_2026_07_27_15_30_15_736.jpg,D:\DPS 920\DPS920_final_project\IMG\right_2026_07_27_15_30_15_736.jpg,0,1,0,30.19022
D:\DPS 920\DPS920_final_project\IMG\center_2026_07_27_15_30_15_809.jpg,D:\DPS 920\DPS920_final_project\IMG\left_2026_07_27_15_30_15_809.jpg,D:\DPS 920\DPS920_final_project\IMG\right_2026_07_27_15_30_15_809.jpg,0,1,0,30.19022
D:\DPS 920\DPS920_final_project\IMG\center_2026_07_27_15_30_15_885.jpg,D:\DPS 920\DPS920_final_project\IMG\left_2026_07_27_15_30_15_885.jpg,D:\DPS 920\DPS920_final_project\IMG\right_2026_07_27_15_30_15_885.jpg,0,1,0,30.19024
D:\DPS 920\DPS920_final_project\IMG\center_2026_07_27_15_30_15_959.jpg,D:\DPS 920\DPS920_final_project\IMG\left_2026_07_27_15_30_15_959.jpg,D:\DPS 920\DPS920_final_project\IMG\right_2026_07_27_15_30_15_959.jpg,0,1,0,30.19008
D:\DPS 920\DPS920_final_project\IMG\center_2026_07_27_15_30_16_032.jpg,D:\DPS 920\DPS920_final_project\IMG\left_2026_07_27_15_30_16_032.jpg,D:\DPS 920\DPS920_final_project\IMG\right_2026_07_27_15_30_16_032.jpg,0,1,0,30.1904
D:\DPS 920\DPS920_final_project\IMG\center_2026_07_27_15_30_16_103.jpg,D:\DPS 920\DPS920_final_project\IMG\left_2026_07_27_15_30_16_103.jpg,D:\DPS 920\DPS920_final_project\IMG\right_2026_07_27_15_30_16_103.jpg,0,1,0,30.19035
D:\DPS 920\DPS920_final_project\IMG\center_2026_07_27_15_30_16_172.jpg,D:\DPS 920\DPS920_final_project\IMG\left_2026_07_27_15_30_16_172.jpg,D:\DPS 920\DPS920_final_project\IMG\right_2026_07_27_15_30_16_172.jpg,0,1,0,30.19018
D:\DPS 920\DPS920_final_project\IMG\center_2026_07_27_15_30_16_241.jpg,D:\DPS 920\DPS920_final_project\IMG\left_2026_07_27_15_30_16_241.jpg,D:\DPS 920\DPS920_final_project\IMG\right_2026_07_27_15_30_16_241.jpg,-0.15,1,0,30.18431
D:\DPS 920\DPS920_final_project\IMG\center_2026_07_27_15_30_16_309.jpg,D:\DPS 920\DPS920_final_project\IMG\left_2026_07_27_15_30_16_309.jpg,D:\DPS 920\DPS920_final_project\IMG\right_2026_07_27_15_30_16_309.jpg,0,1,0,30.19006
D:\DPS 920\DPS920_final_project\IMG\center_2026_07_27_15_30_16_377.jpg,D:\DPS 920\DPS920_final_project\IMG\left_2026_07_27_15_30_16_377.jpg,D:\DPS 920\DPS920_final_project\IMG\right_2026_07_27_15_30_16_377.jpg,0,1,0,30.19034
D:\DPS 920\DPS920_final_project\IMG\center_2026_07_27_15_30_16_445.jpg,D:\DPS 920\DPS920_final_project\IMG\left_2026_07_27_15_30_16_445.jpg,D:\DPS 920\DPS920_final_project\IMG\right_2026_07_27_15_30_16_445.jpg,0,1,0,30.19032
D:\DPS 920\DPS920_final_project\IMG\center_2026_07_27_15_30_16_513.jpg,D:\DPS 920\DPS920_final_project\IMG\left_2026_07_27_15_30_16_513.jpg,D:\DPS 920\DPS920_final_project\IMG\right_2026_07_27_15_30_16_513.jpg,0,1,0,30.19038
D:\DPS 920\DPS920_final_project\IMG\center_2026_07_27_15_30_16_583.jpg,D:\DPS 920\DPS920_final_project\IMG\left_2026_07_27_15_30_16_583.jpg,D:\DPS 920\DPS920_final_project\IMG\right_2026_07_27_15_30_16_583.jpg,0,1,0,30.19031
D:\DPS 920\DPS920_final_project\IMG\center_2026_07_27_15_30_16_652.jpg,D:\DPS 920\DPS920_final_project\IMG\left_2026_07_27_15_30_16_652.jpg,D:\DPS 920\DPS920_final_project\IMG\right_2026_07_27_15_30_16_652.jpg,0,1,0,30.1903
D:\DPS 920\DPS920_final_project\IMG\center_2026_07_27_15_30_16_720.jpg,D:\DPS 920\DPS920_final_project\IMG\left_2026_07_27_15_30_16_720.jpg,D:\DPS 920\DPS920_final_project\IMG\right_2026_07_27_15_30_16_720.jpg,0,1,0,30.19034
D:\DPS 920\DPS920_final_project\IMG\center_2026_07_27_15_30_16_788.jpg,D:\DPS 920\DPS920_final_project\IMG\left_2026_07_27_15_30_16_788.jpg,D:\DPS 920\DPS920_final_project\IMG\right_2026_07_27_15_30_16_788.jpg,0,1,0,30.19027
D:\DPS 920\DPS920_final_project\IMG\center_2026_07_27_15_30_16_855.jpg,D:\DPS 920\DPS920_final_project\IMG\left_2026_07_27_15_30_16_855.jpg,D:\DPS 920\DPS920_final_project\IMG\right_2026_07_27_15_30_16_855.jpg,0,1,0,30.19032
D:\DPS 920\DPS920_final_project\IMG\center_2026_07_27_15_30_16_923.jpg,D:\DPS 920\DPS920_final_project\IMG\left_2026_07_27_15_30_16_923.jpg,D:\DPS 920\DPS920_final_project\IMG\right_2026_07_27_15_30_16_923.jpg,0,1,0,30.19027
D:\DPS 920\DPS920_final_project\IMG\center_2026_07_27_15_30_16_993.jpg,D:\DPS 920\DPS920_final_project\IMG\left_2026_07_27_15_30_16_993.jpg,D:\DPS 920\DPS920_final_project\IMG\right_2026_07_27_15_30_16_993.jpg,0,1,0,30.19029
D:\DPS 920\DPS920_final_project\IMG\center_2026_07_27_15_30_17_061.jpg,D:\DPS 920\DPS920_final_project\IMG\left_2026_07_27_15_30_17_061.jpg,D:\DPS 920\DPS920_final_project\IMG\right_2026_07_27_15_30_17_061.jpg,0,1,0,30.19032
D:\DPS 920\DPS920_final_project\IMG\center_2026_07_27_15_30_17_129.jpg,D:\DPS 920\DPS920_final_project\IMG\left_2026_07_27_15_30_17_129.jpg,D:\DPS 920\DPS920_final_project\IMG\right_2026_07_27_15_30_17_129.jpg,0,1,0,30.19033
D:\DPS 920\DPS920_final_project\IMG\center_2026_07_27_15_30_17_199.jpg,D:\DPS 920\DPS920_final_project\IMG\left_2026_07_27_15_30_17_199.jpg,D:\DPS 920\DPS920_final_project\IMG\right_2026_07_27_15_30_17_199.jpg,0,1,0,30.19032
D:\DPS 920\DPS920_final_project\IMG\center_2026_07_27_15_30_17_270.jpg,D:\DPS 920\DPS920_final_project\IMG\left_2026_07_27_15_30_17_270.jpg,D:\DPS 920\DPS920_final_project\IMG\right_2026_07_27_15_30_17_270.jpg,0,1,0,30.19028
D:\DPS 920\DPS920_final_project\IMG\center_2026_07_27_15_30_17_336.jpg,D:\DPS 920\DPS920_final_project\IMG\left_2026_07_27_15_30_17_336.jpg,D:\DPS 920\DPS920_final_project\IMG\right_2026_07_27_15_30_17_336.jpg,0,1,0,30.19053
D:\DPS 920\DPS920_final_project\IMG\center_2026_07_27_15_30_17_404.jpg,D:\DPS 920\DPS920_final_project\IMG\left_2026_07_27_15_30_17_404.jpg,D:\DPS 920\DPS920_final_project\IMG\right_2026_07_27_15_30_17_404.jpg,0,1,0,30.1903
D:\DPS 920\DPS920_final_project\IMG\center_2026_07_27_15_30_17_472.jpg,D:\DPS 920\DPS920_final_project\IMG\left_2026_07_27_15_30_17_472.jpg,D:\DPS 920\DPS920_final_project\IMG\right_2026_07_27_15_30_17_472.jpg,0,1,0,30.1903
D:\DPS 920\DPS920_final_project\IMG\center_2026_07_27_15_30_17_540.jpg,D:\DPS 920\DPS920_final_project\IMG\left_2026_07_27_15_30_17_540.jpg,D:\DPS 920\DPS920_final_project\IMG\right_2026_07_27_15_30_17_540.jpg,0,1,0,30.19052
D:\DPS 920\DPS920_final_project\IMG\center_2026_07_27_15_30_17_617.jpg,D:\DPS 920\DPS920_final_project\IMG\left_2026_07_27_15_30_17_617.jpg,D:\DPS 920\DPS920_final_project\IMG\right_2026_07_27_15_30_17_617.jpg,0,1,0,30.19028
D:\DPS 920\DPS920_final_project\IMG\center_2026_07_27_15_30_17_684.jpg,D:\DPS 920\DPS920_final_project\IMG\left_2026_07_27_15_30_17_684.jpg,D:\DPS 920\DPS920_final_project\IMG\right_2026_07_27_15_30_17_684.jpg,0,1,0,30.19028
D:\DPS 920\DPS920_final_project\IMG\center_2026_07_27_15_30_17_762.jpg,D:\DPS 920\DPS920_final_project\IMG\left_2026_07_27_15_30_17_762.jpg,D:\DPS 920\DPS920_final_project\IMG\right_2026_07_27_15_30_17_762.jpg,0,1,0,30.19031
D:\DPS 920\DPS920_final_project\IMG\center_2026_07_27_15_30_17_840.jpg,D:\DPS 920\DPS920_final_project\IMG\left_2026_07_27_15_30_17_840.jpg,D:\DPS 920\DPS920_final_project\IMG\right_2026_07_27_15_30_17_840.jpg,0,1,0,30.19029
D:\DPS 920\DPS920_final_project\IMG\center_2026_07_27_15_30_17_917.jpg,D:\DPS 920\DPS920_final_project\IMG\left_2026_07_27_15_30_17_917.jpg,D:\DPS 920\DPS920_final_project\IMG\right_2026_07_27_15_30_17_917.jpg,0,1,0,30.19029
D:\DPS 920\DPS920_final_project\IMG\center_2026_07_27_15_30_17_992.jpg,D:\DPS 920\DPS920_final_project\IMG\left_2026_07_27_15_30_17_992.jpg,D:\DPS 920\DPS920_final_project\IMG\right_2026_07_27_15_30_17_992.jpg,0,1,0,30.19033
D:\DPS 920\DPS920_final_project\IMG\center_2026_07_27_15_30_18_067.jpg,D:\DPS 920\DPS920_final_project\IMG\left_2026_07_27_15_30_18_067.jpg,D:\DPS 920\DPS920_final_project\IMG\right_2026_07_27_15_30_18_067.jpg,-0.1,1,0,30.18769
D:\DPS 920\DPS920_final_project\IMG\center_2026_07_27_15_30_18_142.jpg,D:\DPS 920\DPS920_final_project\IMG\left_2026_07_27_15_30_18_142.jpg,D:\DPS 920\DPS920_final_project\IMG\right_2026_07_27_15_30_18_142.jpg,0,1,0,30.18595
D:\DPS 920\DPS920_final_project\IMG\center_2026_07_27_15_30_18_216.jpg,D:\DPS 920\DPS920_final_project\IMG\left_2026_07_27_15_30_18_216.jpg,D:\DPS 920\DPS920_final_project\IMG\right_2026_07_27_15_30_18_216.jpg,-0.05,1,0,30.19024
D:\DPS 920\DPS920_final_project\IMG\center_2026_07_27_15_30_18_292.jpg,D:\DPS 920\DPS920_final_project\IMG\left_2026_07_27_15_30_18_292.jpg,D:\DPS 920\DPS920_final_project\IMG\right_2026_07_27_15_30_18_292.jpg,0,1,0,30.18797
D:\DPS 920\DPS920_final_project\IMG\center_2026_07_27_15_30_18_369.jpg,D:\DPS 920\DPS920_final_project\IMG\left_2026_07_27_15_30_18_369.jpg,D:\DPS 920\DPS920_final_project\IMG\right_2026_07_27_15_30_18_369.jpg,0,1,0,30.19009
D:\DPS 920\DPS920_final_project\IMG\center_2026_07_27_15_30_18_435.jpg,D:\DPS 920\DPS920_final_project\IMG\left_2026_07_27_15_30_18_435.jpg,D:\DPS 920\DPS920_final_project\IMG\right_2026_07_27_15_30_18_435.jpg,0,1,0,30.19021
D:\DPS 920\DPS920_final_project\IMG\center_2026_07_27_15_30_18_513.jpg,D:\DPS 920\DPS920_final_project\IMG\left_2026_07_27_15_30_18_513.jpg,D:\DPS 920\DPS920_final_project\IMG\right_2026_07_27_15_30_18_513.jpg,0,1,0,30.19029
D:\DPS 920\DPS920_final_project\IMG\center_2026_07_27_15_30_18_590.jpg,D:\DPS 920\DPS920_final_project\IMG\left_2026_07_27_15_30_18_590.jpg,D:\DPS 920\DPS920_final_project\IMG\right_2026_07_27_15_30_18_590.jpg,0,1,0,30.19027
D:\DPS 920\DPS920_final_project\IMG\center_2026_07_27_15_30_18_665.jpg,D:\DPS 920\DPS920_final_project\IMG\left_2026_07_27_15_30_18_665.jpg,D:\DPS 920\DPS920_final_project\IMG\right_2026_07_27_15_30_18_665.jpg,0,1,0,30.19014
D:\DPS 920\DPS920_final_project\IMG\center_2026_07_27_15_30_18_739.jpg,D:\DPS 920\DPS920_final_project\IMG\left_2026_07_27_15_30_18_739.jpg,D:\DPS 920\DPS920_final_project\IMG\right_2026_07_27_15_30_18_739.jpg,0,1,0,30.19028
D:\DPS 920\DPS920_final_project\IMG\center_2026_07_27_15_30_18_816.jpg,D:\DPS 920\DPS920_final_project\IMG\left_2026_07_27_15_30_18_816.jpg,D:\DPS 920\DPS920_final_project\IMG\right_2026_07_27_15_30_18_816.jpg,0,1,0,30.19029
D:\DPS 920\DPS920_final_project\IMG\center_2026_07_27_15_30_18_883.jpg,D:\DPS 920\DPS920_final_project\IMG\left_2026_07_27_15_30_18_883.jpg,D:\DPS 920\DPS920_final_project\IMG\right_2026_07_27_15_30_18_883.jpg,0,1,0,30.19027
D:\DPS 920\DPS920_final_project\IMG\center_2026_07_27_15_30_18_956.jpg,D:\DPS 920\DPS920_final_project\IMG\left_2026_07_27_15_30_18_956.jpg,D:\DPS 920\DPS920_final_project\IMG\right_2026_07_27_15_30_18_956.jpg,0,1,0,30.19025
D:\DPS 920\DPS920_final_project\IMG\center_2026_07_27_15_30_19_030.jpg,D:\DPS 920\DPS920_final_project\IMG\left_2026_07_27_15_30_19_030.jpg,D:\DPS 920\DPS920_final_project\IMG\right_2026_07_27_15_30_19_030.jpg,0,1,0,30.19029
D:\DPS 920\DPS920_final_project\IMG\center_2026_07_27_15_30_19_104.jpg,D:\DPS 920\DPS920_final_project\IMG\left_2026_07_27_15_30_19_104.jpg,D:\DPS 920\DPS920_final_project\IMG\right_2026_07_27_15_30_19_104.jpg,-0.1,1,0,30.18764
D:\DPS 920\DPS920_final_project\IMG\center_2026_07_27_15_30_19_179.jpg,D:\DPS 920\DPS920_final_project\IMG\left_2026_07_27_15_30_19_179.jpg,D:\DPS 920\DPS920_final_project\IMG\right_2026_07_27_15_30_19_179.jpg,0,1,0,30.19108
D:\DPS 920\DPS920_final_project\IMG\center_2026_07_27_15_30_19_255.jpg,D:\DPS 920\DPS920_final_project\IMG\left_2026_07_27_15_30_19_255.jpg,D:\DPS 920\DPS920_final_project\IMG\right_2026_07_27_15_30_19_255.jpg,-0.05,1,0,30.18998
D:\DPS 920\DPS920_final_project\IMG\center_2026_07_27_15_30_19_329.jpg,D:\DPS 920\DPS920_final_project\IMG\left_2026_07_27_15_30_19_329.jpg,D:\DPS 920\DPS920_final_project\IMG\right_2026_07_27_15_30_19_329.jpg,0,1,0,30.1877
D:\DPS 920\DPS920_final_project\IMG\center_2026_07_27_15_30_19_403.jpg,D:\DPS 920\DPS920_final_project\IMG\left_2026_07_27_15_30_19_403.jpg,D:\DPS 920\DPS920_final_project\IMG\right_2026_07_27_15_30_19_403.jpg,0,1,0,30.1901
D:\DPS 920\DPS920_final_project\IMG\center_2026_07_27_15_30_19_477.jpg,D:\DPS 920\DPS920_final_project\IMG\left_2026_07_27_15_30_19_477.jpg,D:\DPS 920\DPS920_final_project\IMG\right_2026_07_27_15_30_19_477.jpg,0,1,0,30.18967
D:\DPS 920\DPS920_final_project\IMG\center_2026_07_27_15_30_19_551.jpg,D:\DPS 920\DPS920_final_project\IMG\left_2026_07_27_15_30_19_551.jpg,D:\DPS 920\DPS920_final_project\IMG\right_2026_07_27_15_30_19_551.jpg,0,1,0,30.19027
D:\DPS 920\DPS920_final_project\IMG\center_2026_07_27_15_30_19_623.jpg,D:\DPS 920\DPS920_final_project\IMG\left_2026_07_27_15_30_19_623.jpg,D:\DPS 920\DPS920_final_project\IMG\right_2026_07_27_15_30_19_623.jpg,0,1,0,30.1903
D:\DPS 920\DPS920_final_project\IMG\center_2026_07_27_15_30_19_696.jpg,D:\DPS 920\DPS920_final_project\IMG\left_2026_07_27_15_30_19_696.jpg,D:\DPS 920\DPS920_final_project\IMG\right_2026_07_27_15_30_19_696.jpg,0,1,0,30.19028
D:\DPS 920\DPS920_final_project\IMG\center_2026_07_27_15_30_19_769.jpg,D:\DPS 920\DPS920_final_project\IMG\left_2026_07_27_15_30_19_769.jpg,D:\DPS 920\DPS920_final_project\IMG\right_2026_07_27_15_30_19_769.jpg,0,1,0,30.19029
D:\DPS 920\DPS920_final_project\IMG\center_2026_07_27_15_30_19_839.jpg,D:\DPS 920\DPS920_final_project\IMG\left_2026_07_27_15_30_19_839.jpg,D:\DPS 920\DPS920_final_project\IMG\right_2026_07_27_15_30_19_839.jpg,0,1,0,30.19029
D:\DPS 920\DPS920_final_project\IMG\center_2026_07_27_15_30_19_911.jpg,D:\DPS 920\DPS920_final_project\IMG\left_2026_07_27_15_30_19_911.jpg,D:\DPS 920\DPS920_final_project\IMG\right_2026_07_27_15_30_19_911.jpg,0,1,0,30.1902
D:\DPS 920\DPS920_final_project\IMG\center_2026_07_27_15_30_19_983.jpg,D:\DPS 920\DPS920_final_project\IMG\left_2026_07_27_15_30_19_983.jpg,D:\DPS 920\DPS920_final_project\IMG\right_2026_07_27_15_30_19_983.jpg,0,1,0,30.19027
D:\DPS 920\DPS920_final_project\IMG\center_2026_07_27_15_30_20_053.jpg,D:\DPS 920\DPS920_final_project\IMG\left_2026_07_27_15_30_20_053.jpg,D:\DPS 920\DPS920_final_project\IMG\right_2026_07_27_15_30_20_053.jpg,-0.15,1,0,30.18423
D:\DPS 920\DPS920_final_project\IMG\center_2026_07_27_15_30_20_125.jpg,D:\DPS 920\DPS920_final_project\IMG\left_2026_07_27_15_30_20_125.jpg,D:\DPS 920\DPS920_final_project\IMG\right_2026_07_27_15_30_20_125.jpg,0,1,0,30.19119
D:\DPS 920\DPS920_final_project\IMG\center_2026_07_27_15_30_20_195.jpg,D:\DPS 920\DPS920_final_project\IMG\left_2026_07_27_15_30_20_195.jpg,D:\DPS 920\DPS920_final_project\IMG\right_2026_07_27_15_30_20_195.jpg,0,1,0,30.18997
D:\DPS 920\DPS920_final_project\IMG\center_2026_07_27_15_30_20_270.jpg,D:\DPS 920\DPS920_final_project\IMG\left_2026_07_27_15_30_20_270.jpg,D:\DPS 920\DPS920_final_project\IMG\right_2026_07_27_15_30_20_270.jpg,0,1,0,30.19025
D:\DPS 920\DPS920_final_project\IMG\center_2026_07_27_15_30_20_343.jpg,D:\DPS 920\DPS920_final_project\IMG\left_2026_07_27_15_30_20_343.jpg,D:\DPS 920\DPS920_final_project\IMG\right_2026_07_27_15_30_20_343.jpg,0,1,0,30.19032
D:\DPS 920\DPS920_final_project\IMG\center_2026_07_27_15_30_20_415.jpg,D:\DPS 920\DPS920_final_project\IMG\left_2026_07_27_15_30_20_415.jpg,D:\DPS 920\DPS920_final_project\IMG\right_2026_07_27_15_30_20_415.jpg,-0.1,1,0,30.18808
D:\DPS 920\DPS920_final_project\IMG\center_2026_07_27_15_30_20_487.jpg,D:\DPS 920\DPS920_final_project\IMG\left_2026_07_27_15_30_20_487.jpg,D:\DPS 920\DPS920_final_project\IMG\right_2026_07_27_15_30_20_487.jpg,0,1,0,30.19036
D:\DPS 920\DPS920_final_project\IMG\center_2026_07_27_15_30_20_559.jpg,D:\DPS 920\DPS920_final_project\IMG\left_2026_07_27_15_30_20_559.jpg,D:\DPS 920\DPS920_final_project\IMG\right_2026_07_27_15_30_20_559.jpg,0,1,0,30.19032
D:\DPS 920\DPS920_final_project\IMG\center_2026_07_27_15_30_20_633.jpg,D:\DPS 920\DPS920_final_project\IMG\left_2026_07_27_15_30_20_633.jpg,D:\DPS 920\DPS920_final_project\IMG\right_2026_07_27_15_30_20_633.jpg,0,1,0,30.19029
D:\DPS 920\DPS920_final_project\IMG\center_2026_07_27_15_30_20_709.jpg,D:\DPS 920\DPS920_final_project\IMG\left_2026_07_27_15_30_20_709.jpg,D:\DPS 920\DPS920_final_project\IMG\right_2026_07_27_15_30_20_709.jpg,0,1,0,30.19031
D:\DPS 920\DPS920_final_project\IMG\center_2026_07_27_15_30_20_777.jpg,D:\DPS 920\DPS920_final_project\IMG\left_2026_07_27_15_30_20_777.jpg,D:\DPS 920\DPS920_final_project\IMG\right_2026_07_27_15_30_20_777.jpg,0,1,0,30.19028
D:\DPS 920\DPS920_final_project\IMG\center_2026_07_27_15_30_20_845.jpg,D:\DPS 920\DPS920_final_project\IMG\left_2026_07_27_15_30_20_845.jpg,D:\DPS 920\DPS920_final_project\IMG\right_2026_07_27_15_30_20_845.jpg,0,1,0,30.19027
D:\DPS 920\DPS920_final_project\IMG\center_2026_07_27_15_30_20_922.jpg,D:\DPS 920\DPS920_final_project\IMG\left_2026_07_27_15_30_20_922.jpg,D:\DPS 920\DPS920_final_project\IMG\right_2026_07_27_15_30_20_922.jpg,-0.2,1,0,30.17988
D:\DPS 920\DPS920_final_project\IMG\center_2026_07_27_15_30_20_997.jpg,D:\DPS 920\DPS920_final_project\IMG\left_2026_07_27_15_30_20_997.jpg,D:\DPS 920\DPS920_final_project\IMG\right_2026_07_27_15_30_20_997.jpg,0,1,0,30.18968
D:\DPS 920\DPS920_final_project\IMG\center_2026_07_27_15_30_21_070.jpg,D:\DPS 920\DPS920_final_project\IMG\left_2026_07_27_15_30_21_070.jpg,D:\DPS 920\DPS920_final_project\IMG\right_2026_07_27_15_30_21_070.jpg,-0.1,1,0,30.18861
D:\DPS 920\DPS920_final_project\IMG\center_2026_07_27_15_30_21_143.jpg,D:\DPS 920\DPS920_final_project\IMG\left_2026_07_27_15_30_21_143.jpg,D:\DPS 920\DPS920_final_project\IMG\right_2026_07_27_15_30_21_143.jpg,0,1,0,30.19107
D:\DPS 920\DPS920_final_project\IMG\center_2026_07_27_15_30_21_215.jpg,D:\DPS 920\DPS920_final_project\IMG\left_2026_07_27_15_30_21_215.jpg,D:\DPS 920\DPS920_final_project\IMG\right_2026_07_27_15_30_21_215.jpg,0,1,0,30.19006
D:\DPS 920\DPS920_final_project\IMG\center_2026_07_27_15_30_21_290.jpg,D:\DPS 920\DPS920_final_project\IMG\left_2026_07_27_15_30_21_290.jpg,D:\DPS 920\DPS920_final_project\IMG\right_2026_07_27_15_30_21_290.jpg,0,1,0,30.18886
D:\DPS 920\DPS920_final_project\IMG\center_2026_07_27_15_30_21_363.jpg,D:\DPS 920\DPS920_final_project\IMG\left_2026_07_27_15_30_21_363.jpg,D:\DPS 920\DPS920_final_project\IMG\right_2026_07_27_15_30_21_363.jpg,0,1,0,30.19044
D:\DPS 920\DPS920_final_project\IMG\center_2026_07_27_15_30_21_434.jpg,D:\DPS 920\DPS920_final_project\IMG\left_2026_07_27_15_30_21_434.jpg,D:\DPS 920\DPS920_final_project\IMG\right_2026_07_27_15_30_21_434.jpg,0,1,0,30.19027
D:\DPS 920\DPS920_final_project\IMG\center_2026_07_27_15_30_21_507.jpg,D:\DPS 920\DPS920_final_project\IMG\left_2026_07_27_15_30_21_507.jpg,D:\DPS 920\DPS920_final_project\IMG\right_2026_07_27_15_30_21_507.jpg,0,1,0,30.19032
D:\DPS 920\DPS920_final_project\IMG\center_2026_07_27_15_30_21_578.jpg,D:\DPS 920\DPS920_final_project\IMG\left_2026_07_27_15_30_21_578.jpg,D:\DPS 920\DPS920_final_project\IMG\right_2026_07_27_15_30_21_578.jpg,-0.15,1,0,30.18458
D:\DPS 920\DPS920_final_project\IMG\center_2026_07_27_15_30_21_648.jpg,D:\DPS 920\DPS920_final_project\IMG\left_2026_07_27_15_30_21_648.jpg,D:\DPS 920\DPS920_final_project\IMG\right_2026_07_27_15_30_21_648.jpg,0,1,0,30.19096
D:\DPS 920\DPS920_final_project\IMG\center_2026_07_27_15_30_21_719.jpg,D:\DPS 920\DPS920_final_project\IMG\left_2026_07_27_15_30_21_719.jpg,D:\DPS 920\DPS920_final_project\IMG\right_2026_07_27_15_30_21_719.jpg,-0.05,1,0,30.19001
D:\DPS 920\DPS920_final_project\IMG\center_2026_07_27_15_30_21_789.jpg,D:\DPS 920\DPS920_final_project\IMG\left_2026_07_27_15_30_21_789.jpg,D:\DPS 920\DPS920_final_project\IMG\right_2026_07_27_15_30_21_789.jpg,-0.2,1,0,30.18137
D:\DPS 920\DPS920_final_project\IMG\center_2026_07_27_15_30_21_858.jpg,D:\DPS 920\DPS920_final_project\IMG\left_2026_07_27_15_30_21_858.jpg,D:\DPS 920\DPS920_final_project\IMG\right_2026_07_27_15_30_21_858.jpg,0,1,0,30.19017
D:\DPS 920\DPS920_final_project\IMG\center_2026_07_27_15_30_21_928.jpg,D:\DPS 920\DPS920_final_project\IMG\left_2026_07_27_15_30_21_928.jpg,D:\DPS 920\DPS920_final_project\IMG\right_2026_07_27_15_30_21_928.jpg,-0.15,1,0,30.18602
D:\DPS 920\DPS920_final_project\IMG\center_2026_07_27_15_30_21_998.jpg,D:\DPS 920\DPS920_final_project\IMG\left_2026_07_27_15_30_21_998.jpg,D:\DPS 920\DPS920_final_project\IMG\right_2026_07_27_15_30_21_998.jpg,0,1,0,30.19047
D:\DPS 920\DPS920_final_project\IMG\center_2026_07_27_15_30_22_068.jpg,D:\DPS 920\DPS920_final_project\IMG\left_2026_07_27_15_30_22_068.jpg,D:\DPS 920\DPS920_final_project\IMG\right_2026_07_27_15_30_22_068.jpg,0,1,0,30.19019
D:\DPS 920\DPS920_final_project\IMG\center_2026_07_27_15_30_22_137.jpg,D:\DPS 920\DPS920_final_project\IMG\left_2026_07_27_15_30_22_137.jpg,D:\DPS 920\DPS920_final_project\IMG\right_2026_07_27_15_30_22_137.jpg,0,1,0,30.18973
D:\DPS 920\DPS920_final_project\IMG\center_2026_07_27_15_30_22_204.jpg,D:\DPS 920\DPS920_final_project\IMG\left_2026_07_27_15_30_22_204.jpg,D:\DPS 920\DPS920_final_project\IMG\right_2026_07_27_15_30_22_204.jpg,0,1,0,30.19023
D:\DPS 920\DPS920_final_project\IMG\center_2026_07_27_15_30_22_273.jpg,D:\DPS 920\DPS920_final_project\IMG\left_2026_07_27_15_30_22_273.jpg,D:\DPS 920\DPS920_final_project\IMG\right_2026_07_27_15_30_22_273.jpg,-0.15,1,0,30.1851
D:\DPS 920\DPS920_final_project\IMG\center_2026_07_27_15_30_22_341.jpg,D:\DPS 920\DPS920_final_project\IMG\left_2026_07_27_15_30_22_341.jpg,D:\DPS 920\DPS920_final_project\IMG\right_2026_07_27_15_30_22_341.jpg,0,1,0,30.18968
D:\DPS 920\DPS920_final_project\IMG\center_2026_07_27_15_30_22_415.jpg,D:\DPS 920\DPS920_final_project\IMG\left_2026_07_27_15_30_22_415.jpg,D:\DPS 920\DPS920_final_project\IMG\right_2026_07_27_15_30_22_415.jpg,0,1,0,30.19023
D:\DPS 920\DPS920_final_project\IMG\center_2026_07_27_15_30_22_490.jpg,D:\DPS 920\DPS920_final_project\IMG\left_2026_07_27_15_30_22_490.jpg,D:\DPS 920\DPS920_final_project\IMG\right_2026_07_27_15_30_22_490.jpg,-0.15,1,0,30.18523
D:\DPS 920\DPS920_final_project\IMG\center_2026_07_27_15_30_22_558.jpg,D:\DPS 920\DPS920_final_project\IMG\left_2026_07_27_15_30_22_558.jpg,D:\DPS 920\DPS920_final_project\IMG\right_2026_07_27_15_30_22_558.jpg,0,1,0,30.19069
D:\DPS 920\DPS920_final_project\IMG\center_2026_07_27_15_30_22_626.jpg,D:\DPS 920\DPS920_final_project\IMG\left_2026_07_27_15_30_22_626.jpg,D:\DPS 920\DPS920_final_project\IMG\right_2026_07_27_15_30_22_626.jpg,-0.05,1,0,30.19004
D:\DPS 920\DPS920_final_project\IMG\center_2026_07_27_15_30_22_692.jpg,D:\DPS 920\DPS920_final_project\IMG\left_2026_07_27_15_30_22_692.jpg,D:\DPS 920\DPS920_final_project\IMG\right_2026_07_27_15_30_22_692.jpg,-0.2,1,0,30.18155
D:\DPS 920\DPS920_final_project\IMG\center_2026_07_27_15_30_22_762.jpg,D:\DPS 920\DPS920_final_project\IMG\left_2026_07_27_15_30_22_762.jpg,D:\DPS 920\DPS920_final_project\IMG\right_2026_07_27_15_30_22_762.jpg,0,1,0,30.19018
D:\DPS 920\DPS920_final_project\IMG\center_2026_07_27_15_30_22_830.jpg,D:\DPS 920\DPS920_final_project\IMG\left_2026_07_27_15_30_22_830.jpg,D:\DPS 920\DPS920_final_project\IMG\right_2026_07_27_15_30_22_830.jpg,-0.1,1,0,30.18885
D:\DPS 920\DPS920_final_project\IMG\center_2026_07_27_15_30_22_900.jpg,D:\DPS 920\DPS920_final_project\IMG\left_2026_07_27_15_30_22_900.jpg,D:\DPS 920\DPS920_final_project\IMG\right_2026_07_27_15_30_22_900.jpg,0,1,0,30.19058
D:\DPS 920\DPS920_final_project\IMG\center_2026_07_27_15_30_22_968.jpg,D:\DPS 920\DPS920_final_project\IMG\left_2026_07_27_15_30_22_968.jpg,D:\DPS 920\DPS920_final_project\IMG\right_2026_07_27_15_30_22_968.jpg,0,1,0,30.19015
D:\DPS 920\DPS920_final_project\IMG\center_2026_07_27_15_30_23_035.jpg,D:\DPS 920\DPS920_final_project\IMG\left_2026_07_27_15_30_23_035.jpg,D:\DPS 920\DPS920_final_project\IMG\right_2026_07_27_15_30_23_035.jpg,-0.1,1,0,30.18871
D:\DPS 920\DPS920_final_project\IMG\center_2026_07_27_15_30_23_102.jpg,D:\DPS 920\DPS920_final_project\IMG\left_2026_07_27_15_30_23_102.jpg,D:\DPS 920\DPS920_final_project\IMG\right_2026_07_27_15_30_23_102.jpg,0,1,0,30.19005
D:\DPS 920\DPS920_final_project\IMG\center_2026_07_27_15_30_23_169.jpg,D:\DPS 920\DPS920_final_project\IMG\left_2026_07_27_15_30_23_169.jpg,D:\DPS 920\DPS920_final_project\IMG\right_2026_07_27_15_30_23_169.jpg,0,1,0,30.19028
D:\DPS 920\DPS920_final_project\IMG\center_2026_07_27_15_30_23_238.jpg,D:\DPS 920\DPS920_final_project\IMG\left_2026_07_27_15_30_23_238.jpg,D:\DPS 920\DPS920_final_project\IMG\right_2026_07_27_15_30_23_238.jpg,0,1,0,30.19028
D:\DPS 920\DPS920_final_project\IMG\center_2026_07_27_15_30_23_312.jpg,D:\DPS 920\DPS920_final_project\IMG\left_2026_07_27_15_30_23_312.jpg,D:\DPS 920\DPS920_final_project\IMG\right_2026_07_27_15_30_23_312.jpg,0,1,0,30.19032
D:\DPS 920\DPS920_final_project\IMG\center_2026_07_27_15_30_23_389.jpg,D:\DPS 920\DPS920_final_project\IMG\left_2026_07_27_15_30_23_389.jpg,D:\DPS 920\DPS920_final_project\IMG\right_2026_07_27_15_30_23_389.jpg,0,1,0,30.19029
D:\DPS 920\DPS920_final_project\IMG\center_2026_07_27_15_30_23_463.jpg,D:\DPS 920\DPS920_final_project\IMG\left_2026_07_27_15_30_23_463.jpg,D:\DPS 920\DPS920_final_project\IMG\right_2026_07_27_15_30_23_463.jpg,0,1,0,30.18848
D:\DPS 920\DPS920_final_project\IMG\center_2026_07_27_15_30_23_537.jpg,D:\DPS 920\DPS920_final_project\IMG\left_2026_07_27_15_30_23_537.jpg,D:\DPS 920\DPS920_final_project\IMG\right_2026_07_27_15_30_23_537.jpg,0,1,0,30.19032
D:\DPS 920\DPS920_final_project\IMG\center_2026_07_27_15_30_23_612.jpg,D:\DPS 920\DPS920_final_project\IMG\left_2026_07_27_15_30_23_612.jpg,D:\DPS 920\DPS920_final_project\IMG\right_2026_07_27_15_30_23_612.jpg,-0.05,1,0,30.18978
D:\DPS 920\DPS920_final_project\IMG\center_2026_07_27_15_30_23_686.jpg,D:\DPS 920\DPS920_final_project\IMG\left_2026_07_27_15_30_23_686.jpg,D:\DPS 920\DPS920_final_project\IMG\right_2026_07_27_15_30_23_686.jpg,0,1,0,30.19071
D:\DPS 920\DPS920_final_project\IMG\center_2026_07_27_15_30_23_759.jpg,D:\DPS 920\DPS920_final_project\IMG\left_2026_07_27_15_30_23_759.jpg,D:\DPS 920\DPS920_final_project\IMG\right_2026_07_27_15_30_23_759.jpg,-0.05,1,0,30.18995
D:\DPS 920\DPS920_final_project\IMG\center_2026_07_27_15_30_23_827.jpg,D:\DPS 920\DPS920_final_project\IMG\left_2026_07_27_15_30_23_827.jpg,D:\DPS 920\DPS920_final_project\IMG\right_2026_07_27_15_30_23_827.jpg,-0.2,1,0,30.18096
D:\DPS 920\DPS920_final_project\IMG\center_2026_07_27_15_30_23_896.jpg,D:\DPS 920\DPS920_final_project\IMG\left_2026_07_27_15_30_23_896.jpg,D:\DPS 920\DPS920_final_project\IMG\right_2026_07_27_15_30_23_896.jpg,0,1,0,30.1897
D:\DPS 920\DPS920_final_project\IMG\center_2026_07_27_15_30_23_964.jpg,D:\DPS 920\DPS920_final_project\IMG\left_2026_07_27_15_30_23_964.jpg,D:\DPS 920\DPS920_final_project\IMG\right_2026_07_27_15_30_23_964.jpg,-0.15,1,0,30.18596
D:\DPS 920\DPS920_final_project\IMG\center_2026_07_27_15_30_24_031.jpg,D:\DPS 920\DPS920_final_project\IMG\left_2026_07_27_15_30_24_031.jpg,D:\DPS 920\DPS920_final_project\IMG\right_2026_07_27_15_30_24_031.jpg,0,1,0,30.18999
D:\DPS 920\DPS920_final_project\IMG\center_2026_07_27_15_30_24_105.jpg,D:\DPS 920\DPS920_final_project\IMG\left_2026_07_27_15_30_24_105.jpg,D:\DPS 920\DPS920_final_project\IMG\right_2026_07_27_15_30_24_105.jpg,-0.1,1,0,30.18861
D:\DPS 920\DPS920_final_project\IMG\center_2026_07_27_15_30_24_178.jpg,D:\DPS 920\DPS920_final_project\IMG\left_2026_07_27_15_30_24_178.jpg,D:\DPS 920\DPS920_final_project\IMG\right_2026_07_27_15_30_24_178.jpg,0,1,0,30.18772
D:\DPS 920\DPS920_final_project\IMG\center_2026_07_27_15_30_24_251.jpg,D:\DPS 920\DPS920_final_project\IMG\left_2026_07_27_15_30_24_251.jpg,D:\DPS 920\DPS920_final_project\IMG\right_2026_07_27_15_30_24_251.jpg,0,1,0,30.19016
D:\DPS 920\DPS920_final_project\IMG\center_2026_07_27_15_30_24_323.jpg,D:\DPS 920\DPS920_final_project\IMG\left_2026_07_27_15_30_24_323.jpg,D:\DPS 920\DPS920_final_project\IMG\right_2026_07_27_15_30_24_323.jpg,0,1,0,30.19066
D:\DPS 920\DPS920_final_project\IMG\center_2026_07_27_15_30_24_396.jpg,D:\DPS 920\DPS920_final_project\IMG\left_2026_07_27_15_30_24_396.jpg,D:\DPS 920\DPS920_final_project\IMG\right_2026_07_27_15_30_24_396.jpg,-0.1,1,0,30.18748
D:\DPS 920\DPS920_final_project\IMG\center_2026_07_27_15_30_24_471.jpg,D:\DPS 920\DPS920_final_project\IMG\left_2026_07_27_15_30_24_471.jpg,D:\DPS 920\DPS920_final_project\IMG\right_2026_07_27_15_30_24_471.jpg,0,1,0,30.19092
D:\DPS 920\DPS920_final_project\IMG\center_2026_07_27_15_30_24_546.jpg,D:\DPS 920\DPS920_final_project\IMG\left_2026_07_27_15_30_24_546.jpg,D:\DPS 920\DPS920_final_project\IMG\right_2026_07_27_15_30_24_546.jpg,-0.05,1,0,30.1903
D:\DPS 920\DPS920_final_project\IMG\center_2026_07_27_15_30_24_617.jpg,D:\DPS 920\DPS920_final_project\IMG\left_2026_07_27_15_30_24_617.jpg,D:\DPS 920\DPS920_final_project\IMG\right_2026_07_27_15_30_24_617.jpg,-0.2,1,0,30.17964
D:\DPS 920\DPS920_final_project\IMG\center_2026_07_27_15_30_24_690.jpg,D:\DPS 920\DPS920_final_project\IMG\left_2026_07_27_15_30_24_690.jpg,D:\DPS 920\DPS920_final_project\IMG\right_2026_07_27_15_30_24_690.jpg,0,1,0,30.19088
D:\DPS 920\DPS920_final_project\IMG\center_2026_07_27_15_30_24_763.jpg,D:\DPS 920\DPS920_final_project\IMG\left_2026_07_27_15_30_24_763.jpg,D:\DPS 920\DPS920_final_project\IMG\right_2026_07_27_15_30_24_763.jpg,-0.05,1,0,30.18996
D:\DPS 920\DPS920_final_project\IMG\center_2026_07_27_15_30_24_835.jpg,D:\DPS 920\DPS920_final_project\IMG\left_2026_07_27_15_30_24_835.jpg,D:\DPS 920\DPS920_final_project\IMG\right_2026_07_27_15_30_24_835.jpg,0,1,0,30.18857
D:\DPS 920\DPS920_final_project\IMG\center_2026_07_27_15_30_24_903.jpg,D:\DPS 920\DPS920_final_project\IMG\left_2026_07_27_15_30_24_903.jpg,D:\DPS 920\DPS920_final_project\IMG\right_2026_07_27_15_30_24_903.jpg,0,1,0,30.19014
D:\DPS 920\DPS920_final_project\IMG\center_2026_07_27_15_30_24_977.jpg,D:\DPS 920\DPS920_final_project\IMG\left_2026_07_27_15_30_24_977.jpg,D:\DPS 920\DPS920_final_project\IMG\right_2026_07_27_15_30_24_977.jpg,-0.1,1,0,30.18807
D:\DPS 920\DPS920_final_project\IMG\center_2026_07_27_15_30_25_051.jpg,D:\DPS 920\DPS920_final_project\IMG\left_2026_07_27_15_30_25_051.jpg,D:\DPS 920\DPS920_final_project\IMG\right_2026_07_27_15_30_25_051.jpg,0,1,0,30.18985
D:\DPS 920\DPS920_final_project\IMG\center_2026_07_27_15_30_25_126.jpg,D:\DPS 920\DPS920_final_project\IMG\left_2026_07_27_15_30_25_126.jpg,D:\DPS 920\DPS920_final_project\IMG\right_2026_07_27_15_30_25_126.jpg,-0.05,1,0,30.18974
D:\DPS 920\DPS920_final_project\IMG\center_2026_07_27_15_30_25_201.jpg,D:\DPS 920\DPS920_final_project\IMG\left_2026_07_27_15_30_25_201.jpg,D:\DPS 920\DPS920_final_project\IMG\right_2026_07_27_15_30_25_201.jpg,-0.25,1,0,30.17526
D:\DPS 920\DPS920_final_project\IMG\center_2026_07_27_15_30_25_267.jpg,D:\DPS 920\DPS920_final_project\IMG\left_2026_07_27_15_30_25_267.jpg,D:\DPS 920\DPS920_final_project\IMG\right_2026_07_27_15_30_25_267.jpg,0,1,0,30.18912
D:\DPS 920\DPS920_final_project\IMG\center_2026_07_27_15_30_25_343.jpg,D:\DPS 920\DPS920_final_project\IMG\left_2026_07_27_15_30_25_343.jpg,D:\DPS 920\DPS920_final_project\IMG\right_2026_07_27_15_30_25_343.jpg,-0.05,1,0,30.18966
D:\DPS 920\DPS920_final_project\IMG\center_2026_07_27_15_30_25_416.jpg,D:\DPS 920\DPS920_final_project\IMG\left_2026_07_27_15_30_25_416.jpg,D:\DPS 920\DPS920_final_project\IMG\right_2026_07_27_15_30_25_416.jpg,-0.2,1,0,30.18023
D:\DPS 920\DPS920_final_project\IMG\center_2026_07_27_15_30_25_489.jpg,D:\DPS 920\DPS920_final_project\IMG\left_2026_07_27_15_30_25_489.jpg,D:\DPS 920\DPS920_final_project\IMG\right_2026_07_27_15_30_25_489.jpg,0,1,0,30.19024
D:\DPS 920\DPS920_final_project\IMG\center_2026_07_27_15_30_25_562.jpg,D:\DPS 920\DPS920_final_project\IMG\left_2026_07_27_15_30_25_562.jpg,D:\DPS 920\DPS920_final_project\IMG\right_2026_07_27_15_30_25_562.jpg,-0.2,1,0,30.18157
D:\DPS 920\DPS920_final_project\IMG\center_2026_07_27_15_30_25_634.jpg,D:\DPS 920\DPS920_final_project\IMG\left_2026_07_27_15_30_25_634.jpg,D:\DPS 920\DPS920_final_project\IMG\right_2026_07_27_15_30_25_634.jpg,0,1,0,30.18785
D:\DPS 920\DPS920_final_project\IMG\center_2026_07_27_15_30_25_705.jpg,D:\DPS 920\DPS920_final_project\IMG\left_2026_07_27_15_30_25_705.jpg,D:\DPS 920\DPS920_final_project\IMG\right_2026_07_27_15_30_25_705.jpg,0,1,0,30.19035
D:\DPS 920\DPS920_final_project\IMG\center_2026_07_27_15_30_25_776.jpg,D:\DPS 920\DPS920_final_project\IMG\left_2026_07_27_15_30_25_776.jpg,D:\DPS 920\DPS920_final_project\IMG\right_2026_07_27_15_30_25_776.jpg,0,1,0,30.19027
D:\DPS 920\DPS920_final_project\IMG\center_2026_07_27_15_30_25_847.jpg,D:\DPS 920\DPS920_final_project\IMG\left_2026_07_27_15_30_25_847.jpg,D:\DPS 920\DPS920_final_project\IMG\right_2026_07_27_15_30_25_847.jpg,0,1,0,30.19017
D:\DPS 920\DPS920_final_project\IMG\center_2026_07_27_15_30_25_918.jpg,D:\DPS 920\DPS920_final_project\IMG\left_2026_07_27_15_30_25_918.jpg,D:\DPS 920\DPS920_final_project\IMG\right_2026_07_27_15_30_25_918.jpg,0,1,0,30.19015
D:\DPS 920\DPS920_final_project\IMG\center_2026_07_27_15_30_25_993.jpg,D:\DPS 920\DPS920_final_project\IMG\left_2026_07_27_15_30_25_993.jpg,D:\DPS 920\DPS920_final_project\IMG\right_2026_07_27_15_30_25_993.jpg,0,1,0,30.1902
D:\DPS 920\DPS920_final_project\IMG\center_2026_07_27_15_30_26_063.jpg,D:\DPS 920\DPS920_final_project\IMG\left_2026_07_27_15_30_26_063.jpg,D:\DPS 920\DPS920_final_project\IMG\right_2026_07_27_15_30_26_063.jpg,0,1,0,30.19021
D:\DPS 920\DPS920_final_project\IMG\center_2026_07_27_15_30_26_132.jpg,D:\DPS 920\DPS920_final_project\IMG\left_2026_07_27_15_30_26_132.jpg,D:\DPS 920\DPS920_final_project\IMG\right_2026_07_27_15_30_26_132.jpg,0,1,0,30.19017
D:\DPS 920\DPS920_final_project\IMG\center_2026_07_27_15_30_26_202.jpg,D:\DPS 920\DPS920_final_project\IMG\left_2026_07_27_15_30_26_202.jpg,D:\DPS 920\DPS920_final_project\IMG\right_2026_07_27_15_30_26_202.jpg,-0.1,1,0,30.18738
D:\DPS 920\DPS920_final_project\IMG\center_2026_07_27_15_30_26_271.jpg,D:\DPS 920\DPS920_final_project\IMG\left_2026_07_27_15_30_26_271.jpg,D:\DPS 920\DPS920_final_project\IMG\right_2026_07_27_15_30_26_271.jpg,0,1,0,30.19083
D:\DPS 920\DPS920_final_project\IMG\center_2026_07_27_15_30_26_340.jpg,D:\DPS 920\DPS920_final_project\IMG\left_2026_07_27_15_30_26_340.jpg,D:\DPS 920\DPS920_final_project\IMG\right_2026_07_27_15_30_26_340.jpg,0,1,0,30.19062
D:\DPS 920\DPS920_final_project\IMG\center_2026_07_27_15_30_26_408.jpg,D:\DPS 920\DPS920_final_project\IMG\left_2026_07_27_15_30_26_408.jpg,D:\DPS 920\DPS920_final_project\IMG\right_2026_07_27_15_30_26_408.jpg,-0.1,1,0,30.18821
D:\DPS 920\DPS920_final_project\IMG\center_2026_07_27_15_30_26_482.jpg,D:\DPS 920\DPS920_final_project\IMG\left_2026_07_27_15_30_26_482.jpg,D:\DPS 920\DPS920_final_project\IMG\right_2026_07_27_15_30_26_482.jpg,0,1,0,30.1904
D:\DPS 920\DPS920_final_project\IMG\center_2026_07_27_15_30_26_550.jpg,D:\DPS 920\DPS920_final_project\IMG\left_2026_07_27_15_30_26_550.jpg,D:\DPS 920\DPS920_final_project\IMG\right_2026_07_27_15_30_26_550.jpg,-0.05,1,0,30.19066
D:\DPS 920\DPS920_final_project\IMG\center_2026_07_27_15_30_26_623.jpg,D:\DPS 920\DPS920_final_project\IMG\left_2026_07_27_15_30_26_623.jpg,D:\DPS 920\DPS920_final_project\IMG\right_2026_07_27_15_30_26_623.jpg,0,1,0,30.1912
D:\DPS 920\DPS920_final_project\IMG\center_2026_07_27_15_30_26_696.jpg,D:\DPS 920\DPS920_final_project\IMG\left_2026_07_27_15_30_26_696.jpg,D:\DPS 920\DPS920_final_project\IMG\right_2026_07_27_15_30_26_696.jpg,0,1,0,30.19041
D:\DPS 920\DPS920_final_project\IMG\center_2026_07_27_15_30_26_764.jpg,D:\DPS 920\DPS920_final_project\IMG\left_2026_07_27_15_30_26_764.jpg,D:\DPS 920\DPS920_final_project\IMG\right_2026_07_27_15_30_26_764.jpg,-0.2,1,0,30.18077
D:\DPS 920\DPS920_final_project\IMG\center_2026_07_27_15_30_26_832.jpg,D:\DPS 920\DPS920_final_project\IMG\left_2026_07_27_15_30_26_832.jpg,D:\DPS 920\DPS920_final_project\IMG\right_2026_07_27_15_30_26_832.jpg,0,1,0,30.191
D:\DPS 920\DPS920_final_project\IMG\center_2026_07_27_15_30_26_901.jpg,D:\DPS 920\DPS920_final_project\IMG\left_2026_07_27_15_30_26_901.jpg,D:\DPS 920\DPS920_final_project\IMG\right_2026_07_27_15_30_26_901.jpg,-0.15,1,0,30.18672
D:\DPS 920\DPS920_final_project\IMG\center_2026_07_27_15_30_26_968.jpg,D:\DPS 920\DPS920_final_project\IMG\left_2026_07_27_15_30_26_968.jpg,D:\DPS 920\DPS920_final_project\IMG\right_2026_07_27_15_30_26_968.jpg,0,1,0,30.19032
D:\DPS 920\DPS920_final_project\IMG\center_2026_07_27_15_30_27_036.jpg,D:\DPS 920\DPS920_final_project\IMG\left_2026_07_27_15_30_27_036.jpg,D:\DPS 920\DPS920_final_project\IMG\right_2026_07_27_15_30_27_036.jpg,-0.05,1,0,30.19008
D:\DPS 920\DPS920_final_project\IMG\center_2026_07_27_15_30_27_104.jpg,D:\DPS 920\DPS920_final_project\IMG\left_2026_07_27_15_30_27_104.jpg,D:\DPS 920\DPS920_final_project\IMG\right_2026_07_27_15_30_27_104.jpg,-0.25,1,0,30.17691
D:\DPS 920\DPS920_final_project\IMG\center_2026_07_27_15_30_27_171.jpg,D:\DPS 920\DPS920_final_project\IMG\left_2026_07_27_15_30_27_171.jpg,D:\DPS 920\DPS920_final_project\IMG\right_2026_07_27_15_30_27_171.jpg,0,1,0,30.19014
D:\DPS 920\DPS920_final_project\IMG\center_2026_07_27_15_30_27_242.jpg,D:\DPS 920\DPS920_final_project\IMG\left_2026_07_27_15_30_27_242.jpg,D:\DPS 920\DPS920_final_project\IMG\right_2026_07_27_15_30_27_242.jpg,-0.15,1,0,30.18688
D:\DPS 920\DPS920_final_project\IMG\center_2026_07_27_15_30_27_315.jpg,D:\DPS 920\DPS920_final_project\IMG\left_2026_07_27_15_30_27_315.jpg,D:\DPS 920\DPS920_final_project\IMG\right_2026_07_27_15_30_27_315.jpg,0,1,0,30.19049
D:\DPS 920\DPS920_final_project\IMG\center_2026_07_27_15_30_27_389.jpg,D:\DPS 920\DPS920_final_project\IMG\left_2026_07_27_15_30_27_389.jpg,D:\DPS 920\DPS920_final_project\IMG\right_2026_07_27_15_30_27_389.jpg,-0.1,1,0,30.19007
D:\DPS 920\DPS920_final_project\IMG\center_2026_07_27_15_30_27_456.jpg,D:\DPS 920\DPS920_final_project\IMG\left_2026_07_27_15_30_27_456.jpg,D:\DPS 920\DPS920_final_project\IMG\right_2026_07_27_15_30_27_456.jpg,-0.25,1,0,30.17736
D:\DPS 920\DPS920_final_project\IMG\center_2026_07_27_15_30_27_529.jpg,D:\DPS 920\DPS920_final_project\IMG\left_2026_07_27_15_30_27_529.jpg,D:\DPS 920\DPS920_final_project\IMG\right_2026_07_27_15_30_27_529.jpg,-0.05,1,0,30.19044
D:\DPS 920\DPS920_final_project\IMG\center_2026_07_27_15_30_27_603.jpg,D:\DPS 920\DPS920_final_project\IMG\left_2026_07_27_15_30_27_603.jpg,D:\DPS 920\DPS920_final_project\IMG\right_2026_07_27_15_30_27_603.jpg,-0.25,1,0,30.17805
D:\DPS 920\DPS920_final_project\IMG\center_2026_07_27_15_30_27_670.jpg,D:\DPS 920\DPS920_final_project\IMG\left_2026_07_27_15_30_27_670.jpg,D:\DPS 920\DPS920_final_project\IMG\right_2026_07_27_15_30_27_670.jpg,0,1,0,30.18999
D:\DPS 920\DPS920_final_project\IMG\center_2026_07_27_15_30_27_743.jpg,D:\DPS 920\DPS920_final_project\IMG\left_2026_07_27_15_30_27_743.jpg,D:\DPS 920\DPS920_final_project\IMG\right_2026_07_27_15_30_27_743.jpg,-0.15,1,0,30.18764
D:\DPS 920\DPS920_final_project\IMG\center_2026_07_27_15_30_27_816.jpg,D:\DPS 920\DPS920_final_project\IMG\left_2026_07_27_15_30_27_816.jpg,D:\DPS 920\DPS920_final_project\IMG\right_2026_07_27_15_30_27_816.jpg,0,1,0,30.18713
D:\DPS 920\DPS920_final_project\IMG\center_2026_07_27_15_30_27_887.jpg,D:\DPS 920\DPS920_final_project\IMG\left_2026_07_27_15_30_27_887.jpg,D:\DPS 920\DPS920_final_project\IMG\right_2026_07_27_15_30_27_887.jpg,-0.05,1,0,30.19007
D:\DPS 920\DPS920_final_project\IMG\center_2026_07_27_15_30_27_958.jpg,D:\DPS 920\DPS920_final_project\IMG\left_2026_07_27_15_30_27_958.jpg,D:\DPS 920\DPS920_final_project\IMG\right_2026_07_27_15_30_27_958.jpg,-0.25,1,0,30.17828
D:\DPS 920\DPS920_final_project\IMG\center_2026_07_27_15_30_28_029.jpg,D:\DPS 920\DPS920_final_project\IMG\left_2026_07_27_15_30_28_029.jpg,D:\DPS 920\DPS920_final_project\IMG\right_2026_07_27_15_30_28_029.jpg,0,1,0,30.18968
D:\DPS 920\DPS920_final_project\IMG\center_2026_07_27_15_30_28_104.jpg,D:\DPS 920\DPS920_final_project\IMG\left_2026_07_27_15_30_28_104.jpg,D:\DPS 920\DPS920_final_project\IMG\right_2026_07_27_15_30_28_104.jpg,-0.1,1,0,30.18919
D:\DPS 920\DPS920_final_project\IMG\center_2026_07_27_15_30_28_173.jpg,D:\DPS 920\DPS920_final_project\IMG\left_2026_07_27_15_30_28_173.jpg,D:\DPS 920\DPS920_final_project\IMG\right_2026_07_27_15_30_28_173.jpg,0,1,0,30.18925
D:\DPS 920\DPS920_final_project\IMG\center_2026_07_27_15_30_28_246.jpg,D:\DPS 920\DPS920_final_project\IMG\left_2026_07_27_15_30_28_246.jpg,D:\DPS 920\DPS920_final_project\IMG\right_2026_07_27_15_30_28_246.jpg,-0.05,1,0,30.19036
D:\DPS 920\DPS920_final_project\IMG\center_2026_07_27_15_30_28_318.jpg,D:\DPS 920\DPS920_final_project\IMG\left_2026_07_27_15_30_28_318.jpg,D:\DPS 920\DPS920_final_project\IMG\right_2026_07_27_15_30_28_318.jpg,-0.25,1,0,30.17689
D:\DPS 920\DPS920_final_project\IMG\center_2026_07_27_15_30_28_386.jpg,D:\DPS 920\DPS920_final_project\IMG\left_2026_07_27_15_30_28_386.jpg,D:\DPS 920\DPS920_final_project\IMG\right_2026_07_27_15_30_28_386.jpg,0,1,0,30.19029
D:\DPS 920\DPS920_final_project\IMG\center_2026_07_27_15_30_28_455.jpg,D:\DPS 920\DPS920_final_project\IMG\left_2026_07_27_15_30_28_455.jpg,D:\DPS 920\DPS920_final_project\IMG\right_2026_07_27_15_30_28_455.jpg,-0.1,1,0,30.18987
D:\DPS 920\DPS920_final_project\IMG\center_2026_07_27_15_30_28_525.jpg,D:\DPS 920\DPS920_final_project\IMG\left_2026_07_27_15_30_28_525.jpg,D:\DPS 920\DPS920_final_project\IMG\right_2026_07_27_15_30_28_525.jpg,0,1,0,30.1871
D:\DPS 920\DPS920_final_project\IMG\center_2026_07_27_15_30_28_595.jpg,D:\DPS 920\DPS920_final_project\IMG\left_2026_07_27_15_30_28_595.jpg,D:\DPS 920\DPS920_final_project\IMG\right_2026_07_27_15_30_28_595.jpg,0,1,0,30.18977
D:\DPS 920\DPS920_final_project\IMG\center_2026_07_27_15_30_28_666.jpg,D:\DPS 920\DPS920_final_project\IMG\left_2026_07_27_15_30_28_666.jpg,D:\DPS 920\DPS920_final_project\IMG\right_2026_07_27_15_30_28_666.jpg,-0.2,1,0,30.18213
D:\DPS 920\DPS920_final_project\IMG\center_2026_07_27_15_30_28_736.jpg,D:\DPS 920\DPS920_final_project\IMG\left_2026_07_27_15_30_28_736.jpg,D:\DPS 920\DPS920_final_project\IMG\right_2026_07_27_15_30_28_736.jpg,0,1,0,30.19071
D:\DPS 920\DPS920_final_project\IMG\center_2026_07_27_15_30_28_807.jpg,D:\DPS 920\DPS920_final_project\IMG\left_2026_07_27_15_30_28_807.jpg,D:\DPS 920\DPS920_final_project\IMG\right_2026_07_27_15_30_28_807.jpg,-0.15,1,0,30.18715
D:\DPS 920\DPS920_final_project\IMG\center_2026_07_27_15_30_28_876.jpg,D:\DPS 920\DPS920_final_project\IMG\left_2026_07_27_15_30_28_876.jpg,D:\DPS 920\DPS920_final_project\IMG\right_2026_07_27_15_30_28_876.jpg,0,1,0,30.18555
D:\DPS 920\DPS920_final_project\IMG\center_2026_07_27_15_30_28_949.jpg,D:\DPS 920\DPS920_final_project\IMG\left_2026_07_27_15_30_28_949.jpg,D:\DPS 920\DPS920_final_project\IMG\right_2026_07_27_15_30_28_949.jpg,-0.15,1,0,30.18789
D:\DPS 920\DPS920_final_project\IMG\center_2026_07_27_15_30_29_017.jpg,D:\DPS 920\DPS920_final_project\IMG\left_2026_07_27_15_30_29_017.jpg,D:\DPS 920\DPS920_final_project\IMG\right_2026_07_27_15_30_29_017.jpg,0,1,0,30.19006
D:\DPS 920\DPS920_final_project\IMG\center_2026_07_27_15_30_29_088.jpg,D:\DPS 920\DPS920_final_project\IMG\left_2026_07_27_15_30_29_088.jpg,D:\DPS 920\DPS920_final_project\IMG\right_2026_07_27_15_30_29_088.jpg,-0.15,1,0,30.18688
D:\DPS 920\DPS920_final_project\IMG\center_2026_07_27_15_30_29_157.jpg,D:\DPS 920\DPS920_final_project\IMG\left_2026_07_27_15_30_29_157.jpg,D:\DPS 920\DPS920_final_project\IMG\right_2026_07_27_15_30_29_157.jpg,-0.3,1,0,30.17256
D:\DPS 920\DPS920_final_project\IMG\center_2026_07_27_15_30_29_227.jpg,D:\DPS 920\DPS920_final_project\IMG\left_2026_07_27_15_30_29_227.jpg,D:\DPS 920\DPS920_final_project\IMG\right_2026_07_27_15_30_29_227.jpg,0,1,0,30.18865
D:\DPS 920\DPS920_final_project\IMG\center_2026_07_27_15_30_29_296.jpg,D:\DPS 920\DPS920_final_project\IMG\left_2026_07_27_15_30_29_296.jpg,D:\DPS 920\DPS920_final_project\IMG\right_2026_07_27_15_30_29_296.jpg,0,1,0,30.18974
D:\DPS 920\DPS920_final_project\IMG\center_2026_07_27_15_30_29_364.jpg,D:\DPS 920\DPS920_final_project\IMG\left_2026_07_27_15_30_29_364.jpg,D:\DPS 920\DPS920_final_project\IMG\right_2026_07_27_15_30_29_364.jpg,-0.15,1,0,30.18636
D:\DPS 920\DPS920_final_project\IMG\center_2026_07_27_15_30_29_433.jpg,D:\DPS 920\DPS920_final_project\IMG\left_2026_07_27_15_30_29_433.jpg,D:\DPS 920\DPS920_final_project\IMG\right_2026_07_27_15_30_29_433.jpg,0,1,0,30.19134
D:\DPS 920\DPS920_final_project\IMG\center_2026_07_27_15_30_29_502.jpg,D:\DPS 920\DPS920_final_project\IMG\left_2026_07_27_15_30_29_502.jpg,D:\DPS 920\DPS920_final_project\IMG\right_2026_07_27_15_30_29_502.jpg,-0.1,1,0,30.18934
D:\DPS 920\DPS920_final_project\IMG\center_2026_07_27_15_30_29_572.jpg,D:\DPS 920\DPS920_final_project\IMG\left_2026_07_27_15_30_29_572.jpg,D:\DPS 920\DPS920_final_project\IMG\right_2026_07_27_15_30_29_572.jpg,-0.25,1,0,30.17433
D:\DPS 920\DPS920_final_project\IMG\center_2026_07_27_15_30_29_639.jpg,D:\DPS 920\DPS920_final_project\IMG\left_2026_07_27_15_30_29_639.jpg,D:\DPS 920\DPS920_final_project\IMG\right_2026_07_27_15_30_29_639.jpg,-0.05,1,0,30.19072
D:\DPS 920\DPS920_final_project\IMG\center_2026_07_27_15_30_29_708.jpg,D:\DPS 920\DPS920_final_project\IMG\left_2026_07_27_15_30_29_708.jpg,D:\DPS 920\DPS920_final_project\IMG\right_2026_07_27_15_30_29_708.jpg,-0.2,1,0,30.18303
D:\DPS 920\DPS920_final_project\IMG\center_2026_07_27_15_30_29_778.jpg,D:\DPS 920\DPS920_final_project\IMG\left_2026_07_27_15_30_29_778.jpg,D:\DPS 920\DPS920_final_project\IMG\right_2026_07_27_15_30_29_778.jpg,0,1,0,30.18535
D:\DPS 920\DPS920_final_project\IMG\center_2026_07_27_15_30_29_845.jpg,D:\DPS 920\DPS920_final_project\IMG\left_2026_07_27_15_30_29_845.jpg,D:\DPS 920\DPS920_final_project\IMG\right_2026_07_27_15_30_29_845.jpg,-0.1,1,0,30.19004
D:\DPS 920\DPS920_final_project\IMG\center_2026_07_27_15_30_29_913.jpg,D:\DPS 920\DPS920_final_project\IMG\left_2026_07_27_15_30_29_913.jpg,D:\DPS 920\DPS920_final_project\IMG\right_2026_07_27_15_30_29_913.jpg,-0.25,1,0,30.17929
D:\DPS 920\DPS920_final_project\IMG\center_2026_07_27_15_30_29_980.jpg,D:\DPS 920\DPS920_final_project\IMG\left_2026_07_27_15_30_29_980.jpg,D:\DPS 920\DPS920_final_project\IMG\right_2026_07_27_15_30_29_980.jpg,0,1,0,30.18985
D:\DPS 920\DPS920_final_project\IMG\center_2026_07_27_15_30_30_050.jpg,D:\DPS 920\DPS920_final_project\IMG\left_2026_07_27_15_30_30_050.jpg,D:\DPS 920\DPS920_final_project\IMG\right_2026_07_27_15_30_30_050.jpg,-0.15,1,0,30.18695
D:\DPS 920\DPS920_final_project\IMG\center_2026_07_27_15_30_30_117.jpg,D:\DPS 920\DPS920_final_project\IMG\left_2026_07_27_15_30_30_117.jpg,D:\DPS 920\DPS920_final_project\IMG\right_2026_07_27_15_30_30_117.jpg,-0.3,1,0,30.17267
D:\DPS 920\DPS920_final_project\IMG\center_2026_07_27_15_30_30_190.jpg,D:\DPS 920\DPS920_final_project\IMG\left_2026_07_27_15_30_30_190.jpg,D:\DPS 920\DPS920_final_project\IMG\right_2026_07_27_15_30_30_190.jpg,-0.05,1,0,30.1902
D:\DPS 920\DPS920_final_project\IMG\center_2026_07_27_15_30_30_263.jpg,D:\DPS 920\DPS920_final_project\IMG\left_2026_07_27_15_30_30_263.jpg,D:\DPS 920\DPS920_final_project\IMG\right_2026_07_27_15_30_30_263.jpg,-0.25,1,0,30.17932
D:\DPS 920\DPS920_final_project\IMG\center_2026_07_27_15_30_30_331.jpg,D:\DPS 920\DPS920_final_project\IMG\left_2026_07_27_15_30_30_331.jpg,D:\DPS 920\DPS920_final_project\IMG\right_2026_07_27_15_30_30_331.jpg,0,1,0,30.18422
D:\DPS 920\DPS920_final_project\IMG\center_2026_07_27_15_30_30_398.jpg,D:\DPS 920\DPS920_final_project\IMG\left_2026_07_27_15_30_30_398.jpg,D:\DPS 920\DPS920_final_project\IMG\right_2026_07_27_15_30_30_398.jpg,-0.1,1,0,30.19053
D:\DPS 920\DPS920_final_project\IMG\center_2026_07_27_15_30_30_466.jpg,D:\DPS 920\DPS920_final_project\IMG\left_2026_07_27_15_30_30_466.jpg,D:\DPS 920\DPS920_final_project\IMG\right_2026_07_27_15_30_30_466.jpg,-0.25,1,0,30.1804
D:\DPS 920\DPS920_final_project\IMG\center_2026_07_27_15_30_30_533.jpg,D:\DPS 920\DPS920_final_project\IMG\left_2026_07_27_15_30_30_533.jpg,D:\DPS 920\DPS920_final_project\IMG\right_2026_07_27_15_30_30_533.jpg,0,1,0,30.18899
D:\DPS 920\DPS920_final_project\IMG\center_2026_07_27_15_30_30_601.jpg,D:\DPS 920\DPS920_final_project\IMG\left_2026_07_27_15_30_30_601.jpg,D:\DPS 920\DPS920_final_project\IMG\right_2026_07_27_15_30_30_601.jpg,-0.05,1,0,30.19023
D:\DPS 920\DPS920_final_project\IMG\center_2026_07_27_15_30_30_669.jpg,D:\DPS 920\DPS920_final_project\IMG\left_2026_07_27_15_30_30_669.jpg,D:\DPS 920\DPS920_final_project\IMG\right_2026_07_27_15_30_30_669.jpg,-0.2,1,0,30.18352
D:\DPS 920\DPS920_final_project\IMG\center_2026_07_27_15_30_30_736.jpg,D:\DPS 920\DPS920_final_project\IMG\left_2026_07_27_15_30_30_736.jpg,D:\DPS 920\DPS920_final_project\IMG\right_2026_07_27_15_30_30_736.jpg,0,1,0,30.18572
D:\DPS 920\DPS920_final_project\IMG\center_2026_07_27_15_30_30_805.jpg,D:\DPS 920\DPS920_final_project\IMG\left_2026_07_27_15_30_30_805.jpg,D:\DPS 920\DPS920_final_project\IMG\right_2026_07_27_15_30_30_805.jpg,-0.1,1,0,30.1901
D:\DPS 920\DPS920_final_project\IMG\center_2026_07_27_15_30_30_873.jpg,D:\DPS 920\DPS920_final_project\IMG\left_2026_07_27_15_30_30_873.jpg,D:\DPS 920\DPS920_final_project\IMG\right_2026_07_27_15_30_30_873.jpg,-0.25,1,0,30.17932
D:\DPS 920\DPS920_final_project\IMG\center_2026_07_27_15_30_30_947.jpg,D:\DPS 920\DPS920_final_project\IMG\left_2026_07_27_15_30_30_947.jpg,D:\DPS 920\DPS920_final_project\IMG\right_2026_07_27_15_30_30_947.jpg,0,1,0,30.18892
D:\DPS 920\DPS920_final_project\IMG\center_2026_07_27_15_30_31_013.jpg,D:\DPS 920\DPS920_final_project\IMG\left_2026_07_27_15_30_31_013.jpg,D:\DPS 920\DPS920_final_project\IMG\right_2026_07_27_15_30_31_013.jpg,0,1,0,30.19002
D:\DPS 920\DPS920_final_project\IMG\center_2026_07_27_15_30_31_086.jpg,D:\DPS 920\DPS920_final_project\IMG\left_2026_07_27_15_30_31_086.jpg,D:\DPS 920\DPS920_final_project\IMG\right_2026_07_27_15_30_31_086.jpg,-0.2,1,0,30.18275
D:\DPS 920\DPS920_final_project\IMG\center_2026_07_27_15_30_31_160.jpg,D:\DPS 920\DPS920_final_project\IMG\left_2026_07_27_15_30_31_160.jpg,D:\DPS 920\DPS920_final_project\IMG\right_2026_07_27_15_30_31_160.jpg,0,1,0,30.19014
D:\DPS 920\DPS920_final_project\IMG\center_2026_07_27_15_30_31_227.jpg,D:\DPS 920\DPS920_final_project\IMG\left_2026_07_27_15_30_31_227.jpg,D:\DPS 920\DPS920_final_project\IMG\right_2026_07_27_15_30_31_227.jpg,-0.15,1,0,30.18625
D:\DPS 920\DPS920_final_project\IMG\center_2026_07_27_15_30_31_301.jpg,D:\DPS 920\DPS920_final_project\IMG\left_2026_07_27_15_30_31_301.jpg,D:\DPS 920\DPS920_final_project\IMG\right_2026_07_27_15_30_31_301.jpg,0,1,0,30.1898
D:\DPS 920\DPS920_final_project\IMG\center_2026_07_27_15_30_31_374.jpg,D:\DPS 920\DPS920_final_project\IMG\left_2026_07_27_15_30_31_374.jpg,D:\DPS 920\DPS920_final_project\IMG\right_2026_07_27_15_30_31_374.jpg,-0.05,1,0,30.19014
D:\DPS 920\DPS920_final_project\IMG\center_2026_07_27_15_30_31_448.jpg,D:\DPS 920\DPS920_final_project\IMG\left_2026_07_27_15_30_31_448.jpg,D:\DPS 920\DPS920_final_project\IMG\right_2026_07_27_15_30_31_448.jpg,-0.25,1,0,30.17674
D:\DPS 920\DPS920_final_project\IMG\center_2026_07_27_15_30_31_516.jpg,D:\DPS 920\DPS920_final_project\IMG\left_2026_07_27_15_30_31_516.jpg,D:\DPS 920\DPS920_final_project\IMG\right_2026_07_27_15_30_31_516.jpg,0,1,0,30.19018
D:\DPS 920\DPS920_final_project\IMG\center_2026_07_27_15_30_31_585.jpg,D:\DPS 920\DPS920_final_project\IMG\left_2026_07_27_15_30_31_585.jpg,D:\DPS 920\DPS920_final_project\IMG\right_2026_07_27_15_30_31_585.jpg,-0.05,1,0,30.19023
D:\DPS 920\DPS920_final_project\IMG\center_2026_07_27_15_30_31_657.jpg,D:\DPS 920\DPS920_final_project\IMG\left_2026_07_27_15_30_31_657.jpg,D:\DPS 920\DPS920_final_project\IMG\right_2026_07_27_15_30_31_657.jpg,-0.2,1,0,30.18288
D:\DPS 920\DPS920_final_project\IMG\center_2026_07_27_15_30_31_730.jpg,D:\DPS 920\DPS920_final_project\IMG\left_2026_07_27_15_30_31_730.jpg,D:\DPS 920\DPS920_final_project\IMG\right_2026_07_27_15_30_31_730.jpg,0,1,0,30.18986
D:\DPS 920\DPS920_final_project\IMG\center_2026_07_27_15_30_31_798.jpg,D:\DPS 920\DPS920_final_project\IMG\left_2026_07_27_15_30_31_798.jpg,D:\DPS 920\DPS920_final_project\IMG\right_2026_07_27_15_30_31_798.jpg,-0.15,1,0,30.18779
D:\DPS 920\DPS920_final_project\IMG\center_2026_07_27_15_30_31_866.jpg,D:\DPS 920\DPS920_final_project\IMG\left_2026_07_27_15_30_31_866.jpg,D:\DPS 920\DPS920_final_project\IMG\right_2026_07_27_15_30_31_866.jpg,-0.3,1,0,30.17375
D:\DPS 920\DPS920_final_project\IMG\center_2026_07_27_15_30_31_934.jpg,D:\DPS 920\DPS920_final_project\IMG\left_2026_07_27_15_30_31_934.jpg,D:\DPS 920\DPS920_final_project\IMG\right_2026_07_27_15_30_31_934.jpg,0,1,0,30.18885
D:\DPS 920\DPS920_final_project\IMG\center_2026_07_27_15_30_32_005.jpg,D:\DPS 920\DPS920_final_project\IMG\left_2026_07_27_15_30_32_005.jpg,D:\DPS 920\DPS920_final_project\IMG\right_2026_07_27_15_30_32_005.jpg,-0.05,1,0,30.18995
D:\DPS 920\DPS920_final_project\IMG\center_2026_07_27_15_30_32_072.jpg,D:\DPS 920\DPS920_final_project\IMG\left_2026_07_27_15_30_32_072.jpg,D:\DPS 920\DPS920_final_project\IMG\right_2026_07_27_15_30_32_072.jpg,-0.2,1,0,30.18274
D:\DPS 920\DPS920_final_project\IMG\center_2026_07_27_15_30_32_141.jpg,D:\DPS 920\DPS920_final_project\IMG\left_2026_07_27_15_30_32_141.jpg,D:\DPS 920\DPS920_final_project\IMG\right_2026_07_27_15_30_32_141.jpg,0,1,0,30.19011
D:\DPS 920\DPS920_final_project\IMG\center_2026_07_27_15_30_32_210.jpg,D:\DPS 920\DPS920_final_project\IMG\left_2026_07_27_15_30_32_210.jpg,D:\DPS 920\DPS920_final_project\IMG\right_2026_07_27_15_30_32_210.jpg,-0.05,1,0,30.19051
D:\DPS 920\DPS920_final_project\IMG\center_2026_07_27_15_30_32_282.jpg,D:\DPS 920\DPS920_final_project\IMG\left_2026_07_27_15_30_32_282.jpg,D:\DPS 920\DPS920_final_project\IMG\right_2026_07_27_15_30_32_282.jpg,0,1,0,30.18788
D:\DPS 920\DPS920_final_project\IMG\center_2026_07_27_15_30_32_349.jpg,D:\DPS 920\DPS920_final_project\IMG\left_2026_07_27_15_30_32_349.jpg,D:\DPS 920\DPS920_final_project\IMG\right_2026_07_27_15_30_32_349.jpg,0,1,0,30.19018
D:\DPS 920\DPS920_final_project\IMG\center_2026_07_27_15_30_32_422.jpg,D:\DPS 920\DPS920_final_project\IMG\left_2026_07_27_15_30_32_422.jpg,D:\DPS 920\DPS920_final_project\IMG\right_2026_07_27_15_30_32_422.jpg,0,1,0,30.19029
D:\DPS 920\DPS920_final_project\IMG\center_2026_07_27_15_30_32_495.jpg,D:\DPS 920\DPS920_final_project\IMG\left_2026_07_27_15_30_32_495.jpg,D:\DPS 920\DPS920_final_project\IMG\right_2026_07_27_15_30_32_495.jpg,0,1,0,30.19028
D:\DPS 920\DPS920_final_project\IMG\center_2026_07_27_15_30_32_571.jpg,D:\DPS 920\DPS920_final_project\IMG\left_2026_07_27_15_30_32_571.jpg,D:\DPS 920\DPS920_final_project\IMG\right_2026_07_27_15_30_32_571.jpg,-0.05,1,0,30.18981
D:\DPS 920\DPS920_final_project\IMG\center_2026_07_27_15_30_32_644.jpg,D:\DPS 920\DPS920_final_project\IMG\left_2026_07_27_15_30_32_644.jpg,D:\DPS 920\DPS920_final_project\IMG\right_2026_07_27_15_30_32_644.jpg,0,1,0,30.1874
D:\DPS 920\DPS920_final_project\IMG\center_2026_07_27_15_30_32_711.jpg,D:\DPS 920\DPS920_final_project\IMG\left_2026_07_27_15_30_32_711.jpg,D:\DPS 920\DPS920_final_project\IMG\right_2026_07_27_15_30_32_711.jpg,0,1,0,30.19003
D:\DPS 920\DPS920_final_project\IMG\center_2026_07_27_15_30_32_778.jpg,D:\DPS 920\DPS920_final_project\IMG\left_2026_07_27_15_30_32_778.jpg,D:\DPS 920\DPS920_final_project\IMG\right_2026_07_27_15_30_32_778.jpg,-0.2,1,0,30.18163
D:\DPS 920\DPS920_final_project\IMG\center_2026_07_27_15_30_32_846.jpg,D:\DPS 920\DPS920_final_project\IMG\left_2026_07_27_15_30_32_846.jpg,D:\DPS 920\DPS920_final_project\IMG\right_2026_07_27_15_30_32_846.jpg,0,1,0,30.18505
D:\DPS 920\DPS920_final_project\IMG\center_2026_07_27_15_30_32_920.jpg,D:\DPS 920\DPS920_final_project\IMG\left_2026_07_27_15_30_32_920.jpg,D:\DPS 920\DPS920_final_project\IMG\right_2026_07_27_15_30_32_920.jpg,-0.1,1,0,30.18981
D:\DPS 920\DPS920_final_project\IMG\center_2026_07_27_15_30_32_993.jpg,D:\DPS 920\DPS920_final_project\IMG\left_2026_07_27_15_30_32_993.jpg,D:\DPS 920\DPS920_final_project\IMG\right_2026_07_27_15_30_32_993.jpg,-0.25,1,0,30.17904
D:\DPS 920\DPS920_final_project\IMG\center_2026_07_27_15_30_33_066.jpg,D:\DPS 920\DPS920_final_project\IMG\left_2026_07_27_15_30_33_066.jpg,D:\DPS 920\DPS920_final_project\IMG\right_2026_07_27_15_30_33_066.jpg,0,1,0,30.1898
D:\DPS 920\DPS920_final_project\IMG\center_2026_07_27_15_30_33_134.jpg,D:\DPS 920\DPS920_final_project\IMG\left_2026_07_27_15_30_33_134.jpg,D:\DPS 920\DPS920_final_project\IMG\right_2026_07_27_15_30_33_134.jpg,-0.1,1,0,30.18944
D:\DPS 920\DPS920_final_project\IMG\center_2026_07_27_15_30_33_203.jpg,D:\DPS 920\DPS920_final_project\IMG\left_2026_07_27_15_30_33_203.jpg,D:\DPS 920\DPS920_final_project\IMG\right_2026_07_27_15_30_33_203.jpg,0,1,0,30.19028
D:\DPS 920\DPS920_final_project\IMG\center_2026_07_27_15_30_33_273.jpg,D:\DPS 920\DPS920_final_project\IMG\left_2026_07_27_15_30_33_273.jpg,D:\DPS 920\DPS920_final_project\IMG\right_2026_07_27_15_30_33_273.jpg,0,1,0,30.19012
D:\DPS 920\DPS920_final_project\IMG\center_2026_07_27_15_30_33_342.jpg,D:\DPS 920\DPS920_final_project\IMG\left_2026_07_27_15_30_33_342.jpg,D:\DPS 920\DPS920_final_project\IMG\right_2026_07_27_15_30_33_342.jpg,-0.15,1,0,30.18575
D:\DPS 920\DPS920_final_project\IMG\center_2026_07_27_15_30_33_409.jpg,D:\DPS 920\DPS920_final_project\IMG\left_2026_07_27_15_30_33_409.jpg,D:\DPS 920\DPS920_final_project\IMG\right_2026_07_27_15_30_33_409.jpg,0,1,0,30.18657
D:\DPS 920\DPS920_final_project\IMG\center_2026_07_27_15_30_33_476.jpg,D:\DPS 920\DPS920_final_project\IMG\left_2026_07_27_15_30_33_476.jpg,D:\DPS 920\DPS920_final_project\IMG\right_2026_07_27_15_30_33_476.jpg,0,1,0,30.19003
D:\DPS 920\DPS920_final_project\IMG\center_2026_07_27_15_30_33_546.jpg,D:\DPS 920\DPS920_final_project\IMG\left_2026_07_27_15_30_33_546.jpg,D:\DPS 920\DPS920_final_project\IMG\right_2026_07_27_15_30_33_546.jpg,0,1,0,30.19027
D:\DPS 920\DPS920_final_project\IMG\center_2026_07_27_15_30_33_616.jpg,D:\DPS 920\DPS920_final_project\IMG\left_2026_07_27_15_30_33_616.jpg,D:\DPS 920\DPS920_final_project\IMG\right_2026_07_27_15_30_33_616.jpg,0,1,0,30.19056
D:\DPS 920\DPS920_final_project\IMG\center_2026_07_27_15_30_33_685.jpg,D:\DPS 920\DPS920_final_project\IMG\left_2026_07_27_15_30_33_685.jpg,D:\DPS 920\DPS920_final_project\IMG\right_2026_07_27_15_30_33_685.jpg,-0.2,1,0,30.18074
D:\DPS 920\DPS920_final_project\IMG\center_2026_07_27_15_30_33_754.jpg,D:\DPS 920\DPS920_final_project\IMG\left_2026_07_27_15_30_33_754.jpg,D:\DPS 920\DPS920_final_project\IMG\right_2026_07_27_15_30_33_754.jpg,0,1,0,30.18493
D:\DPS 920\DPS920_final_project\IMG\center_2026_07_27_15_30_33_826.jpg,D:\DPS 920\DPS920_final_project\IMG\left_2026_07_27_15_30_33_826.jpg,D:\DPS 920\DPS920_final_project\IMG\right_2026_07_27_15_30_33_826.jpg,0,1,0,30.18982
D:\DPS 920\DPS920_final_project\IMG\center_2026_07_27_15_30_33_896.jpg,D:\DPS 920\DPS920_final_project\IMG\left_2026_07_27_15_30_33_896.jpg,D:\DPS 920\DPS920_final_project\IMG\right_2026_07_27_15_30_33_896.jpg,-0.15,1,0,30.18666
D:\DPS 920\DPS920_final_project\IMG\center_2026_07_27_15_30_33_967.jpg,D:\DPS 920\DPS920_final_project\IMG\left_2026_07_27_15_30_33_967.jpg,D:\DPS 920\DPS920_final_project\IMG\right_2026_07_27_15_30_33_967.jpg,0,1,0,30.18538
D:\DPS 920\DPS920_final_project\IMG\center_2026_07_27_15_30_34_043.jpg,D:\DPS 920\DPS920_final_project\IMG\left_2026_07_27_15_30_34_043.jpg,D:\DPS 920\DPS920_final_project\IMG\right_2026_07_27_15_30_34_043.jpg,-0.05,1,0,30.19011
D:\DPS 920\DPS920_final_project\IMG\center_2026_07_27_15_30_34_115.jpg,D:\DPS 920\DPS920_final_project\IMG\left_2026_07_27_15_30_34_115.jpg,D:\DPS 920\DPS920_final_project\IMG\right_2026_07_27_15_30_34_115.jpg,-0.2,1,0,30.18347
D:\DPS 920\DPS920_final_project\IMG\center_2026_07_27_15_30_34_189.jpg,D:\DPS 920\DPS920_final_project\IMG\left_2026_07_27_15_30_34_189.jpg,D:\DPS 920\DPS920_final_project\IMG\right_2026_07_27_15_30_34_189.jpg,0,1,0,30.18948
D:\DPS 920\DPS920_final_project\IMG\center_2026_07_27_15_30_34_257.jpg,D:\DPS 920\DPS920_final_project\IMG\left_2026_07_27_15_30_34_257.jpg,D:\DPS 920\DPS920_final_project\IMG\right_2026_07_27_15_30_34_257.jpg,-0.1,1,0,30.1896
D:\DPS 920\DPS920_final_project\IMG\center_2026_07_27_15_30_34_331.jpg,D:\DPS 920\DPS920_final_project\IMG\left_2026_07_27_15_30_34_331.jpg,D:\DPS 920\DPS920_final_project\IMG\right_2026_07_27_15_30_34_331.jpg,0,1,0,30.19022
D:\DPS 920\DPS920_final_project\IMG\center_2026_07_27_15_30_34_406.jpg,D:\DPS 920\DPS920_final_project\IMG\left_2026_07_27_15_30_34_406.jpg,D:\DPS 920\DPS920_final_project\IMG\right_2026_07_27_15_30_34_406.jpg,0,1,0,30.19024
D:\DPS 920\DPS920_final_project\IMG\center_2026_07_27_15_30_34_478.jpg,D:\DPS 920\DPS920_final_project\IMG\left_2026_07_27_15_30_34_478.jpg,D:\DPS 920\DPS920_final_project\IMG\right_2026_07_27_15_30_34_478.jpg,0,1,0,30.19029
D:\DPS 920\DPS920_final_project\IMG\center_2026_07_27_15_30_34_547.jpg,D:\DPS 920\DPS920_final_project\IMG\left_2026_07_27_15_30_34_547.jpg,D:\DPS 920\DPS920_final_project\IMG\right_2026_07_27_15_30_34_547.jpg,0,1,0,30.19028
D:\DPS 920\DPS920_final_project\IMG\center_2026_07_27_15_30_34_624.jpg,D:\DPS 920\DPS920_final_project\IMG\left_2026_07_27_15_30_34_624.jpg,D:\DPS 920\DPS920_final_project\IMG\right_2026_07_27_15_30_34_624.jpg,0,1,0,30.19028
D:\DPS 920\DPS920_final_project\IMG\center_2026_07_27_15_30_34_692.jpg,D:\DPS 920\DPS920_final_project\IMG\left_2026_07_27_15_30_34_692.jpg,D:\DPS 920\DPS920_final_project\IMG\right_2026_07_27_15_30_34_692.jpg,0,1,0,30.19029
D:\DPS 920\DPS920_final_project\IMG\center_2026_07_27_15_30_34_760.jpg,D:\DPS 920\DPS920_final_project\IMG\left_2026_07_27_15_30_34_760.jpg,D:\DPS 920\DPS920_final_project\IMG\right_2026_07_27_15_30_34_760.jpg,-0.2,1,0,30.17997
D:\DPS 920\DPS920_final_project\IMG\center_2026_07_27_15_30_34_828.jpg,D:\DPS 920\DPS920_final_project\IMG\left_2026_07_27_15_30_34_828.jpg,D:\DPS 920\DPS920_final_project\IMG\right_2026_07_27_15_30_34_828.jpg,0,1,0,30.1897
D:\DPS 920\DPS920_final_project\IMG\center_2026_07_27_15_30_34_895.jpg,D:\DPS 920\DPS920_final_project\IMG\left_2026_07_27_15_30_34_895.jpg,D:\DPS 920\DPS920_final_project\IMG\right_2026_07_27_15_30_34_895.jpg,0,1,0,30.19023
D:\DPS 920\DPS920_final_project\IMG\center_2026_07_27_15_30_34_968.jpg,D:\DPS 920\DPS920_final_project\IMG\left_2026_07_27_15_30_34_968.jpg,D:\DPS 920\DPS920_final_project\IMG\right_2026_07_27_15_30_34_968.jpg,0,1,0,30.19036
D:\DPS 920\DPS920_final_project\IMG\center_2026_07_27_15_30_35_036.jpg,D:\DPS 920\DPS920_final_project\IMG\left_2026_07_27_15_30_35_036.jpg,D:\DPS 920\DPS920_final_project\IMG\right_2026_07_27_15_30_35_036.jpg,-0.1,1,0,30.1881
D:\DPS 920\DPS920_final_project\IMG\center_2026_07_27_15_30_35_106.jpg,D:\DPS 920\DPS920_final_project\IMG\left_2026_07_27_15_30_35_106.jpg,D:\DPS 920\DPS920_final_project\IMG\right_2026_07_27_15_30_35_106.jpg,0,1,0,30.19096
D:\DPS 920\DPS920_final_project\IMG\center_2026_07_27_15_30_35_174.jpg,D:\DPS 920\DPS920_final_project\IMG\left_2026_07_27_15_30_35_174.jpg,D:\DPS 920\DPS920_final_project\IMG\right_2026_07_27_15_30_35_174.jpg,0,1,0,30.19008
D:\DPS 920\DPS920_final_project\IMG\center_2026_07_27_15_30_35_244.jpg,D:\DPS 920\DPS920_final_project\IMG\left_2026_07_27_15_30_35_244.jpg,D:\DPS 920\DPS920_final_project\IMG\right_2026_07_27_15_30_35_244.jpg,0,1,0,30.19029
D:\DPS 920\DPS920_final_project\IMG\center_2026_07_27_15_30_35_311.jpg,D:\DPS 920\DPS920_final_project\IMG\left_2026_07_27_15_30_35_311.jpg,D:\DPS 920\DPS920_final_project\IMG\right_2026_07_27_15_30_35_311.jpg,-0.05,1,0,30.18984
D:\DPS 920\DPS920_final_project\IMG\center_2026_07_27_15_30_35_379.jpg,D:\DPS 920\DPS920_final_project\IMG\left_2026_07_27_15_30_35_379.jpg,D:\DPS 920\DPS920_final_project\IMG\right_2026_07_27_15_30_35_379.jpg,0,1,0,30.18745
D:\DPS 920\DPS920_final_project\IMG\center_2026_07_27_15_30_35_446.jpg,D:\DPS 920\DPS920_final_project\IMG\left_2026_07_27_15_30_35_446.jpg,D:\DPS 920\DPS920_final_project\IMG\right_2026_07_27_15_30_35_446.jpg,0,1,0,30.19024
D:\DPS 920\DPS920_final_project\IMG\center_2026_07_27_15_30_35_513.jpg,D:\DPS 920\DPS920_final_project\IMG\left_2026_07_27_15_30_35_513.jpg,D:\DPS 920\DPS920_final_project\IMG\right_2026_07_27_15_30_35_513.jpg,0,1,0,30.19028
D:\DPS 920\DPS920_final_project\IMG\center_2026_07_27_15_30_35_588.jpg,D:\DPS 920\DPS920_final_project\IMG\left_2026_07_27_15_30_35_588.jpg,D:\DPS 920\DPS920_final_project\IMG\right_2026_07_27_15_30_35_588.jpg,0,1,0,30.19027
D:\DPS 920\DPS920_final_project\IMG\center_2026_07_27_15_30_35_661.jpg,D:\DPS 920\DPS920_final_project\IMG\left_2026_07_27_15_30_35_661.jpg,D:\DPS 920\DPS920_final_project\IMG\right_2026_07_27_15_30_35_661.jpg,0,1,0,30.19031
D:\DPS 920\DPS920_final_project\IMG\center_2026_07_27_15_30_35_729.jpg,D:\DPS 920\DPS920_final_project\IMG\left_2026_07_27_15_30_35_729.jpg,D:\DPS 920\DPS920_final_project\IMG\right_2026_07_27_15_30_35_729.jpg,-0.15,1,0,30.18462
D:\DPS 920\DPS920_final_project\IMG\center_2026_07_27_15_30_35_798.jpg,D:\DPS 920\DPS920_final_project\IMG\left_2026_07_27_15_30_35_798.jpg,D:\DPS 920\DPS920_final_project\IMG\right_2026_07_27_15_30_35_798.jpg,0,1,0,30.19098
D:\DPS 920\DPS920_final_project\IMG\center_2026_07_27_15_30_35_871.jpg,D:\DPS 920\DPS920_final_project\IMG\left_2026_07_27_15_30_35_871.jpg,D:\DPS 920\DPS920_final_project\IMG\right_2026_07_27_15_30_35_871.jpg,0,1,0,30.19026
D:\DPS 920\DPS920_final_project\IMG\center_2026_07_27_15_30_35_945.jpg,D:\DPS 920\DPS920_final_project\IMG\left_2026_07_27_15_30_35_945.jpg,D:\DPS 920\DPS920_final_project\IMG\right_2026_07_27_15_30_35_945.jpg,-0.2,1,0,30.18107
D:\DPS 920\DPS920_final_project\IMG\center_2026_07_27_15_30_36_020.jpg,D:\DPS 920\DPS920_final_project\IMG\left_2026_07_27_15_30_36_020.jpg,D:\DPS 920\DPS920_final_project\IMG\right_2026_07_27_15_30_36_020.jpg,0,1,0,30.18935
D:\DPS 920\DPS920_final_project\IMG\center_2026_07_27_15_30_36_087.jpg,D:\DPS 920\DPS920_final_project\IMG\left_2026_07_27_15_30_36_087.jpg,D:\DPS 920\DPS920_final_project\IMG\right_2026_07_27_15_30_36_087.jpg,0,1,0,30.1901
D:\DPS 920\DPS920_final_project\IMG\center_2026_07_27_15_30_36_159.jpg,D:\DPS 920\DPS920_final_project\IMG\left_2026_07_27_15_30_36_159.jpg,D:\DPS 920\DPS920_final_project\IMG\right_2026_07_27_15_30_36_159.jpg,0,1,0,30.19026
D:\DPS 920\DPS920_final_project\IMG\center_2026_07_27_15_30_36_226.jpg,D:\DPS 920\DPS920_final_project\IMG\left_2026_07_27_15_30_36_226.jpg,D:\DPS 920\DPS920_final_project\IMG\right_2026_07_27_15_30_36_226.jpg,0,1,0,30.19026
D:\DPS 920\DPS920_final_project\IMG\center_2026_07_27_15_30_36_294.jpg,D:\DPS 920\DPS920_final_project\IMG\left_2026_07_27_15_30_36_294.jpg,D:\DPS 920\DPS920_final_project\IMG\right_2026_07_27_15_30_36_294.jpg,0,1,0,30.19034
D:\DPS 920\DPS920_final_project\IMG\center_2026_07_27_15_30_36_366.jpg,D:\DPS 920\DPS920_final_project\IMG\left_2026_07_27_15_30_36_366.jpg,D:\DPS 920\DPS920_final_project\IMG\right_2026_07_27_15_30_36_366.jpg,0,1,0,30.19043
D:\DPS 920\DPS920_final_project\IMG\center_2026_07_27_15_30_36_442.jpg,D:\DPS 920\DPS920_final_project\IMG\left_2026_07_27_15_30_36_442.jpg,D:\DPS 920\DPS920_final_project\IMG\right_2026_07_27_15_30_36_442.jpg,0,1,0,30.19016
D:\DPS 920\DPS920_final_project\IMG\center_2026_07_27_15_30_36_508.jpg,D:\DPS 920\DPS920_final_project\IMG\left_2026_07_27_15_30_36_508.jpg,D:\DPS 920\DPS920_final_project\IMG\right_2026_07_27_15_30_36_508.jpg,0,1,0,30.19042
D:\DPS 920\DPS920_final_project\IMG\center_2026_07_27_15_30_36_583.jpg,D:\DPS 920\DPS920_final_project\IMG\left_2026_07_27_15_30_36_583.jpg,D:\DPS 920\DPS920_final_project\IMG\right_2026_07_27_15_30_36_583.jpg,0,1,0,30.19104
D:\DPS 920\DPS920_final_project\IMG\center_2026_07_27_15_30_36_657.jpg,D:\DPS 920\DPS920_final_project\IMG\left_2026_07_27_15_30_36_657.jpg,D:\DPS 920\DPS920_final_project\IMG\right_2026_07_27_15_30_36_657.jpg,0,1,0,30.19023
D:\DPS 920\DPS920_final_project\IMG\center_2026_07_27_15_30_36_724.jpg,D:\DPS 920\DPS920_final_project\IMG\left_2026_07_27_15_30_36_724.jpg,D:\DPS 920\DPS920_final_project\IMG\right_2026_07_27_15_30_36_724.jpg,0,1,0,30.19024
D:\DPS 920\DPS920_final_project\IMG\center_2026_07_27_15_30_36_793.jpg,D:\DPS 920\DPS920_final_project\IMG\left_2026_07_27_15_30_36_793.jpg,D:\DPS 920\DPS920_final_project\IMG\right_2026_07_27_15_30_36_793.jpg,0,1,0,30.19004
D:\DPS 920\DPS920_final_project\IMG\center_2026_07_27_15_30_36_864.jpg,D:\DPS 920\DPS920_final_project\IMG\left_2026_07_27_15_30_36_864.jpg,D:\DPS 920\DPS920_final_project\IMG\right_2026_07_27_15_30_36_864.jpg,0,1,0,30.19038
D:\DPS 920\DPS920_final_project\IMG\center_2026_07_27_15_30_36_933.jpg,D:\DPS 920\DPS920_final_project\IMG\left_2026_07_27_15_30_36_933.jpg,D:\DPS 920\DPS920_final_project\IMG\right_2026_07_27_15_30_36_933.jpg,0,1,0,30.19032
D:\DPS 920\DPS920_final_project\IMG\center_2026_07_27_15_30_37_003.jpg,D:\DPS 920\DPS920_final_project\IMG\left_2026_07_27_15_30_37_003.jpg,D:\DPS 920\DPS920_final_project\IMG\right_2026_07_27_15_30_37_003.jpg,0,1,0,30.19024
D:\DPS 920\DPS920_final_project\IMG\center_2026_07_27_15_30_37_072.jpg,D:\DPS 920\DPS920_final_project\IMG\left_2026_07_27_15_30_37_072.jpg,D:\DPS 920\DPS920_final_project\IMG\right_2026_07_27_15_30_37_072.jpg,0,1,0,30.19029
D:\DPS 920\DPS920_final_project\IMG\center_2026_07_27_15_30_37_141.jpg,D:\DPS 920\DPS920_final_project\IMG\left_2026_07_27_15_30_37_141.jpg,D:\DPS 920\DPS920_final_project\IMG\right_2026_07_27_15_30_37_141.jpg,0,1,0,30.19031
D:\DPS 920\DPS920_final_project\IMG\center_2026_07_27_15_30_37_208.jpg,D:\DPS 920\DPS920_final_project\IMG\left_2026_07_27_15_30_37_208.jpg,D:\DPS 920\DPS920_final_project\IMG\right_2026_07_27_15_30_37_208.jpg,0,1,0,30.1903
D:\DPS 920\DPS920_final_project\IMG\center_2026_07_27_15_30_37_276.jpg,D:\DPS 920\DPS920_final_project\IMG\left_2026_07_27_15_30_37_276.jpg,D:\DPS 920\DPS920_final_project\IMG\right_2026_07_27_15_30_37_276.jpg,-0.1,1,0,30.18747
D:\DPS 920\DPS920_final_project\IMG\center_2026_07_27_15_30_37_349.jpg,D:\DPS 920\DPS920_final_project\IMG\left_2026_07_27_15_30_37_349.jpg,D:\DPS 920\DPS920_final_project\IMG\right_2026_07_27_15_30_37_349.jpg,0,1,0,30.19116
D:\DPS 920\DPS920_final_project\IMG\center_2026_07_27_15_30_37_416.jpg,D:\DPS 920\DPS920_final_project\IMG\left_2026_07_27_15_30_37_416.jpg,D:\DPS 920\DPS920_final_project\IMG\right_2026_07_27_15_30_37_416.jpg,0,1,0,30.18962
D:\DPS 920\DPS920_final_project\IMG\center_2026_07_27_15_30_37_484.jpg,D:\DPS 920\DPS920_final_project\IMG\left_2026_07_27_15_30_37_484.jpg,D:\DPS 920\DPS920_final_project\IMG\right_2026_07_27_15_30_37_484.jpg,0,1,0,30.19037
D:\DPS 920\DPS920_final_project\IMG\center_2026_07_27_15_30_37_553.jpg,D:\DPS 920\DPS920_final_project\IMG\left_2026_07_27_15_30_37_553.jpg,D:\DPS 920\DPS920_final_project\IMG\right_2026_07_27_15_30_37_553.jpg,0,1,0,30.19035
D:\DPS 920\DPS920_final_project\IMG\center_2026_07_27_15_30_37_622.jpg,D:\DPS 920\DPS920_final_project\IMG\left_2026_07_27_15_30_37_622.jpg,D:\DPS 920\DPS920_final_project\IMG\right_2026_07_27_15_30_37_622.jpg,-0.2,1,0,30.17941
D:\DPS 920\DPS920_final_project\IMG\center_2026_07_27_15_30_37_689.jpg,D:\DPS 920\DPS920_final_project\IMG\left_2026_07_27_15_30_37_689.jpg,D:\DPS 920\DPS920_final_project\IMG\right_2026_07_27_15_30_37_689.jpg,0,1,0,30.18989
D:\DPS 920\DPS920_final_project\IMG\center_2026_07_27_15_30_37_756.jpg,D:\DPS 920\DPS920_final_project\IMG\left_2026_07_27_15_30_37_756.jpg,D:\DPS 920\DPS920_final_project\IMG\right_2026_07_27_15_30_37_756.jpg,0,1,0,30.19025
D:\DPS 920\DPS920_final_project\IMG\center_2026_07_27_15_30_37_831.jpg,D:\DPS 920\DPS920_final_project\IMG\left_2026_07_27_15_30_37_831.jpg,D:\DPS 920\DPS920_final_project\IMG\right_2026_07_27_15_30_37_831.jpg,0,1,0,30.19027
D:\DPS 920\DPS920_final_project\IMG\center_2026_07_27_15_30_37_904.jpg,D:\DPS 920\DPS920_final_project\IMG\left_2026_07_27_15_30_37_904.jpg,D:\DPS 920\DPS920_final_project\IMG\right_2026_07_27_15_30_37_904.jpg,0,1,0,30.19027
D:\DPS 920\DPS920_final_project\IMG\center_2026_07_27_15_30_37_972.jpg,D:\DPS 920\DPS920_final_project\IMG\left_2026_07_27_15_30_37_972.jpg,D:\DPS 920\DPS920_final_project\IMG\right_2026_07_27_15_30_37_972.jpg,0,1,0,30.19028
D:\DPS 920\DPS920_final_project\IMG\center_2026_07_27_15_30_38_044.jpg,D:\DPS 920\DPS920_final_project\IMG\left_2026_07_27_15_30_38_044.jpg,D:\DPS 920\DPS920_final_project\IMG\right_2026_07_27_15_30_38_044.jpg,0,1,0,30.19028
D:\DPS 920\DPS920_final_project\IMG\center_2026_07_27_15_30_38_115.jpg,D:\DPS 920\DPS920_final_project\IMG\left_2026_07_27_15_30_38_115.jpg,D:\DPS 920\DPS920_final_project\IMG\right_2026_07_27_15_30_38_115.jpg,0,1,0,30.19027
D:\DPS 920\DPS920_final_project\IMG\center_2026_07_27_15_30_38_188.jpg,D:\DPS 920\DPS920_final_project\IMG\left_2026_07_27_15_30_38_188.jpg,D:\DPS 920\DPS920_final_project\IMG\right_2026_07_27_15_30_38_188.jpg,-0.1,1,0,30.18743
D:\DPS 920\DPS920_final_project\IMG\center_2026_07_27_15_30_38_259.jpg,D:\DPS 920\DPS920_final_project\IMG\left_2026_07_27_15_30_38_259.jpg,D:\DPS 920\DPS920_final_project\IMG\right_2026_07_27_15_30_38_259.jpg,0,1,0,30.18973
D:\DPS 920\DPS920_final_project\IMG\center_2026_07_27_15_30_38_330.jpg,D:\DPS 920\DPS920_final_project\IMG\left_2026_07_27_15_30_38_330.jpg,D:\DPS 920\DPS920_final_project\IMG\right_2026_07_27_15_30_38_330.jpg,0,1,0,30.19036
D:\DPS 920\DPS920_final_project\IMG\center_2026_07_27_15_30_38_396.jpg,D:\DPS 920\DPS920_final_project\IMG\left_2026_07_27_15_30_38_396.jpg,D:\DPS 920\DPS920_final_project\IMG\right_2026_07_27_15_30_38_396.jpg,0,1,0,30.19031
D:\DPS 920\DPS920_final_project\IMG\center_2026_07_27_15_30_38_470.jpg,D:\DPS 920\DPS920_final_project\IMG\left_2026_07_27_15_30_38_470.jpg,D:\DPS 920\DPS920_final_project\IMG\right_2026_07_27_15_30_38_470.jpg,0,1,0,30.1903
D:\DPS 920\DPS920_final_project\IMG\center_2026_07_27_15_30_38_542.jpg,D:\DPS 920\DPS920_final_project\IMG\left_2026_07_27_15_30_38_542.jpg,D:\DPS 920\DPS920_final_project\IMG\right_2026_07_27_15_30_38_542.jpg,0,1,0,30.19046
D:\DPS 920\DPS920_final_project\IMG\center_2026_07_27_15_30_38_613.jpg,D:\DPS 920\DPS920_final_project\IMG\left_2026_07_27_15_30_38_613.jpg,D:\DPS 920\DPS920_final_project\IMG\right_2026_07_27_15_30_38_613.jpg,0,1,0,30.19039
D:\DPS 920\DPS920_final_project\IMG\center_2026_07_27_15_30_38_685.jpg,D:\DPS 920\DPS920_final_project\IMG\left_2026_07_27_15_30_38_685.jpg,D:\DPS 920\DPS920_final_project\IMG\right_2026_07_27_15_30_38_685.jpg,0,1,0,30.19034
D:\DPS 920\DPS920_final_project\IMG\center_2026_07_27_15_30_38_756.jpg,D:\DPS 920\DPS920_final_project\IMG\left_2026_07_27_15_30_38_756.jpg,D:\DPS 920\DPS920_final_project\IMG\right_2026_07_27_15_30_38_756.jpg,-0.1,1,0,30.18754
D:\DPS 920\DPS920_final_project\IMG\center_2026_07_27_15_30_38_828.jpg,D:\DPS 920\DPS920_final_project\IMG\left_2026_07_27_15_30_38_828.jpg,D:\DPS 920\DPS920_final_project\IMG\right_2026_07_27_15_30_38_828.jpg,0,1,0,30.18597
D:\DPS 920\DPS920_final_project\IMG\center_2026_07_27_15_30_38_902.jpg,D:\DPS 920\DPS920_final_project\IMG\left_2026_07_27_15_30_38_902.jpg,D:\DPS 920\DPS920_final_project\IMG\right_2026_07_27_15_30_38_902.jpg,0,1,0,30.18997
D:\DPS 920\DPS920_final_project\IMG\center_2026_07_27_15_30_38_977.jpg,D:\DPS 920\DPS920_final_project\IMG\left_2026_07_27_15_30_38_977.jpg,D:\DPS 920\DPS920_final_project\IMG\right_2026_07_27_15_30_38_977.jpg,0,1,0,30.1902
D:\DPS 920\DPS920_final_project\IMG\center_2026_07_27_15_30_39_047.jpg,D:\DPS 920\DPS920_final_project\IMG\left_2026_07_27_15_30_39_047.jpg,D:\DPS 920\DPS920_final_project\IMG\right_2026_07_27_15_30_39_047.jpg,-0.2,1,0,30.18074
D:\DPS 920\DPS920_final_project\IMG\center_2026_07_27_15_30_39_121.jpg,D:\DPS 920\DPS920_final_project\IMG\left_2026_07_27_15_30_39_121.jpg,D:\DPS 920\DPS920_final_project\IMG\right_2026_07_27_15_30_39_121.jpg,0,1,0,30.18926
D:\DPS 920\DPS920_final_project\IMG\center_2026_07_27_15_30_39_191.jpg,D:\DPS 920\DPS920_final_project\IMG\left_2026_07_27_15_30_39_191.jpg,D:\DPS 920\DPS920_final_project\IMG\right_2026_07_27_15_30_39_191.jpg,-0.05,1,0,30.19031
D:\DPS 920\DPS920_final_project\IMG\center_2026_07_27_15_30_39_259.jpg,D:\DPS 920\DPS920_final_project\IMG\left_2026_07_27_15_30_39_259.jpg,D:\DPS 920\DPS920_final_project\IMG\right_2026_07_27_15_30_39_259.jpg,0,1,0,30.18778
D:\DPS 920\DPS920_final_project\IMG\center_2026_07_27_15_30_39_326.jpg,D:\DPS 920\DPS920_final_project\IMG\left_2026_07_27_15_30_39_326.jpg,D:\DPS 920\DPS920_final_project\IMG\right_2026_07_27_15_30_39_326.jpg,0,1,0,30.19002
D:\DPS 920\DPS920_final_project\IMG\center_2026_07_27_15_30_39_394.jpg,D:\DPS 920\DPS920_final_project\IMG\left_2026_07_27_15_30_39_394.jpg,D:\DPS 920\DPS920_final_project\IMG\right_2026_07_27_15_30_39_394.jpg,0,1,0,30.18979
D:\DPS 920\DPS920_final_project\IMG\center_2026_07_27_15_30_39_463.jpg,D:\DPS 920\DPS920_final_project\IMG\left_2026_07_27_15_30_39_463.jpg,D:\DPS 920\DPS920_final_project\IMG\right_2026_07_27_15_30_39_463.jpg,0,1,0,30.19016
D:\DPS 920\DPS920_final_project\IMG\center_2026_07_27_15_30_39_533.jpg,D:\DPS 920\DPS920_final_project\IMG\left_2026_07_27_15_30_39_533.jpg,D:\DPS 920\DPS920_final_project\IMG\right_2026_07_27_15_30_39_533.jpg,0,1,0,30.19012
D:\DPS 920\DPS920_final_project\IMG\center_2026_07_27_15_30_39_604.jpg,D:\DPS 920\DPS920_final_project\IMG\left_2026_07_27_15_30_39_604.jpg,D:\DPS 920\DPS920_final_project\IMG\right_2026_07_27_15_30_39_604.jpg,0,1,0,30.19014
D:\DPS 920\DPS920_final_project\IMG\center_2026_07_27_15_30_39_676.jpg,D:\DPS 920\DPS920_final_project\IMG\left_2026_07_27_15_30_39_676.jpg,D:\DPS 920\DPS920_final_project\IMG\right_2026_07_27_15_30_39_676.jpg,0,1,0,30.19011
D:\DPS 920\DPS920_final_project\IMG\center_2026_07_27_15_30_39_751.jpg,D:\DPS 920\DPS920_final_project\IMG\left_2026_07_27_15_30_39_751.jpg,D:\DPS 920\DPS920_final_project\IMG\right_2026_07_27_15_30_39_751.jpg,0,1,0,30.19009
D:\DPS 920\DPS920_final_project\IMG\center_2026_07_27_15_30_39_822.jpg,D:\DPS 920\DPS920_final_project\IMG\left_2026_07_27_15_30_39_822.jpg,D:\DPS 920\DPS920_final_project\IMG\right_2026_07_27_15_30_39_822.jpg,0,1,0,30.19011
D:\DPS 920\DPS920_final_project\IMG\center_2026_07_27_15_30_39_894.jpg,D:\DPS 920\DPS920_final_project\IMG\left_2026_07_27_15_30_39_894.jpg,D:\DPS 920\DPS920_final_project\IMG\right_2026_07_27_15_30_39_894.jpg,0,1,0,30.24173
D:\DPS 920\DPS920_final_project\IMG\center_2026_07_27_15_30_39_966.jpg,D:\DPS 920\DPS920_final_project\IMG\left_2026_07_27_15_30_39_966.jpg,D:\DPS 920\DPS920_final_project\IMG\right_2026_07_27_15_30_39_966.jpg,0,1,0,30.33075
D:\DPS 920\DPS920_final_project\IMG\center_2026_07_27_15_30_40_037.jpg,D:\DPS 920\DPS920_final_project\IMG\left_2026_07_27_15_30_40_037.jpg,D:\DPS 920\DPS920_final_project\IMG\right_2026_07_27_15_30_40_037.jpg,0,1,0,30.14876
D:\DPS 920\DPS920_final_project\IMG\center_2026_07_27_15_30_40_106.jpg,D:\DPS 920\DPS920_final_project\IMG\left_2026_07_27_15_30_40_106.jpg,D:\DPS 920\DPS920_final_project\IMG\right_2026_07_27_15_30_40_106.jpg,0,1,0,30.19046
D:\DPS 920\DPS920_final_project\IMG\center_2026_07_27_15_30_40_173.jpg,D:\DPS 920\DPS920_final_project\IMG\left_2026_07_27_15_30_40_173.jpg,D:\DPS 920\DPS920_final_project\IMG\right_2026_07_27_15_30_40_173.jpg,0,1,0,30.15398
D:\DPS 920\DPS920_final_project\IMG\center_2026_07_27_15_30_40_241.jpg,D:\DPS 920\DPS920_final_project\IMG\left_2026_07_27_15_30_40_241.jpg,D:\DPS 920\DPS920_final_project\IMG\right_2026_07_27_15_30_40_241.jpg,0,1,0,30.18741
D:\DPS 920\DPS920_final_project\IMG\center_2026_07_27_15_30_40_310.jpg,D:\DPS 920\DPS920_final_project\IMG\left_2026_07_27_15_30_40_310.jpg,D:\DPS 920\DPS920_final_project\IMG\right_2026_07_27_15_30_40_310.jpg,0,1,0,30.18917
D:\DPS 920\DPS920_final_project\IMG\center_2026_07_27_15_30_40_384.jpg,D:\DPS 920\DPS920_final_project\IMG\left_2026_07_27_15_30_40_384.jpg,D:\DPS 920\DPS920_final_project\IMG\right_2026_07_27_15_30_40_384.jpg,0,1,0,30.18987
D:\DPS 920\DPS920_final_project\IMG\center_2026_07_27_15_30_40_461.jpg,D:\DPS 920\DPS920_final_project\IMG\left_2026_07_27_15_30_40_461.jpg,D:\DPS 920\DPS920_final_project\IMG\right_2026_07_27_15_30_40_461.jpg,0,1,0,30.18997
D:\DPS 920\DPS920_final_project\IMG\center_2026_07_27_15_30_40_529.jpg,D:\DPS 920\DPS920_final_project\IMG\left_2026_07_27_15_30_40_529.jpg,D:\DPS 920\DPS920_final_project\IMG\right_2026_07_27_15_30_40_529.jpg,0,1,0,30.18997
D:\DPS 920\DPS920_final_project\IMG\center_2026_07_27_15_30_40_596.jpg,D:\DPS 920\DPS920_final_project\IMG\left_2026_07_27_15_30_40_596.jpg,D:\DPS 920\DPS920_final_project\IMG\right_2026_07_27_15_30_40_596.jpg,0,1,0,30.18995
D:\DPS 920\DPS920_final_project\IMG\center_2026_07_27_15_30_40_665.jpg,D:\DPS 920\DPS920_final_project\IMG\left_2026_07_27_15_30_40_665.jpg,D:\DPS 920\DPS920_final_project\IMG\right_2026_07_27_15_30_40_665.jpg,0,1,0,30.18993
D:\DPS 920\DPS920_final_project\IMG\center_2026_07_27_15_30_40_732.jpg,D:\DPS 920\DPS920_final_project\IMG\left_2026_07_27_15_30_40_732.jpg,D:\DPS 920\DPS920_final_project\IMG\right_2026_07_27_15_30_40_732.jpg,0,1,0,30.18991
D:\DPS 920\DPS920_final_project\IMG\center_2026_07_27_15_30_40_807.jpg,D:\DPS 920\DPS920_final_project\IMG\left_2026_07_27_15_30_40_807.jpg,D:\DPS 920\DPS920_final_project\IMG\right_2026_07_27_15_30_40_807.jpg,0,1,0,30.18993
D:\DPS 920\DPS920_final_project\IMG\center_2026_07_27_15_30_40_881.jpg,D:\DPS 920\DPS920_final_project\IMG\left_2026_07_27_15_30_40_881.jpg,D:\DPS 920\DPS920_final_project\IMG\right_2026_07_27_15_30_40_881.jpg,0,1,0,30.18992
D:\DPS 920\DPS920_final_project\IMG\center_2026_07_27_15_30_40_952.jpg,D:\DPS 920\DPS920_final_project\IMG\left_2026_07_27_15_30_40_952.jpg,D:\DPS 920\DPS920_final_project\IMG\right_2026_07_27_15_30_40_952.jpg,0,1,0,30.18991
D:\DPS 920\DPS920_final_project\IMG\center_2026_07_27_15_30_41_025.jpg,D:\DPS 920\DPS920_final_project\IMG\left_2026_07_27_15_30_41_025.jpg,D:\DPS 920\DPS920_final_project\IMG\right_2026_07_27_15_30_41_025.jpg,0,1,0,30.18991
D:\DPS 920\DPS920_final_project\IMG\center_2026_07_27_15_30_41_097.jpg,D:\DPS 920\DPS920_final_project\IMG\left_2026_07_27_15_30_41_097.jpg,D:\DPS 920\DPS920_final_project\IMG\right_2026_07_27_15_30_41_097.jpg,0,1,0,30.1899
D:\DPS 920\DPS920_final_project\IMG\center_2026_07_27_15_30_41_167.jpg,D:\DPS 920\DPS920_final_project\IMG\left_2026_07_27_15_30_41_167.jpg,D:\DPS 920\DPS920_final_project\IMG\right_2026_07_27_15_30_41_167.jpg,0,1,0,30.1899
D:\DPS 920\DPS920_final_project\IMG\center_2026_07_27_15_30_41_240.jpg,D:\DPS 920\DPS920_final_project\IMG\left_2026_07_27_15_30_41_240.jpg,D:\DPS 920\DPS920_final_project\IMG\right_2026_07_27_15_30_41_240.jpg,0,1,0,30.18991
D:\DPS 920\DPS920_final_project\IMG\center_2026_07_27_15_30_41_314.jpg,D:\DPS 920\DPS920_final_project\IMG\left_2026_07_27_15_30_41_314.jpg,D:\DPS 920\DPS920_final_project\IMG\right_2026_07_27_15_30_41_314.jpg,0,1,0,30.18991
D:\DPS 920\DPS920_final_project\IMG\center_2026_07_27_15_30_41_388.jpg,D:\DPS 920\DPS920_final_project\IMG\left_2026_07_27_15_30_41_388.jpg,D:\DPS 920\DPS920_final_project\IMG\right_2026_07_27_15_30_41_388.jpg,0,1,0,30.18991
D:\DPS 920\DPS920_final_project\IMG\center_2026_07_27_15_30_41_462.jpg,D:\DPS 920\DPS920_final_project\IMG\left_2026_07_27_15_30_41_462.jpg,D:\DPS 920\DPS920_final_project\IMG\right_2026_07_27_15_30_41_462.jpg,0,1,0,30.18991
D:\DPS 920\DPS920_final_project\IMG\center_2026_07_27_15_30_41_533.jpg,D:\DPS 920\DPS920_final_project\IMG\left_2026_07_27_15_30_41_533.jpg,D:\DPS 920\DPS920_final_project\IMG\right_2026_07_27_15_30_41_533.jpg,0,1,0,30.18988
D:\DPS 920\DPS920_final_project\IMG\center_2026_07_27_15_30_41_606.jpg,D:\DPS 920\DPS920_final_project\IMG\left_2026_07_27_15_30_41_606.jpg,D:\DPS 920\DPS920_final_project\IMG\right_2026_07_27_15_30_41_606.jpg,0,1,0,30.1899
D:\DPS 920\DPS920_final_project\IMG\center_2026_07_27_15_30_41_682.jpg,D:\DPS 920\DPS920_final_project\IMG\left_2026_07_27_15_30_41_682.jpg,D:\DPS 920\DPS920_final_project\IMG\right_2026_07_27_15_30_41_682.jpg,0,1,0,30.18992
D:\DPS 920\DPS920_final_project\IMG\center_2026_07_27_15_30_41_753.jpg,D:\DPS 920\DPS920_final_project\IMG\left_2026_07_27_15_30_41_753.jpg,D:\DPS 920\DPS920_final_project\IMG\right_2026_07_27_15_30_41_753.jpg,0,1,0,30.18991
D:\DPS 920\DPS920_final_project\IMG\center_2026_07_27_15_30_41_822.jpg,D:\DPS 920\DPS920_final_project\IMG\left_2026_07_27_15_30_41_822.jpg,D:\DPS 920\DPS920_final_project\IMG\right_2026_07_27_15_30_41_822.jpg,0,1,0,30.18991
D:\DPS 920\DPS920_final_project\IMG\center_2026_07_27_15_30_41_894.jpg,D:\DPS 920\DPS920_final_project\IMG\left_2026_07_27_15_30_41_894.jpg,D:\DPS 920\DPS920_final_project\IMG\right_2026_07_27_15_30_41_894.jpg,0,1,0,30.18993
D:\DPS 920\DPS920_final_project\IMG\center_2026_07_27_15_30_41_965.jpg,D:\DPS 920\DPS920_final_project\IMG\left_2026_07_27_15_30_41_965.jpg,D:\DPS 920\DPS920_final_project\IMG\right_2026_07_27_15_30_41_965.jpg,0,1,0,30.18988
D:\DPS 920\DPS920_final_project\IMG\center_2026_07_27_15_30_42_036.jpg,D:\DPS 920\DPS920_final_project\IMG\left_2026_07_27_15_30_42_036.jpg,D:\DPS 920\DPS920_final_project\IMG\right_2026_07_27_15_30_42_036.jpg,0,1,0,30.1899
D:\DPS 920\DPS920_final_project\IMG\center_2026_07_27_15_30_42_106.jpg,D:\DPS 920\DPS920_final_project\IMG\left_2026_07_27_15_30_42_106.jpg,D:\DPS 920\DPS920_final_project\IMG\right_2026_07_27_15_30_42_106.jpg,0,1,0,30.18989
D:\DPS 920\DPS920_final_project\IMG\center_2026_07_27_15_30_42_173.jpg,D:\DPS 920\DPS920_final_project\IMG\left_2026_07_27_15_30_42_173.jpg,D:\DPS 920\DPS920_final_project\IMG\right_2026_07_27_15_30_42_173.jpg,0,1,0,30.18991
D:\DPS 920\DPS920_final_project\IMG\center_2026_07_27_15_30_42_253.jpg,D:\DPS 920\DPS920_final_project\IMG\left_2026_07_27_15_30_42_253.jpg,D:\DPS 920\DPS920_final_project\IMG\right_2026_07_27_15_30_42_253.jpg,0,1,0,30.18991
D:\DPS 920\DPS920_final_project\IMG\center_2026_07_27_15_30_42_324.jpg,D:\DPS 920\DPS920_final_project\IMG\left_2026_07_27_15_30_42_324.jpg,D:\DPS 920\DPS920_final_project\IMG\right_2026_07_27_15_30_42_324.jpg,0,1,0,30.18991
D:\DPS 920\DPS920_final_project\IMG\center_2026_07_27_15_30_42_396.jpg,D:\DPS 920\DPS920_final_project\IMG\left_2026_07_27_15_30_42_396.jpg,D:\DPS 920\DPS920_final_project\IMG\right_2026_07_27_15_30_42_396.jpg,0,1,0,30.1899
D:\DPS 920\DPS920_final_project\IMG\center_2026_07_27_15_30_42_469.jpg,D:\DPS 920\DPS920_final_project\IMG\left_2026_07_27_15_30_42_469.jpg,D:\DPS 920\DPS920_final_project\IMG\right_2026_07_27_15_30_42_469.jpg,0,1,0,30.18992
D:\DPS 920\DPS920_final_project\IMG\center_2026_07_27_15_30_42_544.jpg,D:\DPS 920\DPS920_final_project\IMG\left_2026_07_27_15_30_42_544.jpg,D:\DPS 920\DPS920_final_project\IMG\right_2026_07_27_15_30_42_544.jpg,0,1,0,30.18992
D:\DPS 920\DPS920_final_project\IMG\center_2026_07_27_15_30_42_620.jpg,D:\DPS 920\DPS920_final_project\IMG\left_2026_07_27_15_30_42_620.jpg,D:\DPS 920\DPS920_final_project\IMG\right_2026_07_27_15_30_42_620.jpg,0,1,0,30.1899
D:\DPS 920\DPS920_final_project\IMG\center_2026_07_27_15_30_42_694.jpg,D:\DPS 920\DPS920_final_project\IMG\left_2026_07_27_15_30_42_694.jpg,D:\DPS 920\DPS920_final_project\IMG\right_2026_07_27_15_30_42_694.jpg,0,1,0,30.18992
D:\DPS 920\DPS920_final_project\IMG\center_2026_07_27_15_30_42_771.jpg,D:\DPS 920\DPS920_final_project\IMG\left_2026_07_27_15_30_42_771.jpg,D:\DPS 920\DPS920_final_project\IMG\right_2026_07_27_15_30_42_771.jpg,0,1,0,30.18989
D:\DPS 920\DPS920_final_project\IMG\center_2026_07_27_15_30_42_845.jpg,D:\DPS 920\DPS920_final_project\IMG\left_2026_07_27_15_30_42_845.jpg,D:\DPS 920\DPS920_final_project\IMG\right_2026_07_27_15_30_42_845.jpg,0,1,0,30.18993
D:\DPS 920\DPS920_final_project\IMG\center_2026_07_27_15_30_42_920.jpg,D:\DPS 920\DPS920_final_project\IMG\left_2026_07_27_15_30_42_920.jpg,D:\DPS 920\DPS920_final_project\IMG\right_2026_07_27_15_30_42_920.jpg,0,1,0,30.18992
D:\DPS 920\DPS920_final_project\IMG\center_2026_07_27_15_30_42_992.jpg,D:\DPS 920\DPS920_final_project\IMG\left_2026_07_27_15_30_42_992.jpg,D:\DPS 920\DPS920_final_project\IMG\right_2026_07_27_15_30_42_992.jpg,0,1,0,30.18991
D:\DPS 920\DPS920_final_project\IMG\center_2026_07_27_15_30_43_062.jpg,D:\DPS 920\DPS920_final_project\IMG\left_2026_07_27_15_30_43_062.jpg,D:\DPS 920\DPS920_final_project\IMG\right_2026_07_27_15_30_43_062.jpg,0,1,0,30.1899
D:\DPS 920\DPS920_final_project\IMG\center_2026_07_27_15_30_43_133.jpg,D:\DPS 920\DPS920_final_project\IMG\left_2026_07_27_15_30_43_133.jpg,D:\DPS 920\DPS920_final_project\IMG\right_2026_07_27_15_30_43_133.jpg,0,1,0,30.18991
D:\DPS 920\DPS920_final_project\IMG\center_2026_07_27_15_30_43_204.jpg,D:\DPS 920\DPS920_final_project\IMG\left_2026_07_27_15_30_43_204.jpg,D:\DPS 920\DPS920_final_project\IMG\right_2026_07_27_15_30_43_204.jpg,0,1,0,30.1899
D:\DPS 920\DPS920_final_project\IMG\center_2026_07_27_15_30_43_275.jpg,D:\DPS 920\DPS920_final_project\IMG\left_2026_07_27_15_30_43_275.jpg,D:\DPS 920\DPS920_final_project\IMG\right_2026_07_27_15_30_43_275.jpg,0,1,0,30.18991
D:\DPS 920\DPS920_final_project\IMG\center_2026_07_27_15_30_43_346.jpg,D:\DPS 920\DPS920_final_project\IMG\left_2026_07_27_15_30_43_346.jpg,D:\DPS 920\DPS920_final_project\IMG\right_2026_07_27_15_30_43_346.jpg,0,1,0,30.18993
D:\DPS 920\DPS920_final_project\IMG\center_2026_07_27_15_30_43_418.jpg,D:\DPS 920\DPS920_final_project\IMG\left_2026_07_27_15_30_43_418.jpg,D:\DPS 920\DPS920_final_project\IMG\right_2026_07_27_15_30_43_418.jpg,0,1,0,30.18993
D:\DPS 920\DPS920_final_project\IMG\center_2026_07_27_15_30_43_491.jpg,D:\DPS 920\DPS920_final_project\IMG\left_2026_07_27_15_30_43_491.jpg,D:\DPS 920\DPS920_final_project\IMG\right_2026_07_27_15_30_43_491.jpg,0,1,0,30.18991
D:\DPS 920\DPS920_final_project\IMG\center_2026_07_27_15_30_43_562.jpg,D:\DPS 920\DPS920_final_project\IMG\left_2026_07_27_15_30_43_562.jpg,D:\DPS 920\DPS920_final_project\IMG\right_2026_07_27_15_30_43_562.jpg,0,1,0,30.1899
D:\DPS 920\DPS920_final_project\IMG\center_2026_07_27_15_30_43_634.jpg,D:\DPS 920\DPS920_final_project\IMG\left_2026_07_27_15_30_43_634.jpg,D:\DPS 920\DPS920_final_project\IMG\right_2026_07_27_15_30_43_634.jpg,0,1,0,30.18992
D:\DPS 920\DPS920_final_project\IMG\center_2026_07_27_15_30_43_704.jpg,D:\DPS 920\DPS920_final_project\IMG\left_2026_07_27_15_30_43_704.jpg,D:\DPS 920\DPS920_final_project\IMG\right_2026_07_27_15_30_43_704.jpg,0,1,0,30.18992
D:\DPS 920\DPS920_final_project\IMG\center_2026_07_27_15_30_43_774.jpg,D:\DPS 920\DPS920_final_project\IMG\left_2026_07_27_15_30_43_774.jpg,D:\DPS 920\DPS920_final_project\IMG\right_2026_07_27_15_30_43_774.jpg,0,1,0,30.18992
D:\DPS 920\DPS920_final_project\IMG\center_2026_07_27_15_30_43_844.jpg,D:\DPS 920\DPS920_final_project\IMG\left_2026_07_27_15_30_43_844.jpg,D:\DPS 920\DPS920_final_project\IMG\right_2026_07_27_15_30_43_844.jpg,0,1,0,30.18991
D:\DPS 920\DPS920_final_project\IMG\center_2026_07_27_15_30_43_913.jpg,D:\DPS 920\DPS920_final_project\IMG\left_2026_07_27_15_30_43_913.jpg,D:\DPS 920\DPS920_final_project\IMG\right_2026_07_27_15_30_43_913.jpg,0,1,0,30.18993
D:\DPS 920\DPS920_final_project\IMG\center_2026_07_27_15_30_43_986.jpg,D:\DPS 920\DPS920_final_project\IMG\left_2026_07_27_15_30_43_986.jpg,D:\DPS 920\DPS920_final_project\IMG\right_2026_07_27_15_30_43_986.jpg,0,1,0,30.18993
D:\DPS 920\DPS920_final_project\IMG\center_2026_07_27_15_30_44_058.jpg,D:\DPS 920\DPS920_final_project\IMG\left_2026_07_27_15_30_44_058.jpg,D:\DPS 920\DPS920_final_project\IMG\right_2026_07_27_15_30_44_058.jpg,0,1,0,30.18992
D:\DPS 920\DPS920_final_project\IMG\center_2026_07_27_15_30_44_130.jpg,D:\DPS 920\DPS920_final_project\IMG\left_2026_07_27_15_30_44_130.jpg,D:\DPS 920\DPS920_final_project\IMG\right_2026_07_27_15_30_44_130.jpg,0,1,0,30.18992
D:\DPS 920\DPS920_final_project\IMG\center_2026_07_27_15_30_44_203.jpg,D:\DPS 920\DPS920_final_project\IMG\left_2026_07_27_15_30_44_203.jpg,D:\DPS 920\DPS920_final_project\IMG\right_2026_07_27_15_30_44_203.jpg,-0.15,1,0,30.18396
D:\DPS 920\DPS920_final_project\IMG\center_2026_07_27_15_30_44_277.jpg,D:\DPS 920\DPS920_final_project\IMG\left_2026_07_27_15_30_44_277.jpg,D:\DPS 920\DPS920_final_project\IMG\right_2026_07_27_15_30_44_277.jpg,0,1,0,30.18957
D:\DPS 920\DPS920_final_project\IMG\center_2026_07_27_15_30_44_351.jpg,D:\DPS 920\DPS920_final_project\IMG\left_2026_07_27_15_30_44_351.jpg,D:\DPS 920\DPS920_final_project\IMG\right_2026_07_27_15_30_44_351.jpg,0,1,0,30.18989
D:\DPS 920\DPS920_final_project\IMG\center_2026_07_27_15_30_44_426.jpg,D:\DPS 920\DPS920_final_project\IMG\left_2026_07_27_15_30_44_426.jpg,D:\DPS 920\DPS920_final_project\IMG\right_2026_07_27_15_30_44_426.jpg,0,1,0,30.18991
D:\DPS 920\DPS920_final_project\IMG\center_2026_07_27_15_30_44_501.jpg,D:\DPS 920\DPS920_final_project\IMG\left_2026_07_27_15_30_44_501.jpg,D:\DPS 920\DPS920_final_project\IMG\right_2026_07_27_15_30_44_501.jpg,0,1,0,30.18993
D:\DPS 920\DPS920_final_project\IMG\center_2026_07_27_15_30_44_575.jpg,D:\DPS 920\DPS920_final_project\IMG\left_2026_07_27_15_30_44_575.jpg,D:\DPS 920\DPS920_final_project\IMG\right_2026_07_27_15_30_44_575.jpg,0,1,0,30.18993
D:\DPS 920\DPS920_final_project\IMG\center_2026_07_27_15_30_44_648.jpg,D:\DPS 920\DPS920_final_project\IMG\left_2026_07_27_15_30_44_648.jpg,D:\DPS 920\DPS920_final_project\IMG\right_2026_07_27_15_30_44_648.jpg,0,1,0,30.18995
D:\DPS 920\DPS920_final_project\IMG\center_2026_07_27_15_30_44_723.jpg,D:\DPS 920\DPS920_final_project\IMG\left_2026_07_27_15_30_44_723.jpg,D:\DPS 920\DPS920_final_project\IMG\right_2026_07_27_15_30_44_723.jpg,0,1,0,30.18991
D:\DPS 920\DPS920_final_project\IMG\center_2026_07_27_15_30_44_795.jpg,D:\DPS 920\DPS920_final_project\IMG\left_2026_07_27_15_30_44_795.jpg,D:\DPS 920\DPS920_final_project\IMG\right_2026_07_27_15_30_44_795.jpg,0,1,0,30.18993
D:\DPS 920\DPS920_final_project\IMG\center_2026_07_27_15_30_44_868.jpg,D:\DPS 920\DPS920_final_project\IMG\left_2026_07_27_15_30_44_868.jpg,D:\DPS 920\DPS920_final_project\IMG\right_2026_07_27_15_30_44_868.jpg,0,1,0,30.18992
D:\DPS 920\DPS920_final_project\IMG\center_2026_07_27_15_30_44_940.jpg,D:\DPS 920\DPS920_final_project\IMG\left_2026_07_27_15_30_44_940.jpg,D:\DPS 920\DPS920_final_project\IMG\right_2026_07_27_15_30_44_940.jpg,0,1,0,30.18995
D:\DPS 920\DPS920_final_project\IMG\center_2026_07_27_15_30_45_012.jpg,D:\DPS 920\DPS920_final_project\IMG\left_2026_07_27_15_30_45_012.jpg,D:\DPS 920\DPS920_final_project\IMG\right_2026_07_27_15_30_45_012.jpg,0,1,0,30.18992
D:\DPS 920\DPS920_final_project\IMG\center_2026_07_27_15_30_45_084.jpg,D:\DPS 920\DPS920_final_project\IMG\left_2026_07_27_15_30_45_084.jpg,D:\DPS 920\DPS920_final_project\IMG\right_2026_07_27_15_30_45_084.jpg,0,1,0,30.18994
D:\DPS 920\DPS920_final_project\IMG\center_2026_07_27_15_30_45_156.jpg,D:\DPS 920\DPS920_final_project\IMG\left_2026_07_27_15_30_45_156.jpg,D:\DPS 920\DPS920_final_project\IMG\right_2026_07_27_15_30_45_156.jpg,0,1,0,30.18993
D:\DPS 920\DPS920_final_project\IMG\center_2026_07_27_15_30_45_228.jpg,D:\DPS 920\DPS920_final_project\IMG\left_2026_07_27_15_30_45_228.jpg,D:\DPS 920\DPS920_final_project\IMG\right_2026_07_27_15_30_45_228.jpg,0,1,0,30.18993
D:\DPS 920\DPS920_final_project\IMG\center_2026_07_27_15_30_45_301.jpg,D:\DPS 920\DPS920_final_project\IMG\left_2026_07_27_15_30_45_301.jpg,D:\DPS 920\DPS920_final_project\IMG\right_2026_07_27_15_30_45_301.jpg,0,1,0,30.18994
D:\DPS 920\DPS920_final_project\IMG\center_2026_07_27_15_30_45_373.jpg,D:\DPS 920\DPS920_final_project\IMG\left_2026_07_27_15_30_45_373.jpg,D:\DPS 920\DPS920_final_project\IMG\right_2026_07_27_15_30_45_373.jpg,0,1,0,30.18993
D:\DPS 920\DPS920_final_project\IMG\center_2026_07_27_15_30_45_445.jpg,D:\DPS 920\DPS920_final_project\IMG\left_2026_07_27_15_30_45_445.jpg,D:\DPS 920\DPS920_final_project\IMG\right_2026_07_27_15_30_45_445.jpg,0,1,0,30.18994
D:\DPS 920\DPS920_final_project\IMG\center_2026_07_27_15_30_45_518.jpg,D:\DPS 920\DPS920_final_project\IMG\left_2026_07_27_15_30_45_518.jpg,D:\DPS 920\DPS920_final_project\IMG\right_2026_07_27_15_30_45_518.jpg,0,1,0,30.18993
D:\DPS 920\DPS920_final_project\IMG\center_2026_07_27_15_30_45_593.jpg,D:\DPS 920\DPS920_final_project\IMG\left_2026_07_27_15_30_45_593.jpg,D:\DPS 920\DPS920_final_project\IMG\right_2026_07_27_15_30_45_593.jpg,0,1,0,30.18993
D:\DPS 920\DPS920_final_project\IMG\center_2026_07_27_15_30_45_669.jpg,D:\DPS 920\DPS920_final_project\IMG\left_2026_07_27_15_30_45_669.jpg,D:\DPS 920\DPS920_final_project\IMG\right_2026_07_27_15_30_45_669.jpg,0,1,0,30.18993
D:\DPS 920\DPS920_final_project\IMG\center_2026_07_27_15_30_45_744.jpg,D:\DPS 920\DPS920_final_project\IMG\left_2026_07_27_15_30_45_744.jpg,D:\DPS 920\DPS920_final_project\IMG\right_2026_07_27_15_30_45_744.jpg,0,1,0,30.18996
D:\DPS 920\DPS920_final_project\IMG\center_2026_07_27_15_30_45_821.jpg,D:\DPS 920\DPS920_final_project\IMG\left_2026_07_27_15_30_45_821.jpg,D:\DPS 920\DPS920_final_project\IMG\right_2026_07_27_15_30_45_821.jpg,0,1,0,30.18992
D:\DPS 920\DPS920_final_project\IMG\center_2026_07_27_15_30_45_898.jpg,D:\DPS 920\DPS920_final_project\IMG\left_2026_07_27_15_30_45_898.jpg,D:\DPS 920\DPS920_final_project\IMG\right_2026_07_27_15_30_45_898.jpg,0,1,0,30.18993
D:\DPS 920\DPS920_final_project\IMG\center_2026_07_27_15_30_45_973.jpg,D:\DPS 920\DPS920_final_project\IMG\left_2026_07_27_15_30_45_973.jpg,D:\DPS 920\DPS920_final_project\IMG\right_2026_07_27_15_30_45_973.jpg,0,1,0,30.18993
D:\DPS 920\DPS920_final_project\IMG\center_2026_07_27_15_30_46_050.jpg,D:\DPS 920\DPS920_final_project\IMG\left_2026_07_27_15_30_46_050.jpg,D:\DPS 920\DPS920_final_project\IMG\right_2026_07_27_15_30_46_050.jpg,0,1,0,30.18992
D:\DPS 920\DPS920_final_project\IMG\center_2026_07_27_15_30_46_125.jpg,D:\DPS 920\DPS920_final_project\IMG\left_2026_07_27_15_30_46_125.jpg,D:\DPS 920\DPS920_final_project\IMG\right_2026_07_27_15_30_46_125.jpg,0,1,0,30.18993
D:\DPS 920\DPS920_final_project\IMG\center_2026_07_27_15_30_46_201.jpg,D:\DPS 920\DPS920_final_project\IMG\left_2026_07_27_15_30_46_201.jpg,D:\DPS 920\DPS920_final_project\IMG\right_2026_07_27_15_30_46_201.jpg,0,1,0,30.18994
D:\DPS 920\DPS920_final_project\IMG\center_2026_07_27_15_30_46_277.jpg,D:\DPS 920\DPS920_final_project\IMG\left_2026_07_27_15_30_46_277.jpg,D:\DPS 920\DPS920_final_project\IMG\right_2026_07_27_15_30_46_277.jpg,0,1,0,30.18992
D:\DPS 920\DPS920_final_project\IMG\center_2026_07_27_15_30_46_353.jpg,D:\DPS 920\DPS920_final_project\IMG\left_2026_07_27_15_30_46_353.jpg,D:\DPS 920\DPS920_final_project\IMG\right_2026_07_27_15_30_46_353.jpg,0,1,0,30.18994
D:\DPS 920\DPS920_final_project\IMG\center_2026_07_27_15_30_46_430.jpg,D:\DPS 920\DPS920_final_project\IMG\left_2026_07_27_15_30_46_430.jpg,D:\DPS 920\DPS920_final_project\IMG\right_2026_07_27_15_30_46_430.jpg,0,1,0,30.18993
D:\DPS 920\DPS920_final_project\IMG\center_2026_07_27_15_30_46_508.jpg,D:\DPS 920\DPS920_final_project\IMG\left_2026_07_27_15_30_46_508.jpg,D:\DPS 920\DPS920_final_project\IMG\right_2026_07_27_15_30_46_508.jpg,0,1,0,30.18994
D:\DPS 920\DPS920_final_project\IMG\center_2026_07_27_15_30_46_575.jpg,D:\DPS 920\DPS920_final_project\IMG\left_2026_07_27_15_30_46_575.jpg,D:\DPS 920\DPS920_final_project\IMG\right_2026_07_27_15_30_46_575.jpg,0,1,0,30.18995
D:\DPS 920\DPS920_final_project\IMG\center_2026_07_27_15_30_46_645.jpg,D:\DPS 920\DPS920_final_project\IMG\left_2026_07_27_15_30_46_645.jpg,D:\DPS 920\DPS920_final_project\IMG\right_2026_07_27_15_30_46_645.jpg,0,1,0,30.18994
D:\DPS 920\DPS920_final_project\IMG\center_2026_07_27_15_30_46_713.jpg,D:\DPS 920\DPS920_final_project\IMG\left_2026_07_27_15_30_46_713.jpg,D:\DPS 920\DPS920_final_project\IMG\right_2026_07_27_15_30_46_713.jpg,0,1,0,30.18993
D:\DPS 920\DPS920_final_project\IMG\center_2026_07_27_15_30_46_784.jpg,D:\DPS 920\DPS920_final_project\IMG\left_2026_07_27_15_30_46_784.jpg,D:\DPS 920\DPS920_final_project\IMG\right_2026_07_27_15_30_46_784.jpg,0,1,0,30.18994
D:\DPS 920\DPS920_final_project\IMG\center_2026_07_27_15_30_46_852.jpg,D:\DPS 920\DPS920_final_project\IMG\left_2026_07_27_15_30_46_852.jpg,D:\DPS 920\DPS920_final_project\IMG\right_2026_07_27_15_30_46_852.jpg,0,1,0,30.18994
D:\DPS 920\DPS920_final_project\IMG\center_2026_07_27_15_30_46_921.jpg,D:\DPS 920\DPS920_final_project\IMG\left_2026_07_27_15_30_46_921.jpg,D:\DPS 920\DPS920_final_project\IMG\right_2026_07_27_15_30_46_921.jpg,0,1,0,30.18994
D:\DPS 920\DPS920_final_project\IMG\center_2026_07_27_15_30_46_989.jpg,D:\DPS 920\DPS920_final_project\IMG\left_2026_07_27_15_30_46_989.jpg,D:\DPS 920\DPS920_final_project\IMG\right_2026_07_27_15_30_46_989.jpg,0,1,0,30.18993
D:\DPS 920\DPS920_final_project\IMG\center_2026_07_27_15_30_47_058.jpg,D:\DPS 920\DPS920_final_project\IMG\left_2026_07_27_15_30_47_058.jpg,D:\DPS 920\DPS920_final_project\IMG\right_2026_07_27_15_30_47_058.jpg,0,1,0,30.18993
D:\DPS 920\DPS920_final_project\IMG\center_2026_07_27_15_30_47_127.jpg,D:\DPS 920\DPS920_final_project\IMG\left_2026_07_27_15_30_47_127.jpg,D:\DPS 920\DPS920_final_project\IMG\right_2026_07_27_15_30_47_127.jpg,0,1,0,30.18993
D:\DPS 920\DPS920_final_project\IMG\center_2026_07_27_15_30_47_196.jpg,D:\DPS 920\DPS920_final_project\IMG\left_2026_07_27_15_30_47_196.jpg,D:\DPS 920\DPS920_final_project\IMG\right_2026_07_27_15_30_47_196.jpg,0,1,0,30.18993
D:\DPS 920\DPS920_final_project\IMG\center_2026_07_27_15_30_47_267.jpg,D:\DPS 920\DPS920_final_project\IMG\left_2026_07_27_15_30_47_267.jpg,D:\DPS 920\DPS920_final_project\IMG\right_2026_07_27_15_30_47_267.jpg,0,1,0,30.18993
D:\DPS 920\DPS920_final_project\IMG\center_2026_07_27_15_30_47_338.jpg,D:\DPS 920\DPS920_final_project\IMG\left_2026_07_27_15_30_47_338.jpg,D:\DPS 920\DPS920_final_project\IMG\right_2026_07_27_15_30_47_338.jpg,0,1,0,30.19027
D:\DPS 920\DPS920_final_project\IMG\center_2026_07_27_15_30_47_409.jpg,D:\DPS 920\DPS920_final_project\IMG\left_2026_07_27_15_30_47_409.jpg,D:\DPS 920\DPS920_final_project\IMG\right_2026_07_27_15_30_47_409.jpg,0,1,0,30.18987
D:\DPS 920\DPS920_final_project\IMG\center_2026_07_27_15_30_47_480.jpg,D:\DPS 920\DPS920_final_project\IMG\left_2026_07_27_15_30_47_480.jpg,D:\DPS 920\DPS920_final_project\IMG\right_2026_07_27_15_30_47_480.jpg,0,1,0,30.18992
D:\DPS 920\DPS920_final_project\IMG\center_2026_07_27_15_30_47_549.jpg,D:\DPS 920\DPS920_final_project\IMG\left_2026_07_27_15_30_47_549.jpg,D:\DPS 920\DPS920_final_project\IMG\right_2026_07_27_15_30_47_549.jpg,-0.15,1,0,30.18424
D:\DPS 920\DPS920_final_project\IMG\center_2026_07_27_15_30_47_617.jpg,D:\DPS 920\DPS920_final_project\IMG\left_2026_07_27_15_30_47_617.jpg,D:\DPS 920\DPS920_final_project\IMG\right_2026_07_27_15_30_47_617.jpg,0,1,0,30.18958
D:\DPS 920\DPS920_final_project\IMG\center_2026_07_27_15_30_47_685.jpg,D:\DPS 920\DPS920_final_project\IMG\left_2026_07_27_15_30_47_685.jpg,D:\DPS 920\DPS920_final_project\IMG\right_2026_07_27_15_30_47_685.jpg,-0.1,1,0,30.18807
D:\DPS 920\DPS920_final_project\IMG\center_2026_07_27_15_30_47_755.jpg,D:\DPS 920\DPS920_final_project\IMG\left_2026_07_27_15_30_47_755.jpg,D:\DPS 920\DPS920_final_project\IMG\right_2026_07_27_15_30_47_755.jpg,0,1,0,30.19028
D:\DPS 920\DPS920_final_project\IMG\center_2026_07_27_15_30_47_824.jpg,D:\DPS 920\DPS920_final_project\IMG\left_2026_07_27_15_30_47_824.jpg,D:\DPS 920\DPS920_final_project\IMG\right_2026_07_27_15_30_47_824.jpg,0,1,0,30.18991
D:\DPS 920\DPS920_final_project\IMG\center_2026_07_27_15_30_47_892.jpg,D:\DPS 920\DPS920_final_project\IMG\left_2026_07_27_15_30_47_892.jpg,D:\DPS 920\DPS920_final_project\IMG\right_2026_07_27_15_30_47_892.jpg,-0.15,1,0,30.18493
D:\DPS 920\DPS920_final_project\IMG\center_2026_07_27_15_30_47_969.jpg,D:\DPS 920\DPS920_final_project\IMG\left_2026_07_27_15_30_47_969.jpg,D:\DPS 920\DPS920_final_project\IMG\right_2026_07_27_15_30_47_969.jpg,0,1,0,30.06786
D:\DPS 920\DPS920_final_project\IMG\center_2026_07_27_15_30_48_036.jpg,D:\DPS 920\DPS920_final_project\IMG\left_2026_07_27_15_30_48_036.jpg,D:\DPS 920\DPS920_final_project\IMG\right_2026_07_27_15_30_48_036.jpg,-0.1,1,0,29.7052
D:\DPS 920\DPS920_final_project\IMG\center_2026_07_27_15_30_48_104.jpg,D:\DPS 920\DPS920_final_project\IMG\left_2026_07_27_15_30_48_104.jpg,D:\DPS 920\DPS920_final_project\IMG\right_2026_07_27_15_30_48_104.jpg,0,1,0,30.12718
D:\DPS 920\DPS920_final_project\IMG\center_2026_07_27_15_30_48_173.jpg,D:\DPS 920\DPS920_final_project\IMG\left_2026_07_27_15_30_48_173.jpg,D:\DPS 920\DPS920_final_project\IMG\right_2026_07_27_15_30_48_173.jpg,0,1,0,30.08031
D:\DPS 920\DPS920_final_project\IMG\center_2026_07_27_15_30_48_245.jpg,D:\DPS 920\DPS920_final_project\IMG\left_2026_07_27_15_30_48_245.jpg,D:\DPS 920\DPS920_final_project\IMG\right_2026_07_27_15_30_48_245.jpg,-0.2,1,0,29.874
D:\DPS 920\DPS920_final_project\IMG\center_2026_07_27_15_30_48_315.jpg,D:\DPS 920\DPS920_final_project\IMG\left_2026_07_27_15_30_48_315.jpg,D:\DPS 920\DPS920_final_project\IMG\right_2026_07_27_15_30_48_315.jpg,0,1,0,30.21955
D:\DPS 920\DPS920_final_project\IMG\center_2026_07_27_15_30_48_385.jpg,D:\DPS 920\DPS920_final_project\IMG\left_2026_07_27_15_30_48_385.jpg,D:\DPS 920\DPS920_final_project\IMG\right_2026_07_27_15_30_48_385.jpg,0,1,0,30.18895
D:\DPS 920\DPS920_final_project\IMG\center_2026_07_27_15_30_48_456.jpg,D:\DPS 920\DPS920_final_project\IMG\left_2026_07_27_15_30_48_456.jpg,D:\DPS 920\DPS920_final_project\IMG\right_2026_07_27_15_30_48_456.jpg,0,1,0,30.19041
D:\DPS 920\DPS920_final_project\IMG\center_2026_07_27_15_30_48_526.jpg,D:\DPS 920\DPS920_final_project\IMG\left_2026_07_27_15_30_48_526.jpg,D:\DPS 920\DPS920_final_project\IMG\right_2026_07_27_15_30_48_526.jpg,0,1,0,30.1907
D:\DPS 920\DPS920_final_project\IMG\center_2026_07_27_15_30_48_595.jpg,D:\DPS 920\DPS920_final_project\IMG\left_2026_07_27_15_30_48_595.jpg,D:\DPS 920\DPS920_final_project\IMG\right_2026_07_27_15_30_48_595.jpg,0,1,0,30.19058
D:\DPS 920\DPS920_final_project\IMG\center_2026_07_27_15_30_48_666.jpg,D:\DPS 920\DPS920_final_project\IMG\left_2026_07_27_15_30_48_666.jpg,D:\DPS 920\DPS920_final_project\IMG\right_2026_07_27_15_30_48_666.jpg,0,1,0,30.1904
D:\DPS 920\DPS920_final_project\IMG\center_2026_07_27_15_30_48_736.jpg,D:\DPS 920\DPS920_final_project\IMG\left_2026_07_27_15_30_48_736.jpg,D:\DPS 920\DPS920_final_project\IMG\right_2026_07_27_15_30_48_736.jpg,-0.05,1,0,30.18978
D:\DPS 920\DPS920_final_project\IMG\center_2026_07_27_15_30_48_805.jpg,D:\DPS 920\DPS920_final_project\IMG\left_2026_07_27_15_30_48_805.jpg,D:\DPS 920\DPS920_final_project\IMG\right_2026_07_27_15_30_48_805.jpg,0,1,0,30.1873
D:\DPS 920\DPS920_final_project\IMG\center_2026_07_27_15_30_48_875.jpg,D:\DPS 920\DPS920_final_project\IMG\left_2026_07_27_15_30_48_875.jpg,D:\DPS 920\DPS920_final_project\IMG\right_2026_07_27_15_30_48_875.jpg,-0.05,1,0,30.19021
D:\DPS 920\DPS920_final_project\IMG\center_2026_07_27_15_30_48_946.jpg,D:\DPS 920\DPS920_final_project\IMG\left_2026_07_27_15_30_48_946.jpg,D:\DPS 920\DPS920_final_project\IMG\right_2026_07_27_15_30_48_946.jpg,-0.25,1,0,30.17681
D:\DPS 920\DPS920_final_project\IMG\center_2026_07_27_15_30_49_016.jpg,D:\DPS 920\DPS920_final_project\IMG\left_2026_07_27_15_30_49_016.jpg,D:\DPS 920\DPS920_final_project\IMG\right_2026_07_27_15_30_49_016.jpg,0,1,0,30.18933
D:\DPS 920\DPS920_final_project\IMG\center_2026_07_27_15_30_49_087.jpg,D:\DPS 920\DPS920_final_project\IMG\left_2026_07_27_15_30_49_087.jpg,D:\DPS 920\DPS920_final_project\IMG\right_2026_07_27_15_30_49_087.jpg,-0.15,1,0,30.18664
D:\DPS 920\DPS920_final_project\IMG\center_2026_07_27_15_30_49_158.jpg,D:\DPS 920\DPS920_final_project\IMG\left_2026_07_27_15_30_49_158.jpg,D:\DPS 920\DPS920_final_project\IMG\right_2026_07_27_15_30_49_158.jpg,0,1,0,30.19016
D:\DPS 920\DPS920_final_project\IMG\center_2026_07_27_15_30_49_233.jpg,D:\DPS 920\DPS920_final_project\IMG\left_2026_07_27_15_30_49_233.jpg,D:\DPS 920\DPS920_final_project\IMG\right_2026_07_27_15_30_49_233.jpg,-0.1,1,0,30.18878
D:\DPS 920\DPS920_final_project\IMG\center_2026_07_27_15_30_49_307.jpg,D:\DPS 920\DPS920_final_project\IMG\left_2026_07_27_15_30_49_307.jpg,D:\DPS 920\DPS920_final_project\IMG\right_2026_07_27_15_30_49_307.jpg,0,1,0,30.19061
D:\DPS 920\DPS920_final_project\IMG\center_2026_07_27_15_30_49_375.jpg,D:\DPS 920\DPS920_final_project\IMG\left_2026_07_27_15_30_49_375.jpg,D:\DPS 920\DPS920_final_project\IMG\right_2026_07_27_15_30_49_375.jpg,0,1,0,30.19014
D:\DPS 920\DPS920_final_project\IMG\center_2026_07_27_15_30_49_445.jpg,D:\DPS 920\DPS920_final_project\IMG\left_2026_07_27_15_30_49_445.jpg,D:\DPS 920\DPS920_final_project\IMG\right_2026_07_27_15_30_49_445.jpg,0,1,0,30.19026
D:\DPS 920\DPS920_final_project\IMG\center_2026_07_27_15_30_49_514.jpg,D:\DPS 920\DPS920_final_project\IMG\left_2026_07_27_15_30_49_514.jpg,D:\DPS 920\DPS920_final_project\IMG\right_2026_07_27_15_30_49_514.jpg,0,1,0,30.19029
D:\DPS 920\DPS920_final_project\IMG\center_2026_07_27_15_30_49_584.jpg,D:\DPS 920\DPS920_final_project\IMG\left_2026_07_27_15_30_49_584.jpg,D:\DPS 920\DPS920_final_project\IMG\right_2026_07_27_15_30_49_584.jpg,-0.1,1,0,30.18795
D:\DPS 920\DPS920_final_project\IMG\center_2026_07_27_15_30_49_652.jpg,D:\DPS 920\DPS920_final_project\IMG\left_2026_07_27_15_30_49_652.jpg,D:\DPS 920\DPS920_final_project\IMG\right_2026_07_27_15_30_49_652.jpg,0,1,0,30.19083
D:\DPS 920\DPS920_final_project\IMG\center_2026_07_27_15_30_49_724.jpg,D:\DPS 920\DPS920_final_project\IMG\left_2026_07_27_15_30_49_724.jpg,D:\DPS 920\DPS920_final_project\IMG\right_2026_07_27_15_30_49_724.jpg,-0.05,1,0,30.18994
D:\DPS 920\DPS920_final_project\IMG\center_2026_07_27_15_30_49_793.jpg,D:\DPS 920\DPS920_final_project\IMG\left_2026_07_27_15_30_49_793.jpg,D:\DPS 920\DPS920_final_project\IMG\right_2026_07_27_15_30_49_793.jpg,-0.2,1,0,30.18083
D:\DPS 920\DPS920_final_project\IMG\center_2026_07_27_15_30_49_861.jpg,D:\DPS 920\DPS920_final_project\IMG\left_2026_07_27_15_30_49_861.jpg,D:\DPS 920\DPS920_final_project\IMG\right_2026_07_27_15_30_49_861.jpg,0,1,0,30.19024
D:\DPS 920\DPS920_final_project\IMG\center_2026_07_27_15_30_49_931.jpg,D:\DPS 920\DPS920_final_project\IMG\left_2026_07_27_15_30_49_931.jpg,D:\DPS 920\DPS920_final_project\IMG\right_2026_07_27_15_30_49_931.jpg,-0.15,1,0,30.18592
D:\DPS 920\DPS920_final_project\IMG\center_2026_07_27_15_30_50_003.jpg,D:\DPS 920\DPS920_final_project\IMG\left_2026_07_27_15_30_50_003.jpg,D:\DPS 920\DPS920_final_project\IMG\right_2026_07_27_15_30_50_003.jpg,0,1,0,30.19046
D:\DPS 920\DPS920_final_project\IMG\center_2026_07_27_15_30_50_073.jpg,D:\DPS 920\DPS920_final_project\IMG\left_2026_07_27_15_30_50_073.jpg,D:\DPS 920\DPS920_final_project\IMG\right_2026_07_27_15_30_50_073.jpg,-0.1,1,0,30.18958
D:\DPS 920\DPS920_final_project\IMG\center_2026_07_27_15_30_50_143.jpg,D:\DPS 920\DPS920_final_project\IMG\left_2026_07_27_15_30_50_143.jpg,D:\DPS 920\DPS920_final_project\IMG\right_2026_07_27_15_30_50_143.jpg,0,1,0,30.1869
D:\DPS 920\DPS920_final_project\IMG\center_2026_07_27_15_30_50_212.jpg,D:\DPS 920\DPS920_final_project\IMG\left_2026_07_27_15_30_50_212.jpg,D:\DPS 920\DPS920_final_project\IMG\right_2026_07_27_15_30_50_212.jpg,0,1,0,30.1899
D:\DPS 920\DPS920_final_project\IMG\center_2026_07_27_15_30_50_280.jpg,D:\DPS 920\DPS920_final_project\IMG\left_2026_07_27_15_30_50_280.jpg,D:\DPS 920\DPS920_final_project\IMG\right_2026_07_27_15_30_50_280.jpg,-0.2,1,0,30.18174
D:\DPS 920\DPS920_final_project\IMG\center_2026_07_27_15_30_50_348.jpg,D:\DPS 920\DPS920_final_project\IMG\left_2026_07_27_15_30_50_348.jpg,D:\DPS 920\DPS920_final_project\IMG\right_2026_07_27_15_30_50_348.jpg,0,1,0,30.18937
D:\DPS 920\DPS920_final_project\IMG\center_2026_07_27_15_30_50_426.jpg,D:\DPS 920\DPS920_final_project\IMG\left_2026_07_27_15_30_50_426.jpg,D:\DPS 920\DPS920_final_project\IMG\right_2026_07_27_15_30_50_426.jpg,-0.1,1,0,30.1901
D:\DPS 920\DPS920_final_project\IMG\center_2026_07_27_15_30_50_501.jpg,D:\DPS 920\DPS920_final_project\IMG\left_2026_07_27_15_30_50_501.jpg,D:\DPS 920\DPS920_final_project\IMG\right_2026_07_27_15_30_50_501.jpg,0,1,0,30.18987
D:\DPS 920\DPS920_final_project\IMG\center_2026_07_27_15_30_50_577.jpg,D:\DPS 920\DPS920_final_project\IMG\left_2026_07_27_15_30_50_577.jpg,D:\DPS 920\DPS920_final_project\IMG\right_2026_07_27_15_30_50_577.jpg,-0.05,1,0,30.18947
D:\DPS 920\DPS920_final_project\IMG\center_2026_07_27_15_30_50_653.jpg,D:\DPS 920\DPS920_final_project\IMG\left_2026_07_27_15_30_50_653.jpg,D:\DPS 920\DPS920_final_project\IMG\right_2026_07_27_15_30_50_653.jpg,-0.25,1,0,30.17647
D:\DPS 920\DPS920_final_project\IMG\center_2026_07_27_15_30_50_729.jpg,D:\DPS 920\DPS920_final_project\IMG\left_2026_07_27_15_30_50_729.jpg,D:\DPS 920\DPS920_final_project\IMG\right_2026_07_27_15_30_50_729.jpg,0,1,0,30.18962
D:\DPS 920\DPS920_final_project\IMG\center_2026_07_27_15_30_50_803.jpg,D:\DPS 920\DPS920_final_project\IMG\left_2026_07_27_15_30_50_803.jpg,D:\DPS 920\DPS920_final_project\IMG\right_2026_07_27_15_30_50_803.jpg,-0.15,1,0,30.18558
D:\DPS 920\DPS920_final_project\IMG\center_2026_07_27_15_30_50_876.jpg,D:\DPS 920\DPS920_final_project\IMG\left_2026_07_27_15_30_50_876.jpg,D:\DPS 920\DPS920_final_project\IMG\right_2026_07_27_15_30_50_876.jpg,0,1,0,30.18512
D:\DPS 920\DPS920_final_project\IMG\center_2026_07_27_15_30_50_950.jpg,D:\DPS 920\DPS920_final_project\IMG\left_2026_07_27_15_30_50_950.jpg,D:\DPS 920\DPS920_final_project\IMG\right_2026_07_27_15_30_50_950.jpg,-0.05,1,0,30.18978
D:\DPS 920\DPS920_final_project\IMG\center_2026_07_27_15_30_51_025.jpg,D:\DPS 920\DPS920_final_project\IMG\left_2026_07_27_15_30_51_025.jpg,D:\DPS 920\DPS920_final_project\IMG\right_2026_07_27_15_30_51_025.jpg,-0.25,1,0,30.17694
D:\DPS 920\DPS920_final_project\IMG\center_2026_07_27_15_30_51_100.jpg,D:\DPS 920\DPS920_final_project\IMG\left_2026_07_27_15_30_51_100.jpg,D:\DPS 920\DPS920_final_project\IMG\right_2026_07_27_15_30_51_100.jpg,0,1,0,30.1903
D:\DPS 920\DPS920_final_project\IMG\center_2026_07_27_15_30_51_175.jpg,D:\DPS 920\DPS920_final_project\IMG\left_2026_07_27_15_30_51_175.jpg,D:\DPS 920\DPS920_final_project\IMG\right_2026_07_27_15_30_51_175.jpg,0,1,0,30.18991
D:\DPS 920\DPS920_final_project\IMG\center_2026_07_27_15_30_51_251.jpg,D:\DPS 920\DPS920_final_project\IMG\left_2026_07_27_15_30_51_251.jpg,D:\DPS 920\DPS920_final_project\IMG\right_2026_07_27_15_30_51_251.jpg,0,1,0,30.19209
D:\DPS 920\DPS920_final_project\IMG\center_2026_07_27_15_30_51_327.jpg,D:\DPS 920\DPS920_final_project\IMG\left_2026_07_27_15_30_51_327.jpg,D:\DPS 920\DPS920_final_project\IMG\right_2026_07_27_15_30_51_327.jpg,0,1,0,30.19214
D:\DPS 920\DPS920_final_project\IMG\center_2026_07_27_15_30_51_404.jpg,D:\DPS 920\DPS920_final_project\IMG\left_2026_07_27_15_30_51_404.jpg,D:\DPS 920\DPS920_final_project\IMG\right_2026_07_27_15_30_51_404.jpg,-0.2,1,0,30.17965
D:\DPS 920\DPS920_final_project\IMG\center_2026_07_27_15_30_51_480.jpg,D:\DPS 920\DPS920_final_project\IMG\left_2026_07_27_15_30_51_480.jpg,D:\DPS 920\DPS920_final_project\IMG\right_2026_07_27_15_30_51_480.jpg,0,1,0,30.18781
D:\DPS 920\DPS920_final_project\IMG\center_2026_07_27_15_30_51_554.jpg,D:\DPS 920\DPS920_final_project\IMG\left_2026_07_27_15_30_51_554.jpg,D:\DPS 920\DPS920_final_project\IMG\right_2026_07_27_15_30_51_554.jpg,-0.1,1,0,30.18924
D:\DPS 920\DPS920_final_project\IMG\center_2026_07_27_15_30_51_631.jpg,D:\DPS 920\DPS920_final_project\IMG\left_2026_07_27_15_30_51_631.jpg,D:\DPS 920\DPS920_final_project\IMG\right_2026_07_27_15_30_51_631.jpg,0,1,0,30.18982
D:\DPS 920\DPS920_final_project\IMG\center_2026_07_27_15_30_51_705.jpg,D:\DPS 920\DPS920_final_project\IMG\left_2026_07_27_15_30_51_705.jpg,D:\DPS 920\DPS920_final_project\IMG\right_2026_07_27_15_30_51_705.jpg,-0.05,1,0,30.19117
D:\DPS 920\DPS920_final_project\IMG\center_2026_07_27_15_30_51_778.jpg,D:\DPS 920\DPS920_final_project\IMG\left_2026_07_27_15_30_51_778.jpg,D:\DPS 920\DPS920_final_project\IMG\right_2026_07_27_15_30_51_778.jpg,-0.2,1,0,30.18077
D:\DPS 920\DPS920_final_project\IMG\center_2026_07_27_15_30_51_851.jpg,D:\DPS 920\DPS920_final_project\IMG\left_2026_07_27_15_30_51_851.jpg,D:\DPS 920\DPS920_final_project\IMG\right_2026_07_27_15_30_51_851.jpg,-0.05,1,0,30.19017
D:\DPS 920\DPS920_final_project\IMG\center_2026_07_27_15_30_51_923.jpg,D:\DPS 920\DPS920_final_project\IMG\left_2026_07_27_15_30_51_923.jpg,D:\DPS 920\DPS920_final_project\IMG\right_2026_07_27_15_30_51_923.jpg,-0.25,1,0,30.17806
D:\DPS 920\DPS920_final_project\IMG\center_2026_07_27_15_30_51_999.jpg,D:\DPS 920\DPS920_final_project\IMG\left_2026_07_27_15_30_51_999.jpg,D:\DPS 920\DPS920_final_project\IMG\right_2026_07_27_15_30_51_999.jpg,0,1,0,30.18932
D:\DPS 920\DPS920_final_project\IMG\center_2026_07_27_15_30_52_076.jpg,D:\DPS 920\DPS920_final_project\IMG\left_2026_07_27_15_30_52_076.jpg,D:\DPS 920\DPS920_final_project\IMG\right_2026_07_27_15_30_52_076.jpg,-0.15,1,0,30.18889
D:\DPS 920\DPS920_final_project\IMG\center_2026_07_27_15_30_52_153.jpg,D:\DPS 920\DPS920_final_project\IMG\left_2026_07_27_15_30_52_153.jpg,D:\DPS 920\DPS920_final_project\IMG\right_2026_07_27_15_30_52_153.jpg,0,1,0,30.18646
D:\DPS 920\DPS920_final_project\IMG\center_2026_07_27_15_30_52_231.jpg,D:\DPS 920\DPS920_final_project\IMG\left_2026_07_27_15_30_52_231.jpg,D:\DPS 920\DPS920_final_project\IMG\right_2026_07_27_15_30_52_231.jpg,-0.1,1,0,30.19009
D:\DPS 920\DPS920_final_project\IMG\center_2026_07_27_15_30_52_308.jpg,D:\DPS 920\DPS920_final_project\IMG\left_2026_07_27_15_30_52_308.jpg,D:\DPS 920\DPS920_final_project\IMG\right_2026_07_27_15_30_52_308.jpg,0,1,0,30.18847
D:\DPS 920\DPS920_final_project\IMG\center_2026_07_27_15_30_52_383.jpg,D:\DPS 920\DPS920_final_project\IMG\left_2026_07_27_15_30_52_383.jpg,D:\DPS 920\DPS920_final_project\IMG\right_2026_07_27_15_30_52_383.jpg,-0.1,1,0,30.19068
D:\DPS 920\DPS920_final_project\IMG\center_2026_07_27_15_30_52_450.jpg,D:\DPS 920\DPS920_final_project\IMG\left_2026_07_27_15_30_52_450.jpg,D:\DPS 920\DPS920_final_project\IMG\right_2026_07_27_15_30_52_450.jpg,-0.25,1,0,30.17907
D:\DPS 920\DPS920_final_project\IMG\center_2026_07_27_15_30_52_528.jpg,D:\DPS 920\DPS920_final_project\IMG\left_2026_07_27_15_30_52_528.jpg,D:\DPS 920\DPS920_final_project\IMG\right_2026_07_27_15_30_52_528.jpg,-0.45,1,0,30.15505
D:\DPS 920\DPS920_final_project\IMG\center_2026_07_27_15_30_52_595.jpg,D:\DPS 920\DPS920_final_project\IMG\left_2026_07_27_15_30_52_595.jpg,D:\DPS 920\DPS920_final_project\IMG\right_2026_07_27_15_30_52_595.jpg,-0.6000001,1,0,30.1344
D:\DPS 920\DPS920_final_project\IMG\center_2026_07_27_15_30_52_666.jpg,D:\DPS 920\DPS920_final_project\IMG\left_2026_07_27_15_30_52_666.jpg,D:\DPS 920\DPS920_final_project\IMG\right_2026_07_27_15_30_52_666.jpg,-0.8000001,1,0,30.11065
D:\DPS 920\DPS920_final_project\IMG\center_2026_07_27_15_30_52_740.jpg,D:\DPS 920\DPS920_final_project\IMG\left_2026_07_27_15_30_52_740.jpg,D:\DPS 920\DPS920_final_project\IMG\right_2026_07_27_15_30_52_740.jpg,-1,1,0,30.09363
D:\DPS 920\DPS920_final_project\IMG\center_2026_07_27_15_30_52_815.jpg,D:\DPS 920\DPS920_final_project\IMG\left_2026_07_27_15_30_52_815.jpg,D:\DPS 920\DPS920_final_project\IMG\right_2026_07_27_15_30_52_815.jpg,0,1,0,30.16925
D:\DPS 920\DPS920_final_project\IMG\center_2026_07_27_15_30_52_887.jpg,D:\DPS 920\DPS920_final_project\IMG\left_2026_07_27_15_30_52_887.jpg,D:\DPS 920\DPS920_final_project\IMG\right_2026_07_27_15_30_52_887.jpg,0,1,0,30.18112
D:\DPS 920\DPS920_final_project\IMG\center_2026_07_27_15_30_52_961.jpg,D:\DPS 920\DPS920_final_project\IMG\left_2026_07_27_15_30_52_961.jpg,D:\DPS 920\DPS920_final_project\IMG\right_2026_07_27_15_30_52_961.jpg,0,1,0,30.1888
D:\DPS 920\DPS920_final_project\IMG\center_2026_07_27_15_30_53_035.jpg,D:\DPS 920\DPS920_final_project\IMG\left_2026_07_27_15_30_53_035.jpg,D:\DPS 920\DPS920_final_project\IMG\right_2026_07_27_15_30_53_035.jpg,0,1,0,30.19066
D:\DPS 920\DPS920_final_project\IMG\center_2026_07_27_15_30_53_109.jpg,D:\DPS 920\DPS920_final_project\IMG\left_2026_07_27_15_30_53_109.jpg,D:\DPS 920\DPS920_final_project\IMG\right_2026_07_27_15_30_53_109.jpg,0,1,0,30.19041
D:\DPS 920\DPS920_final_project\IMG\center_2026_07_27_15_30_53_184.jpg,D:\DPS 920\DPS920_final_project\IMG\left_2026_07_27_15_30_53_184.jpg,D:\DPS 920\DPS920_final_project\IMG\right_2026_07_27_15_30_53_184.jpg,-0.15,1,0,30.18443
D:\DPS 920\DPS920_final_project\IMG\center_2026_07_27_15_30_53_258.jpg,D:\DPS 920\DPS920_final_project\IMG\left_2026_07_27_15_30_53_258.jpg,D:\DPS 920\DPS920_final_project\IMG\right_2026_07_27_15_30_53_258.jpg,0,1,0,30.19209
D:\DPS 920\DPS920_final_project\IMG\center_2026_07_27_15_30_53_333.jpg,D:\DPS 920\DPS920_final_project\IMG\left_2026_07_27_15_30_53_333.jpg,D:\DPS 920\DPS920_final_project\IMG\right_2026_07_27_15_30_53_333.jpg,-0.1,1,0,30.19016
D:\DPS 920\DPS920_final_project\IMG\center_2026_07_27_15_30_53_408.jpg,D:\DPS 920\DPS920_final_project\IMG\left_2026_07_27_15_30_53_408.jpg,D:\DPS 920\DPS920_final_project\IMG\right_2026_07_27_15_30_53_408.jpg,-0.3,1,0,30.17221
D:\DPS 920\DPS920_final_project\IMG\center_2026_07_27_15_30_53_482.jpg,D:\DPS 920\DPS920_final_project\IMG\left_2026_07_27_15_30_53_482.jpg,D:\DPS 920\DPS920_final_project\IMG\right_2026_07_27_15_30_53_482.jpg,-0.05,1,0,30.1915
D:\DPS 920\DPS920_final_project\IMG\center_2026_07_27_15_30_53_557.jpg,D:\DPS 920\DPS920_final_project\IMG\left_2026_07_27_15_30_53_557.jpg,D:\DPS 920\DPS920_final_project\IMG\right_2026_07_27_15_30_53_557.jpg,-0.2,1,0,30.18486
D:\DPS 920\DPS920_final_project\IMG\center_2026_07_27_15_30_53_631.jpg,D:\DPS 920\DPS920_final_project\IMG\left_2026_07_27_15_30_53_631.jpg,D:\DPS 920\DPS920_final_project\IMG\right_2026_07_27_15_30_53_631.jpg,0,1,0,30.19056
D:\DPS 920\DPS920_final_project\IMG\center_2026_07_27_15_30_53_709.jpg,D:\DPS 920\DPS920_final_project\IMG\left_2026_07_27_15_30_53_709.jpg,D:\DPS 920\DPS920_final_project\IMG\right_2026_07_27_15_30_53_709.jpg,-0.15,1,0,30.18868
D:\DPS 920\DPS920_final_project\IMG\center_2026_07_27_15_30_53_785.jpg,D:\DPS 920\DPS920_final_project\IMG\left_2026_07_27_15_30_53_785.jpg,D:\DPS 920\DPS920_final_project\IMG\right_2026_07_27_15_30_53_785.jpg,0,1,0,30.1864
D:\DPS 920\DPS920_final_project\IMG\center_2026_07_27_15_30_53_862.jpg,D:\DPS 920\DPS920_final_project\IMG\left_2026_07_27_15_30_53_862.jpg,D:\DPS 920\DPS920_final_project\IMG\right_2026_07_27_15_30_53_862.jpg,-0.15,1,0,30.1889
D:\DPS 920\DPS920_final_project\IMG\center_2026_07_27_15_30_53_938.jpg,D:\DPS 920\DPS920_final_project\IMG\left_2026_07_27_15_30_53_938.jpg,D:\DPS 920\DPS920_final_project\IMG\right_2026_07_27_15_30_53_938.jpg,-0.35,1,0,30.16783
D:\DPS 920\DPS920_final_project\IMG\center_2026_07_27_15_30_54_015.jpg,D:\DPS 920\DPS920_final_project\IMG\left_2026_07_27_15_30_54_015.jpg,D:\DPS 920\DPS920_final_project\IMG\right_2026_07_27_15_30_54_015.jpg,-0.5000001,1,0,30.14878
D:\DPS 920\DPS920_final_project\IMG\center_2026_07_27_15_30_54_089.jpg,D:\DPS 920\DPS920_final_project\IMG\left_2026_07_27_15_30_54_089.jpg,D:\DPS 920\DPS920_final_project\IMG\right_2026_07_27_15_30_54_089.jpg,-0.7,1,0,30.12373
D:\DPS 920\DPS920_final_project\IMG\center_2026_07_27_15_30_54_162.jpg,D:\DPS 920\DPS920_final_project\IMG\left_2026_07_27_15_30_54_162.jpg,D:\DPS 920\DPS920_final_project\IMG\right_2026_07_27_15_30_54_162.jpg,-0.9000002,1,0,30.10168
D:\DPS 920\DPS920_final_project\IMG\center_2026_07_27_15_30_54_235.jpg,D:\DPS 920\DPS920_final_project\IMG\left_2026_07_27_15_30_54_235.jpg,D:\DPS 920\DPS920_final_project\IMG\right_2026_07_27_15_30_54_235.jpg,0,1,0,30.17857
D:\DPS 920\DPS920_final_project\IMG\center_2026_07_27_15_30_54_314.jpg,D:\DPS 920\DPS920_final_project\IMG\left_2026_07_27_15_30_54_314.jpg,D:\DPS 920\DPS920_final_project\IMG\right_2026_07_27_15_30_54_314.jpg,0,1,0,30.18794
D:\DPS 920\DPS920_final_project\IMG\center_2026_07_27_15_30_54_381.jpg,D:\DPS 920\DPS920_final_project\IMG\left_2026_07_27_15_30_54_381.jpg,D:\DPS 920\DPS920_final_project\IMG\right_2026_07_27_15_30_54_381.jpg,0,1,0,30.19008
D:\DPS 920\DPS920_final_project\IMG\center_2026_07_27_15_30_54_459.jpg,D:\DPS 920\DPS920_final_project\IMG\left_2026_07_27_15_30_54_459.jpg,D:\DPS 920\DPS920_final_project\IMG\right_2026_07_27_15_30_54_459.jpg,0,1,0,30.19028
D:\DPS 920\DPS920_final_project\IMG\center_2026_07_27_15_30_54_537.jpg,D:\DPS 920\DPS920_final_project\IMG\left_2026_07_27_15_30_54_537.jpg,D:\DPS 920\DPS920_final_project\IMG\right_2026_07_27_15_30_54_537.jpg,0,1,0,30.19032
D:\DPS 920\DPS920_final_project\IMG\center_2026_07_27_15_30_54_615.jpg,D:\DPS 920\DPS920_final_project\IMG\left_2026_07_27_15_30_54_615.jpg,D:\DPS 920\DPS920_final_project\IMG\right_2026_07_27_15_30_54_615.jpg,-0.05,1,0,30.18964
D:\DPS 920\DPS920_final_project\IMG\center_2026_07_27_15_30_54_693.jpg,D:\DPS 920\DPS920_final_project\IMG\left_2026_07_27_15_30_54_693.jpg,D:\DPS 920\DPS920_final_project\IMG\right_2026_07_27_15_30_54_693.jpg,-0.25,1,0,30.17513
D:\DPS 920\DPS920_final_project\IMG\center_2026_07_27_15_30_54_761.jpg,D:\DPS 920\DPS920_final_project\IMG\left_2026_07_27_15_30_54_761.jpg,D:\DPS 920\DPS920_final_project\IMG\right_2026_07_27_15_30_54_761.jpg,-0.05,1,0,30.19027
D:\DPS 920\DPS920_final_project\IMG\center_2026_07_27_15_30_54_840.jpg,D:\DPS 920\DPS920_final_project\IMG\left_2026_07_27_15_30_54_840.jpg,D:\DPS 920\DPS920_final_project\IMG\right_2026_07_27_15_30_54_840.jpg,-0.25,1,0,30.1776
D:\DPS 920\DPS920_final_project\IMG\center_2026_07_27_15_30_54_919.jpg,D:\DPS 920\DPS920_final_project\IMG\left_2026_07_27_15_30_54_919.jpg,D:\DPS 920\DPS920_final_project\IMG\right_2026_07_27_15_30_54_919.jpg,-0.05,1,0,30.18958
D:\DPS 920\DPS920_final_project\IMG\center_2026_07_27_15_30_54_996.jpg,D:\DPS 920\DPS920_final_project\IMG\left_2026_07_27_15_30_54_996.jpg,D:\DPS 920\DPS920_final_project\IMG\right_2026_07_27_15_30_54_996.jpg,-0.2,1,0,30.18458
D:\DPS 920\DPS920_final_project\IMG\center_2026_07_27_15_30_55_067.jpg,D:\DPS 920\DPS920_final_project\IMG\left_2026_07_27_15_30_55_067.jpg,D:\DPS 920\DPS920_final_project\IMG\right_2026_07_27_15_30_55_067.jpg,0,1,0,30.18914
D:\DPS 920\DPS920_final_project\IMG\center_2026_07_27_15_30_55_135.jpg,D:\DPS 920\DPS920_final_project\IMG\left_2026_07_27_15_30_55_135.jpg,D:\DPS 920\DPS920_final_project\IMG\right_2026_07_27_15_30_55_135.jpg,-0.1,1,0,30.1895
D:\DPS 920\DPS920_final_project\IMG\center_2026_07_27_15_30_55_205.jpg,D:\DPS 920\DPS920_final_project\IMG\left_2026_07_27_15_30_55_205.jpg,D:\DPS 920\DPS920_final_project\IMG\right_2026_07_27_15_30_55_205.jpg,0,1,0,30.18688
D:\DPS 920\DPS920_final_project\IMG\center_2026_07_27_15_30_55_273.jpg,D:\DPS 920\DPS920_final_project\IMG\left_2026_07_27_15_30_55_273.jpg,D:\DPS 920\DPS920_final_project\IMG\right_2026_07_27_15_30_55_273.jpg,-0.05,1,0,30.18981
D:\DPS 920\DPS920_final_project\IMG\center_2026_07_27_15_30_55_353.jpg,D:\DPS 920\DPS920_final_project\IMG\left_2026_07_27_15_30_55_353.jpg,D:\DPS 920\DPS920_final_project\IMG\right_2026_07_27_15_30_55_353.jpg,-0.25,1,0,30.17822
D:\DPS 920\DPS920_final_project\IMG\center_2026_07_27_15_30_55_421.jpg,D:\DPS 920\DPS920_final_project\IMG\left_2026_07_27_15_30_55_421.jpg,D:\DPS 920\DPS920_final_project\IMG\right_2026_07_27_15_30_55_421.jpg,-0.1,1,0,30.18987
D:\DPS 920\DPS920_final_project\IMG\center_2026_07_27_15_30_55_488.jpg,D:\DPS 920\DPS920_final_project\IMG\left_2026_07_27_15_30_55_488.jpg,D:\DPS 920\DPS920_final_project\IMG\right_2026_07_27_15_30_55_488.jpg,-0.25,1,0,30.18109
D:\DPS 920\DPS920_final_project\IMG\center_2026_07_27_15_30_55_564.jpg,D:\DPS 920\DPS920_final_project\IMG\left_2026_07_27_15_30_55_564.jpg,D:\DPS 920\DPS920_final_project\IMG\right_2026_07_27_15_30_55_564.jpg,0,1,0,30.18886
D:\DPS 920\DPS920_final_project\IMG\center_2026_07_27_15_30_55_641.jpg,D:\DPS 920\DPS920_final_project\IMG\left_2026_07_27_15_30_55_641.jpg,D:\DPS 920\DPS920_final_project\IMG\right_2026_07_27_15_30_55_641.jpg,-0.15,1,0,30.18766
D:\DPS 920\DPS920_final_project\IMG\center_2026_07_27_15_30_55_709.jpg,D:\DPS 920\DPS920_final_project\IMG\left_2026_07_27_15_30_55_709.jpg,D:\DPS 920\DPS920_final_project\IMG\right_2026_07_27_15_30_55_709.jpg,0,1,0,30.18984
D:\DPS 920\DPS920_final_project\IMG\center_2026_07_27_15_30_55_786.jpg,D:\DPS 920\DPS920_final_project\IMG\left_2026_07_27_15_30_55_786.jpg,D:\DPS 920\DPS920_final_project\IMG\right_2026_07_27_15_30_55_786.jpg,-0.05,1,0,30.19001
D:\DPS 920\DPS920_final_project\IMG\center_2026_07_27_15_30_55_863.jpg,D:\DPS 920\DPS920_final_project\IMG\left_2026_07_27_15_30_55_863.jpg,D:\DPS 920\DPS920_final_project\IMG\right_2026_07_27_15_30_55_863.jpg,-0.25,1,0,30.17657
D:\DPS 920\DPS920_final_project\IMG\center_2026_07_27_15_30_55_941.jpg,D:\DPS 920\DPS920_final_project\IMG\left_2026_07_27_15_30_55_941.jpg,D:\DPS 920\DPS920_final_project\IMG\right_2026_07_27_15_30_55_941.jpg,0,1,0,30.18937
D:\DPS 920\DPS920_final_project\IMG\center_2026_07_27_15_30_56_010.jpg,D:\DPS 920\DPS920_final_project\IMG\left_2026_07_27_15_30_56_010.jpg,D:\DPS 920\DPS920_final_project\IMG\right_2026_07_27_15_30_56_010.jpg,-0.05,1,0,30.19056
D:\DPS 920\DPS920_final_project\IMG\center_2026_07_27_15_30_56_077.jpg,D:\DPS 920\DPS920_final_project\IMG\left_2026_07_27_15_30_56_077.jpg,D:\DPS 920\DPS920_final_project\IMG\right_2026_07_27_15_30_56_077.jpg,0,1,0,30.1893
D:\DPS 920\DPS920_final_project\IMG\center_2026_07_27_15_30_56_145.jpg,D:\DPS 920\DPS920_final_project\IMG\left_2026_07_27_15_30_56_145.jpg,D:\DPS 920\DPS920_final_project\IMG\right_2026_07_27_15_30_56_145.jpg,0,1,0,30.19013
D:\DPS 920\DPS920_final_project\IMG\center_2026_07_27_15_30_56_225.jpg,D:\DPS 920\DPS920_final_project\IMG\left_2026_07_27_15_30_56_225.jpg,D:\DPS 920\DPS920_final_project\IMG\right_2026_07_27_15_30_56_225.jpg,0,1,0,30.19031
D:\DPS 920\DPS920_final_project\IMG\center_2026_07_27_15_30_56_293.jpg,D:\DPS 920\DPS920_final_project\IMG\left_2026_07_27_15_30_56_293.jpg,D:\DPS 920\DPS920_final_project\IMG\right_2026_07_27_15_30_56_293.jpg,0,1,0,30.18989
D:\DPS 920\DPS920_final_project\IMG\center_2026_07_27_15_30_56_372.jpg,D:\DPS 920\DPS920_final_project\IMG\left_2026_07_27_15_30_56_372.jpg,D:\DPS 920\DPS920_final_project\IMG\right_2026_07_27_15_30_56_372.jpg,-0.15,1,0,30.18484
D:\DPS 920\DPS920_final_project\IMG\center_2026_07_27_15_30_56_447.jpg,D:\DPS 920\DPS920_final_project\IMG\left_2026_07_27_15_30_56_447.jpg,D:\DPS 920\DPS920_final_project\IMG\right_2026_07_27_15_30_56_447.jpg,0,1,0,30.19078
D:\DPS 920\DPS920_final_project\IMG\center_2026_07_27_15_30_56_523.jpg,D:\DPS 920\DPS920_final_project\IMG\left_2026_07_27_15_30_56_523.jpg,D:\DPS 920\DPS920_final_project\IMG\right_2026_07_27_15_30_56_523.jpg,-0.05,1,0,30.19001
D:\DPS 920\DPS920_final_project\IMG\center_2026_07_27_15_30_56_596.jpg,D:\DPS 920\DPS920_final_project\IMG\left_2026_07_27_15_30_56_596.jpg,D:\DPS 920\DPS920_final_project\IMG\right_2026_07_27_15_30_56_596.jpg,-0.2,1,0,30.1823
D:\DPS 920\DPS920_final_project\IMG\center_2026_07_27_15_30_56_672.jpg,D:\DPS 920\DPS920_final_project\IMG\left_2026_07_27_15_30_56_672.jpg,D:\DPS 920\DPS920_final_project\IMG\right_2026_07_27_15_30_56_672.jpg,0,1,0,30.19018
D:\DPS 920\DPS920_final_project\IMG\center_2026_07_27_15_30_56_748.jpg,D:\DPS 920\DPS920_final_project\IMG\left_2026_07_27_15_30_56_748.jpg,D:\DPS 920\DPS920_final_project\IMG\right_2026_07_27_15_30_56_748.jpg,0,1,0,30.19077
D:\DPS 920\DPS920_final_project\IMG\center_2026_07_27_15_30_56_823.jpg,D:\DPS 920\DPS920_final_project\IMG\left_2026_07_27_15_30_56_823.jpg,D:\DPS 920\DPS920_final_project\IMG\right_2026_07_27_15_30_56_823.jpg,0,1,0,30.1903
D:\DPS 920\DPS920_final_project\IMG\center_2026_07_27_15_30_56_899.jpg,D:\DPS 920\DPS920_final_project\IMG\left_2026_07_27_15_30_56_899.jpg,D:\DPS 920\DPS920_final_project\IMG\right_2026_07_27_15_30_56_899.jpg,0,1,0,30.19034
D:\DPS 920\DPS920_final_project\IMG\center_2026_07_27_15_30_56_976.jpg,D:\DPS 920\DPS920_final_project\IMG\left_2026_07_27_15_30_56_976.jpg,D:\DPS 920\DPS920_final_project\IMG\right_2026_07_27_15_30_56_976.jpg,0,1,0,30.19063
D:\DPS 920\DPS920_final_project\IMG\center_2026_07_27_15_30_57_052.jpg,D:\DPS 920\DPS920_final_project\IMG\left_2026_07_27_15_30_57_052.jpg,D:\DPS 920\DPS920_final_project\IMG\right_2026_07_27_15_30_57_052.jpg,0,1,0,30.19027
D:\DPS 920\DPS920_final_project\IMG\center_2026_07_27_15_30_57_126.jpg,D:\DPS 920\DPS920_final_project\IMG\left_2026_07_27_15_30_57_126.jpg,D:\DPS 920\DPS920_final_project\IMG\right_2026_07_27_15_30_57_126.jpg,0,1,0,30.1903
D:\DPS 920\DPS920_final_project\IMG\center_2026_07_27_15_30_57_196.jpg,D:\DPS 920\DPS920_final_project\IMG\left_2026_07_27_15_30_57_196.jpg,D:\DPS 920\DPS920_final_project\IMG\right_2026_07_27_15_30_57_196.jpg,0,1,0,30.19031
D:\DPS 920\DPS920_final_project\IMG\center_2026_07_27_15_30_57_272.jpg,D:\DPS 920\DPS920_final_project\IMG\left_2026_07_27_15_30_57_272.jpg,D:\DPS 920\DPS920_final_project\IMG\right_2026_07_27_15_30_57_272.jpg,0,1,0,30.19027
D:\DPS 920\DPS920_final_project\IMG\center_2026_07_27_15_30_57_345.jpg,D:\DPS 920\DPS920_final_project\IMG\left_2026_07_27_15_30_57_345.jpg,D:\DPS 920\DPS920_final_project\IMG\right_2026_07_27_15_30_57_345.jpg,0,1,0,30.19022
D:\DPS 920\DPS920_final_project\IMG\center_2026_07_27_15_30_57_420.jpg,D:\DPS 920\DPS920_final_project\IMG\left_2026_07_27_15_30_57_420.jpg,D:\DPS 920\DPS920_final_project\IMG\right_2026_07_27_15_30_57_420.jpg,-0.15,1,0,30.18447
D:\DPS 920\DPS920_final_project\IMG\center_2026_07_27_15_30_57_493.jpg,D:\DPS 920\DPS920_final_project\IMG\left_2026_07_27_15_30_57_493.jpg,D:\DPS 920\DPS920_final_project\IMG\right_2026_07_27_15_30_57_493.jpg,-0.3,1,0,30.16948
D:\DPS 920\DPS920_final_project\IMG\center_2026_07_27_15_30_57_565.jpg,D:\DPS 920\DPS920_final_project\IMG\left_2026_07_27_15_30_57_565.jpg,D:\DPS 920\DPS920_final_project\IMG\right_2026_07_27_15_30_57_565.jpg,0,1,0,30.1898
D:\DPS 920\DPS920_final_project\IMG\center_2026_07_27_15_30_57_638.jpg,D:\DPS 920\DPS920_final_project\IMG\left_2026_07_27_15_30_57_638.jpg,D:\DPS 920\DPS920_final_project\IMG\right_2026_07_27_15_30_57_638.jpg,-0.1,1,0,30.18939
D:\DPS 920\DPS920_final_project\IMG\center_2026_07_27_15_30_57_716.jpg,D:\DPS 920\DPS920_final_project\IMG\left_2026_07_27_15_30_57_716.jpg,D:\DPS 920\DPS920_final_project\IMG\right_2026_07_27_15_30_57_716.jpg,0,1,0,30.19027
D:\DPS 920\DPS920_final_project\IMG\center_2026_07_27_15_30_57_792.jpg,D:\DPS 920\DPS920_final_project\IMG\left_2026_07_27_15_30_57_792.jpg,D:\DPS 920\DPS920_final_project\IMG\right_2026_07_27_15_30_57_792.jpg,0,1,0,30.19049
D:\DPS 920\DPS920_final_project\IMG\center_2026_07_27_15_30_57_863.jpg,D:\DPS 920\DPS920_final_project\IMG\left_2026_07_27_15_30_57_863.jpg,D:\DPS 920\DPS920_final_project\IMG\right_2026_07_27_15_30_57_863.jpg,0,1,0,30.19035
D:\DPS 920\DPS920_final_project\IMG\center_2026_07_27_15_30_57_934.jpg,D:\DPS 920\DPS920_final_project\IMG\left_2026_07_27_15_30_57_934.jpg,D:\DPS 920\DPS920_final_project\IMG\right_2026_07_27_15_30_57_934.jpg,0,1,0,30.1904
D:\DPS 920\DPS920_final_project\IMG\center_2026_07_27_15_30_58_006.jpg,D:\DPS 920\DPS920_final_project\IMG\left_2026_07_27_15_30_58_006.jpg,D:\DPS 920\DPS920_final_project\IMG\right_2026_07_27_15_30_58_006.jpg,0,1,0,30.19039
D:\DPS 920\DPS920_final_project\IMG\center_2026_07_27_15_30_58_078.jpg,D:\DPS 920\DPS920_final_project\IMG\left_2026_07_27_15_30_58_078.jpg,D:\DPS 920\DPS920_final_project\IMG\right_2026_07_27_15_30_58_078.jpg,0,1,0,30.19034
D:\DPS 920\DPS920_final_project\IMG\center_2026_07_27_15_30_58_151.jpg,D:\DPS 920\DPS920_final_project\IMG\left_2026_07_27_15_30_58_151.jpg,D:\DPS 920\DPS920_final_project\IMG\right_2026_07_27_15_30_58_151.jpg,0,1,0,30.19036
D:\DPS 920\DPS920_final_project\IMG\center_2026_07_27_15_30_58_222.jpg,D:\DPS 920\DPS920_final_project\IMG\left_2026_07_27_15_30_58_222.jpg,D:\DPS 920\DPS920_final_project\IMG\right_2026_07_27_15_30_58_222.jpg,0,1,0,30.19038
D:\DPS 920\DPS920_final_project\IMG\center_2026_07_27_15_30_58_293.jpg,D:\DPS 920\DPS920_final_project\IMG\left_2026_07_27_15_30_58_293.jpg,D:\DPS 920\DPS920_final_project\IMG\right_2026_07_27_15_30_58_293.jpg,0,1,0,30.19036
D:\DPS 920\DPS920_final_project\IMG\center_2026_07_27_15_30_58_363.jpg,D:\DPS 920\DPS920_final_project\IMG\left_2026_07_27_15_30_58_363.jpg,D:\DPS 920\DPS920_final_project\IMG\right_2026_07_27_15_30_58_363.jpg,0,1,0,30.19033
D:\DPS 920\DPS920_final_project\IMG\center_2026_07_27_15_30_58_433.jpg,D:\DPS 920\DPS920_final_project\IMG\left_2026_07_27_15_30_58_433.jpg,D:\DPS 920\DPS920_final_project\IMG\right_2026_07_27_15_30_58_433.jpg,0,1,0,30.19031
D:\DPS 920\DPS920_final_project\IMG\center_2026_07_27_15_30_58_504.jpg,D:\DPS 920\DPS920_final_project\IMG\left_2026_07_27_15_30_58_504.jpg,D:\DPS 920\DPS920_final_project\IMG\right_2026_07_27_15_30_58_504.jpg,0,1,0,30.19033
D:\DPS 920\DPS920_final_project\IMG\center_2026_07_27_15_30_58_573.jpg,D:\DPS 920\DPS920_final_project\IMG\left_2026_07_27_15_30_58_573.jpg,D:\DPS 920\DPS920_final_project\IMG\right_2026_07_27_15_30_58_573.jpg,0,1,0,30.19022
D:\DPS 920\DPS920_final_project\IMG\center_2026_07_27_15_30_58_640.jpg,D:\DPS 920\DPS920_final_project\IMG\left_2026_07_27_15_30_58_640.jpg,D:\DPS 920\DPS920_final_project\IMG\right_2026_07_27_15_30_58_640.jpg,-0.1,1,0,30.18786
D:\DPS 920\DPS920_final_project\IMG\center_2026_07_27_15_30_58_707.jpg,D:\DPS 920\DPS920_final_project\IMG\left_2026_07_27_15_30_58_707.jpg,D:\DPS 920\DPS920_final_project\IMG\right_2026_07_27_15_30_58_707.jpg,0,1,0,30.1873
D:\DPS 920\DPS920_final_project\IMG\center_2026_07_27_15_30_58_784.jpg,D:\DPS 920\DPS920_final_project\IMG\left_2026_07_27_15_30_58_784.jpg,D:\DPS 920\DPS920_final_project\IMG\right_2026_07_27_15_30_58_784.jpg,0,1,0,30.19018
D:\DPS 920\DPS920_final_project\IMG\center_2026_07_27_15_30_58_861.jpg,D:\DPS 920\DPS920_final_project\IMG\left_2026_07_27_15_30_58_861.jpg,D:\DPS 920\DPS920_final_project\IMG\right_2026_07_27_15_30_58_861.jpg,0,1,0,30.19035
D:\DPS 920\DPS920_final_project\IMG\center_2026_07_27_15_30_58_935.jpg,D:\DPS 920\DPS920_final_project\IMG\left_2026_07_27_15_30_58_935.jpg,D:\DPS 920\DPS920_final_project\IMG\right_2026_07_27_15_30_58_935.jpg,0,1,0,30.19029
D:\DPS 920\DPS920_final_project\IMG\center_2026_07_27_15_30_59_008.jpg,D:\DPS 920\DPS920_final_project\IMG\left_2026_07_27_15_30_59_008.jpg,D:\DPS 920\DPS920_final_project\IMG\right_2026_07_27_15_30_59_008.jpg,0,1,0,30.19034
D:\DPS 920\DPS920_final_project\IMG\center_2026_07_27_15_30_59_078.jpg,D:\DPS 920\DPS920_final_project\IMG\left_2026_07_27_15_30_59_078.jpg,D:\DPS 920\DPS920_final_project\IMG\right_2026_07_27_15_30_59_078.jpg,0,1,0,30.19037
D:\DPS 920\DPS920_final_project\IMG\center_2026_07_27_15_30_59_146.jpg,D:\DPS 920\DPS920_final_project\IMG\left_2026_07_27_15_30_59_146.jpg,D:\DPS 920\DPS920_final_project\IMG\right_2026_07_27_15_30_59_146.jpg,0,1,0,30.19029
D:\DPS 920\DPS920_final_project\IMG\center_2026_07_27_15_30_59_223.jpg,D:\DPS 920\DPS920_final_project\IMG\left_2026_07_27_15_30_59_223.jpg,D:\DPS 920\DPS920_final_project\IMG\right_2026_07_27_15_30_59_223.jpg,0,1,0,30.19023
D:\DPS 920\DPS920_final_project\IMG\center_2026_07_27_15_30_59_290.jpg,D:\DPS 920\DPS920_final_project\IMG\left_2026_07_27_15_30_59_290.jpg,D:\DPS 920\DPS920_final_project\IMG\right_2026_07_27_15_30_59_290.jpg,0,1,0,30.19034
D:\DPS 920\DPS920_final_project\IMG\center_2026_07_27_15_30_59_359.jpg,D:\DPS 920\DPS920_final_project\IMG\left_2026_07_27_15_30_59_359.jpg,D:\DPS 920\DPS920_final_project\IMG\right_2026_07_27_15_30_59_359.jpg,0,1,0,30.19032
D:\DPS 920\DPS920_final_project\IMG\center_2026_07_27_15_30_59_430.jpg,D:\DPS 920\DPS920_final_project\IMG\left_2026_07_27_15_30_59_430.jpg,D:\DPS 920\DPS920_final_project\IMG\right_2026_07_27_15_30_59_430.jpg,0,1,0,30.19022
D:\DPS 920\DPS920_final_project\IMG\center_2026_07_27_15_30_59_498.jpg,D:\DPS 920\DPS920_final_project\IMG\left_2026_07_27_15_30_59_498.jpg,D:\DPS 920\DPS920_final_project\IMG\right_2026_07_27_15_30_59_498.jpg,0,1,0,30.19037
D:\DPS 920\DPS920_final_project\IMG\center_2026_07_27_15_30_59_575.jpg,D:\DPS 920\DPS920_final_project\IMG\left_2026_07_27_15_30_59_575.jpg,D:\DPS 920\DPS920_final_project\IMG\right_2026_07_27_15_30_59_575.jpg,0,1,0,30.19027
D:\DPS 920\DPS920_final_project\IMG\center_2026_07_27_15_30_59_650.jpg,D:\DPS 920\DPS920_final_project\IMG\left_2026_07_27_15_30_59_650.jpg,D:\DPS 920\DPS920_final_project\IMG\right_2026_07_27_15_30_59_650.jpg,0,1,0,30.19028
D:\DPS 920\DPS920_final_project\IMG\center_2026_07_27_15_30_59_726.jpg,D:\DPS 920\DPS920_final_project\IMG\left_2026_07_27_15_30_59_726.jpg,D:\DPS 920\DPS920_final_project\IMG\right_2026_07_27_15_30_59_726.jpg,0.05,1,0,30.18975
D:\DPS 920\DPS920_final_project\IMG\center_2026_07_27_15_30_59_800.jpg,D:\DPS 920\DPS920_final_project\IMG\left_2026_07_27_15_30_59_800.jpg,D:\DPS 920\DPS920_final_project\IMG\right_2026_07_27_15_30_59_800.jpg,0.25,1,0,30.1747
D:\DPS 920\DPS920_final_project\IMG\center_2026_07_27_15_30_59_874.jpg,D:\DPS 920\DPS920_final_project\IMG\left_2026_07_27_15_30_59_874.jpg,D:\DPS 920\DPS920_final_project\IMG\right_2026_07_27_15_30_59_874.jpg,0,1,0,30.18929
D:\DPS 920\DPS920_final_project\IMG\center_2026_07_27_15_30_59_947.jpg,D:\DPS 920\DPS920_final_project\IMG\left_2026_07_27_15_30_59_947.jpg,D:\DPS 920\DPS920_final_project\IMG\right_2026_07_27_15_30_59_947.jpg,0,1,0,30.19018
D:\DPS 920\DPS920_final_project\IMG\center_2026_07_27_15_31_00_021.jpg,D:\DPS 920\DPS920_final_project\IMG\left_2026_07_27_15_31_00_021.jpg,D:\DPS 920\DPS920_final_project\IMG\right_2026_07_27_15_31_00_021.jpg,0,1,0,30.19028
D:\DPS 920\DPS920_final_project\IMG\center_2026_07_27_15_31_00_092.jpg,D:\DPS 920\DPS920_final_project\IMG\left_2026_07_27_15_31_00_092.jpg,D:\DPS 920\DPS920_final_project\IMG\right_2026_07_27_15_31_00_092.jpg,0,1,0,30.19034
D:\DPS 920\DPS920_final_project\IMG\center_2026_07_27_15_31_00_162.jpg,D:\DPS 920\DPS920_final_project\IMG\left_2026_07_27_15_31_00_162.jpg,D:\DPS 920\DPS920_final_project\IMG\right_2026_07_27_15_31_00_162.jpg,0.1,1,0,30.18795
D:\DPS 920\DPS920_final_project\IMG\center_2026_07_27_15_31_00_232.jpg,D:\DPS 920\DPS920_final_project\IMG\left_2026_07_27_15_31_00_232.jpg,D:\DPS 920\DPS920_final_project\IMG\right_2026_07_27_15_31_00_232.jpg,0.25,1,0,30.17519
D:\DPS 920\DPS920_final_project\IMG\center_2026_07_27_15_31_00_303.jpg,D:\DPS 920\DPS920_final_project\IMG\left_2026_07_27_15_31_00_303.jpg,D:\DPS 920\DPS920_final_project\IMG\right_2026_07_27_15_31_00_303.jpg,0,1,0,30.19013
D:\DPS 920\DPS920_final_project\IMG\center_2026_07_27_15_31_00_375.jpg,D:\DPS 920\DPS920_final_project\IMG\left_2026_07_27_15_31_00_375.jpg,D:\DPS 920\DPS920_final_project\IMG\right_2026_07_27_15_31_00_375.jpg,0.15,1,0,30.18637
D:\DPS 920\DPS920_final_project\IMG\center_2026_07_27_15_31_00_443.jpg,D:\DPS 920\DPS920_final_project\IMG\left_2026_07_27_15_31_00_443.jpg,D:\DPS 920\DPS920_final_project\IMG\right_2026_07_27_15_31_00_443.jpg,0,1,0,30.18539
D:\DPS 920\DPS920_final_project\IMG\center_2026_07_27_15_31_00_510.jpg,D:\DPS 920\DPS920_final_project\IMG\left_2026_07_27_15_31_00_510.jpg,D:\DPS 920\DPS920_final_project\IMG\right_2026_07_27_15_31_00_510.jpg,0.05,1,0,30.19012
D:\DPS 920\DPS920_final_project\IMG\center_2026_07_27_15_31_00_586.jpg,D:\DPS 920\DPS920_final_project\IMG\left_2026_07_27_15_31_00_586.jpg,D:\DPS 920\DPS920_final_project\IMG\right_2026_07_27_15_31_00_586.jpg,0.25,1,0,30.1788
D:\DPS 920\DPS920_final_project\IMG\center_2026_07_27_15_31_00_656.jpg,D:\DPS 920\DPS920_final_project\IMG\left_2026_07_27_15_31_00_656.jpg,D:\DPS 920\DPS920_final_project\IMG\right_2026_07_27_15_31_00_656.jpg,0.4,1,0,30.16149
D:\DPS 920\DPS920_final_project\IMG\center_2026_07_27_15_31_00_729.jpg,D:\DPS 920\DPS920_final_project\IMG\left_2026_07_27_15_31_00_729.jpg,D:\DPS 920\DPS920_final_project\IMG\right_2026_07_27_15_31_00_729.jpg,0,1,0,30.18827
D:\DPS 920\DPS920_final_project\IMG\center_2026_07_27_15_31_00_799.jpg,D:\DPS 920\DPS920_final_project\IMG\left_2026_07_27_15_31_00_799.jpg,D:\DPS 920\DPS920_final_project\IMG\right_2026_07_27_15_31_00_799.jpg,0,1,0,30.18968
D:\DPS 920\DPS920_final_project\IMG\center_2026_07_27_15_31_00_868.jpg,D:\DPS 920\DPS920_final_project\IMG\left_2026_07_27_15_31_00_868.jpg,D:\DPS 920\DPS920_final_project\IMG\right_2026_07_27_15_31_00_868.jpg,0,1,0,30.19041
D:\DPS 920\DPS920_final_project\IMG\center_2026_07_27_15_31_00_935.jpg,D:\DPS 920\DPS920_final_project\IMG\left_2026_07_27_15_31_00_935.jpg,D:\DPS 920\DPS920_final_project\IMG\right_2026_07_27_15_31_00_935.jpg,0,1,0,30.19013
D:\DPS 920\DPS920_final_project\IMG\center_2026_07_27_15_31_01_010.jpg,D:\DPS 920\DPS920_final_project\IMG\left_2026_07_27_15_31_01_010.jpg,D:\DPS 920\DPS920_final_project\IMG\right_2026_07_27_15_31_01_010.jpg,0,1,0,30.19008
D:\DPS 920\DPS920_final_project\IMG\center_2026_07_27_15_31_01_081.jpg,D:\DPS 920\DPS920_final_project\IMG\left_2026_07_27_15_31_01_081.jpg,D:\DPS 920\DPS920_final_project\IMG\right_2026_07_27_15_31_01_081.jpg,0.2,1,0,30.17969
D:\DPS 920\DPS920_final_project\IMG\center_2026_07_27_15_31_01_154.jpg,D:\DPS 920\DPS920_final_project\IMG\left_2026_07_27_15_31_01_154.jpg,D:\DPS 920\DPS920_final_project\IMG\right_2026_07_27_15_31_01_154.jpg,0,1,0,30.19013
D:\DPS 920\DPS920_final_project\IMG\center_2026_07_27_15_31_01_225.jpg,D:\DPS 920\DPS920_final_project\IMG\left_2026_07_27_15_31_01_225.jpg,D:\DPS 920\DPS920_final_project\IMG\right_2026_07_27_15_31_01_225.jpg,0,1,0,30.19028
D:\DPS 920\DPS920_final_project\IMG\center_2026_07_27_15_31_01_300.jpg,D:\DPS 920\DPS920_final_project\IMG\left_2026_07_27_15_31_01_300.jpg,D:\DPS 920\DPS920_final_project\IMG\right_2026_07_27_15_31_01_300.jpg,0.2,1,0,30.18116
D:\DPS 920\DPS920_final_project\IMG\center_2026_07_27_15_31_01_371.jpg,D:\DPS 920\DPS920_final_project\IMG\left_2026_07_27_15_31_01_371.jpg,D:\DPS 920\DPS920_final_project\IMG\right_2026_07_27_15_31_01_371.jpg,0.35,1,0,30.16302
D:\DPS 920\DPS920_final_project\IMG\center_2026_07_27_15_31_01_439.jpg,D:\DPS 920\DPS920_final_project\IMG\left_2026_07_27_15_31_01_439.jpg,D:\DPS 920\DPS920_final_project\IMG\right_2026_07_27_15_31_01_439.jpg,0.05,1,0,30.18889
D:\DPS 920\DPS920_final_project\IMG\center_2026_07_27_15_31_01_512.jpg,D:\DPS 920\DPS920_final_project\IMG\left_2026_07_27_15_31_01_512.jpg,D:\DPS 920\DPS920_final_project\IMG\right_2026_07_27_15_31_01_512.jpg,0.2,1,0,30.18596
D:\DPS 920\DPS920_final_project\IMG\center_2026_07_27_15_31_01_584.jpg,D:\DPS 920\DPS920_final_project\IMG\left_2026_07_27_15_31_01_584.jpg,D:\DPS 920\DPS920_final_project\IMG\right_2026_07_27_15_31_01_584.jpg,0,1,0,30.18809
D:\DPS 920\DPS920_final_project\IMG\center_2026_07_27_15_31_01_653.jpg,D:\DPS 920\DPS920_final_project\IMG\left_2026_07_27_15_31_01_653.jpg,D:\DPS 920\DPS920_final_project\IMG\right_2026_07_27_15_31_01_653.jpg,0,1,0,30.18895
D:\DPS 920\DPS920_final_project\IMG\center_2026_07_27_15_31_01_723.jpg,D:\DPS 920\DPS920_final_project\IMG\left_2026_07_27_15_31_01_723.jpg,D:\DPS 920\DPS920_final_project\IMG\right_2026_07_27_15_31_01_723.jpg,0.1,1,0,30.18926
D:\DPS 920\DPS920_final_project\IMG\center_2026_07_27_15_31_01_791.jpg,D:\DPS 920\DPS920_final_project\IMG\left_2026_07_27_15_31_01_791.jpg,D:\DPS 920\DPS920_final_project\IMG\right_2026_07_27_15_31_01_791.jpg,0.25,1,0,30.17704
D:\DPS 920\DPS920_final_project\IMG\center_2026_07_27_15_31_01_861.jpg,D:\DPS 920\DPS920_final_project\IMG\left_2026_07_27_15_31_01_861.jpg,D:\DPS 920\DPS920_final_project\IMG\right_2026_07_27_15_31_01_861.jpg,0,1,0,30.18889
D:\DPS 920\DPS920_final_project\IMG\center_2026_07_27_15_31_01_930.jpg,D:\DPS 920\DPS920_final_project\IMG\left_2026_07_27_15_31_01_930.jpg,D:\DPS 920\DPS920_final_project\IMG\right_2026_07_27_15_31_01_930.jpg,0.1,1,0,30.18986
D:\DPS 920\DPS920_final_project\IMG\center_2026_07_27_15_31_01_999.jpg,D:\DPS 920\DPS920_final_project\IMG\left_2026_07_27_15_31_01_999.jpg,D:\DPS 920\DPS920_final_project\IMG\right_2026_07_27_15_31_01_999.jpg,0.3,1,0,30.17232
D:\DPS 920\DPS920_final_project\IMG\center_2026_07_27_15_31_02_069.jpg,D:\DPS 920\DPS920_final_project\IMG\left_2026_07_27_15_31_02_069.jpg,D:\DPS 920\DPS920_final_project\IMG\right_2026_07_27_15_31_02_069.jpg,0,1,0,30.1871
D:\DPS 920\DPS920_final_project\IMG\center_2026_07_27_15_31_02_140.jpg,D:\DPS 920\DPS920_final_project\IMG\left_2026_07_27_15_31_02_140.jpg,D:\DPS 920\DPS920_final_project\IMG\right_2026_07_27_15_31_02_140.jpg,0.1,1,0,30.18982
D:\DPS 920\DPS920_final_project\IMG\center_2026_07_27_15_31_02_208.jpg,D:\DPS 920\DPS920_final_project\IMG\left_2026_07_27_15_31_02_208.jpg,D:\DPS 920\DPS920_final_project\IMG\right_2026_07_27_15_31_02_208.jpg,0.25,1,0,30.17785
D:\DPS 920\DPS920_final_project\IMG\center_2026_07_27_15_31_02_279.jpg,D:\DPS 920\DPS920_final_project\IMG\left_2026_07_27_15_31_02_279.jpg,D:\DPS 920\DPS920_final_project\IMG\right_2026_07_27_15_31_02_279.jpg,0,1,0,30.18715
D:\DPS 920\DPS920_final_project\IMG\center_2026_07_27_15_31_02_348.jpg,D:\DPS 920\DPS920_final_project\IMG\left_2026_07_27_15_31_02_348.jpg,D:\DPS 920\DPS920_final_project\IMG\right_2026_07_27_15_31_02_348.jpg,0.1,1,0,30.19042
D:\DPS 920\DPS920_final_project\IMG\center_2026_07_27_15_31_02_415.jpg,D:\DPS 920\DPS920_final_project\IMG\left_2026_07_27_15_31_02_415.jpg,D:\DPS 920\DPS920_final_project\IMG\right_2026_07_27_15_31_02_415.jpg,0.25,1,0,30.17848
D:\DPS 920\DPS920_final_project\IMG\center_2026_07_27_15_31_02_483.jpg,D:\DPS 920\DPS920_final_project\IMG\left_2026_07_27_15_31_02_483.jpg,D:\DPS 920\DPS920_final_project\IMG\right_2026_07_27_15_31_02_483.jpg,0.45,1,0,30.15522
D:\DPS 920\DPS920_final_project\IMG\center_2026_07_27_15_31_02_553.jpg,D:\DPS 920\DPS920_final_project\IMG\left_2026_07_27_15_31_02_553.jpg,D:\DPS 920\DPS920_final_project\IMG\right_2026_07_27_15_31_02_553.jpg,0.6000001,1,0,30.13526
D:\DPS 920\DPS920_final_project\IMG\center_2026_07_27_15_31_02_624.jpg,D:\DPS 920\DPS920_final_project\IMG\left_2026_07_27_15_31_02_624.jpg,D:\DPS 920\DPS920_final_project\IMG\right_2026_07_27_15_31_02_624.jpg,0.8000001,1,0,30.11008
D:\DPS 920\DPS920_final_project\IMG\center_2026_07_27_15_31_02_693.jpg,D:\DPS 920\DPS920_final_project\IMG\left_2026_07_27_15_31_02_693.jpg,D:\DPS 920\DPS920_final_project\IMG\right_2026_07_27_15_31_02_693.jpg,0.9500002,1,0,30.09061
D:\DPS 920\DPS920_final_project\IMG\center_2026_07_27_15_31_02_766.jpg,D:\DPS 920\DPS920_final_project\IMG\left_2026_07_27_15_31_02_766.jpg,D:\DPS 920\DPS920_final_project\IMG\right_2026_07_27_15_31_02_766.jpg,0,1,0,30.16873
D:\DPS 920\DPS920_final_project\IMG\center_2026_07_27_15_31_02_839.jpg,D:\DPS 920\DPS920_final_project\IMG\left_2026_07_27_15_31_02_839.jpg,D:\DPS 920\DPS920_final_project\IMG\right_2026_07_27_15_31_02_839.jpg,0,1,0,30.17489
D:\DPS 920\DPS920_final_project\IMG\center_2026_07_27_15_31_02_908.jpg,D:\DPS 920\DPS920_final_project\IMG\left_2026_07_27_15_31_02_908.jpg,D:\DPS 920\DPS920_final_project\IMG\right_2026_07_27_15_31_02_908.jpg,0,1,0,30.18645
D:\DPS 920\DPS920_final_project\IMG\center_2026_07_27_15_31_02_979.jpg,D:\DPS 920\DPS920_final_project\IMG\left_2026_07_27_15_31_02_979.jpg,D:\DPS 920\DPS920_final_project\IMG\right_2026_07_27_15_31_02_979.jpg,0,1,0,30.18961
D:\DPS 920\DPS920_final_project\IMG\center_2026_07_27_15_31_03_050.jpg,D:\DPS 920\DPS920_final_project\IMG\left_2026_07_27_15_31_03_050.jpg,D:\DPS 920\DPS920_final_project\IMG\right_2026_07_27_15_31_03_050.jpg,0,1,0,30.19176
D:\DPS 920\DPS920_final_project\IMG\center_2026_07_27_15_31_03_122.jpg,D:\DPS 920\DPS920_final_project\IMG\left_2026_07_27_15_31_03_122.jpg,D:\DPS 920\DPS920_final_project\IMG\right_2026_07_27_15_31_03_122.jpg,0,1,0,30.19101
D:\DPS 920\DPS920_final_project\IMG\center_2026_07_27_15_31_03_194.jpg,D:\DPS 920\DPS920_final_project\IMG\left_2026_07_27_15_31_03_194.jpg,D:\DPS 920\DPS920_final_project\IMG\right_2026_07_27_15_31_03_194.jpg,0.15,1,0,30.18534
D:\DPS 920\DPS920_final_project\IMG\center_2026_07_27_15_31_03_268.jpg,D:\DPS 920\DPS920_final_project\IMG\left_2026_07_27_15_31_03_268.jpg,D:\DPS 920\DPS920_final_project\IMG\right_2026_07_27_15_31_03_268.jpg,0.35,1,0,30.16514
D:\DPS 920\DPS920_final_project\IMG\center_2026_07_27_15_31_03_341.jpg,D:\DPS 920\DPS920_final_project\IMG\left_2026_07_27_15_31_03_341.jpg,D:\DPS 920\DPS920_final_project\IMG\right_2026_07_27_15_31_03_341.jpg,0.5500001,1,0,30.13934
D:\DPS 920\DPS920_final_project\IMG\center_2026_07_27_15_31_03_408.jpg,D:\DPS 920\DPS920_final_project\IMG\left_2026_07_27_15_31_03_408.jpg,D:\DPS 920\DPS920_final_project\IMG\right_2026_07_27_15_31_03_408.jpg,0.7,1,0,30.11996
D:\DPS 920\DPS920_final_project\IMG\center_2026_07_27_15_31_03_482.jpg,D:\DPS 920\DPS920_final_project\IMG\left_2026_07_27_15_31_03_482.jpg,D:\DPS 920\DPS920_final_project\IMG\right_2026_07_27_15_31_03_482.jpg,0,1,0,30.17497
D:\DPS 920\DPS920_final_project\IMG\center_2026_07_27_15_31_03_555.jpg,D:\DPS 920\DPS920_final_project\IMG\left_2026_07_27_15_31_03_555.jpg,D:\DPS 920\DPS920_final_project\IMG\right_2026_07_27_15_31_03_555.jpg,0,1,0,30.18305
D:\DPS 920\DPS920_final_project\IMG\center_2026_07_27_15_31_03_630.jpg,D:\DPS 920\DPS920_final_project\IMG\left_2026_07_27_15_31_03_630.jpg,D:\DPS 920\DPS920_final_project\IMG\right_2026_07_27_15_31_03_630.jpg,0.1,1,0,30.19191
D:\DPS 920\DPS920_final_project\IMG\center_2026_07_27_15_31_03_705.jpg,D:\DPS 920\DPS920_final_project\IMG\left_2026_07_27_15_31_03_705.jpg,D:\DPS 920\DPS920_final_project\IMG\right_2026_07_27_15_31_03_705.jpg,0,1,0,30.18899
D:\DPS 920\DPS920_final_project\IMG\center_2026_07_27_15_31_03_781.jpg,D:\DPS 920\DPS920_final_project\IMG\left_2026_07_27_15_31_03_781.jpg,D:\DPS 920\DPS920_final_project\IMG\right_2026_07_27_15_31_03_781.jpg,0,1,0,30.19015
D:\DPS 920\DPS920_final_project\IMG\center_2026_07_27_15_31_03_850.jpg,D:\DPS 920\DPS920_final_project\IMG\left_2026_07_27_15_31_03_850.jpg,D:\DPS 920\DPS920_final_project\IMG\right_2026_07_27_15_31_03_850.jpg,0,1,0,30.19046
D:\DPS 920\DPS920_final_project\IMG\center_2026_07_27_15_31_03_922.jpg,D:\DPS 920\DPS920_final_project\IMG\left_2026_07_27_15_31_03_922.jpg,D:\DPS 920\DPS920_final_project\IMG\right_2026_07_27_15_31_03_922.jpg,0,1,0,30.1909
D:\DPS 920\DPS920_final_project\IMG\center_2026_07_27_15_31_03_993.jpg,D:\DPS 920\DPS920_final_project\IMG\left_2026_07_27_15_31_03_993.jpg,D:\DPS 920\DPS920_final_project\IMG\right_2026_07_27_15_31_03_993.jpg,0.1,1,0,30.18838
D:\DPS 920\DPS920_final_project\IMG\center_2026_07_27_15_31_04_062.jpg,D:\DPS 920\DPS920_final_project\IMG\left_2026_07_27_15_31_04_062.jpg,D:\DPS 920\DPS920_final_project\IMG\right_2026_07_27_15_31_04_062.jpg,0.3,1,0,30.17119
D:\DPS 920\DPS920_final_project\IMG\center_2026_07_27_15_31_04_137.jpg,D:\DPS 920\DPS920_final_project\IMG\left_2026_07_27_15_31_04_137.jpg,D:\DPS 920\DPS920_final_project\IMG\right_2026_07_27_15_31_04_137.jpg,0,1,0,30.18974
D:\DPS 920\DPS920_final_project\IMG\center_2026_07_27_15_31_04_203.jpg,D:\DPS 920\DPS920_final_project\IMG\left_2026_07_27_15_31_04_203.jpg,D:\DPS 920\DPS920_final_project\IMG\right_2026_07_27_15_31_04_203.jpg,0,1,0,30.19062
D:\DPS 920\DPS920_final_project\IMG\center_2026_07_27_15_31_04_272.jpg,D:\DPS 920\DPS920_final_project\IMG\left_2026_07_27_15_31_04_272.jpg,D:\DPS 920\DPS920_final_project\IMG\right_2026_07_27_15_31_04_272.jpg,0,1,0,30.18909
D:\DPS 920\DPS920_final_project\IMG\center_2026_07_27_15_31_04_346.jpg,D:\DPS 920\DPS920_final_project\IMG\left_2026_07_27_15_31_04_346.jpg,D:\DPS 920\DPS920_final_project\IMG\right_2026_07_27_15_31_04_346.jpg,0.2,1,0,30.18155
D:\DPS 920\DPS920_final_project\IMG\center_2026_07_27_15_31_04_423.jpg,D:\DPS 920\DPS920_final_project\IMG\left_2026_07_27_15_31_04_423.jpg,D:\DPS 920\DPS920_final_project\IMG\right_2026_07_27_15_31_04_423.jpg,0,1,0,30.18296
D:\DPS 920\DPS920_final_project\IMG\center_2026_07_27_15_31_04_489.jpg,D:\DPS 920\DPS920_final_project\IMG\left_2026_07_27_15_31_04_489.jpg,D:\DPS 920\DPS920_final_project\IMG\right_2026_07_27_15_31_04_489.jpg,0,1,0,30.18965
D:\DPS 920\DPS920_final_project\IMG\center_2026_07_27_15_31_04_558.jpg,D:\DPS 920\DPS920_final_project\IMG\left_2026_07_27_15_31_04_558.jpg,D:\DPS 920\DPS920_final_project\IMG\right_2026_07_27_15_31_04_558.jpg,0.05,1,0,30.19022
D:\DPS 920\DPS920_final_project\IMG\center_2026_07_27_15_31_04_625.jpg,D:\DPS 920\DPS920_final_project\IMG\left_2026_07_27_15_31_04_625.jpg,D:\DPS 920\DPS920_final_project\IMG\right_2026_07_27_15_31_04_625.jpg,0.25,1,0,30.17799
D:\DPS 920\DPS920_final_project\IMG\center_2026_07_27_15_31_04_693.jpg,D:\DPS 920\DPS920_final_project\IMG\left_2026_07_27_15_31_04_693.jpg,D:\DPS 920\DPS920_final_project\IMG\right_2026_07_27_15_31_04_693.jpg,0,1,0,30.18904
D:\DPS 920\DPS920_final_project\IMG\center_2026_07_27_15_31_04_762.jpg,D:\DPS 920\DPS920_final_project\IMG\left_2026_07_27_15_31_04_762.jpg,D:\DPS 920\DPS920_final_project\IMG\right_2026_07_27_15_31_04_762.jpg,0.05,1,0,30.18996
D:\DPS 920\DPS920_final_project\IMG\center_2026_07_27_15_31_04_829.jpg,D:\DPS 920\DPS920_final_project\IMG\left_2026_07_27_15_31_04_829.jpg,D:\DPS 920\DPS920_final_project\IMG\right_2026_07_27_15_31_04_829.jpg,0.2,1,0,30.18204
D:\DPS 920\DPS920_final_project\IMG\center_2026_07_27_15_31_04_905.jpg,D:\DPS 920\DPS920_final_project\IMG\left_2026_07_27_15_31_04_905.jpg,D:\DPS 920\DPS920_final_project\IMG\right_2026_07_27_15_31_04_905.jpg,0,1,0,30.18375
D:\DPS 920\DPS920_final_project\IMG\center_2026_07_27_15_31_04_972.jpg,D:\DPS 920\DPS920_final_project\IMG\left_2026_07_27_15_31_04_972.jpg,D:\DPS 920\DPS920_final_project\IMG\right_2026_07_27_15_31_04_972.jpg,0,1,0,30.18949
D:\DPS 920\DPS920_final_project\IMG\center_2026_07_27_15_31_05_039.jpg,D:\DPS 920\DPS920_final_project\IMG\left_2026_07_27_15_31_05_039.jpg,D:\DPS 920\DPS920_final_project\IMG\right_2026_07_27_15_31_05_039.jpg,0,1,0,30.19014
D:\DPS 920\DPS920_final_project\IMG\center_2026_07_27_15_31_05_114.jpg,D:\DPS 920\DPS920_final_project\IMG\left_2026_07_27_15_31_05_114.jpg,D:\DPS 920\DPS920_final_project\IMG\right_2026_07_27_15_31_05_114.jpg,0,1,0,30.19028
D:\DPS 920\DPS920_final_project\IMG\center_2026_07_27_15_31_05_182.jpg,D:\DPS 920\DPS920_final_project\IMG\left_2026_07_27_15_31_05_182.jpg,D:\DPS 920\DPS920_final_project\IMG\right_2026_07_27_15_31_05_182.jpg,0,1,0,30.19031
D:\DPS 920\DPS920_final_project\IMG\center_2026_07_27_15_31_05_249.jpg,D:\DPS 920\DPS920_final_project\IMG\left_2026_07_27_15_31_05_249.jpg,D:\DPS 920\DPS920_final_project\IMG\right_2026_07_27_15_31_05_249.jpg,0.15,1,0,30.18489
D:\DPS 920\DPS920_final_project\IMG\center_2026_07_27_15_31_05_317.jpg,D:\DPS 920\DPS920_final_project\IMG\left_2026_07_27_15_31_05_317.jpg,D:\DPS 920\DPS920_final_project\IMG\right_2026_07_27_15_31_05_317.jpg,0.3,1,0,30.16983
D:\DPS 920\DPS920_final_project\IMG\center_2026_07_27_15_31_05_384.jpg,D:\DPS 920\DPS920_final_project\IMG\left_2026_07_27_15_31_05_384.jpg,D:\DPS 920\DPS920_final_project\IMG\right_2026_07_27_15_31_05_384.jpg,0,1,0,30.18991
D:\DPS 920\DPS920_final_project\IMG\center_2026_07_27_15_31_05_459.jpg,D:\DPS 920\DPS920_final_project\IMG\left_2026_07_27_15_31_05_459.jpg,D:\DPS 920\DPS920_final_project\IMG\right_2026_07_27_15_31_05_459.jpg,0,1,0,30.19021
D:\DPS 920\DPS920_final_project\IMG\center_2026_07_27_15_31_05_534.jpg,D:\DPS 920\DPS920_final_project\IMG\left_2026_07_27_15_31_05_534.jpg,D:\DPS 920\DPS920_final_project\IMG\right_2026_07_27_15_31_05_534.jpg,0,1,0,30.19026
D:\DPS 920\DPS920_final_project\IMG\center_2026_07_27_15_31_05_608.jpg,D:\DPS 920\DPS920_final_project\IMG\left_2026_07_27_15_31_05_608.jpg,D:\DPS 920\DPS920_final_project\IMG\right_2026_07_27_15_31_05_608.jpg,0,1,0,30.1903
D:\DPS 920\DPS920_final_project\IMG\center_2026_07_27_15_31_05_683.jpg,D:\DPS 920\DPS920_final_project\IMG\left_2026_07_27_15_31_05_683.jpg,D:\DPS 920\DPS920_final_project\IMG\right_2026_07_27_15_31_05_683.jpg,0,1,0,30.19031
D:\DPS 920\DPS920_final_project\IMG\center_2026_07_27_15_31_05_750.jpg,D:\DPS 920\DPS920_final_project\IMG\left_2026_07_27_15_31_05_750.jpg,D:\DPS 920\DPS920_final_project\IMG\right_2026_07_27_15_31_05_750.jpg,0,1,0,30.19029
D:\DPS 920\DPS920_final_project\IMG\center_2026_07_27_15_31_05_825.jpg,D:\DPS 920\DPS920_final_project\IMG\left_2026_07_27_15_31_05_825.jpg,D:\DPS 920\DPS920_final_project\IMG\right_2026_07_27_15_31_05_825.jpg,0,1,0,30.18949
D:\DPS 920\DPS920_final_project\IMG\center_2026_07_27_15_31_05_900.jpg,D:\DPS 920\DPS920_final_project\IMG\left_2026_07_27_15_31_05_900.jpg,D:\DPS 920\DPS920_final_project\IMG\right_2026_07_27_15_31_05_900.jpg,0,1,0,30.18997
D:\DPS 920\DPS920_final_project\IMG\center_2026_07_27_15_31_05_974.jpg,D:\DPS 920\DPS920_final_project\IMG\left_2026_07_27_15_31_05_974.jpg,D:\DPS 920\DPS920_final_project\IMG\right_2026_07_27_15_31_05_974.jpg,0,1,0,30.19009
D:\DPS 920\DPS920_final_project\IMG\center_2026_07_27_15_31_06_048.jpg,D:\DPS 920\DPS920_final_project\IMG\left_2026_07_27_15_31_06_048.jpg,D:\DPS 920\DPS920_final_project\IMG\right_2026_07_27_15_31_06_048.jpg,0,1,0,30.1894
D:\DPS 920\DPS920_final_project\IMG\center_2026_07_27_15_31_06_121.jpg,D:\DPS 920\DPS920_final_project\IMG\left_2026_07_27_15_31_06_121.jpg,D:\DPS 920\DPS920_final_project\IMG\right_2026_07_27_15_31_06_121.jpg,0,1,0,30.18983
D:\DPS 920\DPS920_final_project\IMG\center_2026_07_27_15_31_06_195.jpg,D:\DPS 920\DPS920_final_project\IMG\left_2026_07_27_15_31_06_195.jpg,D:\DPS 920\DPS920_final_project\IMG\right_2026_07_27_15_31_06_195.jpg,0,1,0,30.18992
D:\DPS 920\DPS920_final_project\IMG\center_2026_07_27_15_31_06_269.jpg,D:\DPS 920\DPS920_final_project\IMG\left_2026_07_27_15_31_06_269.jpg,D:\DPS 920\DPS920_final_project\IMG\right_2026_07_27_15_31_06_269.jpg,0,1,0,30.19004
D:\DPS 920\DPS920_final_project\IMG\center_2026_07_27_15_31_06_342.jpg,D:\DPS 920\DPS920_final_project\IMG\left_2026_07_27_15_31_06_342.jpg,D:\DPS 920\DPS920_final_project\IMG\right_2026_07_27_15_31_06_342.jpg,0,1,0,30.18981
D:\DPS 920\DPS920_final_project\IMG\center_2026_07_27_15_31_06_416.jpg,D:\DPS 920\DPS920_final_project\IMG\left_2026_07_27_15_31_06_416.jpg,D:\DPS 920\DPS920_final_project\IMG\right_2026_07_27_15_31_06_416.jpg,0,1,0,30.18987
D:\DPS 920\DPS920_final_project\IMG\center_2026_07_27_15_31_06_490.jpg,D:\DPS 920\DPS920_final_project\IMG\left_2026_07_27_15_31_06_490.jpg,D:\DPS 920\DPS920_final_project\IMG\right_2026_07_27_15_31_06_490.jpg,0,1,0,30.1902
D:\DPS 920\DPS920_final_project\IMG\center_2026_07_27_15_31_06_563.jpg,D:\DPS 920\DPS920_final_project\IMG\left_2026_07_27_15_31_06_563.jpg,D:\DPS 920\DPS920_final_project\IMG\right_2026_07_27_15_31_06_563.jpg,0,1,0,30.1898
D:\DPS 920\DPS920_final_project\IMG\center_2026_07_27_15_31_06_638.jpg,D:\DPS 920\DPS920_final_project\IMG\left_2026_07_27_15_31_06_638.jpg,D:\DPS 920\DPS920_final_project\IMG\right_2026_07_27_15_31_06_638.jpg,0,1,0,30.18984
D:\DPS 920\DPS920_final_project\IMG\center_2026_07_27_15_31_06_714.jpg,D:\DPS 920\DPS920_final_project\IMG\left_2026_07_27_15_31_06_714.jpg,D:\DPS 920\DPS920_final_project\IMG\right_2026_07_27_15_31_06_714.jpg,0.05,1,0,30.18929
D:\DPS 920\DPS920_final_project\IMG\center_2026_07_27_15_31_06_788.jpg,D:\DPS 920\DPS920_final_project\IMG\left_2026_07_27_15_31_06_788.jpg,D:\DPS 920\DPS920_final_project\IMG\right_2026_07_27_15_31_06_788.jpg,0.25,1,0,30.17473
D:\DPS 920\DPS920_final_project\IMG\center_2026_07_27_15_31_06_863.jpg,D:\DPS 920\DPS920_final_project\IMG\left_2026_07_27_15_31_06_863.jpg,D:\DPS 920\DPS920_final_project\IMG\right_2026_07_27_15_31_06_863.jpg,0,1,0,30.18061
D:\DPS 920\DPS920_final_project\IMG\center_2026_07_27_15_31_06_937.jpg,D:\DPS 920\DPS920_final_project\IMG\left_2026_07_27_15_31_06_937.jpg,D:\DPS 920\DPS920_final_project\IMG\right_2026_07_27_15_31_06_937.jpg,0.05,1,0,30.18909
D:\DPS 920\DPS920_final_project\IMG\center_2026_07_27_15_31_07_011.jpg,D:\DPS 920\DPS920_final_project\IMG\left_2026_07_27_15_31_07_011.jpg,D:\DPS 920\DPS920_final_project\IMG\right_2026_07_27_15_31_07_011.jpg,0.25,1,0,30.18106
D:\DPS 920\DPS920_final_project\IMG\center_2026_07_27_15_31_07_086.jpg,D:\DPS 920\DPS920_final_project\IMG\left_2026_07_27_15_31_07_086.jpg,D:\DPS 920\DPS920_final_project\IMG\right_2026_07_27_15_31_07_086.jpg,0,1,0,30.18942
D:\DPS 920\DPS920_final_project\IMG\center_2026_07_27_15_31_07_161.jpg,D:\DPS 920\DPS920_final_project\IMG\left_2026_07_27_15_31_07_161.jpg,D:\DPS 920\DPS920_final_project\IMG\right_2026_07_27_15_31_07_161.jpg,0,1,0,30.18961
D:\DPS 920\DPS920_final_project\IMG\center_2026_07_27_15_31_07_235.jpg,D:\DPS 920\DPS920_final_project\IMG\left_2026_07_27_15_31_07_235.jpg,D:\DPS 920\DPS920_final_project\IMG\right_2026_07_27_15_31_07_235.jpg,0,1,0,30.18997
D:\DPS 920\DPS920_final_project\IMG\center_2026_07_27_15_31_07_312.jpg,D:\DPS 920\DPS920_final_project\IMG\left_2026_07_27_15_31_07_312.jpg,D:\DPS 920\DPS920_final_project\IMG\right_2026_07_27_15_31_07_312.jpg,0,1,0,30.19011
D:\DPS 920\DPS920_final_project\IMG\center_2026_07_27_15_31_07_385.jpg,D:\DPS 920\DPS920_final_project\IMG\left_2026_07_27_15_31_07_385.jpg,D:\DPS 920\DPS920_final_project\IMG\right_2026_07_27_15_31_07_385.jpg,0.05,1,0,30.18977
D:\DPS 920\DPS920_final_project\IMG\center_2026_07_27_15_31_07_457.jpg,D:\DPS 920\DPS920_final_project\IMG\left_2026_07_27_15_31_07_457.jpg,D:\DPS 920\DPS920_final_project\IMG\right_2026_07_27_15_31_07_457.jpg,0.2,1,0,30.18086
D:\DPS 920\DPS920_final_project\IMG\center_2026_07_27_15_31_07_528.jpg,D:\DPS 920\DPS920_final_project\IMG\left_2026_07_27_15_31_07_528.jpg,D:\DPS 920\DPS920_final_project\IMG\right_2026_07_27_15_31_07_528.jpg,0,1,0,30.1902
D:\DPS 920\DPS920_final_project\IMG\center_2026_07_27_15_31_07_599.jpg,D:\DPS 920\DPS920_final_project\IMG\left_2026_07_27_15_31_07_599.jpg,D:\DPS 920\DPS920_final_project\IMG\right_2026_07_27_15_31_07_599.jpg,0,1,0,30.19019
D:\DPS 920\DPS920_final_project\IMG\center_2026_07_27_15_31_07_667.jpg,D:\DPS 920\DPS920_final_project\IMG\left_2026_07_27_15_31_07_667.jpg,D:\DPS 920\DPS920_final_project\IMG\right_2026_07_27_15_31_07_667.jpg,0,1,0,30.19044
D:\DPS 920\DPS920_final_project\IMG\center_2026_07_27_15_31_07_737.jpg,D:\DPS 920\DPS920_final_project\IMG\left_2026_07_27_15_31_07_737.jpg,D:\DPS 920\DPS920_final_project\IMG\right_2026_07_27_15_31_07_737.jpg,0,1,0,30.19058
D:\DPS 920\DPS920_final_project\IMG\center_2026_07_27_15_31_07_805.jpg,D:\DPS 920\DPS920_final_project\IMG\left_2026_07_27_15_31_07_805.jpg,D:\DPS 920\DPS920_final_project\IMG\right_2026_07_27_15_31_07_805.jpg,0,1,0,30.1907
D:\DPS 920\DPS920_final_project\IMG\center_2026_07_27_15_31_07_872.jpg,D:\DPS 920\DPS920_final_project\IMG\left_2026_07_27_15_31_07_872.jpg,D:\DPS 920\DPS920_final_project\IMG\right_2026_07_27_15_31_07_872.jpg,0,1,0,30.19149
D:\DPS 920\DPS920_final_project\IMG\center_2026_07_27_15_31_07_946.jpg,D:\DPS 920\DPS920_final_project\IMG\left_2026_07_27_15_31_07_946.jpg,D:\DPS 920\DPS920_final_project\IMG\right_2026_07_27_15_31_07_946.jpg,0,1,0,30.19047
D:\DPS 920\DPS920_final_project\IMG\center_2026_07_27_15_31_08_021.jpg,D:\DPS 920\DPS920_final_project\IMG\left_2026_07_27_15_31_08_021.jpg,D:\DPS 920\DPS920_final_project\IMG\right_2026_07_27_15_31_08_021.jpg,0,1,0,30.19053
D:\DPS 920\DPS920_final_project\IMG\center_2026_07_27_15_31_08_087.jpg,D:\DPS 920\DPS920_final_project\IMG\left_2026_07_27_15_31_08_087.jpg,D:\DPS 920\DPS920_final_project\IMG\right_2026_07_27_15_31_08_087.jpg,0,1,0,30.18995
D:\DPS 920\DPS920_final_project\IMG\center_2026_07_27_15_31_08_154.jpg,D:\DPS 920\DPS920_final_project\IMG\left_2026_07_27_15_31_08_154.jpg,D:\DPS 920\DPS920_final_project\IMG\right_2026_07_27_15_31_08_154.jpg,0,1,0,30.19034
D:\DPS 920\DPS920_final_project\IMG\center_2026_07_27_15_31_08_230.jpg,D:\DPS 920\DPS920_final_project\IMG\left_2026_07_27_15_31_08_230.jpg,D:\DPS 920\DPS920_final_project\IMG\right_2026_07_27_15_31_08_230.jpg,0,1,0,30.19059
D:\DPS 920\DPS920_final_project\IMG\center_2026_07_27_15_31_08_303.jpg,D:\DPS 920\DPS920_final_project\IMG\left_2026_07_27_15_31_08_303.jpg,D:\DPS 920\DPS920_final_project\IMG\right_2026_07_27_15_31_08_303.jpg,0,1,0,30.19056
D:\DPS 920\DPS920_final_project\IMG\center_2026_07_27_15_31_08_375.jpg,D:\DPS 920\DPS920_final_project\IMG\left_2026_07_27_15_31_08_375.jpg,D:\DPS 920\DPS920_final_project\IMG\right_2026_07_27_15_31_08_375.jpg,0,1,0,30.19051
D:\DPS 920\DPS920_final_project\IMG\center_2026_07_27_15_31_08_444.jpg,D:\DPS 920\DPS920_final_project\IMG\left_2026_07_27_15_31_08_444.jpg,D:\DPS 920\DPS920_final_project\IMG\right_2026_07_27_15_31_08_444.jpg,0,1,0,30.19063
D:\DPS 920\DPS920_final_project\IMG\center_2026_07_27_15_31_08_516.jpg,D:\DPS 920\DPS920_final_project\IMG\left_2026_07_27_15_31_08_516.jpg,D:\DPS 920\DPS920_final_project\IMG\right_2026_07_27_15_31_08_516.jpg,0,1,0,30.19054
D:\DPS 920\DPS920_final_project\IMG\center_2026_07_27_15_31_08_587.jpg,D:\DPS 920\DPS920_final_project\IMG\left_2026_07_27_15_31_08_587.jpg,D:\DPS 920\DPS920_final_project\IMG\right_2026_07_27_15_31_08_587.jpg,0,1,0,30.19055
D:\DPS 920\DPS920_final_project\IMG\center_2026_07_27_15_31_08_656.jpg,D:\DPS 920\DPS920_final_project\IMG\left_2026_07_27_15_31_08_656.jpg,D:\DPS 920\DPS920_final_project\IMG\right_2026_07_27_15_31_08_656.jpg,0,1,0,30.19057
D:\DPS 920\DPS920_final_project\IMG\center_2026_07_27_15_31_08_727.jpg,D:\DPS 920\DPS920_final_project\IMG\left_2026_07_27_15_31_08_727.jpg,D:\DPS 920\DPS920_final_project\IMG\right_2026_07_27_15_31_08_727.jpg,0,1,0,30.19057
D:\DPS 920\DPS920_final_project\IMG\center_2026_07_27_15_31_08_796.jpg,D:\DPS 920\DPS920_final_project\IMG\left_2026_07_27_15_31_08_796.jpg,D:\DPS 920\DPS920_final_project\IMG\right_2026_07_27_15_31_08_796.jpg,-0.05,1,0,30.18991
D:\DPS 920\DPS920_final_project\IMG\center_2026_07_27_15_31_08_869.jpg,D:\DPS 920\DPS920_final_project\IMG\left_2026_07_27_15_31_08_869.jpg,D:\DPS 920\DPS920_final_project\IMG\right_2026_07_27_15_31_08_869.jpg,0,1,0,30.19138
D:\DPS 920\DPS920_final_project\IMG\center_2026_07_27_15_31_08_941.jpg,D:\DPS 920\DPS920_final_project\IMG\left_2026_07_27_15_31_08_941.jpg,D:\DPS 920\DPS920_final_project\IMG\right_2026_07_27_15_31_08_941.jpg,0,1,0,30.19067
D:\DPS 920\DPS920_final_project\IMG\center_2026_07_27_15_31_09_011.jpg,D:\DPS 920\DPS920_final_project\IMG\left_2026_07_27_15_31_09_011.jpg,D:\DPS 920\DPS920_final_project\IMG\right_2026_07_27_15_31_09_011.jpg,0,1,0,30.19055
D:\DPS 920\DPS920_final_project\IMG\center_2026_07_27_15_31_09_081.jpg,D:\DPS 920\DPS920_final_project\IMG\left_2026_07_27_15_31_09_081.jpg,D:\DPS 920\DPS920_final_project\IMG\right_2026_07_27_15_31_09_081.jpg,0,1,0,30.19073
D:\DPS 920\DPS920_final_project\IMG\center_2026_07_27_15_31_09_149.jpg,D:\DPS 920\DPS920_final_project\IMG\left_2026_07_27_15_31_09_149.jpg,D:\DPS 920\DPS920_final_project\IMG\right_2026_07_27_15_31_09_149.jpg,0,1,0,30.19067
D:\DPS 920\DPS920_final_project\IMG\center_2026_07_27_15_31_09_220.jpg,D:\DPS 920\DPS920_final_project\IMG\left_2026_07_27_15_31_09_220.jpg,D:\DPS 920\DPS920_final_project\IMG\right_2026_07_27_15_31_09_220.jpg,0,1,0,30.19064
D:\DPS 920\DPS920_final_project\IMG\center_2026_07_27_15_31_09_291.jpg,D:\DPS 920\DPS920_final_project\IMG\left_2026_07_27_15_31_09_291.jpg,D:\DPS 920\DPS920_final_project\IMG\right_2026_07_27_15_31_09_291.jpg,0,1,0,30.19061
D:\DPS 920\DPS920_final_project\IMG\center_2026_07_27_15_31_09_362.jpg,D:\DPS 920\DPS920_final_project\IMG\left_2026_07_27_15_31_09_362.jpg,D:\DPS 920\DPS920_final_project\IMG\right_2026_07_27_15_31_09_362.jpg,0,1,0,30.19066
D:\DPS 920\DPS920_final_project\IMG\center_2026_07_27_15_31_09_429.jpg,D:\DPS 920\DPS920_final_project\IMG\left_2026_07_27_15_31_09_429.jpg,D:\DPS 920\DPS920_final_project\IMG\right_2026_07_27_15_31_09_429.jpg,0,1,0,30.19062
D:\DPS 920\DPS920_final_project\IMG\center_2026_07_27_15_31_09_497.jpg,D:\DPS 920\DPS920_final_project\IMG\left_2026_07_27_15_31_09_497.jpg,D:\DPS 920\DPS920_final_project\IMG\right_2026_07_27_15_31_09_497.jpg,0,1,0,30.19112
D:\DPS 920\DPS920_final_project\IMG\center_2026_07_27_15_31_09_566.jpg,D:\DPS 920\DPS920_final_project\IMG\left_2026_07_27_15_31_09_566.jpg,D:\DPS 920\DPS920_final_project\IMG\right_2026_07_27_15_31_09_566.jpg,0,1,0,30.18939
D:\DPS 920\DPS920_final_project\IMG\center_2026_07_27_15_31_09_635.jpg,D:\DPS 920\DPS920_final_project\IMG\left_2026_07_27_15_31_09_635.jpg,D:\DPS 920\DPS920_final_project\IMG\right_2026_07_27_15_31_09_635.jpg,-0.1,1,0,30.18753
D:\DPS 920\DPS920_final_project\IMG\center_2026_07_27_15_31_09_705.jpg,D:\DPS 920\DPS920_final_project\IMG\left_2026_07_27_15_31_09_705.jpg,D:\DPS 920\DPS920_final_project\IMG\right_2026_07_27_15_31_09_705.jpg,-0.3,1,0,30.16937
D:\DPS 920\DPS920_final_project\IMG\center_2026_07_27_15_31_09_773.jpg,D:\DPS 920\DPS920_final_project\IMG\left_2026_07_27_15_31_09_773.jpg,D:\DPS 920\DPS920_final_project\IMG\right_2026_07_27_15_31_09_773.jpg,0,1,0,30.18936
D:\DPS 920\DPS920_final_project\IMG\center_2026_07_27_15_31_09_847.jpg,D:\DPS 920\DPS920_final_project\IMG\left_2026_07_27_15_31_09_847.jpg,D:\DPS 920\DPS920_final_project\IMG\right_2026_07_27_15_31_09_847.jpg,-0.2,1,0,30.18328
D:\DPS 920\DPS920_final_project\IMG\center_2026_07_27_15_31_09_920.jpg,D:\DPS 920\DPS920_final_project\IMG\left_2026_07_27_15_31_09_920.jpg,D:\DPS 920\DPS920_final_project\IMG\right_2026_07_27_15_31_09_920.jpg,0,1,0,30.18927
D:\DPS 920\DPS920_final_project\IMG\center_2026_07_27_15_31_09_993.jpg,D:\DPS 920\DPS920_final_project\IMG\left_2026_07_27_15_31_09_993.jpg,D:\DPS 920\DPS920_final_project\IMG\right_2026_07_27_15_31_09_993.jpg,0,1,0,30.19007
D:\DPS 920\DPS920_final_project\IMG\center_2026_07_27_15_31_10_067.jpg,D:\DPS 920\DPS920_final_project\IMG\left_2026_07_27_15_31_10_067.jpg,D:\DPS 920\DPS920_final_project\IMG\right_2026_07_27_15_31_10_067.jpg,-0.15,1,0,30.186
D:\DPS 920\DPS920_final_project\IMG\center_2026_07_27_15_31_10_137.jpg,D:\DPS 920\DPS920_final_project\IMG\left_2026_07_27_15_31_10_137.jpg,D:\DPS 920\DPS920_final_project\IMG\right_2026_07_27_15_31_10_137.jpg,0,1,0,30.1867
D:\DPS 920\DPS920_final_project\IMG\center_2026_07_27_15_31_10_206.jpg,D:\DPS 920\DPS920_final_project\IMG\left_2026_07_27_15_31_10_206.jpg,D:\DPS 920\DPS920_final_project\IMG\right_2026_07_27_15_31_10_206.jpg,-0.15,1,0,30.18731
D:\DPS 920\DPS920_final_project\IMG\center_2026_07_27_15_31_10_278.jpg,D:\DPS 920\DPS920_final_project\IMG\left_2026_07_27_15_31_10_278.jpg,D:\DPS 920\DPS920_final_project\IMG\right_2026_07_27_15_31_10_278.jpg,-0.35,1,0,30.16704
D:\DPS 920\DPS920_final_project\IMG\center_2026_07_27_15_31_10_349.jpg,D:\DPS 920\DPS920_final_project\IMG\left_2026_07_27_15_31_10_349.jpg,D:\DPS 920\DPS920_final_project\IMG\right_2026_07_27_15_31_10_349.jpg,-0.5000001,1,0,30.14813
D:\DPS 920\DPS920_final_project\IMG\center_2026_07_27_15_31_10_419.jpg,D:\DPS 920\DPS920_final_project\IMG\left_2026_07_27_15_31_10_419.jpg,D:\DPS 920\DPS920_final_project\IMG\right_2026_07_27_15_31_10_419.jpg,-0.7,1,0,30.12283
D:\DPS 920\DPS920_final_project\IMG\center_2026_07_27_15_31_10_490.jpg,D:\DPS 920\DPS920_final_project\IMG\left_2026_07_27_15_31_10_490.jpg,D:\DPS 920\DPS920_final_project\IMG\right_2026_07_27_15_31_10_490.jpg,-0.8500001,1,0,30.10645
D:\DPS 920\DPS920_final_project\IMG\center_2026_07_27_15_31_10_563.jpg,D:\DPS 920\DPS920_final_project\IMG\left_2026_07_27_15_31_10_563.jpg,D:\DPS 920\DPS920_final_project\IMG\right_2026_07_27_15_31_10_563.jpg,0,1,0,30.17443
D:\DPS 920\DPS920_final_project\IMG\center_2026_07_27_15_31_10_632.jpg,D:\DPS 920\DPS920_final_project\IMG\left_2026_07_27_15_31_10_632.jpg,D:\DPS 920\DPS920_final_project\IMG\right_2026_07_27_15_31_10_632.jpg,0,1,0,30.18293
D:\DPS 920\DPS920_final_project\IMG\center_2026_07_27_15_31_10_701.jpg,D:\DPS 920\DPS920_final_project\IMG\left_2026_07_27_15_31_10_701.jpg,D:\DPS 920\DPS920_final_project\IMG\right_2026_07_27_15_31_10_701.jpg,0,1,0,30.1906
D:\DPS 920\DPS920_final_project\IMG\center_2026_07_27_15_31_10_773.jpg,D:\DPS 920\DPS920_final_project\IMG\left_2026_07_27_15_31_10_773.jpg,D:\DPS 920\DPS920_final_project\IMG\right_2026_07_27_15_31_10_773.jpg,0.05,1,0,30.18764
D:\DPS 920\DPS920_final_project\IMG\center_2026_07_27_15_31_10_843.jpg,D:\DPS 920\DPS920_final_project\IMG\left_2026_07_27_15_31_10_843.jpg,D:\DPS 920\DPS920_final_project\IMG\right_2026_07_27_15_31_10_843.jpg,0.25,1,0,30.1705
D:\DPS 920\DPS920_final_project\IMG\center_2026_07_27_15_31_10_912.jpg,D:\DPS 920\DPS920_final_project\IMG\left_2026_07_27_15_31_10_912.jpg,D:\DPS 920\DPS920_final_project\IMG\right_2026_07_27_15_31_10_912.jpg,0,1,0,30.1816
D:\DPS 920\DPS920_final_project\IMG\center_2026_07_27_15_31_10_981.jpg,D:\DPS 920\DPS920_final_project\IMG\left_2026_07_27_15_31_10_981.jpg,D:\DPS 920\DPS920_final_project\IMG\right_2026_07_27_15_31_10_981.jpg,0,1,0,30.18847
D:\DPS 920\DPS920_final_project\IMG\center_2026_07_27_15_31_11_047.jpg,D:\DPS 920\DPS920_final_project\IMG\left_2026_07_27_15_31_11_047.jpg,D:\DPS 920\DPS920_final_project\IMG\right_2026_07_27_15_31_11_047.jpg,0,1,0,30.18939
D:\DPS 920\DPS920_final_project\IMG\center_2026_07_27_15_31_11_117.jpg,D:\DPS 920\DPS920_final_project\IMG\left_2026_07_27_15_31_11_117.jpg,D:\DPS 920\DPS920_final_project\IMG\right_2026_07_27_15_31_11_117.jpg,0,1,0,30.18971
D:\DPS 920\DPS920_final_project\IMG\center_2026_07_27_15_31_11_186.jpg,D:\DPS 920\DPS920_final_project\IMG\left_2026_07_27_15_31_11_186.jpg,D:\DPS 920\DPS920_final_project\IMG\right_2026_07_27_15_31_11_186.jpg,-0.05,1,0,30.18895
D:\DPS 920\DPS920_final_project\IMG\center_2026_07_27_15_31_11_260.jpg,D:\DPS 920\DPS920_final_project\IMG\left_2026_07_27_15_31_11_260.jpg,D:\DPS 920\DPS920_final_project\IMG\right_2026_07_27_15_31_11_260.jpg,0,1,0,30.18706
D:\DPS 920\DPS920_final_project\IMG\center_2026_07_27_15_31_11_329.jpg,D:\DPS 920\DPS920_final_project\IMG\left_2026_07_27_15_31_11_329.jpg,D:\DPS 920\DPS920_final_project\IMG\right_2026_07_27_15_31_11_329.jpg,0,1,0,30.19031
D:\DPS 920\DPS920_final_project\IMG\center_2026_07_27_15_31_11_399.jpg,D:\DPS 920\DPS920_final_project\IMG\left_2026_07_27_15_31_11_399.jpg,D:\DPS 920\DPS920_final_project\IMG\right_2026_07_27_15_31_11_399.jpg,0,1,0,30.1893
D:\DPS 920\DPS920_final_project\IMG\center_2026_07_27_15_31_11_466.jpg,D:\DPS 920\DPS920_final_project\IMG\left_2026_07_27_15_31_11_466.jpg,D:\DPS 920\DPS920_final_project\IMG\right_2026_07_27_15_31_11_466.jpg,-0.05,1,0,30.19036
D:\DPS 920\DPS920_final_project\IMG\center_2026_07_27_15_31_11_533.jpg,D:\DPS 920\DPS920_final_project\IMG\left_2026_07_27_15_31_11_533.jpg,D:\DPS 920\DPS920_final_project\IMG\right_2026_07_27_15_31_11_533.jpg,-0.2,1,0,30.18019
D:\DPS 920\DPS920_final_project\IMG\center_2026_07_27_15_31_11_601.jpg,D:\DPS 920\DPS920_final_project\IMG\left_2026_07_27_15_31_11_601.jpg,D:\DPS 920\DPS920_final_project\IMG\right_2026_07_27_15_31_11_601.jpg,-0.4,1,0,30.1574
D:\DPS 920\DPS920_final_project\IMG\center_2026_07_27_15_31_11_668.jpg,D:\DPS 920\DPS920_final_project\IMG\left_2026_07_27_15_31_11_668.jpg,D:\DPS 920\DPS920_final_project\IMG\right_2026_07_27_15_31_11_668.jpg,-0.5500001,1,0,30.13867
D:\DPS 920\DPS920_final_project\IMG\center_2026_07_27_15_31_11_736.jpg,D:\DPS 920\DPS920_final_project\IMG\left_2026_07_27_15_31_11_736.jpg,D:\DPS 920\DPS920_final_project\IMG\right_2026_07_27_15_31_11_736.jpg,0,1,0,30.17176
D:\DPS 920\DPS920_final_project\IMG\center_2026_07_27_15_31_11_803.jpg,D:\DPS 920\DPS920_final_project\IMG\left_2026_07_27_15_31_11_803.jpg,D:\DPS 920\DPS920_final_project\IMG\right_2026_07_27_15_31_11_803.jpg,0,1,0,30.1863
D:\DPS 920\DPS920_final_project\IMG\center_2026_07_27_15_31_11_878.jpg,D:\DPS 920\DPS920_final_project\IMG\left_2026_07_27_15_31_11_878.jpg,D:\DPS 920\DPS920_final_project\IMG\right_2026_07_27_15_31_11_878.jpg,0,1,0,30.18894
D:\DPS 920\DPS920_final_project\IMG\center_2026_07_27_15_31_11_946.jpg,D:\DPS 920\DPS920_final_project\IMG\left_2026_07_27_15_31_11_946.jpg,D:\DPS 920\DPS920_final_project\IMG\right_2026_07_27_15_31_11_946.jpg,0,1,0,30.19111
D:\DPS 920\DPS920_final_project\IMG\center_2026_07_27_15_31_12_013.jpg,D:\DPS 920\DPS920_final_project\IMG\left_2026_07_27_15_31_12_013.jpg,D:\DPS 920\DPS920_final_project\IMG\right_2026_07_27_15_31_12_013.jpg,0,1,0,30.19055
D:\DPS 920\DPS920_final_project\IMG\center_2026_07_27_15_31_12_081.jpg,D:\DPS 920\DPS920_final_project\IMG\left_2026_07_27_15_31_12_081.jpg,D:\DPS 920\DPS920_final_project\IMG\right_2026_07_27_15_31_12_081.jpg,0,1,0,30.19023
D:\DPS 920\DPS920_final_project\IMG\center_2026_07_27_15_31_12_149.jpg,D:\DPS 920\DPS920_final_project\IMG\left_2026_07_27_15_31_12_149.jpg,D:\DPS 920\DPS920_final_project\IMG\right_2026_07_27_15_31_12_149.jpg,-0.15,1,0,30.18458
D:\DPS 920\DPS920_final_project\IMG\center_2026_07_27_15_31_12_219.jpg,D:\DPS 920\DPS920_final_project\IMG\left_2026_07_27_15_31_12_219.jpg,D:\DPS 920\DPS920_final_project\IMG\right_2026_07_27_15_31_12_219.jpg,-0.35,1,0,30.16479
D:\DPS 920\DPS920_final_project\IMG\center_2026_07_27_15_31_12_290.jpg,D:\DPS 920\DPS920_final_project\IMG\left_2026_07_27_15_31_12_290.jpg,D:\DPS 920\DPS920_final_project\IMG\right_2026_07_27_15_31_12_290.jpg,-0.5000001,1,0,30.14546
D:\DPS 920\DPS920_final_project\IMG\center_2026_07_27_15_31_12_361.jpg,D:\DPS 920\DPS920_final_project\IMG\left_2026_07_27_15_31_12_361.jpg,D:\DPS 920\DPS920_final_project\IMG\right_2026_07_27_15_31_12_361.jpg,-0.7,1,0,30.11999
D:\DPS 920\DPS920_final_project\IMG\center_2026_07_27_15_31_12_434.jpg,D:\DPS 920\DPS920_final_project\IMG\left_2026_07_27_15_31_12_434.jpg,D:\DPS 920\DPS920_final_project\IMG\right_2026_07_27_15_31_12_434.jpg,0,1,0,30.17656
D:\DPS 920\DPS920_final_project\IMG\center_2026_07_27_15_31_12_506.jpg,D:\DPS 920\DPS920_final_project\IMG\left_2026_07_27_15_31_12_506.jpg,D:\DPS 920\DPS920_final_project\IMG\right_2026_07_27_15_31_12_506.jpg,0,1,0,30.18663
D:\DPS 920\DPS920_final_project\IMG\center_2026_07_27_15_31_12_581.jpg,D:\DPS 920\DPS920_final_project\IMG\left_2026_07_27_15_31_12_581.jpg,D:\DPS 920\DPS920_final_project\IMG\right_2026_07_27_15_31_12_581.jpg,0,1,0,30.18944
D:\DPS 920\DPS920_final_project\IMG\center_2026_07_27_15_31_12_651.jpg,D:\DPS 920\DPS920_final_project\IMG\left_2026_07_27_15_31_12_651.jpg,D:\DPS 920\DPS920_final_project\IMG\right_2026_07_27_15_31_12_651.jpg,0,1,0,30.18879
D:\DPS 920\DPS920_final_project\IMG\center_2026_07_27_15_31_12_724.jpg,D:\DPS 920\DPS920_final_project\IMG\left_2026_07_27_15_31_12_724.jpg,D:\DPS 920\DPS920_final_project\IMG\right_2026_07_27_15_31_12_724.jpg,0,1,0,30.19096
D:\DPS 920\DPS920_final_project\IMG\center_2026_07_27_15_31_12_795.jpg,D:\DPS 920\DPS920_final_project\IMG\left_2026_07_27_15_31_12_795.jpg,D:\DPS 920\DPS920_final_project\IMG\right_2026_07_27_15_31_12_795.jpg,-0.1,1,0,30.18858
D:\DPS 920\DPS920_final_project\IMG\center_2026_07_27_15_31_12_865.jpg,D:\DPS 920\DPS920_final_project\IMG\left_2026_07_27_15_31_12_865.jpg,D:\DPS 920\DPS920_final_project\IMG\right_2026_07_27_15_31_12_865.jpg,-0.3,1,0,30.16737
D:\DPS 920\DPS920_final_project\IMG\center_2026_07_27_15_31_12_937.jpg,D:\DPS 920\DPS920_final_project\IMG\left_2026_07_27_15_31_12_937.jpg,D:\DPS 920\DPS920_final_project\IMG\right_2026_07_27_15_31_12_937.jpg,-0.45,1,0,30.15277
D:\DPS 920\DPS920_final_project\IMG\center_2026_07_27_15_31_13_011.jpg,D:\DPS 920\DPS920_final_project\IMG\left_2026_07_27_15_31_13_011.jpg,D:\DPS 920\DPS920_final_project\IMG\right_2026_07_27_15_31_13_011.jpg,-0.6500001,1,0,30.12691
D:\DPS 920\DPS920_final_project\IMG\center_2026_07_27_15_31_13_080.jpg,D:\DPS 920\DPS920_final_project\IMG\left_2026_07_27_15_31_13_080.jpg,D:\DPS 920\DPS920_final_project\IMG\right_2026_07_27_15_31_13_080.jpg,0,1,0,30.16446
D:\DPS 920\DPS920_final_project\IMG\center_2026_07_27_15_31_13_150.jpg,D:\DPS 920\DPS920_final_project\IMG\left_2026_07_27_15_31_13_150.jpg,D:\DPS 920\DPS920_final_project\IMG\right_2026_07_27_15_31_13_150.jpg,0,1,0,30.17727
D:\DPS 920\DPS920_final_project\IMG\center_2026_07_27_15_31_13_221.jpg,D:\DPS 920\DPS920_final_project\IMG\left_2026_07_27_15_31_13_221.jpg,D:\DPS 920\DPS920_final_project\IMG\right_2026_07_27_15_31_13_221.jpg,0,1,0,30.18939
D:\DPS 920\DPS920_final_project\IMG\center_2026_07_27_15_31_13_290.jpg,D:\DPS 920\DPS920_final_project\IMG\left_2026_07_27_15_31_13_290.jpg,D:\DPS 920\DPS920_final_project\IMG\right_2026_07_27_15_31_13_290.jpg,0,1,0,30.19029
D:\DPS 920\DPS920_final_project\IMG\center_2026_07_27_15_31_13_359.jpg,D:\DPS 920\DPS920_final_project\IMG\left_2026_07_27_15_31_13_359.jpg,D:\DPS 920\DPS920_final_project\IMG\right_2026_07_27_15_31_13_359.jpg,0,1,0,30.18663
D:\DPS 920\DPS920_final_project\IMG\center_2026_07_27_15_31_13_426.jpg,D:\DPS 920\DPS920_final_project\IMG\left_2026_07_27_15_31_13_426.jpg,D:\DPS 920\DPS920_final_project\IMG\right_2026_07_27_15_31_13_426.jpg,0,1,0,30.19129
D:\DPS 920\DPS920_final_project\IMG\center_2026_07_27_15_31_13_492.jpg,D:\DPS 920\DPS920_final_project\IMG\left_2026_07_27_15_31_13_492.jpg,D:\DPS 920\DPS920_final_project\IMG\right_2026_07_27_15_31_13_492.jpg,-0.1,1,0,30.18843
D:\DPS 920\DPS920_final_project\IMG\center_2026_07_27_15_31_13_566.jpg,D:\DPS 920\DPS920_final_project\IMG\left_2026_07_27_15_31_13_566.jpg,D:\DPS 920\DPS920_final_project\IMG\right_2026_07_27_15_31_13_566.jpg,-0.3,1,0,30.16956
D:\DPS 920\DPS920_final_project\IMG\center_2026_07_27_15_31_13_633.jpg,D:\DPS 920\DPS920_final_project\IMG\left_2026_07_27_15_31_13_633.jpg,D:\DPS 920\DPS920_final_project\IMG\right_2026_07_27_15_31_13_633.jpg,-0.45,1,0,30.15129
D:\DPS 920\DPS920_final_project\IMG\center_2026_07_27_15_31_13_702.jpg,D:\DPS 920\DPS920_final_project\IMG\left_2026_07_27_15_31_13_702.jpg,D:\DPS 920\DPS920_final_project\IMG\right_2026_07_27_15_31_13_702.jpg,0,1,0,30.18801
D:\DPS 920\DPS920_final_project\IMG\center_2026_07_27_15_31_13_772.jpg,D:\DPS 920\DPS920_final_project\IMG\left_2026_07_27_15_31_13_772.jpg,D:\DPS 920\DPS920_final_project\IMG\right_2026_07_27_15_31_13_772.jpg,0,1,0,30.18969
D:\DPS 920\DPS920_final_project\IMG\center_2026_07_27_15_31_13_840.jpg,D:\DPS 920\DPS920_final_project\IMG\left_2026_07_27_15_31_13_840.jpg,D:\DPS 920\DPS920_final_project\IMG\right_2026_07_27_15_31_13_840.jpg,0,1,0,30.19038
D:\DPS 920\DPS920_final_project\IMG\center_2026_07_27_15_31_13_911.jpg,D:\DPS 920\DPS920_final_project\IMG\left_2026_07_27_15_31_13_911.jpg,D:\DPS 920\DPS920_final_project\IMG\right_2026_07_27_15_31_13_911.jpg,-0.1,1,0,30.18837
D:\DPS 920\DPS920_final_project\IMG\center_2026_07_27_15_31_13_982.jpg,D:\DPS 920\DPS920_final_project\IMG\left_2026_07_27_15_31_13_982.jpg,D:\DPS 920\DPS920_final_project\IMG\right_2026_07_27_15_31_13_982.jpg,-0.3,1,0,30.17177
D:\DPS 920\DPS920_final_project\IMG\center_2026_07_27_15_31_14_053.jpg,D:\DPS 920\DPS920_final_project\IMG\left_2026_07_27_15_31_14_053.jpg,D:\DPS 920\DPS920_final_project\IMG\right_2026_07_27_15_31_14_053.jpg,-0.45,1,0,30.15295
D:\DPS 920\DPS920_final_project\IMG\center_2026_07_27_15_31_14_124.jpg,D:\DPS 920\DPS920_final_project\IMG\left_2026_07_27_15_31_14_124.jpg,D:\DPS 920\DPS920_final_project\IMG\right_2026_07_27_15_31_14_124.jpg,-0.6500001,1,0,30.12744
D:\DPS 920\DPS920_final_project\IMG\center_2026_07_27_15_31_14_200.jpg,D:\DPS 920\DPS920_final_project\IMG\left_2026_07_27_15_31_14_200.jpg,D:\DPS 920\DPS920_final_project\IMG\right_2026_07_27_15_31_14_200.jpg,0,1,0,30.17497
D:\DPS 920\DPS920_final_project\IMG\center_2026_07_27_15_31_14_269.jpg,D:\DPS 920\DPS920_final_project\IMG\left_2026_07_27_15_31_14_269.jpg,D:\DPS 920\DPS920_final_project\IMG\right_2026_07_27_15_31_14_269.jpg,0,1,0,30.18365
D:\DPS 920\DPS920_final_project\IMG\center_2026_07_27_15_31_14_336.jpg,D:\DPS 920\DPS920_final_project\IMG\left_2026_07_27_15_31_14_336.jpg,D:\DPS 920\DPS920_final_project\IMG\right_2026_07_27_15_31_14_336.jpg,0,1,0,30.18951
D:\DPS 920\DPS920_final_project\IMG\center_2026_07_27_15_31_14_410.jpg,D:\DPS 920\DPS920_final_project\IMG\left_2026_07_27_15_31_14_410.jpg,D:\DPS 920\DPS920_final_project\IMG\right_2026_07_27_15_31_14_410.jpg,0,1,0,30.19024
D:\DPS 920\DPS920_final_project\IMG\center_2026_07_27_15_31_14_485.jpg,D:\DPS 920\DPS920_final_project\IMG\left_2026_07_27_15_31_14_485.jpg,D:\DPS 920\DPS920_final_project\IMG\right_2026_07_27_15_31_14_485.jpg,0,1,0,30.18977
D:\DPS 920\DPS920_final_project\IMG\center_2026_07_27_15_31_14_558.jpg,D:\DPS 920\DPS920_final_project\IMG\left_2026_07_27_15_31_14_558.jpg,D:\DPS 920\DPS920_final_project\IMG\right_2026_07_27_15_31_14_558.jpg,0,1,0,30.191
D:\DPS 920\DPS920_final_project\IMG\center_2026_07_27_15_31_14_631.jpg,D:\DPS 920\DPS920_final_project\IMG\left_2026_07_27_15_31_14_631.jpg,D:\DPS 920\DPS920_final_project\IMG\right_2026_07_27_15_31_14_631.jpg,0,1,0,30.19061
D:\DPS 920\DPS920_final_project\IMG\center_2026_07_27_15_31_14_703.jpg,D:\DPS 920\DPS920_final_project\IMG\left_2026_07_27_15_31_14_703.jpg,D:\DPS 920\DPS920_final_project\IMG\right_2026_07_27_15_31_14_703.jpg,0,1,0,30.1904
D:\DPS 920\DPS920_final_project\IMG\center_2026_07_27_15_31_14_770.jpg,D:\DPS 920\DPS920_final_project\IMG\left_2026_07_27_15_31_14_770.jpg,D:\DPS 920\DPS920_final_project\IMG\right_2026_07_27_15_31_14_770.jpg,-0.15,1,0,30.18413
D:\DPS 920\DPS920_final_project\IMG\center_2026_07_27_15_31_14_843.jpg,D:\DPS 920\DPS920_final_project\IMG\left_2026_07_27_15_31_14_843.jpg,D:\DPS 920\DPS920_final_project\IMG\right_2026_07_27_15_31_14_843.jpg,-0.35,1,0,30.163
D:\DPS 920\DPS920_final_project\IMG\center_2026_07_27_15_31_14_911.jpg,D:\DPS 920\DPS920_final_project\IMG\left_2026_07_27_15_31_14_911.jpg,D:\DPS 920\DPS920_final_project\IMG\right_2026_07_27_15_31_14_911.jpg,-0.5000001,1,0,30.14463
D:\DPS 920\DPS920_final_project\IMG\center_2026_07_27_15_31_14_979.jpg,D:\DPS 920\DPS920_final_project\IMG\left_2026_07_27_15_31_14_979.jpg,D:\DPS 920\DPS920_final_project\IMG\right_2026_07_27_15_31_14_979.jpg,0,1,0,30.18426
D:\DPS 920\DPS920_final_project\IMG\center_2026_07_27_15_31_15_051.jpg,D:\DPS 920\DPS920_final_project\IMG\left_2026_07_27_15_31_15_051.jpg,D:\DPS 920\DPS920_final_project\IMG\right_2026_07_27_15_31_15_051.jpg,0,1,0,30.1891
D:\DPS 920\DPS920_final_project\IMG\center_2026_07_27_15_31_15_125.jpg,D:\DPS 920\DPS920_final_project\IMG\left_2026_07_27_15_31_15_125.jpg,D:\DPS 920\DPS920_final_project\IMG\right_2026_07_27_15_31_15_125.jpg,0,1,0,30.19
D:\DPS 920\DPS920_final_project\IMG\center_2026_07_27_15_31_15_198.jpg,D:\DPS 920\DPS920_final_project\IMG\left_2026_07_27_15_31_15_198.jpg,D:\DPS 920\DPS920_final_project\IMG\right_2026_07_27_15_31_15_198.jpg,0,1,0,30.18908
D:\DPS 920\DPS920_final_project\IMG\center_2026_07_27_15_31_15_273.jpg,D:\DPS 920\DPS920_final_project\IMG\left_2026_07_27_15_31_15_273.jpg,D:\DPS 920\DPS920_final_project\IMG\right_2026_07_27_15_31_15_273.jpg,0,1,0,30.1908
D:\DPS 920\DPS920_final_project\IMG\center_2026_07_27_15_31_15_347.jpg,D:\DPS 920\DPS920_final_project\IMG\left_2026_07_27_15_31_15_347.jpg,D:\DPS 920\DPS920_final_project\IMG\right_2026_07_27_15_31_15_347.jpg,0,1,0,30.19043
D:\DPS 920\DPS920_final_project\IMG\center_2026_07_27_15_31_15_421.jpg,D:\DPS 920\DPS920_final_project\IMG\left_2026_07_27_15_31_15_421.jpg,D:\DPS 920\DPS920_final_project\IMG\right_2026_07_27_15_31_15_421.jpg,-0.2,1,0,30.18
D:\DPS 920\DPS920_final_project\IMG\center_2026_07_27_15_31_15_497.jpg,D:\DPS 920\DPS920_final_project\IMG\left_2026_07_27_15_31_15_497.jpg,D:\DPS 920\DPS920_final_project\IMG\right_2026_07_27_15_31_15_497.jpg,-0.35,1,0,30.16326
D:\DPS 920\DPS920_final_project\IMG\center_2026_07_27_15_31_15_571.jpg,D:\DPS 920\DPS920_final_project\IMG\left_2026_07_27_15_31_15_571.jpg,D:\DPS 920\DPS920_final_project\IMG\right_2026_07_27_15_31_15_571.jpg,-0.5500001,1,0,30.13862
D:\DPS 920\DPS920_final_project\IMG\center_2026_07_27_15_31_15_648.jpg,D:\DPS 920\DPS920_final_project\IMG\left_2026_07_27_15_31_15_648.jpg,D:\DPS 920\DPS920_final_project\IMG\right_2026_07_27_15_31_15_648.jpg,0,1,0,30.18288
D:\DPS 920\DPS920_final_project\IMG\center_2026_07_27_15_31_15_716.jpg,D:\DPS 920\DPS920_final_project\IMG\left_2026_07_27_15_31_15_716.jpg,D:\DPS 920\DPS920_final_project\IMG\right_2026_07_27_15_31_15_716.jpg,0,1,0,30.18753
D:\DPS 920\DPS920_final_project\IMG\center_2026_07_27_15_31_15_786.jpg,D:\DPS 920\DPS920_final_project\IMG\left_2026_07_27_15_31_15_786.jpg,D:\DPS 920\DPS920_final_project\IMG\right_2026_07_27_15_31_15_786.jpg,0,1,0,30.19015
D:\DPS 920\DPS920_final_project\IMG\center_2026_07_27_15_31_15_859.jpg,D:\DPS 920\DPS920_final_project\IMG\left_2026_07_27_15_31_15_859.jpg,D:\DPS 920\DPS920_final_project\IMG\right_2026_07_27_15_31_15_859.jpg,0,1,0,30.19015
D:\DPS 920\DPS920_final_project\IMG\center_2026_07_27_15_31_15_928.jpg,D:\DPS 920\DPS920_final_project\IMG\left_2026_07_27_15_31_15_928.jpg,D:\DPS 920\DPS920_final_project\IMG\right_2026_07_27_15_31_15_928.jpg,0,1,0,30.18964
D:\DPS 920\DPS920_final_project\IMG\center_2026_07_27_15_31_15_999.jpg,D:\DPS 920\DPS920_final_project\IMG\left_2026_07_27_15_31_15_999.jpg,D:\DPS 920\DPS920_final_project\IMG\right_2026_07_27_15_31_15_999.jpg,0,1,0,30.19073
D:\DPS 920\DPS920_final_project\IMG\center_2026_07_27_15_31_16_070.jpg,D:\DPS 920\DPS920_final_project\IMG\left_2026_07_27_15_31_16_070.jpg,D:\DPS 920\DPS920_final_project\IMG\right_2026_07_27_15_31_16_070.jpg,0,1,0,30.1904
D:\DPS 920\DPS920_final_project\IMG\center_2026_07_27_15_31_16_144.jpg,D:\DPS 920\DPS920_final_project\IMG\left_2026_07_27_15_31_16_144.jpg,D:\DPS 920\DPS920_final_project\IMG\right_2026_07_27_15_31_16_144.jpg,0,1,0,30.19027
D:\DPS 920\DPS920_final_project\IMG\center_2026_07_27_15_31_16_216.jpg,D:\DPS 920\DPS920_final_project\IMG\left_2026_07_27_15_31_16_216.jpg,D:\DPS 920\DPS920_final_project\IMG\right_2026_07_27_15_31_16_216.jpg,0,1,0,30.19027
D:\DPS 920\DPS920_final_project\IMG\center_2026_07_27_15_31_16_289.jpg,D:\DPS 920\DPS920_final_project\IMG\left_2026_07_27_15_31_16_289.jpg,D:\DPS 920\DPS920_final_project\IMG\right_2026_07_27_15_31_16_289.jpg,0,1,0,30.19024
D:\DPS 920\DPS920_final_project\IMG\center_2026_07_27_15_31_16_360.jpg,D:\DPS 920\DPS920_final_project\IMG\left_2026_07_27_15_31_16_360.jpg,D:\DPS 920\DPS920_final_project\IMG\right_2026_07_27_15_31_16_360.jpg,0,1,0,30.19025
D:\DPS 920\DPS920_final_project\IMG\center_2026_07_27_15_31_16_430.jpg,D:\DPS 920\DPS920_final_project\IMG\left_2026_07_27_15_31_16_430.jpg,D:\DPS 920\DPS920_final_project\IMG\right_2026_07_27_15_31_16_430.jpg,0,1,0,30.19027
D:\DPS 920\DPS920_final_project\IMG\center_2026_07_27_15_31_16_503.jpg,D:\DPS 920\DPS920_final_project\IMG\left_2026_07_27_15_31_16_503.jpg,D:\DPS 920\DPS920_final_project\IMG\right_2026_07_27_15_31_16_503.jpg,0,1,0,30.19028
D:\DPS 920\DPS920_final_project\IMG\center_2026_07_27_15_31_16_573.jpg,D:\DPS 920\DPS920_final_project\IMG\left_2026_07_27_15_31_16_573.jpg,D:\DPS 920\DPS920_final_project\IMG\right_2026_07_27_15_31_16_573.jpg,-0.05,1,0,30.19014
D:\DPS 920\DPS920_final_project\IMG\center_2026_07_27_15_31_16_646.jpg,D:\DPS 920\DPS920_final_project\IMG\left_2026_07_27_15_31_16_646.jpg,D:\DPS 920\DPS920_final_project\IMG\right_2026_07_27_15_31_16_646.jpg,-0.25,1,0,30.17467
D:\DPS 920\DPS920_final_project\IMG\center_2026_07_27_15_31_16_717.jpg,D:\DPS 920\DPS920_final_project\IMG\left_2026_07_27_15_31_16_717.jpg,D:\DPS 920\DPS920_final_project\IMG\right_2026_07_27_15_31_16_717.jpg,0,1,0,30.18953
D:\DPS 920\DPS920_final_project\IMG\center_2026_07_27_15_31_16_792.jpg,D:\DPS 920\DPS920_final_project\IMG\left_2026_07_27_15_31_16_792.jpg,D:\DPS 920\DPS920_final_project\IMG\right_2026_07_27_15_31_16_792.jpg,0,1,0,30.19115
D:\DPS 920\DPS920_final_project\IMG\center_2026_07_27_15_31_16_863.jpg,D:\DPS 920\DPS920_final_project\IMG\left_2026_07_27_15_31_16_863.jpg,D:\DPS 920\DPS920_final_project\IMG\right_2026_07_27_15_31_16_863.jpg,-0.2,1,0,30.18156
D:\DPS 920\DPS920_final_project\IMG\center_2026_07_27_15_31_16_936.jpg,D:\DPS 920\DPS920_final_project\IMG\left_2026_07_27_15_31_16_936.jpg,D:\DPS 920\DPS920_final_project\IMG\right_2026_07_27_15_31_16_936.jpg,0,1,0,30.19036
D:\DPS 920\DPS920_final_project\IMG\center_2026_07_27_15_31_17_012.jpg,D:\DPS 920\DPS920_final_project\IMG\left_2026_07_27_15_31_17_012.jpg,D:\DPS 920\DPS920_final_project\IMG\right_2026_07_27_15_31_17_012.jpg,-0.15,1,0,30.18683
D:\DPS 920\DPS920_final_project\IMG\center_2026_07_27_15_31_17_087.jpg,D:\DPS 920\DPS920_final_project\IMG\left_2026_07_27_15_31_17_087.jpg,D:\DPS 920\DPS920_final_project\IMG\right_2026_07_27_15_31_17_087.jpg,0,1,0,30.1902
D:\DPS 920\DPS920_final_project\IMG\center_2026_07_27_15_31_17_162.jpg,D:\DPS 920\DPS920_final_project\IMG\left_2026_07_27_15_31_17_162.jpg,D:\DPS 920\DPS920_final_project\IMG\right_2026_07_27_15_31_17_162.jpg,-0.15,1,0,30.18663
D:\DPS 920\DPS920_final_project\IMG\center_2026_07_27_15_31_17_235.jpg,D:\DPS 920\DPS920_final_project\IMG\left_2026_07_27_15_31_17_235.jpg,D:\DPS 920\DPS920_final_project\IMG\right_2026_07_27_15_31_17_235.jpg,0,1,0,30.18696
D:\DPS 920\DPS920_final_project\IMG\center_2026_07_27_15_31_17_308.jpg,D:\DPS 920\DPS920_final_project\IMG\left_2026_07_27_15_31_17_308.jpg,D:\DPS 920\DPS920_final_project\IMG\right_2026_07_27_15_31_17_308.jpg,-0.1,1,0,30.18983
D:\DPS 920\DPS920_final_project\IMG\center_2026_07_27_15_31_17_382.jpg,D:\DPS 920\DPS920_final_project\IMG\left_2026_07_27_15_31_17_382.jpg,D:\DPS 920\DPS920_final_project\IMG\right_2026_07_27_15_31_17_382.jpg,0,1,0,30.18717
D:\DPS 920\DPS920_final_project\IMG\center_2026_07_27_15_31_17_460.jpg,D:\DPS 920\DPS920_final_project\IMG\left_2026_07_27_15_31_17_460.jpg,D:\DPS 920\DPS920_final_project\IMG\right_2026_07_27_15_31_17_460.jpg,-0.15,1,0,30.18772
D:\DPS 920\DPS920_final_project\IMG\center_2026_07_27_15_31_17_529.jpg,D:\DPS 920\DPS920_final_project\IMG\left_2026_07_27_15_31_17_529.jpg,D:\DPS 920\DPS920_final_project\IMG\right_2026_07_27_15_31_17_529.jpg,0,1,0,30.18722
D:\DPS 920\DPS920_final_project\IMG\center_2026_07_27_15_31_17_600.jpg,D:\DPS 920\DPS920_final_project\IMG\left_2026_07_27_15_31_17_600.jpg,D:\DPS 920\DPS920_final_project\IMG\right_2026_07_27_15_31_17_600.jpg,-0.1,1,0,30.18958
D:\DPS 920\DPS920_final_project\IMG\center_2026_07_27_15_31_17_671.jpg,D:\DPS 920\DPS920_final_project\IMG\left_2026_07_27_15_31_17_671.jpg,D:\DPS 920\DPS920_final_project\IMG\right_2026_07_27_15_31_17_671.jpg,-0.25,1,0,30.17882
D:\DPS 920\DPS920_final_project\IMG\center_2026_07_27_15_31_17_744.jpg,D:\DPS 920\DPS920_final_project\IMG\left_2026_07_27_15_31_17_744.jpg,D:\DPS 920\DPS920_final_project\IMG\right_2026_07_27_15_31_17_744.jpg,0,1,0,30.18988
D:\DPS 920\DPS920_final_project\IMG\center_2026_07_27_15_31_17_818.jpg,D:\DPS 920\DPS920_final_project\IMG\left_2026_07_27_15_31_17_818.jpg,D:\DPS 920\DPS920_final_project\IMG\right_2026_07_27_15_31_17_818.jpg,-0.15,1,0,30.18694
D:\DPS 920\DPS920_final_project\IMG\center_2026_07_27_15_31_17_891.jpg,D:\DPS 920\DPS920_final_project\IMG\left_2026_07_27_15_31_17_891.jpg,D:\DPS 920\DPS920_final_project\IMG\right_2026_07_27_15_31_17_891.jpg,0,1,0,30.19012
D:\DPS 920\DPS920_final_project\IMG\center_2026_07_27_15_31_17_963.jpg,D:\DPS 920\DPS920_final_project\IMG\left_2026_07_27_15_31_17_963.jpg,D:\DPS 920\DPS920_final_project\IMG\right_2026_07_27_15_31_17_963.jpg,-0.15,1,0,30.18721
D:\DPS 920\DPS920_final_project\IMG\center_2026_07_27_15_31_18_037.jpg,D:\DPS 920\DPS920_final_project\IMG\left_2026_07_27_15_31_18_037.jpg,D:\DPS 920\DPS920_final_project\IMG\right_2026_07_27_15_31_18_037.jpg,0,1,0,30.19006
D:\DPS 920\DPS920_final_project\IMG\center_2026_07_27_15_31_18_114.jpg,D:\DPS 920\DPS920_final_project\IMG\left_2026_07_27_15_31_18_114.jpg,D:\DPS 920\DPS920_final_project\IMG\right_2026_07_27_15_31_18_114.jpg,-0.15,1,0,30.1868
D:\DPS 920\DPS920_final_project\IMG\center_2026_07_27_15_31_18_191.jpg,D:\DPS 920\DPS920_final_project\IMG\left_2026_07_27_15_31_18_191.jpg,D:\DPS 920\DPS920_final_project\IMG\right_2026_07_27_15_31_18_191.jpg,0,1,0,30.19018
D:\DPS 920\DPS920_final_project\IMG\center_2026_07_27_15_31_18_259.jpg,D:\DPS 920\DPS920_final_project\IMG\left_2026_07_27_15_31_18_259.jpg,D:\DPS 920\DPS920_final_project\IMG\right_2026_07_27_15_31_18_259.jpg,-0.1,1,0,30.18954
D:\DPS 920\DPS920_final_project\IMG\center_2026_07_27_15_31_18_327.jpg,D:\DPS 920\DPS920_final_project\IMG\left_2026_07_27_15_31_18_327.jpg,D:\DPS 920\DPS920_final_project\IMG\right_2026_07_27_15_31_18_327.jpg,-0.25,1,0,30.17784
D:\DPS 920\DPS920_final_project\IMG\center_2026_07_27_15_31_18_396.jpg,D:\DPS 920\DPS920_final_project\IMG\left_2026_07_27_15_31_18_396.jpg,D:\DPS 920\DPS920_final_project\IMG\right_2026_07_27_15_31_18_396.jpg,0,1,0,30.18986
D:\DPS 920\DPS920_final_project\IMG\center_2026_07_27_15_31_18_464.jpg,D:\DPS 920\DPS920_final_project\IMG\left_2026_07_27_15_31_18_464.jpg,D:\DPS 920\DPS920_final_project\IMG\right_2026_07_27_15_31_18_464.jpg,-0.2,1,0,30.1848
D:\DPS 920\DPS920_final_project\IMG\center_2026_07_27_15_31_18_533.jpg,D:\DPS 920\DPS920_final_project\IMG\left_2026_07_27_15_31_18_533.jpg,D:\DPS 920\DPS920_final_project\IMG\right_2026_07_27_15_31_18_533.jpg,0,1,0,30.18875
D:\DPS 920\DPS920_final_project\IMG\center_2026_07_27_15_31_18_603.jpg,D:\DPS 920\DPS920_final_project\IMG\left_2026_07_27_15_31_18_603.jpg,D:\DPS 920\DPS920_final_project\IMG\right_2026_07_27_15_31_18_603.jpg,-0.1,1,0,30.18981
D:\DPS 920\DPS920_final_project\IMG\center_2026_07_27_15_31_18_674.jpg,D:\DPS 920\DPS920_final_project\IMG\left_2026_07_27_15_31_18_674.jpg,D:\DPS 920\DPS920_final_project\IMG\right_2026_07_27_15_31_18_674.jpg,-0.25,1,0,30.17839
D:\DPS 920\DPS920_final_project\IMG\center_2026_07_27_15_31_18_744.jpg,D:\DPS 920\DPS920_final_project\IMG\left_2026_07_27_15_31_18_744.jpg,D:\DPS 920\DPS920_final_project\IMG\right_2026_07_27_15_31_18_744.jpg,-0.05,1,0,30.19024
D:\DPS 920\DPS920_final_project\IMG\center_2026_07_27_15_31_18_814.jpg,D:\DPS 920\DPS920_final_project\IMG\left_2026_07_27_15_31_18_814.jpg,D:\DPS 920\DPS920_final_project\IMG\right_2026_07_27_15_31_18_814.jpg,-0.2,1,0,30.18349
D:\DPS 920\DPS920_final_project\IMG\center_2026_07_27_15_31_18_885.jpg,D:\DPS 920\DPS920_final_project\IMG\left_2026_07_27_15_31_18_885.jpg,D:\DPS 920\DPS920_final_project\IMG\right_2026_07_27_15_31_18_885.jpg,0,1,0,30.19006
D:\DPS 920\DPS920_final_project\IMG\center_2026_07_27_15_31_18_958.jpg,D:\DPS 920\DPS920_final_project\IMG\left_2026_07_27_15_31_18_958.jpg,D:\DPS 920\DPS920_final_project\IMG\right_2026_07_27_15_31_18_958.jpg,-0.15,1,0,30.18615
D:\DPS 920\DPS920_final_project\IMG\center_2026_07_27_15_31_19_033.jpg,D:\DPS 920\DPS920_final_project\IMG\left_2026_07_27_15_31_19_033.jpg,D:\DPS 920\DPS920_final_project\IMG\right_2026_07_27_15_31_19_033.jpg,0,1,0,30.19057
D:\DPS 920\DPS920_final_project\IMG\center_2026_07_27_15_31_19_104.jpg,D:\DPS 920\DPS920_final_project\IMG\left_2026_07_27_15_31_19_104.jpg,D:\DPS 920\DPS920_final_project\IMG\right_2026_07_27_15_31_19_104.jpg,0,1,0,30.19001
D:\DPS 920\DPS920_final_project\IMG\center_2026_07_27_15_31_19_171.jpg,D:\DPS 920\DPS920_final_project\IMG\left_2026_07_27_15_31_19_171.jpg,D:\DPS 920\DPS920_final_project\IMG\right_2026_07_27_15_31_19_171.jpg,0,1,0,30.1901
D:\DPS 920\DPS920_final_project\IMG\center_2026_07_27_15_31_19_243.jpg,D:\DPS 920\DPS920_final_project\IMG\left_2026_07_27_15_31_19_243.jpg,D:\DPS 920\DPS920_final_project\IMG\right_2026_07_27_15_31_19_243.jpg,0,1,0,30.1895
D:\DPS 920\DPS920_final_project\IMG\center_2026_07_27_15_31_19_312.jpg,D:\DPS 920\DPS920_final_project\IMG\left_2026_07_27_15_31_19_312.jpg,D:\DPS 920\DPS920_final_project\IMG\right_2026_07_27_15_31_19_312.jpg,0,1,0,30.19033
D:\DPS 920\DPS920_final_project\IMG\center_2026_07_27_15_31_19_384.jpg,D:\DPS 920\DPS920_final_project\IMG\left_2026_07_27_15_31_19_384.jpg,D:\DPS 920\DPS920_final_project\IMG\right_2026_07_27_15_31_19_384.jpg,0,1,0,30.1904
D:\DPS 920\DPS920_final_project\IMG\center_2026_07_27_15_31_19_453.jpg,D:\DPS 920\DPS920_final_project\IMG\left_2026_07_27_15_31_19_453.jpg,D:\DPS 920\DPS920_final_project\IMG\right_2026_07_27_15_31_19_453.jpg,0,1,0,30.19028
D:\DPS 920\DPS920_final_project\IMG\center_2026_07_27_15_31_19_521.jpg,D:\DPS 920\DPS920_final_project\IMG\left_2026_07_27_15_31_19_521.jpg,D:\DPS 920\DPS920_final_project\IMG\right_2026_07_27_15_31_19_521.jpg,0,1,0,30.19104
D:\DPS 920\DPS920_final_project\IMG\center_2026_07_27_15_31_19_590.jpg,D:\DPS 920\DPS920_final_project\IMG\left_2026_07_27_15_31_19_590.jpg,D:\DPS 920\DPS920_final_project\IMG\right_2026_07_27_15_31_19_590.jpg,0,1,0,30.19064
D:\DPS 920\DPS920_final_project\IMG\center_2026_07_27_15_31_19_663.jpg,D:\DPS 920\DPS920_final_project\IMG\left_2026_07_27_15_31_19_663.jpg,D:\DPS 920\DPS920_final_project\IMG\right_2026_07_27_15_31_19_663.jpg,0,1,0,30.19079
D:\DPS 920\DPS920_final_project\IMG\center_2026_07_27_15_31_19_734.jpg,D:\DPS 920\DPS920_final_project\IMG\left_2026_07_27_15_31_19_734.jpg,D:\DPS 920\DPS920_final_project\IMG\right_2026_07_27_15_31_19_734.jpg,0,1,0,30.19027
D:\DPS 920\DPS920_final_project\IMG\center_2026_07_27_15_31_19_803.jpg,D:\DPS 920\DPS920_final_project\IMG\left_2026_07_27_15_31_19_803.jpg,D:\DPS 920\DPS920_final_project\IMG\right_2026_07_27_15_31_19_803.jpg,0,1,0,30.1908
D:\DPS 920\DPS920_final_project\IMG\center_2026_07_27_15_31_19_875.jpg,D:\DPS 920\DPS920_final_project\IMG\left_2026_07_27_15_31_19_875.jpg,D:\DPS 920\DPS920_final_project\IMG\right_2026_07_27_15_31_19_875.jpg,0,1,0,30.19057
D:\DPS 920\DPS920_final_project\IMG\center_2026_07_27_15_31_19_953.jpg,D:\DPS 920\DPS920_final_project\IMG\left_2026_07_27_15_31_19_953.jpg,D:\DPS 920\DPS920_final_project\IMG\right_2026_07_27_15_31_19_953.jpg,-0.1,1,0,30.18778
D:\DPS 920\DPS920_final_project\IMG\center_2026_07_27_15_31_20_028.jpg,D:\DPS 920\DPS920_final_project\IMG\left_2026_07_27_15_31_20_028.jpg,D:\DPS 920\DPS920_final_project\IMG\right_2026_07_27_15_31_20_028.jpg,-0.3,1,0,30.16954
D:\DPS 920\DPS920_final_project\IMG\center_2026_07_27_15_31_20_095.jpg,D:\DPS 920\DPS920_final_project\IMG\left_2026_07_27_15_31_20_095.jpg,D:\DPS 920\DPS920_final_project\IMG\right_2026_07_27_15_31_20_095.jpg,0,1,0,30.18887
D:\DPS 920\DPS920_final_project\IMG\center_2026_07_27_15_31_20_176.jpg,D:\DPS 920\DPS920_final_project\IMG\left_2026_07_27_15_31_20_176.jpg,D:\DPS 920\DPS920_final_project\IMG\right_2026_07_27_15_31_20_176.jpg,-0.2,1,0,30.18363
D:\DPS 920\DPS920_final_project\IMG\center_2026_07_27_15_31_20_246.jpg,D:\DPS 920\DPS920_final_project\IMG\left_2026_07_27_15_31_20_246.jpg,D:\DPS 920\DPS920_final_project\IMG\right_2026_07_27_15_31_20_246.jpg,-0.05,1,0,30.18967
D:\DPS 920\DPS920_final_project\IMG\center_2026_07_27_15_31_20_313.jpg,D:\DPS 920\DPS920_final_project\IMG\left_2026_07_27_15_31_20_313.jpg,D:\DPS 920\DPS920_final_project\IMG\right_2026_07_27_15_31_20_313.jpg,-0.2,1,0,30.18421
D:\DPS 920\DPS920_final_project\IMG\center_2026_07_27_15_31_20_382.jpg,D:\DPS 920\DPS920_final_project\IMG\left_2026_07_27_15_31_20_382.jpg,D:\DPS 920\DPS920_final_project\IMG\right_2026_07_27_15_31_20_382.jpg,0,1,0,30.18928
D:\DPS 920\DPS920_final_project\IMG\center_2026_07_27_15_31_20_449.jpg,D:\DPS 920\DPS920_final_project\IMG\left_2026_07_27_15_31_20_449.jpg,D:\DPS 920\DPS920_final_project\IMG\right_2026_07_27_15_31_20_449.jpg,-0.1,1,0,30.1906
D:\DPS 920\DPS920_final_project\IMG\center_2026_07_27_15_31_20_518.jpg,D:\DPS 920\DPS920_final_project\IMG\left_2026_07_27_15_31_20_518.jpg,D:\DPS 920\DPS920_final_project\IMG\right_2026_07_27_15_31_20_518.jpg,0,1,0,30.1897
D:\DPS 920\DPS920_final_project\IMG\center_2026_07_27_15_31_20_588.jpg,D:\DPS 920\DPS920_final_project\IMG\left_2026_07_27_15_31_20_588.jpg,D:\DPS 920\DPS920_final_project\IMG\right_2026_07_27_15_31_20_588.jpg,-0.05,1,0,30.19017
D:\DPS 920\DPS920_final_project\IMG\center_2026_07_27_15_31_20_655.jpg,D:\DPS 920\DPS920_final_project\IMG\left_2026_07_27_15_31_20_655.jpg,D:\DPS 920\DPS920_final_project\IMG\right_2026_07_27_15_31_20_655.jpg,-0.2,1,0,30.18273
D:\DPS 920\DPS920_final_project\IMG\center_2026_07_27_15_31_20_727.jpg,D:\DPS 920\DPS920_final_project\IMG\left_2026_07_27_15_31_20_727.jpg,D:\DPS 920\DPS920_final_project\IMG\right_2026_07_27_15_31_20_727.jpg,0,1,0,30.19009
D:\DPS 920\DPS920_final_project\IMG\center_2026_07_27_15_31_20_795.jpg,D:\DPS 920\DPS920_final_project\IMG\left_2026_07_27_15_31_20_795.jpg,D:\DPS 920\DPS920_final_project\IMG\right_2026_07_27_15_31_20_795.jpg,-0.15,1,0,30.18629
D:\DPS 920\DPS920_final_project\IMG\center_2026_07_27_15_31_20_865.jpg,D:\DPS 920\DPS920_final_project\IMG\left_2026_07_27_15_31_20_865.jpg,D:\DPS 920\DPS920_final_project\IMG\right_2026_07_27_15_31_20_865.jpg,0,1,0,30.19038
D:\DPS 920\DPS920_final_project\IMG\center_2026_07_27_15_31_20_931.jpg,D:\DPS 920\DPS920_final_project\IMG\left_2026_07_27_15_31_20_931.jpg,D:\DPS 920\DPS920_final_project\IMG\right_2026_07_27_15_31_20_931.jpg,-0.1,1,0,30.18962
D:\DPS 920\DPS920_final_project\IMG\center_2026_07_27_15_31_21_004.jpg,D:\DPS 920\DPS920_final_project\IMG\left_2026_07_27_15_31_21_004.jpg,D:\DPS 920\DPS920_final_project\IMG\right_2026_07_27_15_31_21_004.jpg,0,1,0,30.18701
D:\DPS 920\DPS920_final_project\IMG\center_2026_07_27_15_31_21_077.jpg,D:\DPS 920\DPS920_final_project\IMG\left_2026_07_27_15_31_21_077.jpg,D:\DPS 920\DPS920_final_project\IMG\right_2026_07_27_15_31_21_077.jpg,0,1,0,30.18991
D:\DPS 920\DPS920_final_project\IMG\center_2026_07_27_15_31_21_152.jpg,D:\DPS 920\DPS920_final_project\IMG\left_2026_07_27_15_31_21_152.jpg,D:\DPS 920\DPS920_final_project\IMG\right_2026_07_27_15_31_21_152.jpg,0,1,0,30.18928
D:\DPS 920\DPS920_final_project\IMG\center_2026_07_27_15_31_21_223.jpg,D:\DPS 920\DPS920_final_project\IMG\left_2026_07_27_15_31_21_223.jpg,D:\DPS 920\DPS920_final_project\IMG\right_2026_07_27_15_31_21_223.jpg,0,1,0,30.19017
D:\DPS 920\DPS920_final_project\IMG\center_2026_07_27_15_31_21_291.jpg,D:\DPS 920\DPS920_final_project\IMG\left_2026_07_27_15_31_21_291.jpg,D:\DPS 920\DPS920_final_project\IMG\right_2026_07_27_15_31_21_291.jpg,-0.15,1,0,30.18597
D:\DPS 920\DPS920_final_project\IMG\center_2026_07_27_15_31_21_357.jpg,D:\DPS 920\DPS920_final_project\IMG\left_2026_07_27_15_31_21_357.jpg,D:\DPS 920\DPS920_final_project\IMG\right_2026_07_27_15_31_21_357.jpg,0,1,0,30.19064
D:\DPS 920\DPS920_final_project\IMG\center_2026_07_27_15_31_21_424.jpg,D:\DPS 920\DPS920_final_project\IMG\left_2026_07_27_15_31_21_424.jpg,D:\DPS 920\DPS920_final_project\IMG\right_2026_07_27_15_31_21_424.jpg,0,1,0,30.19024
D:\DPS 920\DPS920_final_project\IMG\center_2026_07_27_15_31_21_494.jpg,D:\DPS 920\DPS920_final_project\IMG\left_2026_07_27_15_31_21_494.jpg,D:\DPS 920\DPS920_final_project\IMG\right_2026_07_27_15_31_21_494.jpg,0,1,0,30.18977
D:\DPS 920\DPS920_final_project\IMG\center_2026_07_27_15_31_21_567.jpg,D:\DPS 920\DPS920_final_project\IMG\left_2026_07_27_15_31_21_567.jpg,D:\DPS 920\DPS920_final_project\IMG\right_2026_07_27_15_31_21_567.jpg,0,1,0,30.19029
D:\DPS 920\DPS920_final_project\IMG\center_2026_07_27_15_31_21_636.jpg,D:\DPS 920\DPS920_final_project\IMG\left_2026_07_27_15_31_21_636.jpg,D:\DPS 920\DPS920_final_project\IMG\right_2026_07_27_15_31_21_636.jpg,0,1,0,30.1903
D:\DPS 920\DPS920_final_project\IMG\center_2026_07_27_15_31_21_705.jpg,D:\DPS 920\DPS920_final_project\IMG\left_2026_07_27_15_31_21_705.jpg,D:\DPS 920\DPS920_final_project\IMG\right_2026_07_27_15_31_21_705.jpg,-0.15,1,0,30.18444
D:\DPS 920\DPS920_final_project\IMG\center_2026_07_27_15_31_21_773.jpg,D:\DPS 920\DPS920_final_project\IMG\left_2026_07_27_15_31_21_773.jpg,D:\DPS 920\DPS920_final_project\IMG\right_2026_07_27_15_31_21_773.jpg,0,1,0,30.18998
D:\DPS 920\DPS920_final_project\IMG\center_2026_07_27_15_31_21_845.jpg,D:\DPS 920\DPS920_final_project\IMG\left_2026_07_27_15_31_21_845.jpg,D:\DPS 920\DPS920_final_project\IMG\right_2026_07_27_15_31_21_845.jpg,-0.1,1,0,30.18831
D:\DPS 920\DPS920_final_project\IMG\center_2026_07_27_15_31_21_912.jpg,D:\DPS 920\DPS920_final_project\IMG\left_2026_07_27_15_31_21_912.jpg,D:\DPS 920\DPS920_final_project\IMG\right_2026_07_27_15_31_21_912.jpg,0,1,0,30.19016
D:\DPS 920\DPS920_final_project\IMG\center_2026_07_27_15_31_21_992.jpg,D:\DPS 920\DPS920_final_project\IMG\left_2026_07_27_15_31_21_992.jpg,D:\DPS 920\DPS920_final_project\IMG\right_2026_07_27_15_31_21_992.jpg,0,1,0,30.19029
D:\DPS 920\DPS920_final_project\IMG\center_2026_07_27_15_31_22_061.jpg,D:\DPS 920\DPS920_final_project\IMG\left_2026_07_27_15_31_22_061.jpg,D:\DPS 920\DPS920_final_project\IMG\right_2026_07_27_15_31_22_061.jpg,0,1,0,30.19029
D:\DPS 920\DPS920_final_project\IMG\center_2026_07_27_15_31_22_131.jpg,D:\DPS 920\DPS920_final_project\IMG\left_2026_07_27_15_31_22_131.jpg,D:\DPS 920\DPS920_final_project\IMG\right_2026_07_27_15_31_22_131.jpg,0,1,0,30.19031
D:\DPS 920\DPS920_final_project\IMG\center_2026_07_27_15_31_22_202.jpg,D:\DPS 920\DPS920_final_project\IMG\left_2026_07_27_15_31_22_202.jpg,D:\DPS 920\DPS920_final_project\IMG\right_2026_07_27_15_31_22_202.jpg,-0.2,1,0,30.18003
D:\DPS 920\DPS920_final_project\IMG\center_2026_07_27_15_31_22_277.jpg,D:\DPS 920\DPS920_final_project\IMG\left_2026_07_27_15_31_22_277.jpg,D:\DPS 920\DPS920_final_project\IMG\right_2026_07_27_15_31_22_277.jpg,0,1,0,30.18967
D:\DPS 920\DPS920_final_project\IMG\center_2026_07_27_15_31_22_348.jpg,D:\DPS 920\DPS920_final_project\IMG\left_2026_07_27_15_31_22_348.jpg,D:\DPS 920\DPS920_final_project\IMG\right_2026_07_27_15_31_22_348.jpg,-0.1,1,0,30.18871
D:\DPS 920\DPS920_final_project\IMG\center_2026_07_27_15_31_22_418.jpg,D:\DPS 920\DPS920_final_project\IMG\left_2026_07_27_15_31_22_418.jpg,D:\DPS 920\DPS920_final_project\IMG\right_2026_07_27_15_31_22_418.jpg,0,1,0,30.18641
D:\DPS 920\DPS920_final_project\IMG\center_2026_07_27_15_31_22_487.jpg,D:\DPS 920\DPS920_final_project\IMG\left_2026_07_27_15_31_22_487.jpg,D:\DPS 920\DPS920_final_project\IMG\right_2026_07_27_15_31_22_487.jpg,0,1,0,30.19005
D:\DPS 920\DPS920_final_project\IMG\center_2026_07_27_15_31_22_567.jpg,D:\DPS 920\DPS920_final_project\IMG\left_2026_07_27_15_31_22_567.jpg,D:\DPS 920\DPS920_final_project\IMG\right_2026_07_27_15_31_22_567.jpg,-0.2,1,0,30.18262
D:\DPS 920\DPS920_final_project\IMG\center_2026_07_27_15_31_22_633.jpg,D:\DPS 920\DPS920_final_project\IMG\left_2026_07_27_15_31_22_633.jpg,D:\DPS 920\DPS920_final_project\IMG\right_2026_07_27_15_31_22_633.jpg,0,1,0,30.18971
D:\DPS 920\DPS920_final_project\IMG\center_2026_07_27_15_31_22_712.jpg,D:\DPS 920\DPS920_final_project\IMG\left_2026_07_27_15_31_22_712.jpg,D:\DPS 920\DPS920_final_project\IMG\right_2026_07_27_15_31_22_712.jpg,-0.2,1,0,30.18263
D:\DPS 920\DPS920_final_project\IMG\center_2026_07_27_15_31_22_792.jpg,D:\DPS 920\DPS920_final_project\IMG\left_2026_07_27_15_31_22_792.jpg,D:\DPS 920\DPS920_final_project\IMG\right_2026_07_27_15_31_22_792.jpg,0,1,0,30.18933
D:\DPS 920\DPS920_final_project\IMG\center_2026_07_27_15_31_22_861.jpg,D:\DPS 920\DPS920_final_project\IMG\left_2026_07_27_15_31_22_861.jpg,D:\DPS 920\DPS920_final_project\IMG\right_2026_07_27_15_31_22_861.jpg,-0.2,1,0,30.18332
D:\DPS 920\DPS920_final_project\IMG\center_2026_07_27_15_31_22_930.jpg,D:\DPS 920\DPS920_final_project\IMG\left_2026_07_27_15_31_22_930.jpg,D:\DPS 920\DPS920_final_project\IMG\right_2026_07_27_15_31_22_930.jpg,0,1,0,30.18971
D:\DPS 920\DPS920_final_project\IMG\center_2026_07_27_15_31_22_999.jpg,D:\DPS 920\DPS920_final_project\IMG\left_2026_07_27_15_31_22_999.jpg,D:\DPS 920\DPS920_final_project\IMG\right_2026_07_27_15_31_22_999.jpg,-0.15,1,0,30.18644
D:\DPS 920\DPS920_final_project\IMG\center_2026_07_27_15_31_23_067.jpg,D:\DPS 920\DPS920_final_project\IMG\left_2026_07_27_15_31_23_067.jpg,D:\DPS 920\DPS920_final_project\IMG\right_2026_07_27_15_31_23_067.jpg,0,1,0,30.19035
D:\DPS 920\DPS920_final_project\IMG\center_2026_07_27_15_31_23_146.jpg,D:\DPS 920\DPS920_final_project\IMG\left_2026_07_27_15_31_23_146.jpg,D:\DPS 920\DPS920_final_project\IMG\right_2026_07_27_15_31_23_146.jpg,-0.1,1,0,30.18917
D:\DPS 920\DPS920_final_project\IMG\center_2026_07_27_15_31_23_226.jpg,D:\DPS 920\DPS920_final_project\IMG\left_2026_07_27_15_31_23_226.jpg,D:\DPS 920\DPS920_final_project\IMG\right_2026_07_27_15_31_23_226.jpg,0,1,0,30.19042
D:\DPS 920\DPS920_final_project\IMG\center_2026_07_27_15_31_23_293.jpg,D:\DPS 920\DPS920_final_project\IMG\left_2026_07_27_15_31_23_293.jpg,D:\DPS 920\DPS920_final_project\IMG\right_2026_07_27_15_31_23_293.jpg,0,1,0,30.19012
D:\DPS 920\DPS920_final_project\IMG\center_2026_07_27_15_31_23_363.jpg,D:\DPS 920\DPS920_final_project\IMG\left_2026_07_27_15_31_23_363.jpg,D:\DPS 920\DPS920_final_project\IMG\right_2026_07_27_15_31_23_363.jpg,0,1,0,30.19028
D:\DPS 920\DPS920_final_project\IMG\center_2026_07_27_15_31_23_431.jpg,D:\DPS 920\DPS920_final_project\IMG\left_2026_07_27_15_31_23_431.jpg,D:\DPS 920\DPS920_final_project\IMG\right_2026_07_27_15_31_23_431.jpg,0,1,0,30.19011
D:\DPS 920\DPS920_final_project\IMG\center_2026_07_27_15_31_23_500.jpg,D:\DPS 920\DPS920_final_project\IMG\left_2026_07_27_15_31_23_500.jpg,D:\DPS 920\DPS920_final_project\IMG\right_2026_07_27_15_31_23_500.jpg,0,1,0,30.19031
D:\DPS 920\DPS920_final_project\IMG\center_2026_07_27_15_31_23_569.jpg,D:\DPS 920\DPS920_final_project\IMG\left_2026_07_27_15_31_23_569.jpg,D:\DPS 920\DPS920_final_project\IMG\right_2026_07_27_15_31_23_569.jpg,0,1,0,30.1903
D:\DPS 920\DPS920_final_project\IMG\center_2026_07_27_15_31_23_639.jpg,D:\DPS 920\DPS920_final_project\IMG\left_2026_07_27_15_31_23_639.jpg,D:\DPS 920\DPS920_final_project\IMG\right_2026_07_27_15_31_23_639.jpg,0,1,0,30.1899
D:\DPS 920\DPS920_final_project\IMG\center_2026_07_27_15_31_23_708.jpg,D:\DPS 920\DPS920_final_project\IMG\left_2026_07_27_15_31_23_708.jpg,D:\DPS 920\DPS920_final_project\IMG\right_2026_07_27_15_31_23_708.jpg,0,1,0,30.19034
D:\DPS 920\DPS920_final_project\IMG\center_2026_07_27_15_31_23_776.jpg,D:\DPS 920\DPS920_final_project\IMG\left_2026_07_27_15_31_23_776.jpg,D:\DPS 920\DPS920_final_project\IMG\right_2026_07_27_15_31_23_776.jpg,0,1,0,30.19029
D:\DPS 920\DPS920_final_project\IMG\center_2026_07_27_15_31_23_854.jpg,D:\DPS 920\DPS920_final_project\IMG\left_2026_07_27_15_31_23_854.jpg,D:\DPS 920\DPS920_final_project\IMG\right_2026_07_27_15_31_23_854.jpg,0,1,0,30.19031
D:\DPS 920\DPS920_final_project\IMG\center_2026_07_27_15_31_23_933.jpg,D:\DPS 920\DPS920_final_project\IMG\left_2026_07_27_15_31_23_933.jpg,D:\DPS 920\DPS920_final_project\IMG\right_2026_07_27_15_31_23_933.jpg,0,1,0,30.19031
D:\DPS 920\DPS920_final_project\IMG\center_2026_07_27_15_31_24_004.jpg,D:\DPS 920\DPS920_final_project\IMG\left_2026_07_27_15_31_24_004.jpg,D:\DPS 920\DPS920_final_project\IMG\right_2026_07_27_15_31_24_004.jpg,-0.2,1,0,30.17981
D:\DPS 920\DPS920_final_project\IMG\center_2026_07_27_15_31_24_070.jpg,D:\DPS 920\DPS920_final_project\IMG\left_2026_07_27_15_31_24_070.jpg,D:\DPS 920\DPS920_final_project\IMG\right_2026_07_27_15_31_24_070.jpg,0,1,0,30.1897
D:\DPS 920\DPS920_final_project\IMG\center_2026_07_27_15_31_24_149.jpg,D:\DPS 920\DPS920_final_project\IMG\left_2026_07_27_15_31_24_149.jpg,D:\DPS 920\DPS920_final_project\IMG\right_2026_07_27_15_31_24_149.jpg,-0.15,1,0,30.18569
D:\DPS 920\DPS920_final_project\IMG\center_2026_07_27_15_31_24_226.jpg,D:\DPS 920\DPS920_final_project\IMG\left_2026_07_27_15_31_24_226.jpg,D:\DPS 920\DPS920_final_project\IMG\right_2026_07_27_15_31_24_226.jpg,0,1,0,30.18969
D:\DPS 920\DPS920_final_project\IMG\center_2026_07_27_15_31_24_305.jpg,D:\DPS 920\DPS920_final_project\IMG\left_2026_07_27_15_31_24_305.jpg,D:\DPS 920\DPS920_final_project\IMG\right_2026_07_27_15_31_24_305.jpg,-0.2,1,0,30.18235
D:\DPS 920\DPS920_final_project\IMG\center_2026_07_27_15_31_24_383.jpg,D:\DPS 920\DPS920_final_project\IMG\left_2026_07_27_15_31_24_383.jpg,D:\DPS 920\DPS920_final_project\IMG\right_2026_07_27_15_31_24_383.jpg,0,1,0,30.1901
D:\DPS 920\DPS920_final_project\IMG\center_2026_07_27_15_31_24_460.jpg,D:\DPS 920\DPS920_final_project\IMG\left_2026_07_27_15_31_24_460.jpg,D:\DPS 920\DPS920_final_project\IMG\right_2026_07_27_15_31_24_460.jpg,0,1,0,30.19025
D:\DPS 920\DPS920_final_project\IMG\center_2026_07_27_15_31_24_536.jpg,D:\DPS 920\DPS920_final_project\IMG\left_2026_07_27_15_31_24_536.jpg,D:\DPS 920\DPS920_final_project\IMG\right_2026_07_27_15_31_24_536.jpg,0,1,0,30.19029
D:\DPS 920\DPS920_final_project\IMG\center_2026_07_27_15_31_24_613.jpg,D:\DPS 920\DPS920_final_project\IMG\left_2026_07_27_15_31_24_613.jpg,D:\DPS 920\DPS920_final_project\IMG\right_2026_07_27_15_31_24_613.jpg,0,1,0,30.19038
D:\DPS 920\DPS920_final_project\IMG\center_2026_07_27_15_31_24_682.jpg,D:\DPS 920\DPS920_final_project\IMG\left_2026_07_27_15_31_24_682.jpg,D:\DPS 920\DPS920_final_project\IMG\right_2026_07_27_15_31_24_682.jpg,0,1,0,30.19031
D:\DPS 920\DPS920_final_project\IMG\center_2026_07_27_15_31_24_749.jpg,D:\DPS 920\DPS920_final_project\IMG\left_2026_07_27_15_31_24_749.jpg,D:\DPS 920\DPS920_final_project\IMG\right_2026_07_27_15_31_24_749.jpg,0,1,0,30.1903
D:\DPS 920\DPS920_final_project\IMG\center_2026_07_27_15_31_24_816.jpg,D:\DPS 920\DPS920_final_project\IMG\left_2026_07_27_15_31_24_816.jpg,D:\DPS 920\DPS920_final_project\IMG\right_2026_07_27_15_31_24_816.jpg,0,1,0,30.1901
D:\DPS 920\DPS920_final_project\IMG\center_2026_07_27_15_31_24_893.jpg,D:\DPS 920\DPS920_final_project\IMG\left_2026_07_27_15_31_24_893.jpg,D:\DPS 920\DPS920_final_project\IMG\right_2026_07_27_15_31_24_893.jpg,0,1,0,30.1903
D:\DPS 920\DPS920_final_project\IMG\center_2026_07_27_15_31_24_971.jpg,D:\DPS 920\DPS920_final_project\IMG\left_2026_07_27_15_31_24_971.jpg,D:\DPS 920\DPS920_final_project\IMG\right_2026_07_27_15_31_24_971.jpg,0,1,0,30.19031
D:\DPS 920\DPS920_final_project\IMG\center_2026_07_27_15_31_25_050.jpg,D:\DPS 920\DPS920_final_project\IMG\left_2026_07_27_15_31_25_050.jpg,D:\DPS 920\DPS920_final_project\IMG\right_2026_07_27_15_31_25_050.jpg,-0.05,1,0,30.18971
D:\DPS 920\DPS920_final_project\IMG\center_2026_07_27_15_31_25_125.jpg,D:\DPS 920\DPS920_final_project\IMG\left_2026_07_27_15_31_25_125.jpg,D:\DPS 920\DPS920_final_project\IMG\right_2026_07_27_15_31_25_125.jpg,0,1,0,30.18721
D:\DPS 920\DPS920_final_project\IMG\center_2026_07_27_15_31_25_195.jpg,D:\DPS 920\DPS920_final_project\IMG\left_2026_07_27_15_31_25_195.jpg,D:\DPS 920\DPS920_final_project\IMG\right_2026_07_27_15_31_25_195.jpg,-0.05,1,0,30.19019
D:\DPS 920\DPS920_final_project\IMG\center_2026_07_27_15_31_25_265.jpg,D:\DPS 920\DPS920_final_project\IMG\left_2026_07_27_15_31_25_265.jpg,D:\DPS 920\DPS920_final_project\IMG\right_2026_07_27_15_31_25_265.jpg,0,1,0,30.18776
D:\DPS 920\DPS920_final_project\IMG\center_2026_07_27_15_31_25_336.jpg,D:\DPS 920\DPS920_final_project\IMG\left_2026_07_27_15_31_25_336.jpg,D:\DPS 920\DPS920_final_project\IMG\right_2026_07_27_15_31_25_336.jpg,0,1,0,30.19012
D:\DPS 920\DPS920_final_project\IMG\center_2026_07_27_15_31_25_412.jpg,D:\DPS 920\DPS920_final_project\IMG\left_2026_07_27_15_31_25_412.jpg,D:\DPS 920\DPS920_final_project\IMG\right_2026_07_27_15_31_25_412.jpg,0,1,0,30.19024
D:\DPS 920\DPS920_final_project\IMG\center_2026_07_27_15_31_25_490.jpg,D:\DPS 920\DPS920_final_project\IMG\left_2026_07_27_15_31_25_490.jpg,D:\DPS 920\DPS920_final_project\IMG\right_2026_07_27_15_31_25_490.jpg,0,1,0,30.19031
D:\DPS 920\DPS920_final_project\IMG\center_2026_07_27_15_31_25_568.jpg,D:\DPS 920\DPS920_final_project\IMG\left_2026_07_27_15_31_25_568.jpg,D:\DPS 920\DPS920_final_project\IMG\right_2026_07_27_15_31_25_568.jpg,-0.05,1,0,30.18982
D:\DPS 920\DPS920_final_project\IMG\center_2026_07_27_15_31_25_643.jpg,D:\DPS 920\DPS920_final_project\IMG\left_2026_07_27_15_31_25_643.jpg,D:\DPS 920\DPS920_final_project\IMG\right_2026_07_27_15_31_25_643.jpg,0,1,0,30.1874
D:\DPS 920\DPS920_final_project\IMG\center_2026_07_27_15_31_25_710.jpg,D:\DPS 920\DPS920_final_project\IMG\left_2026_07_27_15_31_25_710.jpg,D:\DPS 920\DPS920_final_project\IMG\right_2026_07_27_15_31_25_710.jpg,0,1,0,30.19029
D:\DPS 920\DPS920_final_project\IMG\center_2026_07_27_15_31_25_788.jpg,D:\DPS 920\DPS920_final_project\IMG\left_2026_07_27_15_31_25_788.jpg,D:\DPS 920\DPS920_final_project\IMG\right_2026_07_27_15_31_25_788.jpg,0,1,0,30.19029
D:\DPS 920\DPS920_final_project\IMG\center_2026_07_27_15_31_25_864.jpg,D:\DPS 920\DPS920_final_project\IMG\left_2026_07_27_15_31_25_864.jpg,D:\DPS 920\DPS920_final_project\IMG\right_2026_07_27_15_31_25_864.jpg,-0.1,1,0,30.18817
D:\DPS 920\DPS920_final_project\IMG\center_2026_07_27_15_31_25_940.jpg,D:\DPS 920\DPS920_final_project\IMG\left_2026_07_27_15_31_25_940.jpg,D:\DPS 920\DPS920_final_project\IMG\right_2026_07_27_15_31_25_940.jpg,0,1,0,30.19031
D:\DPS 920\DPS920_final_project\IMG\center_2026_07_27_15_31_26_021.jpg,D:\DPS 920\DPS920_final_project\IMG\left_2026_07_27_15_31_26_021.jpg,D:\DPS 920\DPS920_final_project\IMG\right_2026_07_27_15_31_26_021.jpg,0,1,0,30.19033
D:\DPS 920\DPS920_final_project\IMG\center_2026_07_27_15_31_26_090.jpg,D:\DPS 920\DPS920_final_project\IMG\left_2026_07_27_15_31_26_090.jpg,D:\DPS 920\DPS920_final_project\IMG\right_2026_07_27_15_31_26_090.jpg,0,1,0,30.1903
D:\DPS 920\DPS920_final_project\IMG\center_2026_07_27_15_31_26_159.jpg,D:\DPS 920\DPS920_final_project\IMG\left_2026_07_27_15_31_26_159.jpg,D:\DPS 920\DPS920_final_project\IMG\right_2026_07_27_15_31_26_159.jpg,0,1,0,30.19031
D:\DPS 920\DPS920_final_project\IMG\center_2026_07_27_15_31_26_228.jpg,D:\DPS 920\DPS920_final_project\IMG\left_2026_07_27_15_31_26_228.jpg,D:\DPS 920\DPS920_final_project\IMG\right_2026_07_27_15_31_26_228.jpg,0,1,0,30.19029
D:\DPS 920\DPS920_final_project\IMG\center_2026_07_27_15_31_26_297.jpg,D:\DPS 920\DPS920_final_project\IMG\left_2026_07_27_15_31_26_297.jpg,D:\DPS 920\DPS920_final_project\IMG\right_2026_07_27_15_31_26_297.jpg,0,1,0,30.1903
D:\DPS 920\DPS920_final_project\IMG\center_2026_07_27_15_31_26_365.jpg,D:\DPS 920\DPS920_final_project\IMG\left_2026_07_27_15_31_26_365.jpg,D:\DPS 920\DPS920_final_project\IMG\right_2026_07_27_15_31_26_365.jpg,0,1,0,30.19031
D:\DPS 920\DPS920_final_project\IMG\center_2026_07_27_15_31_26_443.jpg,D:\DPS 920\DPS920_final_project\IMG\left_2026_07_27_15_31_26_443.jpg,D:\DPS 920\DPS920_final_project\IMG\right_2026_07_27_15_31_26_443.jpg,-0.1,1,0,30.18767
D:\DPS 920\DPS920_final_project\IMG\center_2026_07_27_15_31_26_516.jpg,D:\DPS 920\DPS920_final_project\IMG\left_2026_07_27_15_31_26_516.jpg,D:\DPS 920\DPS920_final_project\IMG\right_2026_07_27_15_31_26_516.jpg,0,1,0,30.19015
D:\DPS 920\DPS920_final_project\IMG\center_2026_07_27_15_31_26_587.jpg,D:\DPS 920\DPS920_final_project\IMG\left_2026_07_27_15_31_26_587.jpg,D:\DPS 920\DPS920_final_project\IMG\right_2026_07_27_15_31_26_587.jpg,-0.1,1,0,30.188
D:\DPS 920\DPS920_final_project\IMG\center_2026_07_27_15_31_26_656.jpg,D:\DPS 920\DPS920_final_project\IMG\left_2026_07_27_15_31_26_656.jpg,D:\DPS 920\DPS920_final_project\IMG\right_2026_07_27_15_31_26_656.jpg,0,1,0,30.18735
D:\DPS 920\DPS920_final_project\IMG\center_2026_07_27_15_31_26_729.jpg,D:\DPS 920\DPS920_final_project\IMG\left_2026_07_27_15_31_26_729.jpg,D:\DPS 920\DPS920_final_project\IMG\right_2026_07_27_15_31_26_729.jpg,-0.05,1,0,30.19
D:\DPS 920\DPS920_final_project\IMG\center_2026_07_27_15_31_26_805.jpg,D:\DPS 920\DPS920_final_project\IMG\left_2026_07_27_15_31_26_805.jpg,D:\DPS 920\DPS920_final_project\IMG\right_2026_07_27_15_31_26_805.jpg,0,1,0,30.19044
D:\DPS 920\DPS920_final_project\IMG\center_2026_07_27_15_31_26_877.jpg,D:\DPS 920\DPS920_final_project\IMG\left_2026_07_27_15_31_26_877.jpg,D:\DPS 920\DPS920_final_project\IMG\right_2026_07_27_15_31_26_877.jpg,0,1,0,30.19019
D:\DPS 920\DPS920_final_project\IMG\center_2026_07_27_15_31_26_952.jpg,D:\DPS 920\DPS920_final_project\IMG\left_2026_07_27_15_31_26_952.jpg,D:\DPS 920\DPS920_final_project\IMG\right_2026_07_27_15_31_26_952.jpg,0,1,0,30.19028
D:\DPS 920\DPS920_final_project\IMG\center_2026_07_27_15_31_27_027.jpg,D:\DPS 920\DPS920_final_project\IMG\left_2026_07_27_15_31_27_027.jpg,D:\DPS 920\DPS920_final_project\IMG\right_2026_07_27_15_31_27_027.jpg,0,1,0,30.19028
D:\DPS 920\DPS920_final_project\IMG\center_2026_07_27_15_31_27_101.jpg,D:\DPS 920\DPS920_final_project\IMG\left_2026_07_27_15_31_27_101.jpg,D:\DPS 920\DPS920_final_project\IMG\right_2026_07_27_15_31_27_101.jpg,0,1,0,30.1903
D:\DPS 920\DPS920_final_project\IMG\center_2026_07_27_15_31_27_177.jpg,D:\DPS 920\DPS920_final_project\IMG\left_2026_07_27_15_31_27_177.jpg,D:\DPS 920\DPS920_final_project\IMG\right_2026_07_27_15_31_27_177.jpg,0,1,0,30.18936
D:\DPS 920\DPS920_final_project\IMG\center_2026_07_27_15_31_27_252.jpg,D:\DPS 920\DPS920_final_project\IMG\left_2026_07_27_15_31_27_252.jpg,D:\DPS 920\DPS920_final_project\IMG\right_2026_07_27_15_31_27_252.jpg,0,1,0,30.19025
D:\DPS 920\DPS920_final_project\IMG\center_2026_07_27_15_31_27_331.jpg,D:\DPS 920\DPS920_final_project\IMG\left_2026_07_27_15_31_27_331.jpg,D:\DPS 920\DPS920_final_project\IMG\right_2026_07_27_15_31_27_331.jpg,-0.05,1,0,30.18981
D:\DPS 920\DPS920_final_project\IMG\center_2026_07_27_15_31_27_397.jpg,D:\DPS 920\DPS920_final_project\IMG\left_2026_07_27_15_31_27_397.jpg,D:\DPS 920\DPS920_final_project\IMG\right_2026_07_27_15_31_27_397.jpg,-0.2,1,0,30.18015
D:\DPS 920\DPS920_final_project\IMG\center_2026_07_27_15_31_27_464.jpg,D:\DPS 920\DPS920_final_project\IMG\left_2026_07_27_15_31_27_464.jpg,D:\DPS 920\DPS920_final_project\IMG\right_2026_07_27_15_31_27_464.jpg,0,1,0,30.18933
D:\DPS 920\DPS920_final_project\IMG\center_2026_07_27_15_31_27_531.jpg,D:\DPS 920\DPS920_final_project\IMG\left_2026_07_27_15_31_27_531.jpg,D:\DPS 920\DPS920_final_project\IMG\right_2026_07_27_15_31_27_531.jpg,-0.1,1,0,30.18923
D:\DPS 920\DPS920_final_project\IMG\center_2026_07_27_15_31_27_599.jpg,D:\DPS 920\DPS920_final_project\IMG\left_2026_07_27_15_31_27_599.jpg,D:\DPS 920\DPS920_final_project\IMG\right_2026_07_27_15_31_27_599.jpg,0,1,0,30.19034
D:\DPS 920\DPS920_final_project\IMG\center_2026_07_27_15_31_27_679.jpg,D:\DPS 920\DPS920_final_project\IMG\left_2026_07_27_15_31_27_679.jpg,D:\DPS 920\DPS920_final_project\IMG\right_2026_07_27_15_31_27_679.jpg,0,1,0,30.19017
D:\DPS 920\DPS920_final_project\IMG\center_2026_07_27_15_31_27_756.jpg,D:\DPS 920\DPS920_final_project\IMG\left_2026_07_27_15_31_27_756.jpg,D:\DPS 920\DPS920_final_project\IMG\right_2026_07_27_15_31_27_756.jpg,0,1,0,30.19026
D:\DPS 920\DPS920_final_project\IMG\center_2026_07_27_15_31_27_824.jpg,D:\DPS 920\DPS920_final_project\IMG\left_2026_07_27_15_31_27_824.jpg,D:\DPS 920\DPS920_final_project\IMG\right_2026_07_27_15_31_27_824.jpg,0,1,0,30.19029
D:\DPS 920\DPS920_final_project\IMG\center_2026_07_27_15_31_27_892.jpg,D:\DPS 920\DPS920_final_project\IMG\left_2026_07_27_15_31_27_892.jpg,D:\DPS 920\DPS920_final_project\IMG\right_2026_07_27_15_31_27_892.jpg,0,1,0,30.19031
D:\DPS 920\DPS920_final_project\IMG\center_2026_07_27_15_31_27_960.jpg,D:\DPS 920\DPS920_final_project\IMG\left_2026_07_27_15_31_27_960.jpg,D:\DPS 920\DPS920_final_project\IMG\right_2026_07_27_15_31_27_960.jpg,0,1,0,30.1903
D:\DPS 920\DPS920_final_project\IMG\center_2026_07_27_15_31_28_030.jpg,D:\DPS 920\DPS920_final_project\IMG\left_2026_07_27_15_31_28_030.jpg,D:\DPS 920\DPS920_final_project\IMG\right_2026_07_27_15_31_28_030.jpg,0,1,0,30.1903
D:\DPS 920\DPS920_final_project\IMG\center_2026_07_27_15_31_28_109.jpg,D:\DPS 920\DPS920_final_project\IMG\left_2026_07_27_15_31_28_109.jpg,D:\DPS 920\DPS920_final_project\IMG\right_2026_07_27_15_31_28_109.jpg,0,1,0,30.1903
D:\DPS 920\DPS920_final_project\IMG\center_2026_07_27_15_31_28_188.jpg,D:\DPS 920\DPS920_final_project\IMG\left_2026_07_27_15_31_28_188.jpg,D:\DPS 920\DPS920_final_project\IMG\right_2026_07_27_15_31_28_188.jpg,-0.15,1,0,30.18424
D:\DPS 920\DPS920_final_project\IMG\center_2026_07_27_15_31_28_267.jpg,D:\DPS 920\DPS920_final_project\IMG\left_2026_07_27_15_31_28_267.jpg,D:\DPS 920\DPS920_final_project\IMG\right_2026_07_27_15_31_28_267.jpg,0,1,0,30.18971
D:\DPS 920\DPS920_final_project\IMG\center_2026_07_27_15_31_28_346.jpg,D:\DPS 920\DPS920_final_project\IMG\left_2026_07_27_15_31_28_346.jpg,D:\DPS 920\DPS920_final_project\IMG\right_2026_07_27_15_31_28_346.jpg,-0.15,1,0,30.18567
D:\DPS 920\DPS920_final_project\IMG\center_2026_07_27_15_31_28_425.jpg,D:\DPS 920\DPS920_final_project\IMG\left_2026_07_27_15_31_28_425.jpg,D:\DPS 920\DPS920_final_project\IMG\right_2026_07_27_15_31_28_425.jpg,0,1,0,30.19022
D:\DPS 920\DPS920_final_project\IMG\center_2026_07_27_15_31_28_502.jpg,D:\DPS 920\DPS920_final_project\IMG\left_2026_07_27_15_31_28_502.jpg,D:\DPS 920\DPS920_final_project\IMG\right_2026_07_27_15_31_28_502.jpg,-0.2,1,0,30.18144
D:\DPS 920\DPS920_final_project\IMG\center_2026_07_27_15_31_28_578.jpg,D:\DPS 920\DPS920_final_project\IMG\left_2026_07_27_15_31_28_578.jpg,D:\DPS 920\DPS920_final_project\IMG\right_2026_07_27_15_31_28_578.jpg,0,1,0,30.19018
D:\DPS 920\DPS920_final_project\IMG\center_2026_07_27_15_31_28_653.jpg,D:\DPS 920\DPS920_final_project\IMG\left_2026_07_27_15_31_28_653.jpg,D:\DPS 920\DPS920_final_project\IMG\right_2026_07_27_15_31_28_653.jpg,0,1,0,30.19021
D:\DPS 920\DPS920_final_project\IMG\center_2026_07_27_15_31_28_729.jpg,D:\DPS 920\DPS920_final_project\IMG\left_2026_07_27_15_31_28_729.jpg,D:\DPS 920\DPS920_final_project\IMG\right_2026_07_27_15_31_28_729.jpg,0,1,0,30.19028
D:\DPS 920\DPS920_final_project\IMG\center_2026_07_27_15_31_28_802.jpg,D:\DPS 920\DPS920_final_project\IMG\left_2026_07_27_15_31_28_802.jpg,D:\DPS 920\DPS920_final_project\IMG\right_2026_07_27_15_31_28_802.jpg,0,1,0,30.1903
D:\DPS 920\DPS920_final_project\IMG\center_2026_07_27_15_31_28_876.jpg,D:\DPS 920\DPS920_final_project\IMG\left_2026_07_27_15_31_28_876.jpg,D:\DPS 920\DPS920_final_project\IMG\right_2026_07_27_15_31_28_876.jpg,0,1,0,30.19029
D:\DPS 920\DPS920_final_project\IMG\center_2026_07_27_15_31_28_953.jpg,D:\DPS 920\DPS920_final_project\IMG\left_2026_07_27_15_31_28_953.jpg,D:\DPS 920\DPS920_final_project\IMG\right_2026_07_27_15_31_28_953.jpg,0,1,0,30.1903
D:\DPS 920\DPS920_final_project\IMG\center_2026_07_27_15_31_29_032.jpg,D:\DPS 920\DPS920_final_project\IMG\left_2026_07_27_15_31_29_032.jpg,D:\DPS 920\DPS920_final_project\IMG\right_2026_07_27_15_31_29_032.jpg,0,1,0,30.19028
D:\DPS 920\DPS920_final_project\IMG\center_2026_07_27_15_31_29_100.jpg,D:\DPS 920\DPS920_final_project\IMG\left_2026_07_27_15_31_29_100.jpg,D:\DPS 920\DPS920_final_project\IMG\right_2026_07_27_15_31_29_100.jpg,0,1,0,30.19029
D:\DPS 920\DPS920_final_project\IMG\center_2026_07_27_15_31_29_179.jpg,D:\DPS 920\DPS920_final_project\IMG\left_2026_07_27_15_31_29_179.jpg,D:\DPS 920\DPS920_final_project\IMG\right_2026_07_27_15_31_29_179.jpg,0,1,0,30.19029
D:\DPS 920\DPS920_final_project\IMG\center_2026_07_27_15_31_29_258.jpg,D:\DPS 920\DPS920_final_project\IMG\left_2026_07_27_15_31_29_258.jpg,D:\DPS 920\DPS920_final_project\IMG\right_2026_07_27_15_31_29_258.jpg,-0.15,1,0,30.18423
D:\DPS 920\DPS920_final_project\IMG\center_2026_07_27_15_31_29_337.jpg,D:\DPS 920\DPS920_final_project\IMG\left_2026_07_27_15_31_29_337.jpg,D:\DPS 920\DPS920_final_project\IMG\right_2026_07_27_15_31_29_337.jpg,0,1,0,30.18995
D:\DPS 920\DPS920_final_project\IMG\center_2026_07_27_15_31_29_414.jpg,D:\DPS 920\DPS920_final_project\IMG\left_2026_07_27_15_31_29_414.jpg,D:\DPS 920\DPS920_final_project\IMG\right_2026_07_27_15_31_29_414.jpg,-0.15,1,0,30.18516
D:\DPS 920\DPS920_final_project\IMG\center_2026_07_27_15_31_29_489.jpg,D:\DPS 920\DPS920_final_project\IMG\left_2026_07_27_15_31_29_489.jpg,D:\DPS 920\DPS920_final_project\IMG\right_2026_07_27_15_31_29_489.jpg,0,1,0,30.19027
D:\DPS 920\DPS920_final_project\IMG\center_2026_07_27_15_31_29_558.jpg,D:\DPS 920\DPS920_final_project\IMG\left_2026_07_27_15_31_29_558.jpg,D:\DPS 920\DPS920_final_project\IMG\right_2026_07_27_15_31_29_558.jpg,0,1,0,30.19026
D:\DPS 920\DPS920_final_project\IMG\center_2026_07_27_15_31_29_629.jpg,D:\DPS 920\DPS920_final_project\IMG\left_2026_07_27_15_31_29_629.jpg,D:\DPS 920\DPS920_final_project\IMG\right_2026_07_27_15_31_29_629.jpg,0,1,0,30.19031
D:\DPS 920\DPS920_final_project\IMG\center_2026_07_27_15_31_29_704.jpg,D:\DPS 920\DPS920_final_project\IMG\left_2026_07_27_15_31_29_704.jpg,D:\DPS 920\DPS920_final_project\IMG\right_2026_07_27_15_31_29_704.jpg,0,1,0,30.19029
D:\DPS 920\DPS920_final_project\IMG\center_2026_07_27_15_31_29_783.jpg,D:\DPS 920\DPS920_final_project\IMG\left_2026_07_27_15_31_29_783.jpg,D:\DPS 920\DPS920_final_project\IMG\right_2026_07_27_15_31_29_783.jpg,0,1,0,30.1903
D:\DPS 920\DPS920_final_project\IMG\center_2026_07_27_15_31_29_859.jpg,D:\DPS 920\DPS920_final_project\IMG\left_2026_07_27_15_31_29_859.jpg,D:\DPS 920\DPS920_final_project\IMG\right_2026_07_27_15_31_29_859.jpg,0,1,0,30.1903
D:\DPS 920\DPS920_final_project\IMG\center_2026_07_27_15_31_29_932.jpg,D:\DPS 920\DPS920_final_project\IMG\left_2026_07_27_15_31_29_932.jpg,D:\DPS 920\DPS920_final_project\IMG\right_2026_07_27_15_31_29_932.jpg,0,1,0,30.1903
D:\DPS 920\DPS920_final_project\IMG\center_2026_07_27_15_31_30_008.jpg,D:\DPS 920\DPS920_final_project\IMG\left_2026_07_27_15_31_30_008.jpg,D:\DPS 920\DPS920_final_project\IMG\right_2026_07_27_15_31_30_008.jpg,0,1,0,30.19029
D:\DPS 920\DPS920_final_project\IMG\center_2026_07_27_15_31_30_085.jpg,D:\DPS 920\DPS920_final_project\IMG\left_2026_07_27_15_31_30_085.jpg,D:\DPS 920\DPS920_final_project\IMG\right_2026_07_27_15_31_30_085.jpg,0,1,0,30.19031
D:\DPS 920\DPS920_final_project\IMG\center_2026_07_27_15_31_30_161.jpg,D:\DPS 920\DPS920_final_project\IMG\left_2026_07_27_15_31_30_161.jpg,D:\DPS 920\DPS920_final_project\IMG\right_2026_07_27_15_31_30_161.jpg,0,1,0,30.19031
D:\DPS 920\DPS920_final_project\IMG\center_2026_07_27_15_31_30_236.jpg,D:\DPS 920\DPS920_final_project\IMG\left_2026_07_27_15_31_30_236.jpg,D:\DPS 920\DPS920_final_project\IMG\right_2026_07_27_15_31_30_236.jpg,0,1,0,30.19029
D:\DPS 920\DPS920_final_project\IMG\center_2026_07_27_15_31_30_310.jpg,D:\DPS 920\DPS920_final_project\IMG\left_2026_07_27_15_31_30_310.jpg,D:\DPS 920\DPS920_final_project\IMG\right_2026_07_27_15_31_30_310.jpg,0,1,0,30.19029
D:\DPS 920\DPS920_final_project\IMG\center_2026_07_27_15_31_30_386.jpg,D:\DPS 920\DPS920_final_project\IMG\left_2026_07_27_15_31_30_386.jpg,D:\DPS 920\DPS920_final_project\IMG\right_2026_07_27_15_31_30_386.jpg,0,1,0,30.1903
D:\DPS 920\DPS920_final_project\IMG\center_2026_07_27_15_31_30_461.jpg,D:\DPS 920\DPS920_final_project\IMG\left_2026_07_27_15_31_30_461.jpg,D:\DPS 920\DPS920_final_project\IMG\right_2026_07_27_15_31_30_461.jpg,0,1,0,30.19031
D:\DPS 920\DPS920_final_project\IMG\center_2026_07_27_15_31_30_535.jpg,D:\DPS 920\DPS920_final_project\IMG\left_2026_07_27_15_31_30_535.jpg,D:\DPS 920\DPS920_final_project\IMG\right_2026_07_27_15_31_30_535.jpg,0,1,0,30.19029
D:\DPS 920\DPS920_final_project\IMG\center_2026_07_27_15_31_30_607.jpg,D:\DPS 920\DPS920_final_project\IMG\left_2026_07_27_15_31_30_607.jpg,D:\DPS 920\DPS920_final_project\IMG\right_2026_07_27_15_31_30_607.jpg,0,1,0,30.19031
D:\DPS 920\DPS920_final_project\IMG\center_2026_07_27_15_31_30_680.jpg,D:\DPS 920\DPS920_final_project\IMG\left_2026_07_27_15_31_30_680.jpg,D:\DPS 920\DPS920_final_project\IMG\right_2026_07_27_15_31_30_680.jpg,0,1,0,30.1903
D:\DPS 920\DPS920_final_project\IMG\center_2026_07_27_15_31_30_751.jpg,D:\DPS 920\DPS920_final_project\IMG\left_2026_07_27_15_31_30_751.jpg,D:\DPS 920\DPS920_final_project\IMG\right_2026_07_27_15_31_30_751.jpg,0,1,0,30.19029
D:\DPS 920\DPS920_final_project\IMG\center_2026_07_27_15_31_30_824.jpg,D:\DPS 920\DPS920_final_project\IMG\left_2026_07_27_15_31_30_824.jpg,D:\DPS 920\DPS920_final_project\IMG\right_2026_07_27_15_31_30_824.jpg,0,1,0,30.18834
D:\DPS 920\DPS920_final_project\IMG\center_2026_07_27_15_31_30_891.jpg,D:\DPS 920\DPS920_final_project\IMG\left_2026_07_27_15_31_30_891.jpg,D:\DPS 920\DPS920_final_project\IMG\right_2026_07_27_15_31_30_891.jpg,0,1,0,30.19036
D:\DPS 920\DPS920_final_project\IMG\center_2026_07_27_15_31_30_960.jpg,D:\DPS 920\DPS920_final_project\IMG\left_2026_07_27_15_31_30_960.jpg,D:\DPS 920\DPS920_final_project\IMG\right_2026_07_27_15_31_30_960.jpg,-0.2,1,0,30.18094
D:\DPS 920\DPS920_final_project\IMG\center_2026_07_27_15_31_31_028.jpg,D:\DPS 920\DPS920_final_project\IMG\left_2026_07_27_15_31_31_028.jpg,D:\DPS 920\DPS920_final_project\IMG\right_2026_07_27_15_31_31_028.jpg,0,1,0,30.18968
D:\DPS 920\DPS920_final_project\IMG\center_2026_07_27_15_31_31_095.jpg,D:\DPS 920\DPS920_final_project\IMG\left_2026_07_27_15_31_31_095.jpg,D:\DPS 920\DPS920_final_project\IMG\right_2026_07_27_15_31_31_095.jpg,0,1,0,30.19015
D:\DPS 920\DPS920_final_project\IMG\center_2026_07_27_15_31_31_163.jpg,D:\DPS 920\DPS920_final_project\IMG\left_2026_07_27_15_31_31_163.jpg,D:\DPS 920\DPS920_final_project\IMG\right_2026_07_27_15_31_31_163.jpg,0,1,0,30.19028
D:\DPS 920\DPS920_final_project\IMG\center_2026_07_27_15_31_31_235.jpg,D:\DPS 920\DPS920_final_project\IMG\left_2026_07_27_15_31_31_235.jpg,D:\DPS 920\DPS920_final_project\IMG\right_2026_07_27_15_31_31_235.jpg,0,1,0,30.19027
D:\DPS 920\DPS920_final_project\IMG\center_2026_07_27_15_31_31_306.jpg,D:\DPS 920\DPS920_final_project\IMG\left_2026_07_27_15_31_31_306.jpg,D:\DPS 920\DPS920_final_project\IMG\right_2026_07_27_15_31_31_306.jpg,0,1,0,30.1903
D:\DPS 920\DPS920_final_project\IMG\center_2026_07_27_15_31_31_376.jpg,D:\DPS 920\DPS920_final_project\IMG\left_2026_07_27_15_31_31_376.jpg,D:\DPS 920\DPS920_final_project\IMG\right_2026_07_27_15_31_31_376.jpg,0,1,0,30.19032
D:\DPS 920\DPS920_final_project\IMG\center_2026_07_27_15_31_31_449.jpg,D:\DPS 920\DPS920_final_project\IMG\left_2026_07_27_15_31_31_449.jpg,D:\DPS 920\DPS920_final_project\IMG\right_2026_07_27_15_31_31_449.jpg,0,1,0,30.19029
D:\DPS 920\DPS920_final_project\IMG\center_2026_07_27_15_31_31_522.jpg,D:\DPS 920\DPS920_final_project\IMG\left_2026_07_27_15_31_31_522.jpg,D:\DPS 920\DPS920_final_project\IMG\right_2026_07_27_15_31_31_522.jpg,0,1,0,30.1903
D:\DPS 920\DPS920_final_project\IMG\center_2026_07_27_15_31_31_594.jpg,D:\DPS 920\DPS920_final_project\IMG\left_2026_07_27_15_31_31_594.jpg,D:\DPS 920\DPS920_final_project\IMG\right_2026_07_27_15_31_31_594.jpg,0,1,0,30.19031
D:\DPS 920\DPS920_final_project\IMG\center_2026_07_27_15_31_31_669.jpg,D:\DPS 920\DPS920_final_project\IMG\left_2026_07_27_15_31_31_669.jpg,D:\DPS 920\DPS920_final_project\IMG\right_2026_07_27_15_31_31_669.jpg,0,1,0,30.1903
D:\DPS 920\DPS920_final_project\IMG\center_2026_07_27_15_31_31_743.jpg,D:\DPS 920\DPS920_final_project\IMG\left_2026_07_27_15_31_31_743.jpg,D:\DPS 920\DPS920_final_project\IMG\right_2026_07_27_15_31_31_743.jpg,0,1,0,30.19029
D:\DPS 920\DPS920_final_project\IMG\center_2026_07_27_15_31_31_818.jpg,D:\DPS 920\DPS920_final_project\IMG\left_2026_07_27_15_31_31_818.jpg,D:\DPS 920\DPS920_final_project\IMG\right_2026_07_27_15_31_31_818.jpg,0,1,0,30.19031
D:\DPS 920\DPS920_final_project\IMG\center_2026_07_27_15_31_31_896.jpg,D:\DPS 920\DPS920_final_project\IMG\left_2026_07_27_15_31_31_896.jpg,D:\DPS 920\DPS920_final_project\IMG\right_2026_07_27_15_31_31_896.jpg,0,1,0,30.19027
D:\DPS 920\DPS920_final_project\IMG\center_2026_07_27_15_31_31_973.jpg,D:\DPS 920\DPS920_final_project\IMG\left_2026_07_27_15_31_31_973.jpg,D:\DPS 920\DPS920_final_project\IMG\right_2026_07_27_15_31_31_973.jpg,0,1,0,30.1903
D:\DPS 920\DPS920_final_project\IMG\center_2026_07_27_15_31_32_054.jpg,D:\DPS 920\DPS920_final_project\IMG\left_2026_07_27_15_31_32_054.jpg,D:\DPS 920\DPS920_final_project\IMG\right_2026_07_27_15_31_32_054.jpg,-0.2,1,0,30.17981
D:\DPS 920\DPS920_final_project\IMG\center_2026_07_27_15_31_32_133.jpg,D:\DPS 920\DPS920_final_project\IMG\left_2026_07_27_15_31_32_133.jpg,D:\DPS 920\DPS920_final_project\IMG\right_2026_07_27_15_31_32_133.jpg,0,1,0,30.19027
D:\DPS 920\DPS920_final_project\IMG\center_2026_07_27_15_31_32_212.jpg,D:\DPS 920\DPS920_final_project\IMG\left_2026_07_27_15_31_32_212.jpg,D:\DPS 920\DPS920_final_project\IMG\right_2026_07_27_15_31_32_212.jpg,-0.15,1,0,30.18553
D:\DPS 920\DPS920_final_project\IMG\center_2026_07_27_15_31_32_292.jpg,D:\DPS 920\DPS920_final_project\IMG\left_2026_07_27_15_31_32_292.jpg,D:\DPS 920\DPS920_final_project\IMG\right_2026_07_27_15_31_32_292.jpg,0,1,0,30.19026
D:\DPS 920\DPS920_final_project\IMG\center_2026_07_27_15_31_32_371.jpg,D:\DPS 920\DPS920_final_project\IMG\left_2026_07_27_15_31_32_371.jpg,D:\DPS 920\DPS920_final_project\IMG\right_2026_07_27_15_31_32_371.jpg,0,1,0,30.19028
D:\DPS 920\DPS920_final_project\IMG\center_2026_07_27_15_31_32_446.jpg,D:\DPS 920\DPS920_final_project\IMG\left_2026_07_27_15_31_32_446.jpg,D:\DPS 920\DPS920_final_project\IMG\right_2026_07_27_15_31_32_446.jpg,0,1,0,30.1904
D:\DPS 920\DPS920_final_project\IMG\center_2026_07_27_15_31_32_521.jpg,D:\DPS 920\DPS920_final_project\IMG\left_2026_07_27_15_31_32_521.jpg,D:\DPS 920\DPS920_final_project\IMG\right_2026_07_27_15_31_32_521.jpg,0,1,0,30.19029
D:\DPS 920\DPS920_final_project\IMG\center_2026_07_27_15_31_32_593.jpg,D:\DPS 920\DPS920_final_project\IMG\left_2026_07_27_15_31_32_593.jpg,D:\DPS 920\DPS920_final_project\IMG\right_2026_07_27_15_31_32_593.jpg,0,1,0,30.19031
D:\DPS 920\DPS920_final_project\IMG\center_2026_07_27_15_31_32_668.jpg,D:\DPS 920\DPS920_final_project\IMG\left_2026_07_27_15_31_32_668.jpg,D:\DPS 920\DPS920_final_project\IMG\right_2026_07_27_15_31_32_668.jpg,0,1,0,30.1904
D:\DPS 920\DPS920_final_project\IMG\center_2026_07_27_15_31_32_743.jpg,D:\DPS 920\DPS920_final_project\IMG\left_2026_07_27_15_31_32_743.jpg,D:\DPS 920\DPS920_final_project\IMG\right_2026_07_27_15_31_32_743.jpg,0,1,0,30.19031
D:\DPS 920\DPS920_final_project\IMG\center_2026_07_27_15_31_32_818.jpg,D:\DPS 920\DPS920_final_project\IMG\left_2026_07_27_15_31_32_818.jpg,D:\DPS 920\DPS920_final_project\IMG\right_2026_07_27_15_31_32_818.jpg,0,1,0,30.19029
D:\DPS 920\DPS920_final_project\IMG\center_2026_07_27_15_31_32_894.jpg,D:\DPS 920\DPS920_final_project\IMG\left_2026_07_27_15_31_32_894.jpg,D:\DPS 920\DPS920_final_project\IMG\right_2026_07_27_15_31_32_894.jpg,-0.1,1,0,30.18767
D:\DPS 920\DPS920_final_project\IMG\center_2026_07_27_15_31_32_971.jpg,D:\DPS 920\DPS920_final_project\IMG\left_2026_07_27_15_31_32_971.jpg,D:\DPS 920\DPS920_final_project\IMG\right_2026_07_27_15_31_32_971.jpg,0,1,0,30.18594
D:\DPS 920\DPS920_final_project\IMG\center_2026_07_27_15_31_33_048.jpg,D:\DPS 920\DPS920_final_project\IMG\left_2026_07_27_15_31_33_048.jpg,D:\DPS 920\DPS920_final_project\IMG\right_2026_07_27_15_31_33_048.jpg,-0.05,1,0,30.19
D:\DPS 920\DPS920_final_project\IMG\center_2026_07_27_15_31_33_122.jpg,D:\DPS 920\DPS920_final_project\IMG\left_2026_07_27_15_31_33_122.jpg,D:\DPS 920\DPS920_final_project\IMG\right_2026_07_27_15_31_33_122.jpg,0,1,0,30.19025
D:\DPS 920\DPS920_final_project\IMG\center_2026_07_27_15_31_33_195.jpg,D:\DPS 920\DPS920_final_project\IMG\left_2026_07_27_15_31_33_195.jpg,D:\DPS 920\DPS920_final_project\IMG\right_2026_07_27_15_31_33_195.jpg,0,1,0,30.19016
D:\DPS 920\DPS920_final_project\IMG\center_2026_07_27_15_31_33_267.jpg,D:\DPS 920\DPS920_final_project\IMG\left_2026_07_27_15_31_33_267.jpg,D:\DPS 920\DPS920_final_project\IMG\right_2026_07_27_15_31_33_267.jpg,0,1,0,30.19028
D:\DPS 920\DPS920_final_project\IMG\center_2026_07_27_15_31_33_338.jpg,D:\DPS 920\DPS920_final_project\IMG\left_2026_07_27_15_31_33_338.jpg,D:\DPS 920\DPS920_final_project\IMG\right_2026_07_27_15_31_33_338.jpg,0,1,0,30.19028
D:\DPS 920\DPS920_final_project\IMG\center_2026_07_27_15_31_33_410.jpg,D:\DPS 920\DPS920_final_project\IMG\left_2026_07_27_15_31_33_410.jpg,D:\DPS 920\DPS920_final_project\IMG\right_2026_07_27_15_31_33_410.jpg,0,1,0,30.1903
D:\DPS 920\DPS920_final_project\IMG\center_2026_07_27_15_31_33_484.jpg,D:\DPS 920\DPS920_final_project\IMG\left_2026_07_27_15_31_33_484.jpg,D:\DPS 920\DPS920_final_project\IMG\right_2026_07_27_15_31_33_484.jpg,0,1,0,30.1903
D:\DPS 920\DPS920_final_project\IMG\center_2026_07_27_15_31_33_555.jpg,D:\DPS 920\DPS920_final_project\IMG\left_2026_07_27_15_31_33_555.jpg,D:\DPS 920\DPS920_final_project\IMG\right_2026_07_27_15_31_33_555.jpg,0,1,0,30.1903
D:\DPS 920\DPS920_final_project\IMG\center_2026_07_27_15_31_33_626.jpg,D:\DPS 920\DPS920_final_project\IMG\left_2026_07_27_15_31_33_626.jpg,D:\DPS 920\DPS920_final_project\IMG\right_2026_07_27_15_31_33_626.jpg,0,1,0,30.19029
D:\DPS 920\DPS920_final_project\IMG\center_2026_07_27_15_31_33_701.jpg,D:\DPS 920\DPS920_final_project\IMG\left_2026_07_27_15_31_33_701.jpg,D:\DPS 920\DPS920_final_project\IMG\right_2026_07_27_15_31_33_701.jpg,0,1,0,30.19029
D:\DPS 920\DPS920_final_project\IMG\center_2026_07_27_15_31_33_774.jpg,D:\DPS 920\DPS920_final_project\IMG\left_2026_07_27_15_31_33_774.jpg,D:\DPS 920\DPS920_final_project\IMG\right_2026_07_27_15_31_33_774.jpg,0,1,0,30.1903
D:\DPS 920\DPS920_final_project\IMG\center_2026_07_27_15_31_33_846.jpg,D:\DPS 920\DPS920_final_project\IMG\left_2026_07_27_15_31_33_846.jpg,D:\DPS 920\DPS920_final_project\IMG\right_2026_07_27_15_31_33_846.jpg,0,1,0,30.19041
D:\DPS 920\DPS920_final_project\IMG\center_2026_07_27_15_31_33_918.jpg,D:\DPS 920\DPS920_final_project\IMG\left_2026_07_27_15_31_33_918.jpg,D:\DPS 920\DPS920_final_project\IMG\right_2026_07_27_15_31_33_918.jpg,0,1,0,30.1903
D:\DPS 920\DPS920_final_project\IMG\center_2026_07_27_15_31_33_990.jpg,D:\DPS 920\DPS920_final_project\IMG\left_2026_07_27_15_31_33_990.jpg,D:\DPS 920\DPS920_final_project\IMG\right_2026_07_27_15_31_33_990.jpg,0,1,0,30.19031
D:\DPS 920\DPS920_final_project\IMG\center_2026_07_27_15_31_34_065.jpg,D:\DPS 920\DPS920_final_project\IMG\left_2026_07_27_15_31_34_065.jpg,D:\DPS 920\DPS920_final_project\IMG\right_2026_07_27_15_31_34_065.jpg,0,1,0,30.1904
D:\DPS 920\DPS920_final_project\IMG\center_2026_07_27_15_31_34_138.jpg,D:\DPS 920\DPS920_final_project\IMG\left_2026_07_27_15_31_34_138.jpg,D:\DPS 920\DPS920_final_project\IMG\right_2026_07_27_15_31_34_138.jpg,-0.05,1,0,30.18972
D:\DPS 920\DPS920_final_project\IMG\center_2026_07_27_15_31_34_211.jpg,D:\DPS 920\DPS920_final_project\IMG\left_2026_07_27_15_31_34_211.jpg,D:\DPS 920\DPS920_final_project\IMG\right_2026_07_27_15_31_34_211.jpg,-0.2,1,0,30.17984
D:\DPS 920\DPS920_final_project\IMG\center_2026_07_27_15_31_34_285.jpg,D:\DPS 920\DPS920_final_project\IMG\left_2026_07_27_15_31_34_285.jpg,D:\DPS 920\DPS920_final_project\IMG\right_2026_07_27_15_31_34_285.jpg,0,1,0,30.18932
D:\DPS 920\DPS920_final_project\IMG\center_2026_07_27_15_31_34_356.jpg,D:\DPS 920\DPS920_final_project\IMG\left_2026_07_27_15_31_34_356.jpg,D:\DPS 920\DPS920_final_project\IMG\right_2026_07_27_15_31_34_356.jpg,-0.1,1,0,30.18921
D:\DPS 920\DPS920_final_project\IMG\center_2026_07_27_15_31_34_429.jpg,D:\DPS 920\DPS920_final_project\IMG\left_2026_07_27_15_31_34_429.jpg,D:\DPS 920\DPS920_final_project\IMG\right_2026_07_27_15_31_34_429.jpg,0,1,0,30.19033
D:\DPS 920\DPS920_final_project\IMG\center_2026_07_27_15_31_34_504.jpg,D:\DPS 920\DPS920_final_project\IMG\left_2026_07_27_15_31_34_504.jpg,D:\DPS 920\DPS920_final_project\IMG\right_2026_07_27_15_31_34_504.jpg,-0.05,1,0,30.19008
D:\DPS 920\DPS920_final_project\IMG\center_2026_07_27_15_31_34_577.jpg,D:\DPS 920\DPS920_final_project\IMG\left_2026_07_27_15_31_34_577.jpg,D:\DPS 920\DPS920_final_project\IMG\right_2026_07_27_15_31_34_577.jpg,0,1,0,30.18897
D:\DPS 920\DPS920_final_project\IMG\center_2026_07_27_15_31_34_651.jpg,D:\DPS 920\DPS920_final_project\IMG\left_2026_07_27_15_31_34_651.jpg,D:\DPS 920\DPS920_final_project\IMG\right_2026_07_27_15_31_34_651.jpg,0,1,0,30.19021
D:\DPS 920\DPS920_final_project\IMG\center_2026_07_27_15_31_34_724.jpg,D:\DPS 920\DPS920_final_project\IMG\left_2026_07_27_15_31_34_724.jpg,D:\DPS 920\DPS920_final_project\IMG\right_2026_07_27_15_31_34_724.jpg,0,1,0,30.19028
D:\DPS 920\DPS920_final_project\IMG\center_2026_07_27_15_31_34_797.jpg,D:\DPS 920\DPS920_final_project\IMG\left_2026_07_27_15_31_34_797.jpg,D:\DPS 920\DPS920_final_project\IMG\right_2026_07_27_15_31_34_797.jpg,0,1,0,30.19032
D:\DPS 920\DPS920_final_project\IMG\center_2026_07_27_15_31_34_870.jpg,D:\DPS 920\DPS920_final_project\IMG\left_2026_07_27_15_31_34_870.jpg,D:\DPS 920\DPS920_final_project\IMG\right_2026_07_27_15_31_34_870.jpg,0,1,0,30.19029
D:\DPS 920\DPS920_final_project\IMG\center_2026_07_27_15_31_34_944.jpg,D:\DPS 920\DPS920_final_project\IMG\left_2026_07_27_15_31_34_944.jpg,D:\DPS 920\DPS920_final_project\IMG\right_2026_07_27_15_31_34_944.jpg,0,1,0,30.19031
D:\DPS 920\DPS920_final_project\IMG\center_2026_07_27_15_31_35_021.jpg,D:\DPS 920\DPS920_final_project\IMG\left_2026_07_27_15_31_35_021.jpg,D:\DPS 920\DPS920_final_project\IMG\right_2026_07_27_15_31_35_021.jpg,0,1,0,30.19029
D:\DPS 920\DPS920_final_project\IMG\center_2026_07_27_15_31_35_096.jpg,D:\DPS 920\DPS920_final_project\IMG\left_2026_07_27_15_31_35_096.jpg,D:\DPS 920\DPS920_final_project\IMG\right_2026_07_27_15_31_35_096.jpg,0,1,0,30.19028
D:\DPS 920\DPS920_final_project\IMG\center_2026_07_27_15_31_35_171.jpg,D:\DPS 920\DPS920_final_project\IMG\left_2026_07_27_15_31_35_171.jpg,D:\DPS 920\DPS920_final_project\IMG\right_2026_07_27_15_31_35_171.jpg,0,1,0,30.19032
D:\DPS 920\DPS920_final_project\IMG\center_2026_07_27_15_31_35_246.jpg,D:\DPS 920\DPS920_final_project\IMG\left_2026_07_27_15_31_35_246.jpg,D:\DPS 920\DPS920_final_project\IMG\right_2026_07_27_15_31_35_246.jpg,0,1,0,30.19034
D:\DPS 920\DPS920_final_project\IMG\center_2026_07_27_15_31_35_321.jpg,D:\DPS 920\DPS920_final_project\IMG\left_2026_07_27_15_31_35_321.jpg,D:\DPS 920\DPS920_final_project\IMG\right_2026_07_27_15_31_35_321.jpg,0,1,0,30.1903
D:\DPS 920\DPS920_final_project\IMG\center_2026_07_27_15_31_35_395.jpg,D:\DPS 920\DPS920_final_project\IMG\left_2026_07_27_15_31_35_395.jpg,D:\DPS 920\DPS920_final_project\IMG\right_2026_07_27_15_31_35_395.jpg,0,1,0,30.19032
D:\DPS 920\DPS920_final_project\IMG\center_2026_07_27_15_31_35_467.jpg,D:\DPS 920\DPS920_final_project\IMG\left_2026_07_27_15_31_35_467.jpg,D:\DPS 920\DPS920_final_project\IMG\right_2026_07_27_15_31_35_467.jpg,0.1,1,0,30.18775
D:\DPS 920\DPS920_final_project\IMG\center_2026_07_27_15_31_35_543.jpg,D:\DPS 920\DPS920_final_project\IMG\left_2026_07_27_15_31_35_543.jpg,D:\DPS 920\DPS920_final_project\IMG\right_2026_07_27_15_31_35_543.jpg,0,1,0,30.19106
D:\DPS 920\DPS920_final_project\IMG\center_2026_07_27_15_31_35_614.jpg,D:\DPS 920\DPS920_final_project\IMG\left_2026_07_27_15_31_35_614.jpg,D:\DPS 920\DPS920_final_project\IMG\right_2026_07_27_15_31_35_614.jpg,0,1,0,30.19011
D:\DPS 920\DPS920_final_project\IMG\center_2026_07_27_15_31_35_689.jpg,D:\DPS 920\DPS920_final_project\IMG\left_2026_07_27_15_31_35_689.jpg,D:\DPS 920\DPS920_final_project\IMG\right_2026_07_27_15_31_35_689.jpg,0,1,0,30.19025
D:\DPS 920\DPS920_final_project\IMG\center_2026_07_27_15_31_35_763.jpg,D:\DPS 920\DPS920_final_project\IMG\left_2026_07_27_15_31_35_763.jpg,D:\DPS 920\DPS920_final_project\IMG\right_2026_07_27_15_31_35_763.jpg,-0.15,1,0,30.18361
D:\DPS 920\DPS920_final_project\IMG\center_2026_07_27_15_31_35_840.jpg,D:\DPS 920\DPS920_final_project\IMG\left_2026_07_27_15_31_35_840.jpg,D:\DPS 920\DPS920_final_project\IMG\right_2026_07_27_15_31_35_840.jpg,0,1,0,30.18964
D:\DPS 920\DPS920_final_project\IMG\center_2026_07_27_15_31_35_918.jpg,D:\DPS 920\DPS920_final_project\IMG\left_2026_07_27_15_31_35_918.jpg,D:\DPS 920\DPS920_final_project\IMG\right_2026_07_27_15_31_35_918.jpg,0,1,0,30.19023
D:\DPS 920\DPS920_final_project\IMG\center_2026_07_27_15_31_35_996.jpg,D:\DPS 920\DPS920_final_project\IMG\left_2026_07_27_15_31_35_996.jpg,D:\DPS 920\DPS920_final_project\IMG\right_2026_07_27_15_31_35_996.jpg,0,1,0,30.19029
D:\DPS 920\DPS920_final_project\IMG\center_2026_07_27_15_31_36_073.jpg,D:\DPS 920\DPS920_final_project\IMG\left_2026_07_27_15_31_36_073.jpg,D:\DPS 920\DPS920_final_project\IMG\right_2026_07_27_15_31_36_073.jpg,0,1,0,30.19028
D:\DPS 920\DPS920_final_project\IMG\center_2026_07_27_15_31_36_143.jpg,D:\DPS 920\DPS920_final_project\IMG\left_2026_07_27_15_31_36_143.jpg,D:\DPS 920\DPS920_final_project\IMG\right_2026_07_27_15_31_36_143.jpg,0,1,0,30.19029
D:\DPS 920\DPS920_final_project\IMG\center_2026_07_27_15_31_36_217.jpg,D:\DPS 920\DPS920_final_project\IMG\left_2026_07_27_15_31_36_217.jpg,D:\DPS 920\DPS920_final_project\IMG\right_2026_07_27_15_31_36_217.jpg,0,1,0,30.19029
D:\DPS 920\DPS920_final_project\IMG\center_2026_07_27_15_31_36_293.jpg,D:\DPS 920\DPS920_final_project\IMG\left_2026_07_27_15_31_36_293.jpg,D:\DPS 920\DPS920_final_project\IMG\right_2026_07_27_15_31_36_293.jpg,0,1,0,30.19029
D:\DPS 920\DPS920_final_project\IMG\center_2026_07_27_15_31_36_367.jpg,D:\DPS 920\DPS920_final_project\IMG\left_2026_07_27_15_31_36_367.jpg,D:\DPS 920\DPS920_final_project\IMG\right_2026_07_27_15_31_36_367.jpg,0,1,0,30.1903
D:\DPS 920\DPS920_final_project\IMG\center_2026_07_27_15_31_36_443.jpg,D:\DPS 920\DPS920_final_project\IMG\left_2026_07_27_15_31_36_443.jpg,D:\DPS 920\DPS920_final_project\IMG\right_2026_07_27_15_31_36_443.jpg,0,1,0,30.1903
D:\DPS 920\DPS920_final_project\IMG\center_2026_07_27_15_31_36_518.jpg,D:\DPS 920\DPS920_final_project\IMG\left_2026_07_27_15_31_36_518.jpg,D:\DPS 920\DPS920_final_project\IMG\right_2026_07_27_15_31_36_518.jpg,0,1,0,30.19028
D:\DPS 920\DPS920_final_project\IMG\center_2026_07_27_15_31_36_594.jpg,D:\DPS 920\DPS920_final_project\IMG\left_2026_07_27_15_31_36_594.jpg,D:\DPS 920\DPS920_final_project\IMG\right_2026_07_27_15_31_36_594.jpg,0,1,0,30.19029
D:\DPS 920\DPS920_final_project\IMG\center_2026_07_27_15_31_36_671.jpg,D:\DPS 920\DPS920_final_project\IMG\left_2026_07_27_15_31_36_671.jpg,D:\DPS 920\DPS920_final_project\IMG\right_2026_07_27_15_31_36_671.jpg,0,1,0,30.19039
D:\DPS 920\DPS920_final_project\IMG\center_2026_07_27_15_31_36_748.jpg,D:\DPS 920\DPS920_final_project\IMG\left_2026_07_27_15_31_36_748.jpg,D:\DPS 920\DPS920_final_project\IMG\right_2026_07_27_15_31_36_748.jpg,0,1,0,30.19028
D:\DPS 920\DPS920_final_project\IMG\center_2026_07_27_15_31_36_825.jpg,D:\DPS 920\DPS920_final_project\IMG\left_2026_07_27_15_31_36_825.jpg,D:\DPS 920\DPS920_final_project\IMG\right_2026_07_27_15_31_36_825.jpg,0,1,0,30.19031
D:\DPS 920\DPS920_final_project\IMG\center_2026_07_27_15_31_36_905.jpg,D:\DPS 920\DPS920_final_project\IMG\left_2026_07_27_15_31_36_905.jpg,D:\DPS 920\DPS920_final_project\IMG\right_2026_07_27_15_31_36_905.jpg,-0.15,1,0,30.18426
D:\DPS 920\DPS920_final_project\IMG\center_2026_07_27_15_31_36_973.jpg,D:\DPS 920\DPS920_final_project\IMG\left_2026_07_27_15_31_36_973.jpg,D:\DPS 920\DPS920_final_project\IMG\right_2026_07_27_15_31_36_973.jpg,0,1,0,30.19105
D:\DPS 920\DPS920_final_project\IMG\center_2026_07_27_15_31_37_050.jpg,D:\DPS 920\DPS920_final_project\IMG\left_2026_07_27_15_31_37_050.jpg,D:\DPS 920\DPS920_final_project\IMG\right_2026_07_27_15_31_37_050.jpg,0,1,0,30.19022
D:\DPS 920\DPS920_final_project\IMG\center_2026_07_27_15_31_37_128.jpg,D:\DPS 920\DPS920_final_project\IMG\left_2026_07_27_15_31_37_128.jpg,D:\DPS 920\DPS920_final_project\IMG\right_2026_07_27_15_31_37_128.jpg,0,1,0,30.19041
D:\DPS 920\DPS920_final_project\IMG\center_2026_07_27_15_31_37_203.jpg,D:\DPS 920\DPS920_final_project\IMG\left_2026_07_27_15_31_37_203.jpg,D:\DPS 920\DPS920_final_project\IMG\right_2026_07_27_15_31_37_203.jpg,0,1,0,30.19028
D:\DPS 920\DPS920_final_project\IMG\center_2026_07_27_15_31_37_283.jpg,D:\DPS 920\DPS920_final_project\IMG\left_2026_07_27_15_31_37_283.jpg,D:\DPS 920\DPS920_final_project\IMG\right_2026_07_27_15_31_37_283.jpg,0,1,0,30.19029
D:\DPS 920\DPS920_final_project\IMG\center_2026_07_27_15_31_37_360.jpg,D:\DPS 920\DPS920_final_project\IMG\left_2026_07_27_15_31_37_360.jpg,D:\DPS 920\DPS920_final_project\IMG\right_2026_07_27_15_31_37_360.jpg,0,1,0,30.1903
D:\DPS 920\DPS920_final_project\IMG\center_2026_07_27_15_31_37_435.jpg,D:\DPS 920\DPS920_final_project\IMG\left_2026_07_27_15_31_37_435.jpg,D:\DPS 920\DPS920_final_project\IMG\right_2026_07_27_15_31_37_435.jpg,-0.1,1,0,30.1878
D:\DPS 920\DPS920_final_project\IMG\center_2026_07_27_15_31_37_511.jpg,D:\DPS 920\DPS920_final_project\IMG\left_2026_07_27_15_31_37_511.jpg,D:\DPS 920\DPS920_final_project\IMG\right_2026_07_27_15_31_37_511.jpg,0,1,0,30.19103
D:\DPS 920\DPS920_final_project\IMG\center_2026_07_27_15_31_37_588.jpg,D:\DPS 920\DPS920_final_project\IMG\left_2026_07_27_15_31_37_588.jpg,D:\DPS 920\DPS920_final_project\IMG\right_2026_07_27_15_31_37_588.jpg,-0.05,1,0,30.19006
D:\DPS 920\DPS920_final_project\IMG\center_2026_07_27_15_31_37_664.jpg,D:\DPS 920\DPS920_final_project\IMG\left_2026_07_27_15_31_37_664.jpg,D:\DPS 920\DPS920_final_project\IMG\right_2026_07_27_15_31_37_664.jpg,0,1,0,30.19053
D:\DPS 920\DPS920_final_project\IMG\center_2026_07_27_15_31_37_742.jpg,D:\DPS 920\DPS920_final_project\IMG\left_2026_07_27_15_31_37_742.jpg,D:\DPS 920\DPS920_final_project\IMG\right_2026_07_27_15_31_37_742.jpg,-0.1,1,0,30.18868
D:\DPS 920\DPS920_final_project\IMG\center_2026_07_27_15_31_37_816.jpg,D:\DPS 920\DPS920_final_project\IMG\left_2026_07_27_15_31_37_816.jpg,D:\DPS 920\DPS920_final_project\IMG\right_2026_07_27_15_31_37_816.jpg,0,1,0,30.1877
D:\DPS 920\DPS920_final_project\IMG\center_2026_07_27_15_31_37_891.jpg,D:\DPS 920\DPS920_final_project\IMG\left_2026_07_27_15_31_37_891.jpg,D:\DPS 920\DPS920_final_project\IMG\right_2026_07_27_15_31_37_891.jpg,0,1,0,30.19008
D:\DPS 920\DPS920_final_project\IMG\center_2026_07_27_15_31_37_963.jpg,D:\DPS 920\DPS920_final_project\IMG\left_2026_07_27_15_31_37_963.jpg,D:\DPS 920\DPS920_final_project\IMG\right_2026_07_27_15_31_37_963.jpg,0,1,0,30.19034
D:\DPS 920\DPS920_final_project\IMG\center_2026_07_27_15_31_38_037.jpg,D:\DPS 920\DPS920_final_project\IMG\left_2026_07_27_15_31_38_037.jpg,D:\DPS 920\DPS920_final_project\IMG\right_2026_07_27_15_31_38_037.jpg,0,1,0,30.19021
D:\DPS 920\DPS920_final_project\IMG\center_2026_07_27_15_31_38_113.jpg,D:\DPS 920\DPS920_final_project\IMG\left_2026_07_27_15_31_38_113.jpg,D:\DPS 920\DPS920_final_project\IMG\right_2026_07_27_15_31_38_113.jpg,0,1,0,30.19029
D:\DPS 920\DPS920_final_project\IMG\center_2026_07_27_15_31_38_185.jpg,D:\DPS 920\DPS920_final_project\IMG\left_2026_07_27_15_31_38_185.jpg,D:\DPS 920\DPS920_final_project\IMG\right_2026_07_27_15_31_38_185.jpg,0,1,0,30.19031
D:\DPS 920\DPS920_final_project\IMG\center_2026_07_27_15_31_38_260.jpg,D:\DPS 920\DPS920_final_project\IMG\left_2026_07_27_15_31_38_260.jpg,D:\DPS 920\DPS920_final_project\IMG\right_2026_07_27_15_31_38_260.jpg,0,1,0,30.19038
D:\DPS 920\DPS920_final_project\IMG\center_2026_07_27_15_31_38_333.jpg,D:\DPS 920\DPS920_final_project\IMG\left_2026_07_27_15_31_38_333.jpg,D:\DPS 920\DPS920_final_project\IMG\right_2026_07_27_15_31_38_333.jpg,0,1,0,30.1903
D:\DPS 920\DPS920_final_project\IMG\center_2026_07_27_15_31_38_408.jpg,D:\DPS 920\DPS920_final_project\IMG\left_2026_07_27_15_31_38_408.jpg,D:\DPS 920\DPS920_final_project\IMG\right_2026_07_27_15_31_38_408.jpg,0,1,0,30.18829
D:\DPS 920\DPS920_final_project\IMG\center_2026_07_27_15_31_38_482.jpg,D:\DPS 920\DPS920_final_project\IMG\left_2026_07_27_15_31_38_482.jpg,D:\DPS 920\DPS920_final_project\IMG\right_2026_07_27_15_31_38_482.jpg,0,1,0,30.19022
D:\DPS 920\DPS920_final_project\IMG\center_2026_07_27_15_31_38_554.jpg,D:\DPS 920\DPS920_final_project\IMG\left_2026_07_27_15_31_38_554.jpg,D:\DPS 920\DPS920_final_project\IMG\right_2026_07_27_15_31_38_554.jpg,0,1,0,30.19029
D:\DPS 920\DPS920_final_project\IMG\center_2026_07_27_15_31_38_627.jpg,D:\DPS 920\DPS920_final_project\IMG\left_2026_07_27_15_31_38_627.jpg,D:\DPS 920\DPS920_final_project\IMG\right_2026_07_27_15_31_38_627.jpg,0,1,0,30.19032
D:\DPS 920\DPS920_final_project\IMG\center_2026_07_27_15_31_38_696.jpg,D:\DPS 920\DPS920_final_project\IMG\left_2026_07_27_15_31_38_696.jpg,D:\DPS 920\DPS920_final_project\IMG\right_2026_07_27_15_31_38_696.jpg,0,1,0,30.1903
D:\DPS 920\DPS920_final_project\IMG\center_2026_07_27_15_31_38_768.jpg,D:\DPS 920\DPS920_final_project\IMG\left_2026_07_27_15_31_38_768.jpg,D:\DPS 920\DPS920_final_project\IMG\right_2026_07_27_15_31_38_768.jpg,-0.15,1,0,30.18408
D:\DPS 920\DPS920_final_project\IMG\center_2026_07_27_15_31_38_842.jpg,D:\DPS 920\DPS920_final_project\IMG\left_2026_07_27_15_31_38_842.jpg,D:\DPS 920\DPS920_final_project\IMG\right_2026_07_27_15_31_38_842.jpg,0,1,0,30.19105
D:\DPS 920\DPS920_final_project\IMG\center_2026_07_27_15_31_38_915.jpg,D:\DPS 920\DPS920_final_project\IMG\left_2026_07_27_15_31_38_915.jpg,D:\DPS 920\DPS920_final_project\IMG\right_2026_07_27_15_31_38_915.jpg,0,1,0,30.18997
D:\DPS 920\DPS920_final_project\IMG\center_2026_07_27_15_31_38_986.jpg,D:\DPS 920\DPS920_final_project\IMG\left_2026_07_27_15_31_38_986.jpg,D:\DPS 920\DPS920_final_project\IMG\right_2026_07_27_15_31_38_986.jpg,0,1,0,30.19024
D:\DPS 920\DPS920_final_project\IMG\center_2026_07_27_15_31_39_057.jpg,D:\DPS 920\DPS920_final_project\IMG\left_2026_07_27_15_31_39_057.jpg,D:\DPS 920\DPS920_final_project\IMG\right_2026_07_27_15_31_39_057.jpg,0,1,0,30.19028
D:\DPS 920\DPS920_final_project\IMG\center_2026_07_27_15_31_39_129.jpg,D:\DPS 920\DPS920_final_project\IMG\left_2026_07_27_15_31_39_129.jpg,D:\DPS 920\DPS920_final_project\IMG\right_2026_07_27_15_31_39_129.jpg,0,1,0,30.19016
D:\DPS 920\DPS920_final_project\IMG\center_2026_07_27_15_31_39_199.jpg,D:\DPS 920\DPS920_final_project\IMG\left_2026_07_27_15_31_39_199.jpg,D:\DPS 920\DPS920_final_project\IMG\right_2026_07_27_15_31_39_199.jpg,0,1,0,30.19014
D:\DPS 920\DPS920_final_project\IMG\center_2026_07_27_15_31_39_271.jpg,D:\DPS 920\DPS920_final_project\IMG\left_2026_07_27_15_31_39_271.jpg,D:\DPS 920\DPS920_final_project\IMG\right_2026_07_27_15_31_39_271.jpg,0,1,0,30.19021
D:\DPS 920\DPS920_final_project\IMG\center_2026_07_27_15_31_39_340.jpg,D:\DPS 920\DPS920_final_project\IMG\left_2026_07_27_15_31_39_340.jpg,D:\DPS 920\DPS920_final_project\IMG\right_2026_07_27_15_31_39_340.jpg,0,1,0,30.18796
D:\DPS 920\DPS920_final_project\IMG\center_2026_07_27_15_31_39_409.jpg,D:\DPS 920\DPS920_final_project\IMG\left_2026_07_27_15_31_39_409.jpg,D:\DPS 920\DPS920_final_project\IMG\right_2026_07_27_15_31_39_409.jpg,0,1,0,30.18939
D:\DPS 920\DPS920_final_project\IMG\center_2026_07_27_15_31_39_478.jpg,D:\DPS 920\DPS920_final_project\IMG\left_2026_07_27_15_31_39_478.jpg,D:\DPS 920\DPS920_final_project\IMG\right_2026_07_27_15_31_39_478.jpg,0,1,0,30.19027
D:\DPS 920\DPS920_final_project\IMG\center_2026_07_27_15_31_39_547.jpg,D:\DPS 920\DPS920_final_project\IMG\left_2026_07_27_15_31_39_547.jpg,D:\DPS 920\DPS920_final_project\IMG\right_2026_07_27_15_31_39_547.jpg,0,1,0,30.19021
D:\DPS 920\DPS920_final_project\IMG\center_2026_07_27_15_31_39_616.jpg,D:\DPS 920\DPS920_final_project\IMG\left_2026_07_27_15_31_39_616.jpg,D:\DPS 920\DPS920_final_project\IMG\right_2026_07_27_15_31_39_616.jpg,0,1,0,30.19001
D:\DPS 920\DPS920_final_project\IMG\center_2026_07_27_15_31_39_684.jpg,D:\DPS 920\DPS920_final_project\IMG\left_2026_07_27_15_31_39_684.jpg,D:\DPS 920\DPS920_final_project\IMG\right_2026_07_27_15_31_39_684.jpg,0,1,0,30.19039
D:\DPS 920\DPS920_final_project\IMG\center_2026_07_27_15_31_39_753.jpg,D:\DPS 920\DPS920_final_project\IMG\left_2026_07_27_15_31_39_753.jpg,D:\DPS 920\DPS920_final_project\IMG\right_2026_07_27_15_31_39_753.jpg,0,1,0,30.19032
D:\DPS 920\DPS920_final_project\IMG\center_2026_07_27_15_31_39_831.jpg,D:\DPS 920\DPS920_final_project\IMG\left_2026_07_27_15_31_39_831.jpg,D:\DPS 920\DPS920_final_project\IMG\right_2026_07_27_15_31_39_831.jpg,0,1,0,30.19025
D:\DPS 920\DPS920_final_project\IMG\center_2026_07_27_15_31_39_903.jpg,D:\DPS 920\DPS920_final_project\IMG\left_2026_07_27_15_31_39_903.jpg,D:\DPS 920\DPS920_final_project\IMG\right_2026_07_27_15_31_39_903.jpg,0,1,0,30.19028
D:\DPS 920\DPS920_final_project\IMG\center_2026_07_27_15_31_39_975.jpg,D:\DPS 920\DPS920_final_project\IMG\left_2026_07_27_15_31_39_975.jpg,D:\DPS 920\DPS920_final_project\IMG\right_2026_07_27_15_31_39_975.jpg,0,1,0,30.19027
D:\DPS 920\DPS920_final_project\IMG\center_2026_07_27_15_31_40_045.jpg,D:\DPS 920\DPS920_final_project\IMG\left_2026_07_27_15_31_40_045.jpg,D:\DPS 920\DPS920_final_project\IMG\right_2026_07_27_15_31_40_045.jpg,0,1,0,30.19022
D:\DPS 920\DPS920_final_project\IMG\center_2026_07_27_15_31_40_113.jpg,D:\DPS 920\DPS920_final_project\IMG\left_2026_07_27_15_31_40_113.jpg,D:\DPS 920\DPS920_final_project\IMG\right_2026_07_27_15_31_40_113.jpg,-0.15,1,0,30.1839
D:\DPS 920\DPS920_final_project\IMG\center_2026_07_27_15_31_40_182.jpg,D:\DPS 920\DPS920_final_project\IMG\left_2026_07_27_15_31_40_182.jpg,D:\DPS 920\DPS920_final_project\IMG\right_2026_07_27_15_31_40_182.jpg,0,1,0,30.18964
D:\DPS 920\DPS920_final_project\IMG\center_2026_07_27_15_31_40_251.jpg,D:\DPS 920\DPS920_final_project\IMG\left_2026_07_27_15_31_40_251.jpg,D:\DPS 920\DPS920_final_project\IMG\right_2026_07_27_15_31_40_251.jpg,0,1,0,30.19011
D:\DPS 920\DPS920_final_project\IMG\center_2026_07_27_15_31_40_320.jpg,D:\DPS 920\DPS920_final_project\IMG\left_2026_07_27_15_31_40_320.jpg,D:\DPS 920\DPS920_final_project\IMG\right_2026_07_27_15_31_40_320.jpg,0,1,0,30.19016
D:\DPS 920\DPS920_final_project\IMG\center_2026_07_27_15_31_40_390.jpg,D:\DPS 920\DPS920_final_project\IMG\left_2026_07_27_15_31_40_390.jpg,D:\DPS 920\DPS920_final_project\IMG\right_2026_07_27_15_31_40_390.jpg,0,1,0,30.19021
D:\DPS 920\DPS920_final_project\IMG\center_2026_07_27_15_31_40_458.jpg,D:\DPS 920\DPS920_final_project\IMG\left_2026_07_27_15_31_40_458.jpg,D:\DPS 920\DPS920_final_project\IMG\right_2026_07_27_15_31_40_458.jpg,0,1,0,30.19018
D:\DPS 920\DPS920_final_project\IMG\center_2026_07_27_15_31_40_527.jpg,D:\DPS 920\DPS920_final_project\IMG\left_2026_07_27_15_31_40_527.jpg,D:\DPS 920\DPS920_final_project\IMG\right_2026_07_27_15_31_40_527.jpg,0,1,0,30.19013
D:\DPS 920\DPS920_final_project\IMG\center_2026_07_27_15_31_40_596.jpg,D:\DPS 920\DPS920_final_project\IMG\left_2026_07_27_15_31_40_596.jpg,D:\DPS 920\DPS920_final_project\IMG\right_2026_07_27_15_31_40_596.jpg,0,1,0,30.19022
D:\DPS 920\DPS920_final_project\IMG\center_2026_07_27_15_31_40_666.jpg,D:\DPS 920\DPS920_final_project\IMG\left_2026_07_27_15_31_40_666.jpg,D:\DPS 920\DPS920_final_project\IMG\right_2026_07_27_15_31_40_666.jpg,0,1,0,30.19018
D:\DPS 920\DPS920_final_project\IMG\center_2026_07_27_15_31_40_735.jpg,D:\DPS 920\DPS920_final_project\IMG\left_2026_07_27_15_31_40_735.jpg,D:\DPS 920\DPS920_final_project\IMG\right_2026_07_27_15_31_40_735.jpg,0,1,0,30.19026
D:\DPS 920\DPS920_final_project\IMG\center_2026_07_27_15_31_40_803.jpg,D:\DPS 920\DPS920_final_project\IMG\left_2026_07_27_15_31_40_803.jpg,D:\DPS 920\DPS920_final_project\IMG\right_2026_07_27_15_31_40_803.jpg,0,1,0,30.1904
D:\DPS 920\DPS920_final_project\IMG\center_2026_07_27_15_31_40_869.jpg,D:\DPS 920\DPS920_final_project\IMG\left_2026_07_27_15_31_40_869.jpg,D:\DPS 920\DPS920_final_project\IMG\right_2026_07_27_15_31_40_869.jpg,0,1,0,30.19029
D:\DPS 920\DPS920_final_project\IMG\center_2026_07_27_15_31_40_936.jpg,D:\DPS 920\DPS920_final_project\IMG\left_2026_07_27_15_31_40_936.jpg,D:\DPS 920\DPS920_final_project\IMG\right_2026_07_27_15_31_40_936.jpg,0,1,0,30.19029
D:\DPS 920\DPS920_final_project\IMG\center_2026_07_27_15_31_41_007.jpg,D:\DPS 920\DPS920_final_project\IMG\left_2026_07_27_15_31_41_007.jpg,D:\DPS 920\DPS920_final_project\IMG\right_2026_07_27_15_31_41_007.jpg,0,1,0,30.19053
D:\DPS 920\DPS920_final_project\IMG\center_2026_07_27_15_31_41_074.jpg,D:\DPS 920\DPS920_final_project\IMG\left_2026_07_27_15_31_41_074.jpg,D:\DPS 920\DPS920_final_project\IMG\right_2026_07_27_15_31_41_074.jpg,0,1,0,30.1904
D:\DPS 920\DPS920_final_project\IMG\center_2026_07_27_15_31_41_151.jpg,D:\DPS 920\DPS920_final_project\IMG\left_2026_07_27_15_31_41_151.jpg,D:\DPS 920\DPS920_final_project\IMG\right_2026_07_27_15_31_41_151.jpg,0,1,0,30.19036
D:\DPS 920\DPS920_final_project\IMG\center_2026_07_27_15_31_41_229.jpg,D:\DPS 920\DPS920_final_project\IMG\left_2026_07_27_15_31_41_229.jpg,D:\DPS 920\DPS920_final_project\IMG\right_2026_07_27_15_31_41_229.jpg,0,1,0,30.19037
D:\DPS 920\DPS920_final_project\IMG\center_2026_07_27_15_31_41_296.jpg,D:\DPS 920\DPS920_final_project\IMG\left_2026_07_27_15_31_41_296.jpg,D:\DPS 920\DPS920_final_project\IMG\right_2026_07_27_15_31_41_296.jpg,0,1,0,30.19033
D:\DPS 920\DPS920_final_project\IMG\center_2026_07_27_15_31_41_373.jpg,D:\DPS 920\DPS920_final_project\IMG\left_2026_07_27_15_31_41_373.jpg,D:\DPS 920\DPS920_final_project\IMG\right_2026_07_27_15_31_41_373.jpg,0,1,0,30.19033
D:\DPS 920\DPS920_final_project\IMG\center_2026_07_27_15_31_41_449.jpg,D:\DPS 920\DPS920_final_project\IMG\left_2026_07_27_15_31_41_449.jpg,D:\DPS 920\DPS920_final_project\IMG\right_2026_07_27_15_31_41_449.jpg,0,1,0,30.19036
D:\DPS 920\DPS920_final_project\IMG\center_2026_07_27_15_31_41_523.jpg,D:\DPS 920\DPS920_final_project\IMG\left_2026_07_27_15_31_41_523.jpg,D:\DPS 920\DPS920_final_project\IMG\right_2026_07_27_15_31_41_523.jpg,0,1,0,30.19035
D:\DPS 920\DPS920_final_project\IMG\center_2026_07_27_15_31_41_598.jpg,D:\DPS 920\DPS920_final_project\IMG\left_2026_07_27_15_31_41_598.jpg,D:\DPS 920\DPS920_final_project\IMG\right_2026_07_27_15_31_41_598.jpg,0,1,0,30.19037
D:\DPS 920\DPS920_final_project\IMG\center_2026_07_27_15_31_41_673.jpg,D:\DPS 920\DPS920_final_project\IMG\left_2026_07_27_15_31_41_673.jpg,D:\DPS 920\DPS920_final_project\IMG\right_2026_07_27_15_31_41_673.jpg,0,1,0,30.19035
D:\DPS 920\DPS920_final_project\IMG\center_2026_07_27_15_31_41_750.jpg,D:\DPS 920\DPS920_final_project\IMG\left_2026_07_27_15_31_41_750.jpg,D:\DPS 920\DPS920_final_project\IMG\right_2026_07_27_15_31_41_750.jpg,0,1,0,30.19037
D:\DPS 920\DPS920_final_project\IMG\center_2026_07_27_15_31_41_828.jpg,D:\DPS 920\DPS920_final_project\IMG\left_2026_07_27_15_31_41_828.jpg,D:\DPS 920\DPS920_final_project\IMG\right_2026_07_27_15_31_41_828.jpg,0,1,0,30.19035
D:\DPS 920\DPS920_final_project\IMG\center_2026_07_27_15_31_41_905.jpg,D:\DPS 920\DPS920_final_project\IMG\left_2026_07_27_15_31_41_905.jpg,D:\DPS 920\DPS920_final_project\IMG\right_2026_07_27_15_31_41_905.jpg,0,1,0,30.18928
D:\DPS 920\DPS920_final_project\IMG\center_2026_07_27_15_31_41_972.jpg,D:\DPS 920\DPS920_final_project\IMG\left_2026_07_27_15_31_41_972.jpg,D:\DPS 920\DPS920_final_project\IMG\right_2026_07_27_15_31_41_972.jpg,0,1,0,30.19043
D:\DPS 920\DPS920_final_project\IMG\center_2026_07_27_15_31_42_040.jpg,D:\DPS 920\DPS920_final_project\IMG\left_2026_07_27_15_31_42_040.jpg,D:\DPS 920\DPS920_final_project\IMG\right_2026_07_27_15_31_42_040.jpg,0,1,0,30.18984
D:\DPS 920\DPS920_final_project\IMG\center_2026_07_27_15_31_42_116.jpg,D:\DPS 920\DPS920_final_project\IMG\left_2026_07_27_15_31_42_116.jpg,D:\DPS 920\DPS920_final_project\IMG\right_2026_07_27_15_31_42_116.jpg,0,1,0,30.19057
D:\DPS 920\DPS920_final_project\IMG\center_2026_07_27_15_31_42_191.jpg,D:\DPS 920\DPS920_final_project\IMG\left_2026_07_27_15_31_42_191.jpg,D:\DPS 920\DPS920_final_project\IMG\right_2026_07_27_15_31_42_191.jpg,0,1,0,30.19048
D:\DPS 920\DPS920_final_project\IMG\center_2026_07_27_15_31_42_258.jpg,D:\DPS 920\DPS920_final_project\IMG\left_2026_07_27_15_31_42_258.jpg,D:\DPS 920\DPS920_final_project\IMG\right_2026_07_27_15_31_42_258.jpg,0,1,0,30.18974
D:\DPS 920\DPS920_final_project\IMG\center_2026_07_27_15_31_42_333.jpg,D:\DPS 920\DPS920_final_project\IMG\left_2026_07_27_15_31_42_333.jpg,D:\DPS 920\DPS920_final_project\IMG\right_2026_07_27_15_31_42_333.jpg,-0.1,1,0,30.18787
D:\DPS 920\DPS920_final_project\IMG\center_2026_07_27_15_31_42_406.jpg,D:\DPS 920\DPS920_final_project\IMG\left_2026_07_27_15_31_42_406.jpg,D:\DPS 920\DPS920_final_project\IMG\right_2026_07_27_15_31_42_406.jpg,0,1,0,30.19122
D:\DPS 920\DPS920_final_project\IMG\center_2026_07_27_15_31_42_481.jpg,D:\DPS 920\DPS920_final_project\IMG\left_2026_07_27_15_31_42_481.jpg,D:\DPS 920\DPS920_final_project\IMG\right_2026_07_27_15_31_42_481.jpg,0,1,0,30.19031
D:\DPS 920\DPS920_final_project\IMG\center_2026_07_27_15_31_42_556.jpg,D:\DPS 920\DPS920_final_project\IMG\left_2026_07_27_15_31_42_556.jpg,D:\DPS 920\DPS920_final_project\IMG\right_2026_07_27_15_31_42_556.jpg,0,1,0,30.19032
D:\DPS 920\DPS920_final_project\IMG\center_2026_07_27_15_31_42_630.jpg,D:\DPS 920\DPS920_final_project\IMG\left_2026_07_27_15_31_42_630.jpg,D:\DPS 920\DPS920_final_project\IMG\right_2026_07_27_15_31_42_630.jpg,-0.2,1,0,30.18007
D:\DPS 920\DPS920_final_project\IMG\center_2026_07_27_15_31_42_706.jpg,D:\DPS 920\DPS920_final_project\IMG\left_2026_07_27_15_31_42_706.jpg,D:\DPS 920\DPS920_final_project\IMG\right_2026_07_27_15_31_42_706.jpg,0,1,0,30.18932
D:\DPS 920\DPS920_final_project\IMG\center_2026_07_27_15_31_42_780.jpg,D:\DPS 920\DPS920_final_project\IMG\left_2026_07_27_15_31_42_780.jpg,D:\DPS 920\DPS920_final_project\IMG\right_2026_07_27_15_31_42_780.jpg,-0.1,1,0,30.18906
D:\DPS 920\DPS920_final_project\IMG\center_2026_07_27_15_31_42_853.jpg,D:\DPS 920\DPS920_final_project\IMG\left_2026_07_27_15_31_42_853.jpg,D:\DPS 920\DPS920_final_project\IMG\right_2026_07_27_15_31_42_853.jpg,0,1,0,30.19041
D:\DPS 920\DPS920_final_project\IMG\center_2026_07_27_15_31_42_928.jpg,D:\DPS 920\DPS920_final_project\IMG\left_2026_07_27_15_31_42_928.jpg,D:\DPS 920\DPS920_final_project\IMG\right_2026_07_27_15_31_42_928.jpg,-0.1,1,0,30.18883
D:\DPS 920\DPS920_final_project\IMG\center_2026_07_27_15_31_43_002.jpg,D:\DPS 920\DPS920_final_project\IMG\left_2026_07_27_15_31_43_002.jpg,D:\DPS 920\DPS920_final_project\IMG\right_2026_07_27_15_31_43_002.jpg,0,1,0,30.1865
D:\DPS 920\DPS920_final_project\IMG\center_2026_07_27_15_31_43_075.jpg,D:\DPS 920\DPS920_final_project\IMG\left_2026_07_27_15_31_43_075.jpg,D:\DPS 920\DPS920_final_project\IMG\right_2026_07_27_15_31_43_075.jpg,0,1,0,30.19005
D:\DPS 920\DPS920_final_project\IMG\center_2026_07_27_15_31_43_148.jpg,D:\DPS 920\DPS920_final_project\IMG\left_2026_07_27_15_31_43_148.jpg,D:\DPS 920\DPS920_final_project\IMG\right_2026_07_27_15_31_43_148.jpg,-0.15,1,0,30.18631
D:\DPS 920\DPS920_final_project\IMG\center_2026_07_27_15_31_43_220.jpg,D:\DPS 920\DPS920_final_project\IMG\left_2026_07_27_15_31_43_220.jpg,D:\DPS 920\DPS920_final_project\IMG\right_2026_07_27_15_31_43_220.jpg,0,1,0,30.18956
D:\DPS 920\DPS920_final_project\IMG\center_2026_07_27_15_31_43_295.jpg,D:\DPS 920\DPS920_final_project\IMG\left_2026_07_27_15_31_43_295.jpg,D:\DPS 920\DPS920_final_project\IMG\right_2026_07_27_15_31_43_295.jpg,-0.1,1,0,30.18884
D:\DPS 920\DPS920_final_project\IMG\center_2026_07_27_15_31_43_368.jpg,D:\DPS 920\DPS920_final_project\IMG\left_2026_07_27_15_31_43_368.jpg,D:\DPS 920\DPS920_final_project\IMG\right_2026_07_27_15_31_43_368.jpg,0,1,0,30.19113
D:\DPS 920\DPS920_final_project\IMG\center_2026_07_27_15_31_43_439.jpg,D:\DPS 920\DPS920_final_project\IMG\left_2026_07_27_15_31_43_439.jpg,D:\DPS 920\DPS920_final_project\IMG\right_2026_07_27_15_31_43_439.jpg,0,1,0,30.18997
D:\DPS 920\DPS920_final_project\IMG\center_2026_07_27_15_31_43_510.jpg,D:\DPS 920\DPS920_final_project\IMG\left_2026_07_27_15_31_43_510.jpg,D:\DPS 920\DPS920_final_project\IMG\right_2026_07_27_15_31_43_510.jpg,0,1,0,30.19009
D:\DPS 920\DPS920_final_project\IMG\center_2026_07_27_15_31_43_582.jpg,D:\DPS 920\DPS920_final_project\IMG\left_2026_07_27_15_31_43_582.jpg,D:\DPS 920\DPS920_final_project\IMG\right_2026_07_27_15_31_43_582.jpg,0,1,0,30.19045
D:\DPS 920\DPS920_final_project\IMG\center_2026_07_27_15_31_43_653.jpg,D:\DPS 920\DPS920_final_project\IMG\left_2026_07_27_15_31_43_653.jpg,D:\DPS 920\DPS920_final_project\IMG\right_2026_07_27_15_31_43_653.jpg,0,1,0,30.19024
D:\DPS 920\DPS920_final_project\IMG\center_2026_07_27_15_31_43_727.jpg,D:\DPS 920\DPS920_final_project\IMG\left_2026_07_27_15_31_43_727.jpg,D:\DPS 920\DPS920_final_project\IMG\right_2026_07_27_15_31_43_727.jpg,0,1,0,30.19019
D:\DPS 920\DPS920_final_project\IMG\center_2026_07_27_15_31_43_803.jpg,D:\DPS 920\DPS920_final_project\IMG\left_2026_07_27_15_31_43_803.jpg,D:\DPS 920\DPS920_final_project\IMG\right_2026_07_27_15_31_43_803.jpg,-0.1,1,0,30.18745
D:\DPS 920\DPS920_final_project\IMG\center_2026_07_27_15_31_43_870.jpg,D:\DPS 920\DPS920_final_project\IMG\left_2026_07_27_15_31_43_870.jpg,D:\DPS 920\DPS920_final_project\IMG\right_2026_07_27_15_31_43_870.jpg,0,1,0,30.19001
D:\DPS 920\DPS920_final_project\IMG\center_2026_07_27_15_31_43_947.jpg,D:\DPS 920\DPS920_final_project\IMG\left_2026_07_27_15_31_43_947.jpg,D:\DPS 920\DPS920_final_project\IMG\right_2026_07_27_15_31_43_947.jpg,-0.05,1,0,30.18965
D:\DPS 920\DPS920_final_project\IMG\center_2026_07_27_15_31_44_017.jpg,D:\DPS 920\DPS920_final_project\IMG\left_2026_07_27_15_31_44_017.jpg,D:\DPS 920\DPS920_final_project\IMG\right_2026_07_27_15_31_44_017.jpg,-0.2,1,0,30.17975
D:\DPS 920\DPS920_final_project\IMG\center_2026_07_27_15_31_44_093.jpg,D:\DPS 920\DPS920_final_project\IMG\left_2026_07_27_15_31_44_093.jpg,D:\DPS 920\DPS920_final_project\IMG\right_2026_07_27_15_31_44_093.jpg,0,1,0,30.1901
D:\DPS 920\DPS920_final_project\IMG\center_2026_07_27_15_31_44_170.jpg,D:\DPS 920\DPS920_final_project\IMG\left_2026_07_27_15_31_44_170.jpg,D:\DPS 920\DPS920_final_project\IMG\right_2026_07_27_15_31_44_170.jpg,-0.15,1,0,30.18512
D:\DPS 920\DPS920_final_project\IMG\center_2026_07_27_15_31_44_244.jpg,D:\DPS 920\DPS920_final_project\IMG\left_2026_07_27_15_31_44_244.jpg,D:\DPS 920\DPS920_final_project\IMG\right_2026_07_27_15_31_44_244.jpg,0,1,0,30.18952
D:\DPS 920\DPS920_final_project\IMG\center_2026_07_27_15_31_44_318.jpg,D:\DPS 920\DPS920_final_project\IMG\left_2026_07_27_15_31_44_318.jpg,D:\DPS 920\DPS920_final_project\IMG\right_2026_07_27_15_31_44_318.jpg,-0.15,1,0,30.18549
D:\DPS 920\DPS920_final_project\IMG\center_2026_07_27_15_31_44_392.jpg,D:\DPS 920\DPS920_final_project\IMG\left_2026_07_27_15_31_44_392.jpg,D:\DPS 920\DPS920_final_project\IMG\right_2026_07_27_15_31_44_392.jpg,-0.3,1,0,30.17062
D:\DPS 920\DPS920_final_project\IMG\center_2026_07_27_15_31_44_467.jpg,D:\DPS 920\DPS920_final_project\IMG\left_2026_07_27_15_31_44_467.jpg,D:\DPS 920\DPS920_final_project\IMG\right_2026_07_27_15_31_44_467.jpg,-0.1,1,0,30.18987
D:\DPS 920\DPS920_final_project\IMG\center_2026_07_27_15_31_44_543.jpg,D:\DPS 920\DPS920_final_project\IMG\left_2026_07_27_15_31_44_543.jpg,D:\DPS 920\DPS920_final_project\IMG\right_2026_07_27_15_31_44_543.jpg,0,1,0,30.18648
D:\DPS 920\DPS920_final_project\IMG\center_2026_07_27_15_31_44_613.jpg,D:\DPS 920\DPS920_final_project\IMG\left_2026_07_27_15_31_44_613.jpg,D:\DPS 920\DPS920_final_project\IMG\right_2026_07_27_15_31_44_613.jpg,0,1,0,30.18958
D:\DPS 920\DPS920_final_project\IMG\center_2026_07_27_15_31_44_685.jpg,D:\DPS 920\DPS920_final_project\IMG\left_2026_07_27_15_31_44_685.jpg,D:\DPS 920\DPS920_final_project\IMG\right_2026_07_27_15_31_44_685.jpg,0,1,0,30.18982
D:\DPS 920\DPS920_final_project\IMG\center_2026_07_27_15_31_44_757.jpg,D:\DPS 920\DPS920_final_project\IMG\left_2026_07_27_15_31_44_757.jpg,D:\DPS 920\DPS920_final_project\IMG\right_2026_07_27_15_31_44_757.jpg,0,1,0,30.18903
D:\DPS 920\DPS920_final_project\IMG\center_2026_07_27_15_31_44_829.jpg,D:\DPS 920\DPS920_final_project\IMG\left_2026_07_27_15_31_44_829.jpg,D:\DPS 920\DPS920_final_project\IMG\right_2026_07_27_15_31_44_829.jpg,0,1,0,30.19011
D:\DPS 920\DPS920_final_project\IMG\center_2026_07_27_15_31_44_900.jpg,D:\DPS 920\DPS920_final_project\IMG\left_2026_07_27_15_31_44_900.jpg,D:\DPS 920\DPS920_final_project\IMG\right_2026_07_27_15_31_44_900.jpg,0,1,0,30.18996
D:\DPS 920\DPS920_final_project\IMG\center_2026_07_27_15_31_44_971.jpg,D:\DPS 920\DPS920_final_project\IMG\left_2026_07_27_15_31_44_971.jpg,D:\DPS 920\DPS920_final_project\IMG\right_2026_07_27_15_31_44_971.jpg,0,1,0,30.18989
D:\DPS 920\DPS920_final_project\IMG\center_2026_07_27_15_31_45_043.jpg,D:\DPS 920\DPS920_final_project\IMG\left_2026_07_27_15_31_45_043.jpg,D:\DPS 920\DPS920_final_project\IMG\right_2026_07_27_15_31_45_043.jpg,0,1,0,30.18942
D:\DPS 920\DPS920_final_project\IMG\center_2026_07_27_15_31_45_114.jpg,D:\DPS 920\DPS920_final_project\IMG\left_2026_07_27_15_31_45_114.jpg,D:\DPS 920\DPS920_final_project\IMG\right_2026_07_27_15_31_45_114.jpg,0,1,0,30.18933
D:\DPS 920\DPS920_final_project\IMG\center_2026_07_27_15_31_45_185.jpg,D:\DPS 920\DPS920_final_project\IMG\left_2026_07_27_15_31_45_185.jpg,D:\DPS 920\DPS920_final_project\IMG\right_2026_07_27_15_31_45_185.jpg,0,1,0,30.18952
D:\DPS 920\DPS920_final_project\IMG\center_2026_07_27_15_31_45_255.jpg,D:\DPS 920\DPS920_final_project\IMG\left_2026_07_27_15_31_45_255.jpg,D:\DPS 920\DPS920_final_project\IMG\right_2026_07_27_15_31_45_255.jpg,0,1,0,30.19167
D:\DPS 920\DPS920_final_project\IMG\center_2026_07_27_15_31_45_326.jpg,D:\DPS 920\DPS920_final_project\IMG\left_2026_07_27_15_31_45_326.jpg,D:\DPS 920\DPS920_final_project\IMG\right_2026_07_27_15_31_45_326.jpg,0,1,0,30.18894
D:\DPS 920\DPS920_final_project\IMG\center_2026_07_27_15_31_45_395.jpg,D:\DPS 920\DPS920_final_project\IMG\left_2026_07_27_15_31_45_395.jpg,D:\DPS 920\DPS920_final_project\IMG\right_2026_07_27_15_31_45_395.jpg,0,1,0,30.18919
D:\DPS 920\DPS920_final_project\IMG\center_2026_07_27_15_31_45_463.jpg,D:\DPS 920\DPS920_final_project\IMG\left_2026_07_27_15_31_45_463.jpg,D:\DPS 920\DPS920_final_project\IMG\right_2026_07_27_15_31_45_463.jpg,0,1,0,30.18934
D:\DPS 920\DPS920_final_project\IMG\center_2026_07_27_15_31_45_533.jpg,D:\DPS 920\DPS920_final_project\IMG\left_2026_07_27_15_31_45_533.jpg,D:\DPS 920\DPS920_final_project\IMG\right_2026_07_27_15_31_45_533.jpg,0,1,0,30.18895
D:\DPS 920\DPS920_final_project\IMG\center_2026_07_27_15_31_45_602.jpg,D:\DPS 920\DPS920_final_project\IMG\left_2026_07_27_15_31_45_602.jpg,D:\DPS 920\DPS920_final_project\IMG\right_2026_07_27_15_31_45_602.jpg,0.05,1,0,30.18876
D:\DPS 920\DPS920_final_project\IMG\center_2026_07_27_15_31_45_669.jpg,D:\DPS 920\DPS920_final_project\IMG\left_2026_07_27_15_31_45_669.jpg,D:\DPS 920\DPS920_final_project\IMG\right_2026_07_27_15_31_45_669.jpg,0.2,1,0,30.17958
D:\DPS 920\DPS920_final_project\IMG\center_2026_07_27_15_31_45_736.jpg,D:\DPS 920\DPS920_final_project\IMG\left_2026_07_27_15_31_45_736.jpg,D:\DPS 920\DPS920_final_project\IMG\right_2026_07_27_15_31_45_736.jpg,0,1,0,30.18447
D:\DPS 920\DPS920_final_project\IMG\center_2026_07_27_15_31_45_803.jpg,D:\DPS 920\DPS920_final_project\IMG\left_2026_07_27_15_31_45_803.jpg,D:\DPS 920\DPS920_final_project\IMG\right_2026_07_27_15_31_45_803.jpg,0,1,0,30.18959
D:\DPS 920\DPS920_final_project\IMG\center_2026_07_27_15_31_45_879.jpg,D:\DPS 920\DPS920_final_project\IMG\left_2026_07_27_15_31_45_879.jpg,D:\DPS 920\DPS920_final_project\IMG\right_2026_07_27_15_31_45_879.jpg,0,1,0,30.18781
D:\DPS 920\DPS920_final_project\IMG\center_2026_07_27_15_31_45_954.jpg,D:\DPS 920\DPS920_final_project\IMG\left_2026_07_27_15_31_45_954.jpg,D:\DPS 920\DPS920_final_project\IMG\right_2026_07_27_15_31_45_954.jpg,-0.05,1,0,30.19029
D:\DPS 920\DPS920_final_project\IMG\center_2026_07_27_15_31_46_022.jpg,D:\DPS 920\DPS920_final_project\IMG\left_2026_07_27_15_31_46_022.jpg,D:\DPS 920\DPS920_final_project\IMG\right_2026_07_27_15_31_46_022.jpg,-0.25,1,0,30.17278
D:\DPS 920\DPS920_final_project\IMG\center_2026_07_27_15_31_46_089.jpg,D:\DPS 920\DPS920_final_project\IMG\left_2026_07_27_15_31_46_089.jpg,D:\DPS 920\DPS920_final_project\IMG\right_2026_07_27_15_31_46_089.jpg,0,1,0,30.18944
D:\DPS 920\DPS920_final_project\IMG\center_2026_07_27_15_31_46_156.jpg,D:\DPS 920\DPS920_final_project\IMG\left_2026_07_27_15_31_46_156.jpg,D:\DPS 920\DPS920_final_project\IMG\right_2026_07_27_15_31_46_156.jpg,0,1,0,30.19019
D:\DPS 920\DPS920_final_project\IMG\center_2026_07_27_15_31_46_224.jpg,D:\DPS 920\DPS920_final_project\IMG\left_2026_07_27_15_31_46_224.jpg,D:\DPS 920\DPS920_final_project\IMG\right_2026_07_27_15_31_46_224.jpg,0,1,0,30.19019
D:\DPS 920\DPS920_final_project\IMG\center_2026_07_27_15_31_46_291.jpg,D:\DPS 920\DPS920_final_project\IMG\left_2026_07_27_15_31_46_291.jpg,D:\DPS 920\DPS920_final_project\IMG\right_2026_07_27_15_31_46_291.jpg,0,1,0,30.19024
D:\DPS 920\DPS920_final_project\IMG\center_2026_07_27_15_31_46_359.jpg,D:\DPS 920\DPS920_final_project\IMG\left_2026_07_27_15_31_46_359.jpg,D:\DPS 920\DPS920_final_project\IMG\right_2026_07_27_15_31_46_359.jpg,0,1,0,30.19028
D:\DPS 920\DPS920_final_project\IMG\center_2026_07_27_15_31_46_428.jpg,D:\DPS 920\DPS920_final_project\IMG\left_2026_07_27_15_31_46_428.jpg,D:\DPS 920\DPS920_final_project\IMG\right_2026_07_27_15_31_46_428.jpg,0,1,0,30.19021
D:\DPS 920\DPS920_final_project\IMG\center_2026_07_27_15_31_46_495.jpg,D:\DPS 920\DPS920_final_project\IMG\left_2026_07_27_15_31_46_495.jpg,D:\DPS 920\DPS920_final_project\IMG\right_2026_07_27_15_31_46_495.jpg,0,1,0,30.19027
D:\DPS 920\DPS920_final_project\IMG\center_2026_07_27_15_31_46_570.jpg,D:\DPS 920\DPS920_final_project\IMG\left_2026_07_27_15_31_46_570.jpg,D:\DPS 920\DPS920_final_project\IMG\right_2026_07_27_15_31_46_570.jpg,0,1,0,30.19023
D:\DPS 920\DPS920_final_project\IMG\center_2026_07_27_15_31_46_646.jpg,D:\DPS 920\DPS920_final_project\IMG\left_2026_07_27_15_31_46_646.jpg,D:\DPS 920\DPS920_final_project\IMG\right_2026_07_27_15_31_46_646.jpg,0,1,0,30.19019
D:\DPS 920\DPS920_final_project\IMG\center_2026_07_27_15_31_46_721.jpg,D:\DPS 920\DPS920_final_project\IMG\left_2026_07_27_15_31_46_721.jpg,D:\DPS 920\DPS920_final_project\IMG\right_2026_07_27_15_31_46_721.jpg,0,1,0,30.19023
D:\DPS 920\DPS920_final_project\IMG\center_2026_07_27_15_31_46_796.jpg,D:\DPS 920\DPS920_final_project\IMG\left_2026_07_27_15_31_46_796.jpg,D:\DPS 920\DPS920_final_project\IMG\right_2026_07_27_15_31_46_796.jpg,-0.1,1,0,30.18832
D:\DPS 920\DPS920_final_project\IMG\center_2026_07_27_15_31_46_871.jpg,D:\DPS 920\DPS920_final_project\IMG\left_2026_07_27_15_31_46_871.jpg,D:\DPS 920\DPS920_final_project\IMG\right_2026_07_27_15_31_46_871.jpg,0,1,0,30.18651
D:\DPS 920\DPS920_final_project\IMG\center_2026_07_27_15_31_46_943.jpg,D:\DPS 920\DPS920_final_project\IMG\left_2026_07_27_15_31_46_943.jpg,D:\DPS 920\DPS920_final_project\IMG\right_2026_07_27_15_31_46_943.jpg,0,1,0,30.19025
D:\DPS 920\DPS920_final_project\IMG\center_2026_07_27_15_31_47_016.jpg,D:\DPS 920\DPS920_final_project\IMG\left_2026_07_27_15_31_47_016.jpg,D:\DPS 920\DPS920_final_project\IMG\right_2026_07_27_15_31_47_016.jpg,-0.15,1,0,30.18679
D:\DPS 920\DPS920_final_project\IMG\center_2026_07_27_15_31_47_089.jpg,D:\DPS 920\DPS920_final_project\IMG\left_2026_07_27_15_31_47_089.jpg,D:\DPS 920\DPS920_final_project\IMG\right_2026_07_27_15_31_47_089.jpg,0,1,0,30.19097
D:\DPS 920\DPS920_final_project\IMG\center_2026_07_27_15_31_47_163.jpg,D:\DPS 920\DPS920_final_project\IMG\left_2026_07_27_15_31_47_163.jpg,D:\DPS 920\DPS920_final_project\IMG\right_2026_07_27_15_31_47_163.jpg,-0.15,1,0,30.18513
D:\DPS 920\DPS920_final_project\IMG\center_2026_07_27_15_31_47_240.jpg,D:\DPS 920\DPS920_final_project\IMG\left_2026_07_27_15_31_47_240.jpg,D:\DPS 920\DPS920_final_project\IMG\right_2026_07_27_15_31_47_240.jpg,0,1,0,30.19001
D:\DPS 920\DPS920_final_project\IMG\center_2026_07_27_15_31_47_312.jpg,D:\DPS 920\DPS920_final_project\IMG\left_2026_07_27_15_31_47_312.jpg,D:\DPS 920\DPS920_final_project\IMG\right_2026_07_27_15_31_47_312.jpg,-0.15,1,0,30.18573
D:\DPS 920\DPS920_final_project\IMG\center_2026_07_27_15_31_47_384.jpg,D:\DPS 920\DPS920_final_project\IMG\left_2026_07_27_15_31_47_384.jpg,D:\DPS 920\DPS920_final_project\IMG\right_2026_07_27_15_31_47_384.jpg,0,1,0,30.19079
D:\DPS 920\DPS920_final_project\IMG\center_2026_07_27_15_31_47_455.jpg,D:\DPS 920\DPS920_final_project\IMG\left_2026_07_27_15_31_47_455.jpg,D:\DPS 920\DPS920_final_project\IMG\right_2026_07_27_15_31_47_455.jpg,-0.05,1,0,30.18986
D:\DPS 920\DPS920_final_project\IMG\center_2026_07_27_15_31_47_529.jpg,D:\DPS 920\DPS920_final_project\IMG\left_2026_07_27_15_31_47_529.jpg,D:\DPS 920\DPS920_final_project\IMG\right_2026_07_27_15_31_47_529.jpg,-0.25,1,0,30.17632
D:\DPS 920\DPS920_final_project\IMG\center_2026_07_27_15_31_47_603.jpg,D:\DPS 920\DPS920_final_project\IMG\left_2026_07_27_15_31_47_603.jpg,D:\DPS 920\DPS920_final_project\IMG\right_2026_07_27_15_31_47_603.jpg,0,1,0,30.18965
D:\DPS 920\DPS920_final_project\IMG\center_2026_07_27_15_31_47_674.jpg,D:\DPS 920\DPS920_final_project\IMG\left_2026_07_27_15_31_47_674.jpg,D:\DPS 920\DPS920_final_project\IMG\right_2026_07_27_15_31_47_674.jpg,0,1,0,30.18964
D:\DPS 920\DPS920_final_project\IMG\center_2026_07_27_15_31_47_747.jpg,D:\DPS 920\DPS920_final_project\IMG\left_2026_07_27_15_31_47_747.jpg,D:\DPS 920\DPS920_final_project\IMG\right_2026_07_27_15_31_47_747.jpg,0,1,0,30.18966
D:\DPS 920\DPS920_final_project\IMG\center_2026_07_27_15_31_47_820.jpg,D:\DPS 920\DPS920_final_project\IMG\left_2026_07_27_15_31_47_820.jpg,D:\DPS 920\DPS920_final_project\IMG\right_2026_07_27_15_31_47_820.jpg,0,1,0,30.19131
D:\DPS 920\DPS920_final_project\IMG\center_2026_07_27_15_31_47_892.jpg,D:\DPS 920\DPS920_final_project\IMG\left_2026_07_27_15_31_47_892.jpg,D:\DPS 920\DPS920_final_project\IMG\right_2026_07_27_15_31_47_892.jpg,0,1,0,30.19048
D:\DPS 920\DPS920_final_project\IMG\center_2026_07_27_15_31_47_966.jpg,D:\DPS 920\DPS920_final_project\IMG\left_2026_07_27_15_31_47_966.jpg,D:\DPS 920\DPS920_final_project\IMG\right_2026_07_27_15_31_47_966.jpg,0,1,0,30.19022
D:\DPS 920\DPS920_final_project\IMG\center_2026_07_27_15_31_48_039.jpg,D:\DPS 920\DPS920_final_project\IMG\left_2026_07_27_15_31_48_039.jpg,D:\DPS 920\DPS920_final_project\IMG\right_2026_07_27_15_31_48_039.jpg,0,1,0,30.19193
D:\DPS 920\DPS920_final_project\IMG\center_2026_07_27_15_31_48_113.jpg,D:\DPS 920\DPS920_final_project\IMG\left_2026_07_27_15_31_48_113.jpg,D:\DPS 920\DPS920_final_project\IMG\right_2026_07_27_15_31_48_113.jpg,0,1,0,30.19091
D:\DPS 920\DPS920_final_project\IMG\center_2026_07_27_15_31_48_185.jpg,D:\DPS 920\DPS920_final_project\IMG\left_2026_07_27_15_31_48_185.jpg,D:\DPS 920\DPS920_final_project\IMG\right_2026_07_27_15_31_48_185.jpg,0,1,0,30.1906
D:\DPS 920\DPS920_final_project\IMG\center_2026_07_27_15_31_48_258.jpg,D:\DPS 920\DPS920_final_project\IMG\left_2026_07_27_15_31_48_258.jpg,D:\DPS 920\DPS920_final_project\IMG\right_2026_07_27_15_31_48_258.jpg,0,1,0,30.19049
D:\DPS 920\DPS920_final_project\IMG\center_2026_07_27_15_31_48_330.jpg,D:\DPS 920\DPS920_final_project\IMG\left_2026_07_27_15_31_48_330.jpg,D:\DPS 920\DPS920_final_project\IMG\right_2026_07_27_15_31_48_330.jpg,0,1,0,30.19052
D:\DPS 920\DPS920_final_project\IMG\center_2026_07_27_15_31_48_405.jpg,D:\DPS 920\DPS920_final_project\IMG\left_2026_07_27_15_31_48_405.jpg,D:\DPS 920\DPS920_final_project\IMG\right_2026_07_27_15_31_48_405.jpg,0,1,0,30.19053
D:\DPS 920\DPS920_final_project\IMG\center_2026_07_27_15_31_48_480.jpg,D:\DPS 920\DPS920_final_project\IMG\left_2026_07_27_15_31_48_480.jpg,D:\DPS 920\DPS920_final_project\IMG\right_2026_07_27_15_31_48_480.jpg,-0.1,1,0,30.18736
D:\DPS 920\DPS920_final_project\IMG\center_2026_07_27_15_31_48_554.jpg,D:\DPS 920\DPS920_final_project\IMG\left_2026_07_27_15_31_48_554.jpg,D:\DPS 920\DPS920_final_project\IMG\right_2026_07_27_15_31_48_554.jpg,0,1,0,30.18734
D:\DPS 920\DPS920_final_project\IMG\center_2026_07_27_15_31_48_627.jpg,D:\DPS 920\DPS920_final_project\IMG\left_2026_07_27_15_31_48_627.jpg,D:\DPS 920\DPS920_final_project\IMG\right_2026_07_27_15_31_48_627.jpg,0,1,0,30.19037
D:\DPS 920\DPS920_final_project\IMG\center_2026_07_27_15_31_48_702.jpg,D:\DPS 920\DPS920_final_project\IMG\left_2026_07_27_15_31_48_702.jpg,D:\DPS 920\DPS920_final_project\IMG\right_2026_07_27_15_31_48_702.jpg,0,1,0,30.19038
D:\DPS 920\DPS920_final_project\IMG\center_2026_07_27_15_31_48_774.jpg,D:\DPS 920\DPS920_final_project\IMG\left_2026_07_27_15_31_48_774.jpg,D:\DPS 920\DPS920_final_project\IMG\right_2026_07_27_15_31_48_774.jpg,0,1,0,30.19148
D:\DPS 920\DPS920_final_project\IMG\center_2026_07_27_15_31_48_847.jpg,D:\DPS 920\DPS920_final_project\IMG\left_2026_07_27_15_31_48_847.jpg,D:\DPS 920\DPS920_final_project\IMG\right_2026_07_27_15_31_48_847.jpg,-0.1,1,0,30.18847
D:\DPS 920\DPS920_final_project\IMG\center_2026_07_27_15_31_48_918.jpg,D:\DPS 920\DPS920_final_project\IMG\left_2026_07_27_15_31_48_918.jpg,D:\DPS 920\DPS920_final_project\IMG\right_2026_07_27_15_31_48_918.jpg,0,1,0,30.19195
D:\DPS 920\DPS920_final_project\IMG\center_2026_07_27_15_31_48_990.jpg,D:\DPS 920\DPS920_final_project\IMG\left_2026_07_27_15_31_48_990.jpg,D:\DPS 920\DPS920_final_project\IMG\right_2026_07_27_15_31_48_990.jpg,0,1,0,30.1913
D:\DPS 920\DPS920_final_project\IMG\center_2026_07_27_15_31_49_061.jpg,D:\DPS 920\DPS920_final_project\IMG\left_2026_07_27_15_31_49_061.jpg,D:\DPS 920\DPS920_final_project\IMG\right_2026_07_27_15_31_49_061.jpg,-0.2,1,0,30.18155
D:\DPS 920\DPS920_final_project\IMG\center_2026_07_27_15_31_49_130.jpg,D:\DPS 920\DPS920_final_project\IMG\left_2026_07_27_15_31_49_130.jpg,D:\DPS 920\DPS920_final_project\IMG\right_2026_07_27_15_31_49_130.jpg,0,1,0,30.19054
D:\DPS 920\DPS920_final_project\IMG\center_2026_07_27_15_31_49_201.jpg,D:\DPS 920\DPS920_final_project\IMG\left_2026_07_27_15_31_49_201.jpg,D:\DPS 920\DPS920_final_project\IMG\right_2026_07_27_15_31_49_201.jpg,-0.15,1,0,30.1857
D:\DPS 920\DPS920_final_project\IMG\center_2026_07_27_15_31_49_270.jpg,D:\DPS 920\DPS920_final_project\IMG\left_2026_07_27_15_31_49_270.jpg,D:\DPS 920\DPS920_final_project\IMG\right_2026_07_27_15_31_49_270.jpg,0,1,0,30.19118
D:\DPS 920\DPS920_final_project\IMG\center_2026_07_27_15_31_49_343.jpg,D:\DPS 920\DPS920_final_project\IMG\left_2026_07_27_15_31_49_343.jpg,D:\DPS 920\DPS920_final_project\IMG\right_2026_07_27_15_31_49_343.jpg,-0.05,1,0,30.19014
D:\DPS 920\DPS920_final_project\IMG\center_2026_07_27_15_31_49_413.jpg,D:\DPS 920\DPS920_final_project\IMG\left_2026_07_27_15_31_49_413.jpg,D:\DPS 920\DPS920_final_project\IMG\right_2026_07_27_15_31_49_413.jpg,0,1,0,30.18903
D:\DPS 920\DPS920_final_project\IMG\center_2026_07_27_15_31_49_486.jpg,D:\DPS 920\DPS920_final_project\IMG\left_2026_07_27_15_31_49_486.jpg,D:\DPS 920\DPS920_final_project\IMG\right_2026_07_27_15_31_49_486.jpg,0,1,0,30.1904
D:\DPS 920\DPS920_final_project\IMG\center_2026_07_27_15_31_49_558.jpg,D:\DPS 920\DPS920_final_project\IMG\left_2026_07_27_15_31_49_558.jpg,D:\DPS 920\DPS920_final_project\IMG\right_2026_07_27_15_31_49_558.jpg,-0.2,1,0,30.18069
D:\DPS 920\DPS920_final_project\IMG\center_2026_07_27_15_31_49_628.jpg,D:\DPS 920\DPS920_final_project\IMG\left_2026_07_27_15_31_49_628.jpg,D:\DPS 920\DPS920_final_project\IMG\right_2026_07_27_15_31_49_628.jpg,0,1,0,30.18954
D:\DPS 920\DPS920_final_project\IMG\center_2026_07_27_15_31_49_697.jpg,D:\DPS 920\DPS920_final_project\IMG\left_2026_07_27_15_31_49_697.jpg,D:\DPS 920\DPS920_final_project\IMG\right_2026_07_27_15_31_49_697.jpg,-0.05,1,0,30.19062
D:\DPS 920\DPS920_final_project\IMG\center_2026_07_27_15_31_49_765.jpg,D:\DPS 920\DPS920_final_project\IMG\left_2026_07_27_15_31_49_765.jpg,D:\DPS 920\DPS920_final_project\IMG\right_2026_07_27_15_31_49_765.jpg,0,1,0,30.19093
D:\DPS 920\DPS920_final_project\IMG\center_2026_07_27_15_31_49_837.jpg,D:\DPS 920\DPS920_final_project\IMG\left_2026_07_27_15_31_49_837.jpg,D:\DPS 920\DPS920_final_project\IMG\right_2026_07_27_15_31_49_837.jpg,-0.05,1,0,30.19021
D:\DPS 920\DPS920_final_project\IMG\center_2026_07_27_15_31_49_910.jpg,D:\DPS 920\DPS920_final_project\IMG\left_2026_07_27_15_31_49_910.jpg,D:\DPS 920\DPS920_final_project\IMG\right_2026_07_27_15_31_49_910.jpg,0,1,0,30.18857
D:\DPS 920\DPS920_final_project\IMG\center_2026_07_27_15_31_49_982.jpg,D:\DPS 920\DPS920_final_project\IMG\left_2026_07_27_15_31_49_982.jpg,D:\DPS 920\DPS920_final_project\IMG\right_2026_07_27_15_31_49_982.jpg,-0.05,1,0,30.1904
D:\DPS 920\DPS920_final_project\IMG\center_2026_07_27_15_31_50_051.jpg,D:\DPS 920\DPS920_final_project\IMG\left_2026_07_27_15_31_50_051.jpg,D:\DPS 920\DPS920_final_project\IMG\right_2026_07_27_15_31_50_051.jpg,-0.2,1,0,30.18195
D:\DPS 920\DPS920_final_project\IMG\center_2026_07_27_15_31_50_123.jpg,D:\DPS 920\DPS920_final_project\IMG\left_2026_07_27_15_31_50_123.jpg,D:\DPS 920\DPS920_final_project\IMG\right_2026_07_27_15_31_50_123.jpg,0,1,0,30.18962
D:\DPS 920\DPS920_final_project\IMG\center_2026_07_27_15_31_50_192.jpg,D:\DPS 920\DPS920_final_project\IMG\left_2026_07_27_15_31_50_192.jpg,D:\DPS 920\DPS920_final_project\IMG\right_2026_07_27_15_31_50_192.jpg,-0.1,1,0,30.18957
D:\DPS 920\DPS920_final_project\IMG\center_2026_07_27_15_31_50_259.jpg,D:\DPS 920\DPS920_final_project\IMG\left_2026_07_27_15_31_50_259.jpg,D:\DPS 920\DPS920_final_project\IMG\right_2026_07_27_15_31_50_259.jpg,0,1,0,30.19049
D:\DPS 920\DPS920_final_project\IMG\center_2026_07_27_15_31_50_326.jpg,D:\DPS 920\DPS920_final_project\IMG\left_2026_07_27_15_31_50_326.jpg,D:\DPS 920\DPS920_final_project\IMG\right_2026_07_27_15_31_50_326.jpg,-0.1,1,0,30.18942
D:\DPS 920\DPS920_final_project\IMG\center_2026_07_27_15_31_50_393.jpg,D:\DPS 920\DPS920_final_project\IMG\left_2026_07_27_15_31_50_393.jpg,D:\DPS 920\DPS920_final_project\IMG\right_2026_07_27_15_31_50_393.jpg,-0.25,1,0,30.17743
D:\DPS 920\DPS920_final_project\IMG\center_2026_07_27_15_31_50_461.jpg,D:\DPS 920\DPS920_final_project\IMG\left_2026_07_27_15_31_50_461.jpg,D:\DPS 920\DPS920_final_project\IMG\right_2026_07_27_15_31_50_461.jpg,0,1,0,30.18842
D:\DPS 920\DPS920_final_project\IMG\center_2026_07_27_15_31_50_528.jpg,D:\DPS 920\DPS920_final_project\IMG\left_2026_07_27_15_31_50_528.jpg,D:\DPS 920\DPS920_final_project\IMG\right_2026_07_27_15_31_50_528.jpg,-0.15,1,0,30.18813
D:\DPS 920\DPS920_final_project\IMG\center_2026_07_27_15_31_50_597.jpg,D:\DPS 920\DPS920_final_project\IMG\left_2026_07_27_15_31_50_597.jpg,D:\DPS 920\DPS920_final_project\IMG\right_2026_07_27_15_31_50_597.jpg,0,1,0,30.18756
D:\DPS 920\DPS920_final_project\IMG\center_2026_07_27_15_31_50_671.jpg,D:\DPS 920\DPS920_final_project\IMG\left_2026_07_27_15_31_50_671.jpg,D:\DPS 920\DPS920_final_project\IMG\right_2026_07_27_15_31_50_671.jpg,-0.1,1,0,30.18993
D:\DPS 920\DPS920_final_project\IMG\center_2026_07_27_15_31_50_739.jpg,D:\DPS 920\DPS920_final_project\IMG\left_2026_07_27_15_31_50_739.jpg,D:\DPS 920\DPS920_final_project\IMG\right_2026_07_27_15_31_50_739.jpg,0,1,0,30.19079
D:\DPS 920\DPS920_final_project\IMG\center_2026_07_27_15_31_50_805.jpg,D:\DPS 920\DPS920_final_project\IMG\left_2026_07_27_15_31_50_805.jpg,D:\DPS 920\DPS920_final_project\IMG\right_2026_07_27_15_31_50_805.jpg,0,1,0,30.19051
D:\DPS 920\DPS920_final_project\IMG\center_2026_07_27_15_31_50_877.jpg,D:\DPS 920\DPS920_final_project\IMG\left_2026_07_27_15_31_50_877.jpg,D:\DPS 920\DPS920_final_project\IMG\right_2026_07_27_15_31_50_877.jpg,-0.15,1,0,30.18619
D:\DPS 920\DPS920_final_project\IMG\center_2026_07_27_15_31_50_947.jpg,D:\DPS 920\DPS920_final_project\IMG\left_2026_07_27_15_31_50_947.jpg,D:\DPS 920\DPS920_final_project\IMG\right_2026_07_27_15_31_50_947.jpg,0,1,0,30.19047
D:\DPS 920\DPS920_final_project\IMG\center_2026_07_27_15_31_51_021.jpg,D:\DPS 920\DPS920_final_project\IMG\left_2026_07_27_15_31_51_021.jpg,D:\DPS 920\DPS920_final_project\IMG\right_2026_07_27_15_31_51_021.jpg,-0.15,1,0,30.18541
D:\DPS 920\DPS920_final_project\IMG\center_2026_07_27_15_31_51_095.jpg,D:\DPS 920\DPS920_final_project\IMG\left_2026_07_27_15_31_51_095.jpg,D:\DPS 920\DPS920_final_project\IMG\right_2026_07_27_15_31_51_095.jpg,0,1,0,30.1909
D:\DPS 920\DPS920_final_project\IMG\center_2026_07_27_15_31_51_167.jpg,D:\DPS 920\DPS920_final_project\IMG\left_2026_07_27_15_31_51_167.jpg,D:\DPS 920\DPS920_final_project\IMG\right_2026_07_27_15_31_51_167.jpg,-0.1,1,0,30.18895
D:\DPS 920\DPS920_final_project\IMG\center_2026_07_27_15_31_51_239.jpg,D:\DPS 920\DPS920_final_project\IMG\left_2026_07_27_15_31_51_239.jpg,D:\DPS 920\DPS920_final_project\IMG\right_2026_07_27_15_31_51_239.jpg,0,1,0,30.19001
D:\DPS 920\DPS920_final_project\IMG\center_2026_07_27_15_31_51_308.jpg,D:\DPS 920\DPS920_final_project\IMG\left_2026_07_27_15_31_51_308.jpg,D:\DPS 920\DPS920_final_project\IMG\right_2026_07_27_15_31_51_308.jpg,-0.05,1,0,30.19066
D:\DPS 920\DPS920_final_project\IMG\center_2026_07_27_15_31_51_376.jpg,D:\DPS 920\DPS920_final_project\IMG\left_2026_07_27_15_31_51_376.jpg,D:\DPS 920\DPS920_final_project\IMG\right_2026_07_27_15_31_51_376.jpg,-0.2,1,0,30.18218
D:\DPS 920\DPS920_final_project\IMG\center_2026_07_27_15_31_51_445.jpg,D:\DPS 920\DPS920_final_project\IMG\left_2026_07_27_15_31_51_445.jpg,D:\DPS 920\DPS920_final_project\IMG\right_2026_07_27_15_31_51_445.jpg,0,1,0,30.19048
D:\DPS 920\DPS920_final_project\IMG\center_2026_07_27_15_31_51_514.jpg,D:\DPS 920\DPS920_final_project\IMG\left_2026_07_27_15_31_51_514.jpg,D:\DPS 920\DPS920_final_project\IMG\right_2026_07_27_15_31_51_514.jpg,-0.15,1,0,30.18706
D:\DPS 920\DPS920_final_project\IMG\center_2026_07_27_15_31_51_583.jpg,D:\DPS 920\DPS920_final_project\IMG\left_2026_07_27_15_31_51_583.jpg,D:\DPS 920\DPS920_final_project\IMG\right_2026_07_27_15_31_51_583.jpg,0,1,0,30.19103
D:\DPS 920\DPS920_final_project\IMG\center_2026_07_27_15_31_51_651.jpg,D:\DPS 920\DPS920_final_project\IMG\left_2026_07_27_15_31_51_651.jpg,D:\DPS 920\DPS920_final_project\IMG\right_2026_07_27_15_31_51_651.jpg,-0.05,1,0,30.19022
D:\DPS 920\DPS920_final_project\IMG\center_2026_07_27_15_31_51_722.jpg,D:\DPS 920\DPS920_final_project\IMG\left_2026_07_27_15_31_51_722.jpg,D:\DPS 920\DPS920_final_project\IMG\right_2026_07_27_15_31_51_722.jpg,0,1,0,30.188
D:\DPS 920\DPS920_final_project\IMG\center_2026_07_27_15_31_51_793.jpg,D:\DPS 920\DPS920_final_project\IMG\left_2026_07_27_15_31_51_793.jpg,D:\DPS 920\DPS920_final_project\IMG\right_2026_07_27_15_31_51_793.jpg,0,1,0,30.19019
D:\DPS 920\DPS920_final_project\IMG\center_2026_07_27_15_31_51_862.jpg,D:\DPS 920\DPS920_final_project\IMG\left_2026_07_27_15_31_51_862.jpg,D:\DPS 920\DPS920_final_project\IMG\right_2026_07_27_15_31_51_862.jpg,-0.2,1,0,30.18187
D:\DPS 920\DPS920_final_project\IMG\center_2026_07_27_15_31_51_929.jpg,D:\DPS 920\DPS920_final_project\IMG\left_2026_07_27_15_31_51_929.jpg,D:\DPS 920\DPS920_final_project\IMG\right_2026_07_27_15_31_51_929.jpg,0,1,0,30.1902
D:\DPS 920\DPS920_final_project\IMG\center_2026_07_27_15_31_52_000.jpg,D:\DPS 920\DPS920_final_project\IMG\left_2026_07_27_15_31_52_000.jpg,D:\DPS 920\DPS920_final_project\IMG\right_2026_07_27_15_31_52_000.jpg,-0.15,1,0,30.18642
D:\DPS 920\DPS920_final_project\IMG\center_2026_07_27_15_31_52_069.jpg,D:\DPS 920\DPS920_final_project\IMG\left_2026_07_27_15_31_52_069.jpg,D:\DPS 920\DPS920_final_project\IMG\right_2026_07_27_15_31_52_069.jpg,0,1,0,30.18676
D:\DPS 920\DPS920_final_project\IMG\center_2026_07_27_15_31_52_137.jpg,D:\DPS 920\DPS920_final_project\IMG\left_2026_07_27_15_31_52_137.jpg,D:\DPS 920\DPS920_final_project\IMG\right_2026_07_27_15_31_52_137.jpg,-0.05,1,0,30.19022
D:\DPS 920\DPS920_final_project\IMG\center_2026_07_27_15_31_52_205.jpg,D:\DPS 920\DPS920_final_project\IMG\left_2026_07_27_15_31_52_205.jpg,D:\DPS 920\DPS920_final_project\IMG\right_2026_07_27_15_31_52_205.jpg,-0.25,1,0,30.17777
D:\DPS 920\DPS920_final_project\IMG\center_2026_07_27_15_31_52_272.jpg,D:\DPS 920\DPS920_final_project\IMG\left_2026_07_27_15_31_52_272.jpg,D:\DPS 920\DPS920_final_project\IMG\right_2026_07_27_15_31_52_272.jpg,0,1,0,30.18932
D:\DPS 920\DPS920_final_project\IMG\center_2026_07_27_15_31_52_341.jpg,D:\DPS 920\DPS920_final_project\IMG\left_2026_07_27_15_31_52_341.jpg,D:\DPS 920\DPS920_final_project\IMG\right_2026_07_27_15_31_52_341.jpg,-0.2,1,0,30.18343
D:\DPS 920\DPS920_final_project\IMG\center_2026_07_27_15_31_52_407.jpg,D:\DPS 920\DPS920_final_project\IMG\left_2026_07_27_15_31_52_407.jpg,D:\DPS 920\DPS920_final_project\IMG\right_2026_07_27_15_31_52_407.jpg,0,1,0,30.18995
D:\DPS 920\DPS920_final_project\IMG\center_2026_07_27_15_31_52_474.jpg,D:\DPS 920\DPS920_final_project\IMG\left_2026_07_27_15_31_52_474.jpg,D:\DPS 920\DPS920_final_project\IMG\right_2026_07_27_15_31_52_474.jpg,0,1,0,30.18994
D:\DPS 920\DPS920_final_project\IMG\center_2026_07_27_15_31_52_541.jpg,D:\DPS 920\DPS920_final_project\IMG\left_2026_07_27_15_31_52_541.jpg,D:\DPS 920\DPS920_final_project\IMG\right_2026_07_27_15_31_52_541.jpg,-0.2,1,0,30.18258
D:\DPS 920\DPS920_final_project\IMG\center_2026_07_27_15_31_52_615.jpg,D:\DPS 920\DPS920_final_project\IMG\left_2026_07_27_15_31_52_615.jpg,D:\DPS 920\DPS920_final_project\IMG\right_2026_07_27_15_31_52_615.jpg,0,1,0,30.19027
D:\DPS 920\DPS920_final_project\IMG\center_2026_07_27_15_31_52_689.jpg,D:\DPS 920\DPS920_final_project\IMG\left_2026_07_27_15_31_52_689.jpg,D:\DPS 920\DPS920_final_project\IMG\right_2026_07_27_15_31_52_689.jpg,-0.15,1,0,30.18701
D:\DPS 920\DPS920_final_project\IMG\center_2026_07_27_15_31_52_756.jpg,D:\DPS 920\DPS920_final_project\IMG\left_2026_07_27_15_31_52_756.jpg,D:\DPS 920\DPS920_final_project\IMG\right_2026_07_27_15_31_52_756.jpg,-0.3,1,0,30.17255
D:\DPS 920\DPS920_final_project\IMG\center_2026_07_27_15_31_52_829.jpg,D:\DPS 920\DPS920_final_project\IMG\left_2026_07_27_15_31_52_829.jpg,D:\DPS 920\DPS920_final_project\IMG\right_2026_07_27_15_31_52_829.jpg,-0.1,1,0,30.19051
D:\DPS 920\DPS920_final_project\IMG\center_2026_07_27_15_31_52_902.jpg,D:\DPS 920\DPS920_final_project\IMG\left_2026_07_27_15_31_52_902.jpg,D:\DPS 920\DPS920_final_project\IMG\right_2026_07_27_15_31_52_902.jpg,-0.3,1,0,30.17431
D:\DPS 920\DPS920_final_project\IMG\center_2026_07_27_15_31_52_969.jpg,D:\DPS 920\DPS920_final_project\IMG\left_2026_07_27_15_31_52_969.jpg,D:\DPS 920\DPS920_final_project\IMG\right_2026_07_27_15_31_52_969.jpg,-0.1,1,0,30.19048
D:\DPS 920\DPS920_final_project\IMG\center_2026_07_27_15_31_53_038.jpg,D:\DPS 920\DPS920_final_project\IMG\left_2026_07_27_15_31_53_038.jpg,D:\DPS 920\DPS920_final_project\IMG\right_2026_07_27_15_31_53_038.jpg,-0.25,1,0,30.18151
D:\DPS 920\DPS920_final_project\IMG\center_2026_07_27_15_31_53_108.jpg,D:\DPS 920\DPS920_final_project\IMG\left_2026_07_27_15_31_53_108.jpg,D:\DPS 920\DPS920_final_project\IMG\right_2026_07_27_15_31_53_108.jpg,0,1,0,30.18791
D:\DPS 920\DPS920_final_project\IMG\center_2026_07_27_15_31_53_176.jpg,D:\DPS 920\DPS920_final_project\IMG\left_2026_07_27_15_31_53_176.jpg,D:\DPS 920\DPS920_final_project\IMG\right_2026_07_27_15_31_53_176.jpg,-0.15,1,0,30.18935
D:\DPS 920\DPS920_final_project\IMG\center_2026_07_27_15_31_53_245.jpg,D:\DPS 920\DPS920_final_project\IMG\left_2026_07_27_15_31_53_245.jpg,D:\DPS 920\DPS920_final_project\IMG\right_2026_07_27_15_31_53_245.jpg,0,1,0,30.18979
D:\DPS 920\DPS920_final_project\IMG\center_2026_07_27_15_31_53_315.jpg,D:\DPS 920\DPS920_final_project\IMG\left_2026_07_27_15_31_53_315.jpg,D:\DPS 920\DPS920_final_project\IMG\right_2026_07_27_15_31_53_315.jpg,-0.1,1,0,30.18944
D:\DPS 920\DPS920_final_project\IMG\center_2026_07_27_15_31_53_384.jpg,D:\DPS 920\DPS920_final_project\IMG\left_2026_07_27_15_31_53_384.jpg,D:\DPS 920\DPS920_final_project\IMG\right_2026_07_27_15_31_53_384.jpg,0,1,0,30.18684
D:\DPS 920\DPS920_final_project\IMG\center_2026_07_27_15_31_53_452.jpg,D:\DPS 920\DPS920_final_project\IMG\left_2026_07_27_15_31_53_452.jpg,D:\DPS 920\DPS920_final_project\IMG\right_2026_07_27_15_31_53_452.jpg,-0.05,1,0,30.1903
D:\DPS 920\DPS920_final_project\IMG\center_2026_07_27_15_31_53_522.jpg,D:\DPS 920\DPS920_final_project\IMG\left_2026_07_27_15_31_53_522.jpg,D:\DPS 920\DPS920_final_project\IMG\right_2026_07_27_15_31_53_522.jpg,-0.25,1,0,30.17829
D:\DPS 920\DPS920_final_project\IMG\center_2026_07_27_15_31_53_595.jpg,D:\DPS 920\DPS920_final_project\IMG\left_2026_07_27_15_31_53_595.jpg,D:\DPS 920\DPS920_final_project\IMG\right_2026_07_27_15_31_53_595.jpg,0,1,0,30.18397
D:\DPS 920\DPS920_final_project\IMG\center_2026_07_27_15_31_53_668.jpg,D:\DPS 920\DPS920_final_project\IMG\left_2026_07_27_15_31_53_668.jpg,D:\DPS 920\DPS920_final_project\IMG\right_2026_07_27_15_31_53_668.jpg,-0.1,1,0,30.18995
D:\DPS 920\DPS920_final_project\IMG\center_2026_07_27_15_31_53_740.jpg,D:\DPS 920\DPS920_final_project\IMG\left_2026_07_27_15_31_53_740.jpg,D:\DPS 920\DPS920_final_project\IMG\right_2026_07_27_15_31_53_740.jpg,-0.3,1,0,30.17449
D:\DPS 920\DPS920_final_project\IMG\center_2026_07_27_15_31_53_809.jpg,D:\DPS 920\DPS920_final_project\IMG\left_2026_07_27_15_31_53_809.jpg,D:\DPS 920\DPS920_final_project\IMG\right_2026_07_27_15_31_53_809.jpg,-0.05,1,0,30.18958
D:\DPS 920\DPS920_final_project\IMG\center_2026_07_27_15_31_53_882.jpg,D:\DPS 920\DPS920_final_project\IMG\left_2026_07_27_15_31_53_882.jpg,D:\DPS 920\DPS920_final_project\IMG\right_2026_07_27_15_31_53_882.jpg,-0.25,1,0,30.18074
D:\DPS 920\DPS920_final_project\IMG\center_2026_07_27_15_31_53_955.jpg,D:\DPS 920\DPS920_final_project\IMG\left_2026_07_27_15_31_53_955.jpg,D:\DPS 920\DPS920_final_project\IMG\right_2026_07_27_15_31_53_955.jpg,0,1,0,30.18915
D:\DPS 920\DPS920_final_project\IMG\center_2026_07_27_15_31_54_022.jpg,D:\DPS 920\DPS920_final_project\IMG\left_2026_07_27_15_31_54_022.jpg,D:\DPS 920\DPS920_final_project\IMG\right_2026_07_27_15_31_54_022.jpg,-0.15,1,0,30.1873
D:\DPS 920\DPS920_final_project\IMG\center_2026_07_27_15_31_54_096.jpg,D:\DPS 920\DPS920_final_project\IMG\left_2026_07_27_15_31_54_096.jpg,D:\DPS 920\DPS920_final_project\IMG\right_2026_07_27_15_31_54_096.jpg,0,1,0,30.18574
D:\DPS 920\DPS920_final_project\IMG\center_2026_07_27_15_31_54_163.jpg,D:\DPS 920\DPS920_final_project\IMG\left_2026_07_27_15_31_54_163.jpg,D:\DPS 920\DPS920_final_project\IMG\right_2026_07_27_15_31_54_163.jpg,-0.05,1,0,30.18978
D:\DPS 920\DPS920_final_project\IMG\center_2026_07_27_15_31_54_233.jpg,D:\DPS 920\DPS920_final_project\IMG\left_2026_07_27_15_31_54_233.jpg,D:\DPS 920\DPS920_final_project\IMG\right_2026_07_27_15_31_54_233.jpg,-0.2,1,0,30.18309
D:\DPS 920\DPS920_final_project\IMG\center_2026_07_27_15_31_54_307.jpg,D:\DPS 920\DPS920_final_project\IMG\left_2026_07_27_15_31_54_307.jpg,D:\DPS 920\DPS920_final_project\IMG\right_2026_07_27_15_31_54_307.jpg,0,1,0,30.1883
D:\DPS 920\DPS920_final_project\IMG\center_2026_07_27_15_31_54_380.jpg,D:\DPS 920\DPS920_final_project\IMG\left_2026_07_27_15_31_54_380.jpg,D:\DPS 920\DPS920_final_project\IMG\right_2026_07_27_15_31_54_380.jpg,-0.2,1,0,30.18326
D:\DPS 920\DPS920_final_project\IMG\center_2026_07_27_15_31_54_452.jpg,D:\DPS 920\DPS920_final_project\IMG\left_2026_07_27_15_31_54_452.jpg,D:\DPS 920\DPS920_final_project\IMG\right_2026_07_27_15_31_54_452.jpg,0,1,0,30.18957
D:\DPS 920\DPS920_final_project\IMG\center_2026_07_27_15_31_54_524.jpg,D:\DPS 920\DPS920_final_project\IMG\left_2026_07_27_15_31_54_524.jpg,D:\DPS 920\DPS920_final_project\IMG\right_2026_07_27_15_31_54_524.jpg,-0.15,1,0,30.18734
D:\DPS 920\DPS920_final_project\IMG\center_2026_07_27_15_31_54_597.jpg,D:\DPS 920\DPS920_final_project\IMG\left_2026_07_27_15_31_54_597.jpg,D:\DPS 920\DPS920_final_project\IMG\right_2026_07_27_15_31_54_597.jpg,-0.3,1,0,30.17336
D:\DPS 920\DPS920_final_project\IMG\center_2026_07_27_15_31_54_668.jpg,D:\DPS 920\DPS920_final_project\IMG\left_2026_07_27_15_31_54_668.jpg,D:\DPS 920\DPS920_final_project\IMG\right_2026_07_27_15_31_54_668.jpg,-0.05,1,0,30.19015
D:\DPS 920\DPS920_final_project\IMG\center_2026_07_27_15_31_54_743.jpg,D:\DPS 920\DPS920_final_project\IMG\left_2026_07_27_15_31_54_743.jpg,D:\DPS 920\DPS920_final_project\IMG\right_2026_07_27_15_31_54_743.jpg,-0.25,1,0,30.17864
D:\DPS 920\DPS920_final_project\IMG\center_2026_07_27_15_31_54_815.jpg,D:\DPS 920\DPS920_final_project\IMG\left_2026_07_27_15_31_54_815.jpg,D:\DPS 920\DPS920_final_project\IMG\right_2026_07_27_15_31_54_815.jpg,0,1,0,30.18877
D:\DPS 920\DPS920_final_project\IMG\center_2026_07_27_15_31_54_883.jpg,D:\DPS 920\DPS920_final_project\IMG\left_2026_07_27_15_31_54_883.jpg,D:\DPS 920\DPS920_final_project\IMG\right_2026_07_27_15_31_54_883.jpg,-0.2,1,0,30.18529
D:\DPS 920\DPS920_final_project\IMG\center_2026_07_27_15_31_54_955.jpg,D:\DPS 920\DPS920_final_project\IMG\left_2026_07_27_15_31_54_955.jpg,D:\DPS 920\DPS920_final_project\IMG\right_2026_07_27_15_31_54_955.jpg,0,1,0,30.18739
D:\DPS 920\DPS920_final_project\IMG\center_2026_07_27_15_31_55_024.jpg,D:\DPS 920\DPS920_final_project\IMG\left_2026_07_27_15_31_55_024.jpg,D:\DPS 920\DPS920_final_project\IMG\right_2026_07_27_15_31_55_024.jpg,-0.1,1,0,30.19006
D:\DPS 920\DPS920_final_project\IMG\center_2026_07_27_15_31_55_094.jpg,D:\DPS 920\DPS920_final_project\IMG\left_2026_07_27_15_31_55_094.jpg,D:\DPS 920\DPS920_final_project\IMG\right_2026_07_27_15_31_55_094.jpg,0,1,0,30.18848
D:\DPS 920\DPS920_final_project\IMG\center_2026_07_27_15_31_55_162.jpg,D:\DPS 920\DPS920_final_project\IMG\left_2026_07_27_15_31_55_162.jpg,D:\DPS 920\DPS920_final_project\IMG\right_2026_07_27_15_31_55_162.jpg,-0.05,1,0,30.19018
D:\DPS 920\DPS920_final_project\IMG\center_2026_07_27_15_31_55_231.jpg,D:\DPS 920\DPS920_final_project\IMG\left_2026_07_27_15_31_55_231.jpg,D:\DPS 920\DPS920_final_project\IMG\right_2026_07_27_15_31_55_231.jpg,-0.2,1,0,30.18309
D:\DPS 920\DPS920_final_project\IMG\center_2026_07_27_15_31_55_301.jpg,D:\DPS 920\DPS920_final_project\IMG\left_2026_07_27_15_31_55_301.jpg,D:\DPS 920\DPS920_final_project\IMG\right_2026_07_27_15_31_55_301.jpg,0,1,0,30.18977
D:\DPS 920\DPS920_final_project\IMG\center_2026_07_27_15_31_55_370.jpg,D:\DPS 920\DPS920_final_project\IMG\left_2026_07_27_15_31_55_370.jpg,D:\DPS 920\DPS920_final_project\IMG\right_2026_07_27_15_31_55_370.jpg,-0.05,1,0,30.19022
D:\DPS 920\DPS920_final_project\IMG\center_2026_07_27_15_31_55_440.jpg,D:\DPS 920\DPS920_final_project\IMG\left_2026_07_27_15_31_55_440.jpg,D:\DPS 920\DPS920_final_project\IMG\right_2026_07_27_15_31_55_440.jpg,-0.25,1,0,30.17815
D:\DPS 920\DPS920_final_project\IMG\center_2026_07_27_15_31_55_509.jpg,D:\DPS 920\DPS920_final_project\IMG\left_2026_07_27_15_31_55_509.jpg,D:\DPS 920\DPS920_final_project\IMG\right_2026_07_27_15_31_55_509.jpg,0,1,0,30.1891
D:\DPS 920\DPS920_final_project\IMG\center_2026_07_27_15_31_55_581.jpg,D:\DPS 920\DPS920_final_project\IMG\left_2026_07_27_15_31_55_581.jpg,D:\DPS 920\DPS920_final_project\IMG\right_2026_07_27_15_31_55_581.jpg,-0.1,1,0,30.18949
D:\DPS 920\DPS920_final_project\IMG\center_2026_07_27_15_31_55_650.jpg,D:\DPS 920\DPS920_final_project\IMG\left_2026_07_27_15_31_55_650.jpg,D:\DPS 920\DPS920_final_project\IMG\right_2026_07_27_15_31_55_650.jpg,-0.25,1,0,30.17728
D:\DPS 920\DPS920_final_project\IMG\center_2026_07_27_15_31_55_722.jpg,D:\DPS 920\DPS920_final_project\IMG\left_2026_07_27_15_31_55_722.jpg,D:\DPS 920\DPS920_final_project\IMG\right_2026_07_27_15_31_55_722.jpg,0,1,0,30.18973
D:\DPS 920\DPS920_final_project\IMG\center_2026_07_27_15_31_55_792.jpg,D:\DPS 920\DPS920_final_project\IMG\left_2026_07_27_15_31_55_792.jpg,D:\DPS 920\DPS920_final_project\IMG\right_2026_07_27_15_31_55_792.jpg,-0.15,1,0,30.18683
D:\DPS 920\DPS920_final_project\IMG\center_2026_07_27_15_31_55_863.jpg,D:\DPS 920\DPS920_final_project\IMG\left_2026_07_27_15_31_55_863.jpg,D:\DPS 920\DPS920_final_project\IMG\right_2026_07_27_15_31_55_863.jpg,0,1,0,30.18546
D:\DPS 920\DPS920_final_project\IMG\center_2026_07_27_15_31_55_933.jpg,D:\DPS 920\DPS920_final_project\IMG\left_2026_07_27_15_31_55_933.jpg,D:\DPS 920\DPS920_final_project\IMG\right_2026_07_27_15_31_55_933.jpg,-0.05,1,0,30.19028
D:\DPS 920\DPS920_final_project\IMG\center_2026_07_27_15_31_56_006.jpg,D:\DPS 920\DPS920_final_project\IMG\left_2026_07_27_15_31_56_006.jpg,D:\DPS 920\DPS920_final_project\IMG\right_2026_07_27_15_31_56_006.jpg,-0.25,1,0,30.17975
D:\DPS 920\DPS920_final_project\IMG\center_2026_07_27_15_31_56_073.jpg,D:\DPS 920\DPS920_final_project\IMG\left_2026_07_27_15_31_56_073.jpg,D:\DPS 920\DPS920_final_project\IMG\right_2026_07_27_15_31_56_073.jpg,0,1,0,30.18939
D:\DPS 920\DPS920_final_project\IMG\center_2026_07_27_15_31_56_143.jpg,D:\DPS 920\DPS920_final_project\IMG\left_2026_07_27_15_31_56_143.jpg,D:\DPS 920\DPS920_final_project\IMG\right_2026_07_27_15_31_56_143.jpg,-0.1,1,0,30.18965
D:\DPS 920\DPS920_final_project\IMG\center_2026_07_27_15_31_56_211.jpg,D:\DPS 920\DPS920_final_project\IMG\left_2026_07_27_15_31_56_211.jpg,D:\DPS 920\DPS920_final_project\IMG\right_2026_07_27_15_31_56_211.jpg,-0.25,1,0,30.17914
D:\DPS 920\DPS920_final_project\IMG\center_2026_07_27_15_31_56_282.jpg,D:\DPS 920\DPS920_final_project\IMG\left_2026_07_27_15_31_56_282.jpg,D:\DPS 920\DPS920_final_project\IMG\right_2026_07_27_15_31_56_282.jpg,0,1,0,30.18902
D:\DPS 920\DPS920_final_project\IMG\center_2026_07_27_15_31_56_353.jpg,D:\DPS 920\DPS920_final_project\IMG\left_2026_07_27_15_31_56_353.jpg,D:\DPS 920\DPS920_final_project\IMG\right_2026_07_27_15_31_56_353.jpg,-0.15,1,0,30.18777
D:\DPS 920\DPS920_final_project\IMG\center_2026_07_27_15_31_56_424.jpg,D:\DPS 920\DPS920_final_project\IMG\left_2026_07_27_15_31_56_424.jpg,D:\DPS 920\DPS920_final_project\IMG\right_2026_07_27_15_31_56_424.jpg,0,1,0,30.18948
D:\DPS 920\DPS920_final_project\IMG\center_2026_07_27_15_31_56_491.jpg,D:\DPS 920\DPS920_final_project\IMG\left_2026_07_27_15_31_56_491.jpg,D:\DPS 920\DPS920_final_project\IMG\right_2026_07_27_15_31_56_491.jpg,-0.1,1,0,30.19026
D:\DPS 920\DPS920_final_project\IMG\center_2026_07_27_15_31_56_561.jpg,D:\DPS 920\DPS920_final_project\IMG\left_2026_07_27_15_31_56_561.jpg,D:\DPS 920\DPS920_final_project\IMG\right_2026_07_27_15_31_56_561.jpg,-0.3,1,0,30.17399
D:\DPS 920\DPS920_final_project\IMG\center_2026_07_27_15_31_56_631.jpg,D:\DPS 920\DPS920_final_project\IMG\left_2026_07_27_15_31_56_631.jpg,D:\DPS 920\DPS920_final_project\IMG\right_2026_07_27_15_31_56_631.jpg,0,1,0,30.18906
D:\DPS 920\DPS920_final_project\IMG\center_2026_07_27_15_31_56_701.jpg,D:\DPS 920\DPS920_final_project\IMG\left_2026_07_27_15_31_56_701.jpg,D:\DPS 920\DPS920_final_project\IMG\right_2026_07_27_15_31_56_701.jpg,0,1,0,30.18986
D:\DPS 920\DPS920_final_project\IMG\center_2026_07_27_15_31_56_772.jpg,D:\DPS 920\DPS920_final_project\IMG\left_2026_07_27_15_31_56_772.jpg,D:\DPS 920\DPS920_final_project\IMG\right_2026_07_27_15_31_56_772.jpg,-0.15,1,0,30.18715
D:\DPS 920\DPS920_final_project\IMG\center_2026_07_27_15_31_56_842.jpg,D:\DPS 920\DPS920_final_project\IMG\left_2026_07_27_15_31_56_842.jpg,D:\DPS 920\DPS920_final_project\IMG\right_2026_07_27_15_31_56_842.jpg,0,1,0,30.19033
D:\DPS 920\DPS920_final_project\IMG\center_2026_07_27_15_31_56_911.jpg,D:\DPS 920\DPS920_final_project\IMG\left_2026_07_27_15_31_56_911.jpg,D:\DPS 920\DPS920_final_project\IMG\right_2026_07_27_15_31_56_911.jpg,0,1,0,30.1898
D:\DPS 920\DPS920_final_project\IMG\center_2026_07_27_15_31_56_982.jpg,D:\DPS 920\DPS920_final_project\IMG\left_2026_07_27_15_31_56_982.jpg,D:\DPS 920\DPS920_final_project\IMG\right_2026_07_27_15_31_56_982.jpg,0,1,0,30.1902
D:\DPS 920\DPS920_final_project\IMG\center_2026_07_27_15_31_57_056.jpg,D:\DPS 920\DPS920_final_project\IMG\left_2026_07_27_15_31_57_056.jpg,D:\DPS 920\DPS920_final_project\IMG\right_2026_07_27_15_31_57_056.jpg,0,1,0,30.19043
D:\DPS 920\DPS920_final_project\IMG\center_2026_07_27_15_31_57_128.jpg,D:\DPS 920\DPS920_final_project\IMG\left_2026_07_27_15_31_57_128.jpg,D:\DPS 920\DPS920_final_project\IMG\right_2026_07_27_15_31_57_128.jpg,0,1,0,30.1904
D:\DPS 920\DPS920_final_project\IMG\center_2026_07_27_15_31_57_202.jpg,D:\DPS 920\DPS920_final_project\IMG\left_2026_07_27_15_31_57_202.jpg,D:\DPS 920\DPS920_final_project\IMG\right_2026_07_27_15_31_57_202.jpg,0,1,0,30.19032
D:\DPS 920\DPS920_final_project\IMG\center_2026_07_27_15_31_57_273.jpg,D:\DPS 920\DPS920_final_project\IMG\left_2026_07_27_15_31_57_273.jpg,D:\DPS 920\DPS920_final_project\IMG\right_2026_07_27_15_31_57_273.jpg,0,1,0,30.1903
D:\DPS 920\DPS920_final_project\IMG\center_2026_07_27_15_31_57_346.jpg,D:\DPS 920\DPS920_final_project\IMG\left_2026_07_27_15_31_57_346.jpg,D:\DPS 920\DPS920_final_project\IMG\right_2026_07_27_15_31_57_346.jpg,0,1,0,30.19032
D:\DPS 920\DPS920_final_project\IMG\center_2026_07_27_15_31_57_417.jpg,D:\DPS 920\DPS920_final_project\IMG\left_2026_07_27_15_31_57_417.jpg,D:\DPS 920\DPS920_final_project\IMG\right_2026_07_27_15_31_57_417.jpg,0,1,0,30.19028
D:\DPS 920\DPS920_final_project\IMG\center_2026_07_27_15_31_57_490.jpg,D:\DPS 920\DPS920_final_project\IMG\left_2026_07_27_15_31_57_490.jpg,D:\DPS 920\DPS920_final_project\IMG\right_2026_07_27_15_31_57_490.jpg,0,1,0,30.19032
D:\DPS 920\DPS920_final_project\IMG\center_2026_07_27_15_31_57_564.jpg,D:\DPS 920\DPS920_final_project\IMG\left_2026_07_27_15_31_57_564.jpg,D:\DPS 920\DPS920_final_project\IMG\right_2026_07_27_15_31_57_564.jpg,0,1,0,30.1903
D:\DPS 920\DPS920_final_project\IMG\center_2026_07_27_15_31_57_632.jpg,D:\DPS 920\DPS920_final_project\IMG\left_2026_07_27_15_31_57_632.jpg,D:\DPS 920\DPS920_final_project\IMG\right_2026_07_27_15_31_57_632.jpg,0,1,0,30.18984
D:\DPS 920\DPS920_final_project\IMG\center_2026_07_27_15_31_57_709.jpg,D:\DPS 920\DPS920_final_project\IMG\left_2026_07_27_15_31_57_709.jpg,D:\DPS 920\DPS920_final_project\IMG\right_2026_07_27_15_31_57_709.jpg,0,1,0,30.19029
D:\DPS 920\DPS920_final_project\IMG\center_2026_07_27_15_31_57_785.jpg,D:\DPS 920\DPS920_final_project\IMG\left_2026_07_27_15_31_57_785.jpg,D:\DPS 920\DPS920_final_project\IMG\right_2026_07_27_15_31_57_785.jpg,0,1,0,30.1903
D:\DPS 920\DPS920_final_project\IMG\center_2026_07_27_15_31_57_860.jpg,D:\DPS 920\DPS920_final_project\IMG\left_2026_07_27_15_31_57_860.jpg,D:\DPS 920\DPS920_final_project\IMG\right_2026_07_27_15_31_57_860.jpg,0,1,0,30.19038
D:\DPS 920\DPS920_final_project\IMG\center_2026_07_27_15_31_57_927.jpg,D:\DPS 920\DPS920_final_project\IMG\left_2026_07_27_15_31_57_927.jpg,D:\DPS 920\DPS920_final_project\IMG\right_2026_07_27_15_31_57_927.jpg,0,1,0,30.19026
D:\DPS 920\DPS920_final_project\IMG\center_2026_07_27_15_31_57_995.jpg,D:\DPS 920\DPS920_final_project\IMG\left_2026_07_27_15_31_57_995.jpg,D:\DPS 920\DPS920_final_project\IMG\right_2026_07_27_15_31_57_995.jpg,0,1,0,30.19031
D:\DPS 920\DPS920_final_project\IMG\center_2026_07_27_15_31_58_071.jpg,D:\DPS 920\DPS920_final_project\IMG\left_2026_07_27_15_31_58_071.jpg,D:\DPS 920\DPS920_final_project\IMG\right_2026_07_27_15_31_58_071.jpg,-0.2,1,0,30.17982
D:\DPS 920\DPS920_final_project\IMG\center_2026_07_27_15_31_58_147.jpg,D:\DPS 920\DPS920_final_project\IMG\left_2026_07_27_15_31_58_147.jpg,D:\DPS 920\DPS920_final_project\IMG\right_2026_07_27_15_31_58_147.jpg,0,1,0,30.19027
D:\DPS 920\DPS920_final_project\IMG\center_2026_07_27_15_31_58_223.jpg,D:\DPS 920\DPS920_final_project\IMG\left_2026_07_27_15_31_58_223.jpg,D:\DPS 920\DPS920_final_project\IMG\right_2026_07_27_15_31_58_223.jpg,0,1,0,30.19028
D:\DPS 920\DPS920_final_project\IMG\center_2026_07_27_15_31_58_297.jpg,D:\DPS 920\DPS920_final_project\IMG\left_2026_07_27_15_31_58_297.jpg,D:\DPS 920\DPS920_final_project\IMG\right_2026_07_27_15_31_58_297.jpg,0,1,0,30.19026
D:\DPS 920\DPS920_final_project\IMG\center_2026_07_27_15_31_58_371.jpg,D:\DPS 920\DPS920_final_project\IMG\left_2026_07_27_15_31_58_371.jpg,D:\DPS 920\DPS920_final_project\IMG\right_2026_07_27_15_31_58_371.jpg,0,1,0,30.19026
D:\DPS 920\DPS920_final_project\IMG\center_2026_07_27_15_31_58_442.jpg,D:\DPS 920\DPS920_final_project\IMG\left_2026_07_27_15_31_58_442.jpg,D:\DPS 920\DPS920_final_project\IMG\right_2026_07_27_15_31_58_442.jpg,0,1,0,30.19025
D:\DPS 920\DPS920_final_project\IMG\center_2026_07_27_15_31_58_510.jpg,D:\DPS 920\DPS920_final_project\IMG\left_2026_07_27_15_31_58_510.jpg,D:\DPS 920\DPS920_final_project\IMG\right_2026_07_27_15_31_58_510.jpg,0,1,0,30.19031
D:\DPS 920\DPS920_final_project\IMG\center_2026_07_27_15_31_58_579.jpg,D:\DPS 920\DPS920_final_project\IMG\left_2026_07_27_15_31_58_579.jpg,D:\DPS 920\DPS920_final_project\IMG\right_2026_07_27_15_31_58_579.jpg,0,1,0,30.1904
D:\DPS 920\DPS920_final_project\IMG\center_2026_07_27_15_31_58_646.jpg,D:\DPS 920\DPS920_final_project\IMG\left_2026_07_27_15_31_58_646.jpg,D:\DPS 920\DPS920_final_project\IMG\right_2026_07_27_15_31_58_646.jpg,0,1,0,30.19032
D:\DPS 920\DPS920_final_project\IMG\center_2026_07_27_15_31_58_715.jpg,D:\DPS 920\DPS920_final_project\IMG\left_2026_07_27_15_31_58_715.jpg,D:\DPS 920\DPS920_final_project\IMG\right_2026_07_27_15_31_58_715.jpg,-0.15,1,0,30.18425
D:\DPS 920\DPS920_final_project\IMG\center_2026_07_27_15_31_58_781.jpg,D:\DPS 920\DPS920_final_project\IMG\left_2026_07_27_15_31_58_781.jpg,D:\DPS 920\DPS920_final_project\IMG\right_2026_07_27_15_31_58_781.jpg,0,1,0,30.19103
D:\DPS 920\DPS920_final_project\IMG\center_2026_07_27_15_31_58_855.jpg,D:\DPS 920\DPS920_final_project\IMG\left_2026_07_27_15_31_58_855.jpg,D:\DPS 920\DPS920_final_project\IMG\right_2026_07_27_15_31_58_855.jpg,-0.05,1,0,30.18997
D:\DPS 920\DPS920_final_project\IMG\center_2026_07_27_15_31_58_929.jpg,D:\DPS 920\DPS920_final_project\IMG\left_2026_07_27_15_31_58_929.jpg,D:\DPS 920\DPS920_final_project\IMG\right_2026_07_27_15_31_58_929.jpg,-0.25,1,0,30.17731
D:\DPS 920\DPS920_final_project\IMG\center_2026_07_27_15_31_58_997.jpg,D:\DPS 920\DPS920_final_project\IMG\left_2026_07_27_15_31_58_997.jpg,D:\DPS 920\DPS920_final_project\IMG\right_2026_07_27_15_31_58_997.jpg,0,1,0,30.1893
D:\DPS 920\DPS920_final_project\IMG\center_2026_07_27_15_31_59_065.jpg,D:\DPS 920\DPS920_final_project\IMG\left_2026_07_27_15_31_59_065.jpg,D:\DPS 920\DPS920_final_project\IMG\right_2026_07_27_15_31_59_065.jpg,-0.1,1,0,30.18926
D:\DPS 920\DPS920_final_project\IMG\center_2026_07_27_15_31_59_136.jpg,D:\DPS 920\DPS920_final_project\IMG\left_2026_07_27_15_31_59_136.jpg,D:\DPS 920\DPS920_final_project\IMG\right_2026_07_27_15_31_59_136.jpg,0,1,0,30.19027
D:\DPS 920\DPS920_final_project\IMG\center_2026_07_27_15_31_59_211.jpg,D:\DPS 920\DPS920_final_project\IMG\left_2026_07_27_15_31_59_211.jpg,D:\DPS 920\DPS920_final_project\IMG\right_2026_07_27_15_31_59_211.jpg,0,1,0,30.19007
D:\DPS 920\DPS920_final_project\IMG\center_2026_07_27_15_31_59_280.jpg,D:\DPS 920\DPS920_final_project\IMG\left_2026_07_27_15_31_59_280.jpg,D:\DPS 920\DPS920_final_project\IMG\right_2026_07_27_15_31_59_280.jpg,0,1,0,30.1903
D:\DPS 920\DPS920_final_project\IMG\center_2026_07_27_15_31_59_347.jpg,D:\DPS 920\DPS920_final_project\IMG\left_2026_07_27_15_31_59_347.jpg,D:\DPS 920\DPS920_final_project\IMG\right_2026_07_27_15_31_59_347.jpg,0,1,0,30.19031
D:\DPS 920\DPS920_final_project\IMG\center_2026_07_27_15_31_59_420.jpg,D:\DPS 920\DPS920_final_project\IMG\left_2026_07_27_15_31_59_420.jpg,D:\DPS 920\DPS920_final_project\IMG\right_2026_07_27_15_31_59_420.jpg,-0.05,1,0,30.18966
D:\DPS 920\DPS920_final_project\IMG\center_2026_07_27_15_31_59_494.jpg,D:\DPS 920\DPS920_final_project\IMG\left_2026_07_27_15_31_59_494.jpg,D:\DPS 920\DPS920_final_project\IMG\right_2026_07_27_15_31_59_494.jpg,0,1,0,30.18846
D:\DPS 920\DPS920_final_project\IMG\center_2026_07_27_15_31_59_568.jpg,D:\DPS 920\DPS920_final_project\IMG\left_2026_07_27_15_31_59_568.jpg,D:\DPS 920\DPS920_final_project\IMG\right_2026_07_27_15_31_59_568.jpg,0,1,0,30.19022
D:\DPS 920\DPS920_final_project\IMG\center_2026_07_27_15_31_59_640.jpg,D:\DPS 920\DPS920_final_project\IMG\left_2026_07_27_15_31_59_640.jpg,D:\DPS 920\DPS920_final_project\IMG\right_2026_07_27_15_31_59_640.jpg,-0.1,1,0,30.18814
D:\DPS 920\DPS920_final_project\IMG\center_2026_07_27_15_31_59_712.jpg,D:\DPS 920\DPS920_final_project\IMG\left_2026_07_27_15_31_59_712.jpg,D:\DPS 920\DPS920_final_project\IMG\right_2026_07_27_15_31_59_712.jpg,0,1,0,30.18748
D:\DPS 920\DPS920_final_project\IMG\center_2026_07_27_15_31_59_787.jpg,D:\DPS 920\DPS920_final_project\IMG\left_2026_07_27_15_31_59_787.jpg,D:\DPS 920\DPS920_final_project\IMG\right_2026_07_27_15_31_59_787.jpg,0,1,0,30.19016
D:\DPS 920\DPS920_final_project\IMG\center_2026_07_27_15_31_59_855.jpg,D:\DPS 920\DPS920_final_project\IMG\left_2026_07_27_15_31_59_855.jpg,D:\DPS 920\DPS920_final_project\IMG\right_2026_07_27_15_31_59_855.jpg,0,1,0,30.19028
D:\DPS 920\DPS920_final_project\IMG\center_2026_07_27_15_31_59_929.jpg,D:\DPS 920\DPS920_final_project\IMG\left_2026_07_27_15_31_59_929.jpg,D:\DPS 920\DPS920_final_project\IMG\right_2026_07_27_15_31_59_929.jpg,0,1,0,30.1903
D:\DPS 920\DPS920_final_project\IMG\center_2026_07_27_15_31_59_999.jpg,D:\DPS 920\DPS920_final_project\IMG\left_2026_07_27_15_31_59_999.jpg,D:\DPS 920\DPS920_final_project\IMG\right_2026_07_27_15_31_59_999.jpg,-0.05,1,0,30.18988
D:\DPS 920\DPS920_final_project\IMG\center_2026_07_27_15_32_00_073.jpg,D:\DPS 920\DPS920_final_project\IMG\left_2026_07_27_15_32_00_073.jpg,D:\DPS 920\DPS920_final_project\IMG\right_2026_07_27_15_32_00_073.jpg,0,1,0,30.18846
D:\DPS 920\DPS920_final_project\IMG\center_2026_07_27_15_32_00_144.jpg,D:\DPS 920\DPS920_final_project\IMG\left_2026_07_27_15_32_00_144.jpg,D:\DPS 920\DPS920_final_project\IMG\right_2026_07_27_15_32_00_144.jpg,0,1,0,30.19025
D:\DPS 920\DPS920_final_project\IMG\center_2026_07_27_15_32_00_213.jpg,D:\DPS 920\DPS920_final_project\IMG\left_2026_07_27_15_32_00_213.jpg,D:\DPS 920\DPS920_final_project\IMG\right_2026_07_27_15_32_00_213.jpg,-0.05,1,0,30.18987
D:\DPS 920\DPS920_final_project\IMG\center_2026_07_27_15_32_00_284.jpg,D:\DPS 920\DPS920_final_project\IMG\left_2026_07_27_15_32_00_284.jpg,D:\DPS 920\DPS920_final_project\IMG\right_2026_07_27_15_32_00_284.jpg,0,1,0,30.19028
D:\DPS 920\DPS920_final_project\IMG\center_2026_07_27_15_32_00_351.jpg,D:\DPS 920\DPS920_final_project\IMG\left_2026_07_27_15_32_00_351.jpg,D:\DPS 920\DPS920_final_project\IMG\right_2026_07_27_15_32_00_351.jpg,0,1,0,30.19032
D:\DPS 920\DPS920_final_project\IMG\center_2026_07_27_15_32_00_420.jpg,D:\DPS 920\DPS920_final_project\IMG\left_2026_07_27_15_32_00_420.jpg,D:\DPS 920\DPS920_final_project\IMG\right_2026_07_27_15_32_00_420.jpg,0,1,0,30.19031
D:\DPS 920\DPS920_final_project\IMG\center_2026_07_27_15_32_00_489.jpg,D:\DPS 920\DPS920_final_project\IMG\left_2026_07_27_15_32_00_489.jpg,D:\DPS 920\DPS920_final_project\IMG\right_2026_07_27_15_32_00_489.jpg,-0.1,1,0,30.18774
D:\DPS 920\DPS920_final_project\IMG\center_2026_07_27_15_32_00_560.jpg,D:\DPS 920\DPS920_final_project\IMG\left_2026_07_27_15_32_00_560.jpg,D:\DPS 920\DPS920_final_project\IMG\right_2026_07_27_15_32_00_560.jpg,0,1,0,30.19104
D:\DPS 920\DPS920_final_project\IMG\center_2026_07_27_15_32_00_630.jpg,D:\DPS 920\DPS920_final_project\IMG\left_2026_07_27_15_32_00_630.jpg,D:\DPS 920\DPS920_final_project\IMG\right_2026_07_27_15_32_00_630.jpg,0,1,0,30.19017
D:\DPS 920\DPS920_final_project\IMG\center_2026_07_27_15_32_00_699.jpg,D:\DPS 920\DPS920_final_project\IMG\left_2026_07_27_15_32_00_699.jpg,D:\DPS 920\DPS920_final_project\IMG\right_2026_07_27_15_32_00_699.jpg,-0.15,1,0,30.18537
D:\DPS 920\DPS920_final_project\IMG\center_2026_07_27_15_32_00_767.jpg,D:\DPS 920\DPS920_final_project\IMG\left_2026_07_27_15_32_00_767.jpg,D:\DPS 920\DPS920_final_project\IMG\right_2026_07_27_15_32_00_767.jpg,0,1,0,30.18995
D:\DPS 920\DPS920_final_project\IMG\center_2026_07_27_15_32_00_842.jpg,D:\DPS 920\DPS920_final_project\IMG\left_2026_07_27_15_32_00_842.jpg,D:\DPS 920\DPS920_final_project\IMG\right_2026_07_27_15_32_00_842.jpg,0,1,0,30.19026
D:\DPS 920\DPS920_final_project\IMG\center_2026_07_27_15_32_00_916.jpg,D:\DPS 920\DPS920_final_project\IMG\left_2026_07_27_15_32_00_916.jpg,D:\DPS 920\DPS920_final_project\IMG\right_2026_07_27_15_32_00_916.jpg,-0.15,1,0,30.18512
D:\DPS 920\DPS920_final_project\IMG\center_2026_07_27_15_32_00_984.jpg,D:\DPS 920\DPS920_final_project\IMG\left_2026_07_27_15_32_00_984.jpg,D:\DPS 920\DPS920_final_project\IMG\right_2026_07_27_15_32_00_984.jpg,0,1,0,30.18972
D:\DPS 920\DPS920_final_project\IMG\center_2026_07_27_15_32_01_055.jpg,D:\DPS 920\DPS920_final_project\IMG\left_2026_07_27_15_32_01_055.jpg,D:\DPS 920\DPS920_final_project\IMG\right_2026_07_27_15_32_01_055.jpg,-0.05,1,0,30.19006
D:\DPS 920\DPS920_final_project\IMG\center_2026_07_27_15_32_01_123.jpg,D:\DPS 920\DPS920_final_project\IMG\left_2026_07_27_15_32_01_123.jpg,D:\DPS 920\DPS920_final_project\IMG\right_2026_07_27_15_32_01_123.jpg,0,1,0,30.18778
D:\DPS 920\DPS920_final_project\IMG\center_2026_07_27_15_32_01_194.jpg,D:\DPS 920\DPS920_final_project\IMG\left_2026_07_27_15_32_01_194.jpg,D:\DPS 920\DPS920_final_project\IMG\right_2026_07_27_15_32_01_194.jpg,0,1,0,30.19018
D:\DPS 920\DPS920_final_project\IMG\center_2026_07_27_15_32_01_263.jpg,D:\DPS 920\DPS920_final_project\IMG\left_2026_07_27_15_32_01_263.jpg,D:\DPS 920\DPS920_final_project\IMG\right_2026_07_27_15_32_01_263.jpg,0,1,0,30.19027
D:\DPS 920\DPS920_final_project\IMG\center_2026_07_27_15_32_01_331.jpg,D:\DPS 920\DPS920_final_project\IMG\left_2026_07_27_15_32_01_331.jpg,D:\DPS 920\DPS920_final_project\IMG\right_2026_07_27_15_32_01_331.jpg,0,1,0,30.19029
D:\DPS 920\DPS920_final_project\IMG\center_2026_07_27_15_32_01_405.jpg,D:\DPS 920\DPS920_final_project\IMG\left_2026_07_27_15_32_01_405.jpg,D:\DPS 920\DPS920_final_project\IMG\right_2026_07_27_15_32_01_405.jpg,0,1,0,30.19032
D:\DPS 920\DPS920_final_project\IMG\center_2026_07_27_15_32_01_480.jpg,D:\DPS 920\DPS920_final_project\IMG\left_2026_07_27_15_32_01_480.jpg,D:\DPS 920\DPS920_final_project\IMG\right_2026_07_27_15_32_01_480.jpg,0,1,0,30.19031
D:\DPS 920\DPS920_final_project\IMG\center_2026_07_27_15_32_01_551.jpg,D:\DPS 920\DPS920_final_project\IMG\left_2026_07_27_15_32_01_551.jpg,D:\DPS 920\DPS920_final_project\IMG\right_2026_07_27_15_32_01_551.jpg,0,1,0,30.19029
D:\DPS 920\DPS920_final_project\IMG\center_2026_07_27_15_32_01_624.jpg,D:\DPS 920\DPS920_final_project\IMG\left_2026_07_27_15_32_01_624.jpg,D:\DPS 920\DPS920_final_project\IMG\right_2026_07_27_15_32_01_624.jpg,0,1,0,30.19032
D:\DPS 920\DPS920_final_project\IMG\center_2026_07_27_15_32_01_699.jpg,D:\DPS 920\DPS920_final_project\IMG\left_2026_07_27_15_32_01_699.jpg,D:\DPS 920\DPS920_final_project\IMG\right_2026_07_27_15_32_01_699.jpg,0,1,0,30.19032
D:\DPS 920\DPS920_final_project\IMG\center_2026_07_27_15_32_01_768.jpg,D:\DPS 920\DPS920_final_project\IMG\left_2026_07_27_15_32_01_768.jpg,D:\DPS 920\DPS920_final_project\IMG\right_2026_07_27_15_32_01_768.jpg,0,1,0,30.19019
D:\DPS 920\DPS920_final_project\IMG\center_2026_07_27_15_32_01_841.jpg,D:\DPS 920\DPS920_final_project\IMG\left_2026_07_27_15_32_01_841.jpg,D:\DPS 920\DPS920_final_project\IMG\right_2026_07_27_15_32_01_841.jpg,0,1,0,30.19031
D:\DPS 920\DPS920_final_project\IMG\center_2026_07_27_15_32_01_917.jpg,D:\DPS 920\DPS920_final_project\IMG\left_2026_07_27_15_32_01_917.jpg,D:\DPS 920\DPS920_final_project\IMG\right_2026_07_27_15_32_01_917.jpg,0,1,0,30.19032
D:\DPS 920\DPS920_final_project\IMG\center_2026_07_27_15_32_01_992.jpg,D:\DPS 920\DPS920_final_project\IMG\left_2026_07_27_15_32_01_992.jpg,D:\DPS 920\DPS920_final_project\IMG\right_2026_07_27_15_32_01_992.jpg,0,1,0,30.1903
D:\DPS 920\DPS920_final_project\IMG\center_2026_07_27_15_32_02_066.jpg,D:\DPS 920\DPS920_final_project\IMG\left_2026_07_27_15_32_02_066.jpg,D:\DPS 920\DPS920_final_project\IMG\right_2026_07_27_15_32_02_066.jpg,0,1,0,30.19031
D:\DPS 920\DPS920_final_project\IMG\center_2026_07_27_15_32_02_139.jpg,D:\DPS 920\DPS920_final_project\IMG\left_2026_07_27_15_32_02_139.jpg,D:\DPS 920\DPS920_final_project\IMG\right_2026_07_27_15_32_02_139.jpg,-0.1,1,0,30.18767
D:\DPS 920\DPS920_final_project\IMG\center_2026_07_27_15_32_02_211.jpg,D:\DPS 920\DPS920_final_project\IMG\left_2026_07_27_15_32_02_211.jpg,D:\DPS 920\DPS920_final_project\IMG\right_2026_07_27_15_32_02_211.jpg,-0.25,1,0,30.17476
D:\DPS 920\DPS920_final_project\IMG\center_2026_07_27_15_32_02_285.jpg,D:\DPS 920\DPS920_final_project\IMG\left_2026_07_27_15_32_02_285.jpg,D:\DPS 920\DPS920_final_project\IMG\right_2026_07_27_15_32_02_285.jpg,0,1,0,30.18883
D:\DPS 920\DPS920_final_project\IMG\center_2026_07_27_15_32_02_353.jpg,D:\DPS 920\DPS920_final_project\IMG\left_2026_07_27_15_32_02_353.jpg,D:\DPS 920\DPS920_final_project\IMG\right_2026_07_27_15_32_02_353.jpg,0,1,0,30.19003
D:\DPS 920\DPS920_final_project\IMG\center_2026_07_27_15_32_02_422.jpg,D:\DPS 920\DPS920_final_project\IMG\left_2026_07_27_15_32_02_422.jpg,D:\DPS 920\DPS920_final_project\IMG\right_2026_07_27_15_32_02_422.jpg,0,1,0,30.19025
D:\DPS 920\DPS920_final_project\IMG\center_2026_07_27_15_32_02_490.jpg,D:\DPS 920\DPS920_final_project\IMG\left_2026_07_27_15_32_02_490.jpg,D:\DPS 920\DPS920_final_project\IMG\right_2026_07_27_15_32_02_490.jpg,0,1,0,30.19026
D:\DPS 920\DPS920_final_project\IMG\center_2026_07_27_15_32_02_564.jpg,D:\DPS 920\DPS920_final_project\IMG\left_2026_07_27_15_32_02_564.jpg,D:\DPS 920\DPS920_final_project\IMG\right_2026_07_27_15_32_02_564.jpg,0,1,0,30.19029
D:\DPS 920\DPS920_final_project\IMG\center_2026_07_27_15_32_02_632.jpg,D:\DPS 920\DPS920_final_project\IMG\left_2026_07_27_15_32_02_632.jpg,D:\DPS 920\DPS920_final_project\IMG\right_2026_07_27_15_32_02_632.jpg,0,1,0,30.19038
D:\DPS 920\DPS920_final_project\IMG\center_2026_07_27_15_32_02_699.jpg,D:\DPS 920\DPS920_final_project\IMG\left_2026_07_27_15_32_02_699.jpg,D:\DPS 920\DPS920_final_project\IMG\right_2026_07_27_15_32_02_699.jpg,0,1,0,30.19032
D:\DPS 920\DPS920_final_project\IMG\center_2026_07_27_15_32_02_768.jpg,D:\DPS 920\DPS920_final_project\IMG\left_2026_07_27_15_32_02_768.jpg,D:\DPS 920\DPS920_final_project\IMG\right_2026_07_27_15_32_02_768.jpg,0,1,0,30.19031
D:\DPS 920\DPS920_final_project\IMG\center_2026_07_27_15_32_02_836.jpg,D:\DPS 920\DPS920_final_project\IMG\left_2026_07_27_15_32_02_836.jpg,D:\DPS 920\DPS920_final_project\IMG\right_2026_07_27_15_32_02_836.jpg,0,1,0,30.19031
D:\DPS 920\DPS920_final_project\IMG\center_2026_07_27_15_32_02_903.jpg,D:\DPS 920\DPS920_final_project\IMG\left_2026_07_27_15_32_02_903.jpg,D:\DPS 920\DPS920_final_project\IMG\right_2026_07_27_15_32_02_903.jpg,0,1,0,30.1903
D:\DPS 920\DPS920_final_project\IMG\center_2026_07_27_15_32_02_974.jpg,D:\DPS 920\DPS920_final_project\IMG\left_2026_07_27_15_32_02_974.jpg,D:\DPS 920\DPS920_final_project\IMG\right_2026_07_27_15_32_02_974.jpg,0,1,0,30.19031
D:\DPS 920\DPS920_final_project\IMG\center_2026_07_27_15_32_03_045.jpg,D:\DPS 920\DPS920_final_project\IMG\left_2026_07_27_15_32_03_045.jpg,D:\DPS 920\DPS920_final_project\IMG\right_2026_07_27_15_32_03_045.jpg,0,1,0,30.1903
D:\DPS 920\DPS920_final_project\IMG\center_2026_07_27_15_32_03_118.jpg,D:\DPS 920\DPS920_final_project\IMG\left_2026_07_27_15_32_03_118.jpg,D:\DPS 920\DPS920_final_project\IMG\right_2026_07_27_15_32_03_118.jpg,0,1,0,30.19029
D:\DPS 920\DPS920_final_project\IMG\center_2026_07_27_15_32_03_189.jpg,D:\DPS 920\DPS920_final_project\IMG\left_2026_07_27_15_32_03_189.jpg,D:\DPS 920\DPS920_final_project\IMG\right_2026_07_27_15_32_03_189.jpg,0,1,0,30.19031
D:\DPS 920\DPS920_final_project\IMG\center_2026_07_27_15_32_03_264.jpg,D:\DPS 920\DPS920_final_project\IMG\left_2026_07_27_15_32_03_264.jpg,D:\DPS 920\DPS920_final_project\IMG\right_2026_07_27_15_32_03_264.jpg,0,1,0,30.19029
D:\DPS 920\DPS920_final_project\IMG\center_2026_07_27_15_32_03_340.jpg,D:\DPS 920\DPS920_final_project\IMG\left_2026_07_27_15_32_03_340.jpg,D:\DPS 920\DPS920_final_project\IMG\right_2026_07_27_15_32_03_340.jpg,0,1,0,30.07635
D:\DPS 920\DPS920_final_project\IMG\center_2026_07_27_15_32_03_415.jpg,D:\DPS 920\DPS920_final_project\IMG\left_2026_07_27_15_32_03_415.jpg,D:\DPS 920\DPS920_final_project\IMG\right_2026_07_27_15_32_03_415.jpg,0,1,0,30.23518
D:\DPS 920\DPS920_final_project\IMG\center_2026_07_27_15_32_03_491.jpg,D:\DPS 920\DPS920_final_project\IMG\left_2026_07_27_15_32_03_491.jpg,D:\DPS 920\DPS920_final_project\IMG\right_2026_07_27_15_32_03_491.jpg,0,1,0,30.19843
D:\DPS 920\DPS920_final_project\IMG\center_2026_07_27_15_32_03_567.jpg,D:\DPS 920\DPS920_final_project\IMG\left_2026_07_27_15_32_03_567.jpg,D:\DPS 920\DPS920_final_project\IMG\right_2026_07_27_15_32_03_567.jpg,0,1,0,30.29645
D:\DPS 920\DPS920_final_project\IMG\center_2026_07_27_15_32_03_633.jpg,D:\DPS 920\DPS920_final_project\IMG\left_2026_07_27_15_32_03_633.jpg,D:\DPS 920\DPS920_final_project\IMG\right_2026_07_27_15_32_03_633.jpg,-0.05,1,0,30.19045
D:\DPS 920\DPS920_final_project\IMG\center_2026_07_27_15_32_03_708.jpg,D:\DPS 920\DPS920_final_project\IMG\left_2026_07_27_15_32_03_708.jpg,D:\DPS 920\DPS920_final_project\IMG\right_2026_07_27_15_32_03_708.jpg,0,1,0,30.18933
D:\DPS 920\DPS920_final_project\IMG\center_2026_07_27_15_32_03_783.jpg,D:\DPS 920\DPS920_final_project\IMG\left_2026_07_27_15_32_03_783.jpg,D:\DPS 920\DPS920_final_project\IMG\right_2026_07_27_15_32_03_783.jpg,0,1,0,30.18935
D:\DPS 920\DPS920_final_project\IMG\center_2026_07_27_15_32_03_852.jpg,D:\DPS 920\DPS920_final_project\IMG\left_2026_07_27_15_32_03_852.jpg,D:\DPS 920\DPS920_final_project\IMG\right_2026_07_27_15_32_03_852.jpg,0,1,0,30.1896
D:\DPS 920\DPS920_final_project\IMG\center_2026_07_27_15_32_03_922.jpg,D:\DPS 920\DPS920_final_project\IMG\left_2026_07_27_15_32_03_922.jpg,D:\DPS 920\DPS920_final_project\IMG\right_2026_07_27_15_32_03_922.jpg,0,1,0,30.18979
D:\DPS 920\DPS920_final_project\IMG\center_2026_07_27_15_32_03_994.jpg,D:\DPS 920\DPS920_final_project\IMG\left_2026_07_27_15_32_03_994.jpg,D:\DPS 920\DPS920_final_project\IMG\right_2026_07_27_15_32_03_994.jpg,0,1,0,30.18985
D:\DPS 920\DPS920_final_project\IMG\center_2026_07_27_15_32_04_065.jpg,D:\DPS 920\DPS920_final_project\IMG\left_2026_07_27_15_32_04_065.jpg,D:\DPS 920\DPS920_final_project\IMG\right_2026_07_27_15_32_04_065.jpg,0,1,0,30.18987
D:\DPS 920\DPS920_final_project\IMG\center_2026_07_27_15_32_04_138.jpg,D:\DPS 920\DPS920_final_project\IMG\left_2026_07_27_15_32_04_138.jpg,D:\DPS 920\DPS920_final_project\IMG\right_2026_07_27_15_32_04_138.jpg,0,1,0,30.18989
D:\DPS 920\DPS920_final_project\IMG\center_2026_07_27_15_32_04_212.jpg,D:\DPS 920\DPS920_final_project\IMG\left_2026_07_27_15_32_04_212.jpg,D:\DPS 920\DPS920_final_project\IMG\right_2026_07_27_15_32_04_212.jpg,0,1,0,30.18989
D:\DPS 920\DPS920_final_project\IMG\center_2026_07_27_15_32_04_289.jpg,D:\DPS 920\DPS920_final_project\IMG\left_2026_07_27_15_32_04_289.jpg,D:\DPS 920\DPS920_final_project\IMG\right_2026_07_27_15_32_04_289.jpg,0,1,0,30.18986
D:\DPS 920\DPS920_final_project\IMG\center_2026_07_27_15_32_04_359.jpg,D:\DPS 920\DPS920_final_project\IMG\left_2026_07_27_15_32_04_359.jpg,D:\DPS 920\DPS920_final_project\IMG\right_2026_07_27_15_32_04_359.jpg,0,1,0,30.18989
D:\DPS 920\DPS920_final_project\IMG\center_2026_07_27_15_32_04_427.jpg,D:\DPS 920\DPS920_final_project\IMG\left_2026_07_27_15_32_04_427.jpg,D:\DPS 920\DPS920_final_project\IMG\right_2026_07_27_15_32_04_427.jpg,0,1,0,30.18988
D:\DPS 920\DPS920_final_project\IMG\center_2026_07_27_15_32_04_504.jpg,D:\DPS 920\DPS920_final_project\IMG\left_2026_07_27_15_32_04_504.jpg,D:\DPS 920\DPS920_final_project\IMG\right_2026_07_27_15_32_04_504.jpg,0,1,0,30.18989
D:\DPS 920\DPS920_final_project\IMG\center_2026_07_27_15_32_04_573.jpg,D:\DPS 920\DPS920_final_project\IMG\left_2026_07_27_15_32_04_573.jpg,D:\DPS 920\DPS920_final_project\IMG\right_2026_07_27_15_32_04_573.jpg,0,1,0,30.1899
D:\DPS 920\DPS920_final_project\IMG\center_2026_07_27_15_32_04_642.jpg,D:\DPS 920\DPS920_final_project\IMG\left_2026_07_27_15_32_04_642.jpg,D:\DPS 920\DPS920_final_project\IMG\right_2026_07_27_15_32_04_642.jpg,0,1,0,30.18987
D:\DPS 920\DPS920_final_project\IMG\center_2026_07_27_15_32_04_712.jpg,D:\DPS 920\DPS920_final_project\IMG\left_2026_07_27_15_32_04_712.jpg,D:\DPS 920\DPS920_final_project\IMG\right_2026_07_27_15_32_04_712.jpg,0,1,0,30.18988
D:\DPS 920\DPS920_final_project\IMG\center_2026_07_27_15_32_04_790.jpg,D:\DPS 920\DPS920_final_project\IMG\left_2026_07_27_15_32_04_790.jpg,D:\DPS 920\DPS920_final_project\IMG\right_2026_07_27_15_32_04_790.jpg,0,1,0,30.1899
D:\DPS 920\DPS920_final_project\IMG\center_2026_07_27_15_32_04_862.jpg,D:\DPS 920\DPS920_final_project\IMG\left_2026_07_27_15_32_04_862.jpg,D:\DPS 920\DPS920_final_project\IMG\right_2026_07_27_15_32_04_862.jpg,0,1,0,30.18989
D:\DPS 920\DPS920_final_project\IMG\center_2026_07_27_15_32_04_934.jpg,D:\DPS 920\DPS920_final_project\IMG\left_2026_07_27_15_32_04_934.jpg,D:\DPS 920\DPS920_final_project\IMG\right_2026_07_27_15_32_04_934.jpg,0,1,0,30.18987
D:\DPS 920\DPS920_final_project\IMG\center_2026_07_27_15_32_05_008.jpg,D:\DPS 920\DPS920_final_project\IMG\left_2026_07_27_15_32_05_008.jpg,D:\DPS 920\DPS920_final_project\IMG\right_2026_07_27_15_32_05_008.jpg,0,1,0,30.18988
D:\DPS 920\DPS920_final_project\IMG\center_2026_07_27_15_32_05_081.jpg,D:\DPS 920\DPS920_final_project\IMG\left_2026_07_27_15_32_05_081.jpg,D:\DPS 920\DPS920_final_project\IMG\right_2026_07_27_15_32_05_081.jpg,0,1,0,30.18989
D:\DPS 920\DPS920_final_project\IMG\center_2026_07_27_15_32_05_153.jpg,D:\DPS 920\DPS920_final_project\IMG\left_2026_07_27_15_32_05_153.jpg,D:\DPS 920\DPS920_final_project\IMG\right_2026_07_27_15_32_05_153.jpg,-0.15,1,0,30.18393
D:\DPS 920\DPS920_final_project\IMG\center_2026_07_27_15_32_05_227.jpg,D:\DPS 920\DPS920_final_project\IMG\left_2026_07_27_15_32_05_227.jpg,D:\DPS 920\DPS920_final_project\IMG\right_2026_07_27_15_32_05_227.jpg,0,1,0,30.1899
D:\DPS 920\DPS920_final_project\IMG\center_2026_07_27_15_32_05_300.jpg,D:\DPS 920\DPS920_final_project\IMG\left_2026_07_27_15_32_05_300.jpg,D:\DPS 920\DPS920_final_project\IMG\right_2026_07_27_15_32_05_300.jpg,0,1,0,30.1899
D:\DPS 920\DPS920_final_project\IMG\center_2026_07_27_15_32_05_369.jpg,D:\DPS 920\DPS920_final_project\IMG\left_2026_07_27_15_32_05_369.jpg,D:\DPS 920\DPS920_final_project\IMG\right_2026_07_27_15_32_05_369.jpg,0,1,0,30.1899
D:\DPS 920\DPS920_final_project\IMG\center_2026_07_27_15_32_05_440.jpg,D:\DPS 920\DPS920_final_project\IMG\left_2026_07_27_15_32_05_440.jpg,D:\DPS 920\DPS920_final_project\IMG\right_2026_07_27_15_32_05_440.jpg,0,1,0,30.1899
D:\DPS 920\DPS920_final_project\IMG\center_2026_07_27_15_32_05_510.jpg,D:\DPS 920\DPS920_final_project\IMG\left_2026_07_27_15_32_05_510.jpg,D:\DPS 920\DPS920_final_project\IMG\right_2026_07_27_15_32_05_510.jpg,0,1,0,30.1899
D:\DPS 920\DPS920_final_project\IMG\center_2026_07_27_15_32_05_582.jpg,D:\DPS 920\DPS920_final_project\IMG\left_2026_07_27_15_32_05_582.jpg,D:\DPS 920\DPS920_final_project\IMG\right_2026_07_27_15_32_05_582.jpg,0,1,0,30.18989
D:\DPS 920\DPS920_final_project\IMG\center_2026_07_27_15_32_05_653.jpg,D:\DPS 920\DPS920_final_project\IMG\left_2026_07_27_15_32_05_653.jpg,D:\DPS 920\DPS920_final_project\IMG\right_2026_07_27_15_32_05_653.jpg,0,1,0,30.18992
D:\DPS 920\DPS920_final_project\IMG\center_2026_07_27_15_32_05_726.jpg,D:\DPS 920\DPS920_final_project\IMG\left_2026_07_27_15_32_05_726.jpg,D:\DPS 920\DPS920_final_project\IMG\right_2026_07_27_15_32_05_726.jpg,0,1,0,30.18991
D:\DPS 920\DPS920_final_project\IMG\center_2026_07_27_15_32_05_798.jpg,D:\DPS 920\DPS920_final_project\IMG\left_2026_07_27_15_32_05_798.jpg,D:\DPS 920\DPS920_final_project\IMG\right_2026_07_27_15_32_05_798.jpg,0,1,0,30.18992
D:\DPS 920\DPS920_final_project\IMG\center_2026_07_27_15_32_05_869.jpg,D:\DPS 920\DPS920_final_project\IMG\left_2026_07_27_15_32_05_869.jpg,D:\DPS 920\DPS920_final_project\IMG\right_2026_07_27_15_32_05_869.jpg,0,1,0,30.18991
D:\DPS 920\DPS920_final_project\IMG\center_2026_07_27_15_32_05_940.jpg,D:\DPS 920\DPS920_final_project\IMG\left_2026_07_27_15_32_05_940.jpg,D:\DPS 920\DPS920_final_project\IMG\right_2026_07_27_15_32_05_940.jpg,0,1,0,30.18989
D:\DPS 920\DPS920_final_project\IMG\center_2026_07_27_15_32_06_013.jpg,D:\DPS 920\DPS920_final_project\IMG\left_2026_07_27_15_32_06_013.jpg,D:\DPS 920\DPS920_final_project\IMG\right_2026_07_27_15_32_06_013.jpg,0,1,0,30.18991
D:\DPS 920\DPS920_final_project\IMG\center_2026_07_27_15_32_06_087.jpg,D:\DPS 920\DPS920_final_project\IMG\left_2026_07_27_15_32_06_087.jpg,D:\DPS 920\DPS920_final_project\IMG\right_2026_07_27_15_32_06_087.jpg,0,1,0,30.1899
D:\DPS 920\DPS920_final_project\IMG\center_2026_07_27_15_32_06_160.jpg,D:\DPS 920\DPS920_final_project\IMG\left_2026_07_27_15_32_06_160.jpg,D:\DPS 920\DPS920_final_project\IMG\right_2026_07_27_15_32_06_160.jpg,0,1,0,30.18989
D:\DPS 920\DPS920_final_project\IMG\center_2026_07_27_15_32_06_236.jpg,D:\DPS 920\DPS920_final_project\IMG\left_2026_07_27_15_32_06_236.jpg,D:\DPS 920\DPS920_final_project\IMG\right_2026_07_27_15_32_06_236.jpg,0,1,0,30.18991
D:\DPS 920\DPS920_final_project\IMG\center_2026_07_27_15_32_06_311.jpg,D:\DPS 920\DPS920_final_project\IMG\left_2026_07_27_15_32_06_311.jpg,D:\DPS 920\DPS920_final_project\IMG\right_2026_07_27_15_32_06_311.jpg,0,1,0,30.18988
D:\DPS 920\DPS920_final_project\IMG\center_2026_07_27_15_32_06_387.jpg,D:\DPS 920\DPS920_final_project\IMG\left_2026_07_27_15_32_06_387.jpg,D:\DPS 920\DPS920_final_project\IMG\right_2026_07_27_15_32_06_387.jpg,0,1,0,30.1899
D:\DPS 920\DPS920_final_project\IMG\center_2026_07_27_15_32_06_461.jpg,D:\DPS 920\DPS920_final_project\IMG\left_2026_07_27_15_32_06_461.jpg,D:\DPS 920\DPS920_final_project\IMG\right_2026_07_27_15_32_06_461.jpg,0,1,0,30.1899
D:\DPS 920\DPS920_final_project\IMG\center_2026_07_27_15_32_06_533.jpg,D:\DPS 920\DPS920_final_project\IMG\left_2026_07_27_15_32_06_533.jpg,D:\DPS 920\DPS920_final_project\IMG\right_2026_07_27_15_32_06_533.jpg,0,1,0,30.1899
D:\DPS 920\DPS920_final_project\IMG\center_2026_07_27_15_32_06_603.jpg,D:\DPS 920\DPS920_final_project\IMG\left_2026_07_27_15_32_06_603.jpg,D:\DPS 920\DPS920_final_project\IMG\right_2026_07_27_15_32_06_603.jpg,0,1,0,30.18991
D:\DPS 920\DPS920_final_project\IMG\center_2026_07_27_15_32_06_673.jpg,D:\DPS 920\DPS920_final_project\IMG\left_2026_07_27_15_32_06_673.jpg,D:\DPS 920\DPS920_final_project\IMG\right_2026_07_27_15_32_06_673.jpg,0,1,0,30.18991
D:\DPS 920\DPS920_final_project\IMG\center_2026_07_27_15_32_06_743.jpg,D:\DPS 920\DPS920_final_project\IMG\left_2026_07_27_15_32_06_743.jpg,D:\DPS 920\DPS920_final_project\IMG\right_2026_07_27_15_32_06_743.jpg,0,1,0,30.18991
D:\DPS 920\DPS920_final_project\IMG\center_2026_07_27_15_32_06_813.jpg,D:\DPS 920\DPS920_final_project\IMG\left_2026_07_27_15_32_06_813.jpg,D:\DPS 920\DPS920_final_project\IMG\right_2026_07_27_15_32_06_813.jpg,0,1,0,30.18989
D:\DPS 920\DPS920_final_project\IMG\center_2026_07_27_15_32_06_883.jpg,D:\DPS 920\DPS920_final_project\IMG\left_2026_07_27_15_32_06_883.jpg,D:\DPS 920\DPS920_final_project\IMG\right_2026_07_27_15_32_06_883.jpg,0,1,0,30.18991
D:\DPS 920\DPS920_final_project\IMG\center_2026_07_27_15_32_06_954.jpg,D:\DPS 920\DPS920_final_project\IMG\left_2026_07_27_15_32_06_954.jpg,D:\DPS 920\DPS920_final_project\IMG\right_2026_07_27_15_32_06_954.jpg,0,1,0,30.18989
D:\DPS 920\DPS920_final_project\IMG\center_2026_07_27_15_32_07_027.jpg,D:\DPS 920\DPS920_final_project\IMG\left_2026_07_27_15_32_07_027.jpg,D:\DPS 920\DPS920_final_project\IMG\right_2026_07_27_15_32_07_027.jpg,0,1,0,30.18991
D:\DPS 920\DPS920_final_project\IMG\center_2026_07_27_15_32_07_097.jpg,D:\DPS 920\DPS920_final_project\IMG\left_2026_07_27_15_32_07_097.jpg,D:\DPS 920\DPS920_final_project\IMG\right_2026_07_27_15_32_07_097.jpg,0,1,0,30.18991
D:\DPS 920\DPS920_final_project\IMG\center_2026_07_27_15_32_07_169.jpg,D:\DPS 920\DPS920_final_project\IMG\left_2026_07_27_15_32_07_169.jpg,D:\DPS 920\DPS920_final_project\IMG\right_2026_07_27_15_32_07_169.jpg,0,1,0,30.18991
D:\DPS 920\DPS920_final_project\IMG\center_2026_07_27_15_32_07_241.jpg,D:\DPS 920\DPS920_final_project\IMG\left_2026_07_27_15_32_07_241.jpg,D:\DPS 920\DPS920_final_project\IMG\right_2026_07_27_15_32_07_241.jpg,0,1,0,30.18991
D:\DPS 920\DPS920_final_project\IMG\center_2026_07_27_15_32_07_313.jpg,D:\DPS 920\DPS920_final_project\IMG\left_2026_07_27_15_32_07_313.jpg,D:\DPS 920\DPS920_final_project\IMG\right_2026_07_27_15_32_07_313.jpg,0,1,0,30.18991
D:\DPS 920\DPS920_final_project\IMG\center_2026_07_27_15_32_07_383.jpg,D:\DPS 920\DPS920_final_project\IMG\left_2026_07_27_15_32_07_383.jpg,D:\DPS 920\DPS920_final_project\IMG\right_2026_07_27_15_32_07_383.jpg,0,1,0,30.18991
D:\DPS 920\DPS920_final_project\IMG\center_2026_07_27_15_32_07_453.jpg,D:\DPS 920\DPS920_final_project\IMG\left_2026_07_27_15_32_07_453.jpg,D:\DPS 920\DPS920_final_project\IMG\right_2026_07_27_15_32_07_453.jpg,0,1,0,30.18987
D:\DPS 920\DPS920_final_project\IMG\center_2026_07_27_15_32_07_525.jpg,D:\DPS 920\DPS920_final_project\IMG\left_2026_07_27_15_32_07_525.jpg,D:\DPS 920\DPS920_final_project\IMG\right_2026_07_27_15_32_07_525.jpg,0,1,0,30.18991
D:\DPS 920\DPS920_final_project\IMG\center_2026_07_27_15_32_07_595.jpg,D:\DPS 920\DPS920_final_project\IMG\left_2026_07_27_15_32_07_595.jpg,D:\DPS 920\DPS920_final_project\IMG\right_2026_07_27_15_32_07_595.jpg,0,1,0,30.1899
D:\DPS 920\DPS920_final_project\IMG\center_2026_07_27_15_32_07_666.jpg,D:\DPS 920\DPS920_final_project\IMG\left_2026_07_27_15_32_07_666.jpg,D:\DPS 920\DPS920_final_project\IMG\right_2026_07_27_15_32_07_666.jpg,0,1,0,30.1899
D:\DPS 920\DPS920_final_project\IMG\center_2026_07_27_15_32_07_739.jpg,D:\DPS 920\DPS920_final_project\IMG\left_2026_07_27_15_32_07_739.jpg,D:\DPS 920\DPS920_final_project\IMG\right_2026_07_27_15_32_07_739.jpg,0,1,0,30.18991
D:\DPS 920\DPS920_final_project\IMG\center_2026_07_27_15_32_07_814.jpg,D:\DPS 920\DPS920_final_project\IMG\left_2026_07_27_15_32_07_814.jpg,D:\DPS 920\DPS920_final_project\IMG\right_2026_07_27_15_32_07_814.jpg,0,1,0,30.1899
D:\DPS 920\DPS920_final_project\IMG\center_2026_07_27_15_32_07_882.jpg,D:\DPS 920\DPS920_final_project\IMG\left_2026_07_27_15_32_07_882.jpg,D:\DPS 920\DPS920_final_project\IMG\right_2026_07_27_15_32_07_882.jpg,0,1,0,30.18991
D:\DPS 920\DPS920_final_project\IMG\center_2026_07_27_15_32_07_950.jpg,D:\DPS 920\DPS920_final_project\IMG\left_2026_07_27_15_32_07_950.jpg,D:\DPS 920\DPS920_final_project\IMG\right_2026_07_27_15_32_07_950.jpg,0,1,0,30.1899
D:\DPS 920\DPS920_final_project\IMG\center_2026_07_27_15_32_08_019.jpg,D:\DPS 920\DPS920_final_project\IMG\left_2026_07_27_15_32_08_019.jpg,D:\DPS 920\DPS920_final_project\IMG\right_2026_07_27_15_32_08_019.jpg,0,1,0,30.18989
D:\DPS 920\DPS920_final_project\IMG\center_2026_07_27_15_32_08_091.jpg,D:\DPS 920\DPS920_final_project\IMG\left_2026_07_27_15_32_08_091.jpg,D:\DPS 920\DPS920_final_project\IMG\right_2026_07_27_15_32_08_091.jpg,0,1,0,30.18991
D:\DPS 920\DPS920_final_project\IMG\center_2026_07_27_15_32_08_164.jpg,D:\DPS 920\DPS920_final_project\IMG\left_2026_07_27_15_32_08_164.jpg,D:\DPS 920\DPS920_final_project\IMG\right_2026_07_27_15_32_08_164.jpg,0,1,0,30.18991
D:\DPS 920\DPS920_final_project\IMG\center_2026_07_27_15_32_08_233.jpg,D:\DPS 920\DPS920_final_project\IMG\left_2026_07_27_15_32_08_233.jpg,D:\DPS 920\DPS920_final_project\IMG\right_2026_07_27_15_32_08_233.jpg,0,1,0,30.18991
D:\DPS 920\DPS920_final_project\IMG\center_2026_07_27_15_32_08_308.jpg,D:\DPS 920\DPS920_final_project\IMG\left_2026_07_27_15_32_08_308.jpg,D:\DPS 920\DPS920_final_project\IMG\right_2026_07_27_15_32_08_308.jpg,0,1,0,30.18991
D:\DPS 920\DPS920_final_project\IMG\center_2026_07_27_15_32_08_381.jpg,D:\DPS 920\DPS920_final_project\IMG\left_2026_07_27_15_32_08_381.jpg,D:\DPS 920\DPS920_final_project\IMG\right_2026_07_27_15_32_08_381.jpg,0,1,0,30.18991
D:\DPS 920\DPS920_final_project\IMG\center_2026_07_27_15_32_08_453.jpg,D:\DPS 920\DPS920_final_project\IMG\left_2026_07_27_15_32_08_453.jpg,D:\DPS 920\DPS920_final_project\IMG\right_2026_07_27_15_32_08_453.jpg,0,1,0,30.18991
D:\DPS 920\DPS920_final_project\IMG\center_2026_07_27_15_32_08_525.jpg,D:\DPS 920\DPS920_final_project\IMG\left_2026_07_27_15_32_08_525.jpg,D:\DPS 920\DPS920_final_project\IMG\right_2026_07_27_15_32_08_525.jpg,0,1,0,30.1899
D:\DPS 920\DPS920_final_project\IMG\center_2026_07_27_15_32_08_598.jpg,D:\DPS 920\DPS920_final_project\IMG\left_2026_07_27_15_32_08_598.jpg,D:\DPS 920\DPS920_final_project\IMG\right_2026_07_27_15_32_08_598.jpg,0,1,0,30.1899
D:\DPS 920\DPS920_final_project\IMG\center_2026_07_27_15_32_08_670.jpg,D:\DPS 920\DPS920_final_project\IMG\left_2026_07_27_15_32_08_670.jpg,D:\DPS 920\DPS920_final_project\IMG\right_2026_07_27_15_32_08_670.jpg,0,1,0,30.18991
D:\DPS 920\DPS920_final_project\IMG\center_2026_07_27_15_32_08_741.jpg,D:\DPS 920\DPS920_final_project\IMG\left_2026_07_27_15_32_08_741.jpg,D:\DPS 920\DPS920_final_project\IMG\right_2026_07_27_15_32_08_741.jpg,0,1,0,30.18989
D:\DPS 920\DPS920_final_project\IMG\center_2026_07_27_15_32_08_813.jpg,D:\DPS 920\DPS920_final_project\IMG\left_2026_07_27_15_32_08_813.jpg,D:\DPS 920\DPS920_final_project\IMG\right_2026_07_27_15_32_08_813.jpg,0,1,0,30.18991
D:\DPS 920\DPS920_final_project\IMG\center_2026_07_27_15_32_08_884.jpg,D:\DPS 920\DPS920_final_project\IMG\left_2026_07_27_15_32_08_884.jpg,D:\DPS 920\DPS920_final_project\IMG\right_2026_07_27_15_32_08_884.jpg,0,1,0,30.18991
D:\DPS 920\DPS920_final_project\IMG\center_2026_07_27_15_32_08_955.jpg,D:\DPS 920\DPS920_final_project\IMG\left_2026_07_27_15_32_08_955.jpg,D:\DPS 920\DPS920_final_project\IMG\right_2026_07_27_15_32_08_955.jpg,0,1,0,30.18989
D:\DPS 920\DPS920_final_project\IMG\center_2026_07_27_15_32_09_027.jpg,D:\DPS 920\DPS920_final_project\IMG\left_2026_07_27_15_32_09_027.jpg,D:\DPS 920\DPS920_final_project\IMG\right_2026_07_27_15_32_09_027.jpg,0,1,0,30.18991
D:\DPS 920\DPS920_final_project\IMG\center_2026_07_27_15_32_09_098.jpg,D:\DPS 920\DPS920_final_project\IMG\left_2026_07_27_15_32_09_098.jpg,D:\DPS 920\DPS920_final_project\IMG\right_2026_07_27_15_32_09_098.jpg,0,1,0,30.1899
D:\DPS 920\DPS920_final_project\IMG\center_2026_07_27_15_32_09_171.jpg,D:\DPS 920\DPS920_final_project\IMG\left_2026_07_27_15_32_09_171.jpg,D:\DPS 920\DPS920_final_project\IMG\right_2026_07_27_15_32_09_171.jpg,0,1,0,30.1899
D:\DPS 920\DPS920_final_project\IMG\center_2026_07_27_15_32_09_243.jpg,D:\DPS 920\DPS920_final_project\IMG\left_2026_07_27_15_32_09_243.jpg,D:\DPS 920\DPS920_final_project\IMG\right_2026_07_27_15_32_09_243.jpg,0,1,0,30.18989
D:\DPS 920\DPS920_final_project\IMG\center_2026_07_27_15_32_09_315.jpg,D:\DPS 920\DPS920_final_project\IMG\left_2026_07_27_15_32_09_315.jpg,D:\DPS 920\DPS920_final_project\IMG\right_2026_07_27_15_32_09_315.jpg,0,1,0,30.18989
D:\DPS 920\DPS920_final_project\IMG\center_2026_07_27_15_32_09_390.jpg,D:\DPS 920\DPS920_final_project\IMG\left_2026_07_27_15_32_09_390.jpg,D:\DPS 920\DPS920_final_project\IMG\right_2026_07_27_15_32_09_390.jpg,-0.1,1,0,30.18737
D:\DPS 920\DPS920_final_project\IMG\center_2026_07_27_15_32_09_465.jpg,D:\DPS 920\DPS920_final_project\IMG\left_2026_07_27_15_32_09_465.jpg,D:\DPS 920\DPS920_final_project\IMG\right_2026_07_27_15_32_09_465.jpg,0,1,0,30.19063
D:\DPS 920\DPS920_final_project\IMG\center_2026_07_27_15_32_09_540.jpg,D:\DPS 920\DPS920_final_project\IMG\left_2026_07_27_15_32_09_540.jpg,D:\DPS 920\DPS920_final_project\IMG\right_2026_07_27_15_32_09_540.jpg,0,1,0,30.18987
D:\DPS 920\DPS920_final_project\IMG\center_2026_07_27_15_32_09_615.jpg,D:\DPS 920\DPS920_final_project\IMG\left_2026_07_27_15_32_09_615.jpg,D:\DPS 920\DPS920_final_project\IMG\right_2026_07_27_15_32_09_615.jpg,0,1,0,30.18989
D:\DPS 920\DPS920_final_project\IMG\center_2026_07_27_15_32_09_693.jpg,D:\DPS 920\DPS920_final_project\IMG\left_2026_07_27_15_32_09_693.jpg,D:\DPS 920\DPS920_final_project\IMG\right_2026_07_27_15_32_09_693.jpg,-0.05,1,0,30.1895
D:\DPS 920\DPS920_final_project\IMG\center_2026_07_27_15_32_09_770.jpg,D:\DPS 920\DPS920_final_project\IMG\left_2026_07_27_15_32_09_770.jpg,D:\DPS 920\DPS920_final_project\IMG\right_2026_07_27_15_32_09_770.jpg,-0.25,1,0,30.17512
D:\DPS 920\DPS920_final_project\IMG\center_2026_07_27_15_32_09_838.jpg,D:\DPS 920\DPS920_final_project\IMG\left_2026_07_27_15_32_09_838.jpg,D:\DPS 920\DPS920_final_project\IMG\right_2026_07_27_15_32_09_838.jpg,0,1,0,30.18896
D:\DPS 920\DPS920_final_project\IMG\center_2026_07_27_15_32_09_906.jpg,D:\DPS 920\DPS920_final_project\IMG\left_2026_07_27_15_32_09_906.jpg,D:\DPS 920\DPS920_final_project\IMG\right_2026_07_27_15_32_09_906.jpg,-0.1,1,0,30.1888
D:\DPS 920\DPS920_final_project\IMG\center_2026_07_27_15_32_09_976.jpg,D:\DPS 920\DPS920_final_project\IMG\left_2026_07_27_15_32_09_976.jpg,D:\DPS 920\DPS920_final_project\IMG\right_2026_07_27_15_32_09_976.jpg,0,1,0,30.18982
D:\DPS 920\DPS920_final_project\IMG\center_2026_07_27_15_32_10_046.jpg,D:\DPS 920\DPS920_final_project\IMG\left_2026_07_27_15_32_10_046.jpg,D:\DPS 920\DPS920_final_project\IMG\right_2026_07_27_15_32_10_046.jpg,0,1,0,30.18997
D:\DPS 920\DPS920_final_project\IMG\center_2026_07_27_15_32_10_117.jpg,D:\DPS 920\DPS920_final_project\IMG\left_2026_07_27_15_32_10_117.jpg,D:\DPS 920\DPS920_final_project\IMG\right_2026_07_27_15_32_10_117.jpg,0,1,0,30.19001
D:\DPS 920\DPS920_final_project\IMG\center_2026_07_27_15_32_10_187.jpg,D:\DPS 920\DPS920_final_project\IMG\left_2026_07_27_15_32_10_187.jpg,D:\DPS 920\DPS920_final_project\IMG\right_2026_07_27_15_32_10_187.jpg,0,1,0,30.19
D:\DPS 920\DPS920_final_project\IMG\center_2026_07_27_15_32_10_262.jpg,D:\DPS 920\DPS920_final_project\IMG\left_2026_07_27_15_32_10_262.jpg,D:\DPS 920\DPS920_final_project\IMG\right_2026_07_27_15_32_10_262.jpg,0,1,0,30.19
D:\DPS 920\DPS920_final_project\IMG\center_2026_07_27_15_32_10_335.jpg,D:\DPS 920\DPS920_final_project\IMG\left_2026_07_27_15_32_10_335.jpg,D:\DPS 920\DPS920_final_project\IMG\right_2026_07_27_15_32_10_335.jpg,-0.15,1,0,30.18416
D:\DPS 920\DPS920_final_project\IMG\center_2026_07_27_15_32_10_409.jpg,D:\DPS 920\DPS920_final_project\IMG\left_2026_07_27_15_32_10_409.jpg,D:\DPS 920\DPS920_final_project\IMG\right_2026_07_27_15_32_10_409.jpg,0,1,0,30.1894
D:\DPS 920\DPS920_final_project\IMG\center_2026_07_27_15_32_10_482.jpg,D:\DPS 920\DPS920_final_project\IMG\left_2026_07_27_15_32_10_482.jpg,D:\DPS 920\DPS920_final_project\IMG\right_2026_07_27_15_32_10_482.jpg,-0.05,1,0,30.18975
D:\DPS 920\DPS920_final_project\IMG\center_2026_07_27_15_32_10_554.jpg,D:\DPS 920\DPS920_final_project\IMG\left_2026_07_27_15_32_10_554.jpg,D:\DPS 920\DPS920_final_project\IMG\right_2026_07_27_15_32_10_554.jpg,0,1,0,30.18848
D:\DPS 920\DPS920_final_project\IMG\center_2026_07_27_15_32_10_628.jpg,D:\DPS 920\DPS920_final_project\IMG\left_2026_07_27_15_32_10_628.jpg,D:\DPS 920\DPS920_final_project\IMG\right_2026_07_27_15_32_10_628.jpg,0,1,0,30.18996
D:\DPS 920\DPS920_final_project\IMG\center_2026_07_27_15_32_10_700.jpg,D:\DPS 920\DPS920_final_project\IMG\left_2026_07_27_15_32_10_700.jpg,D:\DPS 920\DPS920_final_project\IMG\right_2026_07_27_15_32_10_700.jpg,0,1,0,30.19006
D:\DPS 920\DPS920_final_project\IMG\center_2026_07_27_15_32_10_773.jpg,D:\DPS 920\DPS920_final_project\IMG\left_2026_07_27_15_32_10_773.jpg,D:\DPS 920\DPS920_final_project\IMG\right_2026_07_27_15_32_10_773.jpg,0,1,0,30.19005
D:\DPS 920\DPS920_final_project\IMG\center_2026_07_27_15_32_10_847.jpg,D:\DPS 920\DPS920_final_project\IMG\left_2026_07_27_15_32_10_847.jpg,D:\DPS 920\DPS920_final_project\IMG\right_2026_07_27_15_32_10_847.jpg,0,1,0,30.19006
D:\DPS 920\DPS920_final_project\IMG\center_2026_07_27_15_32_10_919.jpg,D:\DPS 920\DPS920_final_project\IMG\left_2026_07_27_15_32_10_919.jpg,D:\DPS 920\DPS920_final_project\IMG\right_2026_07_27_15_32_10_919.jpg,0,1,0,30.19006
D:\DPS 920\DPS920_final_project\IMG\center_2026_07_27_15_32_10_992.jpg,D:\DPS 920\DPS920_final_project\IMG\left_2026_07_27_15_32_10_992.jpg,D:\DPS 920\DPS920_final_project\IMG\right_2026_07_27_15_32_10_992.jpg,0,1,0,30.19006
D:\DPS 920\DPS920_final_project\IMG\center_2026_07_27_15_32_11_065.jpg,D:\DPS 920\DPS920_final_project\IMG\left_2026_07_27_15_32_11_065.jpg,D:\DPS 920\DPS920_final_project\IMG\right_2026_07_27_15_32_11_065.jpg,0,1,0,30.18906
D:\DPS 920\DPS920_final_project\IMG\center_2026_07_27_15_32_11_136.jpg,D:\DPS 920\DPS920_final_project\IMG\left_2026_07_27_15_32_11_136.jpg,D:\DPS 920\DPS920_final_project\IMG\right_2026_07_27_15_32_11_136.jpg,0,1,0,30.19011
D:\DPS 920\DPS920_final_project\IMG\center_2026_07_27_15_32_11_208.jpg,D:\DPS 920\DPS920_final_project\IMG\left_2026_07_27_15_32_11_208.jpg,D:\DPS 920\DPS920_final_project\IMG\right_2026_07_27_15_32_11_208.jpg,-0.15,1,0,30.18454
D:\DPS 920\DPS920_final_project\IMG\center_2026_07_27_15_32_11_278.jpg,D:\DPS 920\DPS920_final_project\IMG\left_2026_07_27_15_32_11_278.jpg,D:\DPS 920\DPS920_final_project\IMG\right_2026_07_27_15_32_11_278.jpg,0,1,0,30.18946
D:\DPS 920\DPS920_final_project\IMG\center_2026_07_27_15_32_11_350.jpg,D:\DPS 920\DPS920_final_project\IMG\left_2026_07_27_15_32_11_350.jpg,D:\DPS 920\DPS920_final_project\IMG\right_2026_07_27_15_32_11_350.jpg,-0.1,1,0,30.18871
D:\DPS 920\DPS920_final_project\IMG\center_2026_07_27_15_32_11_420.jpg,D:\DPS 920\DPS920_final_project\IMG\left_2026_07_27_15_32_11_420.jpg,D:\DPS 920\DPS920_final_project\IMG\right_2026_07_27_15_32_11_420.jpg,0,1,0,30.06244
D:\DPS 920\DPS920_final_project\IMG\center_2026_07_27_15_32_11_490.jpg,D:\DPS 920\DPS920_final_project\IMG\left_2026_07_27_15_32_11_490.jpg,D:\DPS 920\DPS920_final_project\IMG\right_2026_07_27_15_32_11_490.jpg,0,1,0,30.63811
D:\DPS 920\DPS920_final_project\IMG\center_2026_07_27_15_32_11_563.jpg,D:\DPS 920\DPS920_final_project\IMG\left_2026_07_27_15_32_11_563.jpg,D:\DPS 920\DPS920_final_project\IMG\right_2026_07_27_15_32_11_563.jpg,0,1,0,30.3206
D:\DPS 920\DPS920_final_project\IMG\center_2026_07_27_15_32_11_635.jpg,D:\DPS 920\DPS920_final_project\IMG\left_2026_07_27_15_32_11_635.jpg,D:\DPS 920\DPS920_final_project\IMG\right_2026_07_27_15_32_11_635.jpg,0,1,0,30.03196
D:\DPS 920\DPS920_final_project\IMG\center_2026_07_27_15_32_11_712.jpg,D:\DPS 920\DPS920_final_project\IMG\left_2026_07_27_15_32_11_712.jpg,D:\DPS 920\DPS920_final_project\IMG\right_2026_07_27_15_32_11_712.jpg,0,1,0,30.61097
D:\DPS 920\DPS920_final_project\IMG\center_2026_07_27_15_32_11_782.jpg,D:\DPS 920\DPS920_final_project\IMG\left_2026_07_27_15_32_11_782.jpg,D:\DPS 920\DPS920_final_project\IMG\right_2026_07_27_15_32_11_782.jpg,0,1,0,30.17862
D:\DPS 920\DPS920_final_project\IMG\center_2026_07_27_15_32_11_855.jpg,D:\DPS 920\DPS920_final_project\IMG\left_2026_07_27_15_32_11_855.jpg,D:\DPS 920\DPS920_final_project\IMG\right_2026_07_27_15_32_11_855.jpg,0,1,0,30.18768
D:\DPS 920\DPS920_final_project\IMG\center_2026_07_27_15_32_11_929.jpg,D:\DPS 920\DPS920_final_project\IMG\left_2026_07_27_15_32_11_929.jpg,D:\DPS 920\DPS920_final_project\IMG\right_2026_07_27_15_32_11_929.jpg,0,1,0,30.19027
D:\DPS 920\DPS920_final_project\IMG\center_2026_07_27_15_32_12_003.jpg,D:\DPS 920\DPS920_final_project\IMG\left_2026_07_27_15_32_12_003.jpg,D:\DPS 920\DPS920_final_project\IMG\right_2026_07_27_15_32_12_003.jpg,0,1,0,30.19074
D:\DPS 920\DPS920_final_project\IMG\center_2026_07_27_15_32_12_075.jpg,D:\DPS 920\DPS920_final_project\IMG\left_2026_07_27_15_32_12_075.jpg,D:\DPS 920\DPS920_final_project\IMG\right_2026_07_27_15_32_12_075.jpg,0,1,0,30.19059
D:\DPS 920\DPS920_final_project\IMG\center_2026_07_27_15_32_12_145.jpg,D:\DPS 920\DPS920_final_project\IMG\left_2026_07_27_15_32_12_145.jpg,D:\DPS 920\DPS920_final_project\IMG\right_2026_07_27_15_32_12_145.jpg,0,1,0,30.19042
D:\DPS 920\DPS920_final_project\IMG\center_2026_07_27_15_32_12_216.jpg,D:\DPS 920\DPS920_final_project\IMG\left_2026_07_27_15_32_12_216.jpg,D:\DPS 920\DPS920_final_project\IMG\right_2026_07_27_15_32_12_216.jpg,0,1,0,30.19036
D:\DPS 920\DPS920_final_project\IMG\center_2026_07_27_15_32_12_287.jpg,D:\DPS 920\DPS920_final_project\IMG\left_2026_07_27_15_32_12_287.jpg,D:\DPS 920\DPS920_final_project\IMG\right_2026_07_27_15_32_12_287.jpg,0,1,0,30.19033
D:\DPS 920\DPS920_final_project\IMG\center_2026_07_27_15_32_12_359.jpg,D:\DPS 920\DPS920_final_project\IMG\left_2026_07_27_15_32_12_359.jpg,D:\DPS 920\DPS920_final_project\IMG\right_2026_07_27_15_32_12_359.jpg,-0.05,1,0,30.18971
D:\DPS 920\DPS920_final_project\IMG\center_2026_07_27_15_32_12_427.jpg,D:\DPS 920\DPS920_final_project\IMG\left_2026_07_27_15_32_12_427.jpg,D:\DPS 920\DPS920_final_project\IMG\right_2026_07_27_15_32_12_427.jpg,-0.2,1,0,30.17982
D:\DPS 920\DPS920_final_project\IMG\center_2026_07_27_15_32_12_500.jpg,D:\DPS 920\DPS920_final_project\IMG\left_2026_07_27_15_32_12_500.jpg,D:\DPS 920\DPS920_final_project\IMG\right_2026_07_27_15_32_12_500.jpg,0,1,0,30.19027
D:\DPS 920\DPS920_final_project\IMG\center_2026_07_27_15_32_12_570.jpg,D:\DPS 920\DPS920_final_project\IMG\left_2026_07_27_15_32_12_570.jpg,D:\DPS 920\DPS920_final_project\IMG\right_2026_07_27_15_32_12_570.jpg,-0.15,1,0,30.1857
D:\DPS 920\DPS920_final_project\IMG\center_2026_07_27_15_32_12_640.jpg,D:\DPS 920\DPS920_final_project\IMG\left_2026_07_27_15_32_12_640.jpg,D:\DPS 920\DPS920_final_project\IMG\right_2026_07_27_15_32_12_640.jpg,0,1,0,30.18969
D:\DPS 920\DPS920_final_project\IMG\center_2026_07_27_15_32_12_710.jpg,D:\DPS 920\DPS920_final_project\IMG\left_2026_07_27_15_32_12_710.jpg,D:\DPS 920\DPS920_final_project\IMG\right_2026_07_27_15_32_12_710.jpg,0,1,0,30.19018
D:\DPS 920\DPS920_final_project\IMG\center_2026_07_27_15_32_12_781.jpg,D:\DPS 920\DPS920_final_project\IMG\left_2026_07_27_15_32_12_781.jpg,D:\DPS 920\DPS920_final_project\IMG\right_2026_07_27_15_32_12_781.jpg,0,1,0,30.19025
D:\DPS 920\DPS920_final_project\IMG\center_2026_07_27_15_32_12_852.jpg,D:\DPS 920\DPS920_final_project\IMG\left_2026_07_27_15_32_12_852.jpg,D:\DPS 920\DPS920_final_project\IMG\right_2026_07_27_15_32_12_852.jpg,0,1,0,30.19028
D:\DPS 920\DPS920_final_project\IMG\center_2026_07_27_15_32_12_922.jpg,D:\DPS 920\DPS920_final_project\IMG\left_2026_07_27_15_32_12_922.jpg,D:\DPS 920\DPS920_final_project\IMG\right_2026_07_27_15_32_12_922.jpg,0,1,0,30.19029
D:\DPS 920\DPS920_final_project\IMG\center_2026_07_27_15_32_12_990.jpg,D:\DPS 920\DPS920_final_project\IMG\left_2026_07_27_15_32_12_990.jpg,D:\DPS 920\DPS920_final_project\IMG\right_2026_07_27_15_32_12_990.jpg,0,1,0,30.1903
D:\DPS 920\DPS920_final_project\IMG\center_2026_07_27_15_32_13_060.jpg,D:\DPS 920\DPS920_final_project\IMG\left_2026_07_27_15_32_13_060.jpg,D:\DPS 920\DPS920_final_project\IMG\right_2026_07_27_15_32_13_060.jpg,0,1,0,30.19031
D:\DPS 920\DPS920_final_project\IMG\center_2026_07_27_15_32_13_129.jpg,D:\DPS 920\DPS920_final_project\IMG\left_2026_07_27_15_32_13_129.jpg,D:\DPS 920\DPS920_final_project\IMG\right_2026_07_27_15_32_13_129.jpg,-0.05,1,0,30.18972
D:\DPS 920\DPS920_final_project\IMG\center_2026_07_27_15_32_13_197.jpg,D:\DPS 920\DPS920_final_project\IMG\left_2026_07_27_15_32_13_197.jpg,D:\DPS 920\DPS920_final_project\IMG\right_2026_07_27_15_32_13_197.jpg,0,1,0,30.18838
D:\DPS 920\DPS920_final_project\IMG\center_2026_07_27_15_32_13_267.jpg,D:\DPS 920\DPS920_final_project\IMG\left_2026_07_27_15_32_13_267.jpg,D:\DPS 920\DPS920_final_project\IMG\right_2026_07_27_15_32_13_267.jpg,0,1,0,30.19021
D:\DPS 920\DPS920_final_project\IMG\center_2026_07_27_15_32_13_335.jpg,D:\DPS 920\DPS920_final_project\IMG\left_2026_07_27_15_32_13_335.jpg,D:\DPS 920\DPS920_final_project\IMG\right_2026_07_27_15_32_13_335.jpg,0,1,0,30.19025
D:\DPS 920\DPS920_final_project\IMG\center_2026_07_27_15_32_13_403.jpg,D:\DPS 920\DPS920_final_project\IMG\left_2026_07_27_15_32_13_403.jpg,D:\DPS 920\DPS920_final_project\IMG\right_2026_07_27_15_32_13_403.jpg,0,1,0,30.1903
D:\DPS 920\DPS920_final_project\IMG\center_2026_07_27_15_32_13_472.jpg,D:\DPS 920\DPS920_final_project\IMG\left_2026_07_27_15_32_13_472.jpg,D:\DPS 920\DPS920_final_project\IMG\right_2026_07_27_15_32_13_472.jpg,0,1,0,30.19031
D:\DPS 920\DPS920_final_project\IMG\center_2026_07_27_15_32_13_538.jpg,D:\DPS 920\DPS920_final_project\IMG\left_2026_07_27_15_32_13_538.jpg,D:\DPS 920\DPS920_final_project\IMG\right_2026_07_27_15_32_13_538.jpg,-0.15,1,0,30.18439
D:\DPS 920\DPS920_final_project\IMG\center_2026_07_27_15_32_13_606.jpg,D:\DPS 920\DPS920_final_project\IMG\left_2026_07_27_15_32_13_606.jpg,D:\DPS 920\DPS920_final_project\IMG\right_2026_07_27_15_32_13_606.jpg,0,1,0,30.18604
D:\DPS 920\DPS920_final_project\IMG\center_2026_07_27_15_32_13_673.jpg,D:\DPS 920\DPS920_final_project\IMG\left_2026_07_27_15_32_13_673.jpg,D:\DPS 920\DPS920_final_project\IMG\right_2026_07_27_15_32_13_673.jpg,0,1,0,30.19012
D:\DPS 920\DPS920_final_project\IMG\center_2026_07_27_15_32_13_751.jpg,D:\DPS 920\DPS920_final_project\IMG\left_2026_07_27_15_32_13_751.jpg,D:\DPS 920\DPS920_final_project\IMG\right_2026_07_27_15_32_13_751.jpg,-0.2,1,0,30.18231
D:\DPS 920\DPS920_final_project\IMG\center_2026_07_27_15_32_13_818.jpg,D:\DPS 920\DPS920_final_project\IMG\left_2026_07_27_15_32_13_818.jpg,D:\DPS 920\DPS920_final_project\IMG\right_2026_07_27_15_32_13_818.jpg,0,1,0,30.19033
D:\DPS 920\DPS920_final_project\IMG\center_2026_07_27_15_32_13_895.jpg,D:\DPS 920\DPS920_final_project\IMG\left_2026_07_27_15_32_13_895.jpg,D:\DPS 920\DPS920_final_project\IMG\right_2026_07_27_15_32_13_895.jpg,-0.1,1,0,30.18905
D:\DPS 920\DPS920_final_project\IMG\center_2026_07_27_15_32_13_962.jpg,D:\DPS 920\DPS920_final_project\IMG\left_2026_07_27_15_32_13_962.jpg,D:\DPS 920\DPS920_final_project\IMG\right_2026_07_27_15_32_13_962.jpg,0,1,0,30.18999
D:\DPS 920\DPS920_final_project\IMG\center_2026_07_27_15_32_14_031.jpg,D:\DPS 920\DPS920_final_project\IMG\left_2026_07_27_15_32_14_031.jpg,D:\DPS 920\DPS920_final_project\IMG\right_2026_07_27_15_32_14_031.jpg,-0.1,1,0,30.18897
D:\DPS 920\DPS920_final_project\IMG\center_2026_07_27_15_32_14_106.jpg,D:\DPS 920\DPS920_final_project\IMG\left_2026_07_27_15_32_14_106.jpg,D:\DPS 920\DPS920_final_project\IMG\right_2026_07_27_15_32_14_106.jpg,0,1,0,30.18642
D:\DPS 920\DPS920_final_project\IMG\center_2026_07_27_15_32_14_179.jpg,D:\DPS 920\DPS920_final_project\IMG\left_2026_07_27_15_32_14_179.jpg,D:\DPS 920\DPS920_final_project\IMG\right_2026_07_27_15_32_14_179.jpg,-0.05,1,0,30.18991
D:\DPS 920\DPS920_final_project\IMG\center_2026_07_27_15_32_14_250.jpg,D:\DPS 920\DPS920_final_project\IMG\left_2026_07_27_15_32_14_250.jpg,D:\DPS 920\DPS920_final_project\IMG\right_2026_07_27_15_32_14_250.jpg,-0.2,1,0,30.18208
D:\DPS 920\DPS920_final_project\IMG\center_2026_07_27_15_32_14_323.jpg,D:\DPS 920\DPS920_final_project\IMG\left_2026_07_27_15_32_14_323.jpg,D:\DPS 920\DPS920_final_project\IMG\right_2026_07_27_15_32_14_323.jpg,0,1,0,30.18914
D:\DPS 920\DPS920_final_project\IMG\center_2026_07_27_15_32_14_395.jpg,D:\DPS 920\DPS920_final_project\IMG\left_2026_07_27_15_32_14_395.jpg,D:\DPS 920\DPS920_final_project\IMG\right_2026_07_27_15_32_14_395.jpg,-0.15,1,0,30.18737
D:\DPS 920\DPS920_final_project\IMG\center_2026_07_27_15_32_14_465.jpg,D:\DPS 920\DPS920_final_project\IMG\left_2026_07_27_15_32_14_465.jpg,D:\DPS 920\DPS920_final_project\IMG\right_2026_07_27_15_32_14_465.jpg,0,1,0,30.19001
D:\DPS 920\DPS920_final_project\IMG\center_2026_07_27_15_32_14_536.jpg,D:\DPS 920\DPS920_final_project\IMG\left_2026_07_27_15_32_14_536.jpg,D:\DPS 920\DPS920_final_project\IMG\right_2026_07_27_15_32_14_536.jpg,-0.1,1,0,30.18948
D:\DPS 920\DPS920_final_project\IMG\center_2026_07_27_15_32_14_609.jpg,D:\DPS 920\DPS920_final_project\IMG\left_2026_07_27_15_32_14_609.jpg,D:\DPS 920\DPS920_final_project\IMG\right_2026_07_27_15_32_14_609.jpg,0,1,0,30.19049
D:\DPS 920\DPS920_final_project\IMG\center_2026_07_27_15_32_14_680.jpg,D:\DPS 920\DPS920_final_project\IMG\left_2026_07_27_15_32_14_680.jpg,D:\DPS 920\DPS920_final_project\IMG\right_2026_07_27_15_32_14_680.jpg,-0.05,1,0,30.18995
D:\DPS 920\DPS920_final_project\IMG\center_2026_07_27_15_32_14_752.jpg,D:\DPS 920\DPS920_final_project\IMG\left_2026_07_27_15_32_14_752.jpg,D:\DPS 920\DPS920_final_project\IMG\right_2026_07_27_15_32_14_752.jpg,-0.2,1,0,30.18151
D:\DPS 920\DPS920_final_project\IMG\center_2026_07_27_15_32_14_827.jpg,D:\DPS 920\DPS920_final_project\IMG\left_2026_07_27_15_32_14_827.jpg,D:\DPS 920\DPS920_final_project\IMG\right_2026_07_27_15_32_14_827.jpg,-0.05,1,0,30.19071
D:\DPS 920\DPS920_final_project\IMG\center_2026_07_27_15_32_14_898.jpg,D:\DPS 920\DPS920_final_project\IMG\left_2026_07_27_15_32_14_898.jpg,D:\DPS 920\DPS920_final_project\IMG\right_2026_07_27_15_32_14_898.jpg,-0.25,1,0,30.17705
D:\DPS 920\DPS920_final_project\IMG\center_2026_07_27_15_32_14_973.jpg,D:\DPS 920\DPS920_final_project\IMG\left_2026_07_27_15_32_14_973.jpg,D:\DPS 920\DPS920_final_project\IMG\right_2026_07_27_15_32_14_973.jpg,-0.4,1,0,30.15903
D:\DPS 920\DPS920_final_project\IMG\center_2026_07_27_15_32_15_047.jpg,D:\DPS 920\DPS920_final_project\IMG\left_2026_07_27_15_32_15_047.jpg,D:\DPS 920\DPS920_final_project\IMG\right_2026_07_27_15_32_15_047.jpg,0,1,0,30.1896
D:\DPS 920\DPS920_final_project\IMG\center_2026_07_27_15_32_15_125.jpg,D:\DPS 920\DPS920_final_project\IMG\left_2026_07_27_15_32_15_125.jpg,D:\DPS 920\DPS920_final_project\IMG\right_2026_07_27_15_32_15_125.jpg,0,1,0,30.19004
D:\DPS 920\DPS920_final_project\IMG\center_2026_07_27_15_32_15_199.jpg,D:\DPS 920\DPS920_final_project\IMG\left_2026_07_27_15_32_15_199.jpg,D:\DPS 920\DPS920_final_project\IMG\right_2026_07_27_15_32_15_199.jpg,0,1,0,30.18935
D:\DPS 920\DPS920_final_project\IMG\center_2026_07_27_15_32_15_274.jpg,D:\DPS 920\DPS920_final_project\IMG\left_2026_07_27_15_32_15_274.jpg,D:\DPS 920\DPS920_final_project\IMG\right_2026_07_27_15_32_15_274.jpg,-0.15,1,0,30.18589
D:\DPS 920\DPS920_final_project\IMG\center_2026_07_27_15_32_15_348.jpg,D:\DPS 920\DPS920_final_project\IMG\left_2026_07_27_15_32_15_348.jpg,D:\DPS 920\DPS920_final_project\IMG\right_2026_07_27_15_32_15_348.jpg,0,1,0,30.1898
D:\DPS 920\DPS920_final_project\IMG\center_2026_07_27_15_32_15_422.jpg,D:\DPS 920\DPS920_final_project\IMG\left_2026_07_27_15_32_15_422.jpg,D:\DPS 920\DPS920_final_project\IMG\right_2026_07_27_15_32_15_422.jpg,-0.1,1,0,30.18813
D:\DPS 920\DPS920_final_project\IMG\center_2026_07_27_15_32_15_496.jpg,D:\DPS 920\DPS920_final_project\IMG\left_2026_07_27_15_32_15_496.jpg,D:\DPS 920\DPS920_final_project\IMG\right_2026_07_27_15_32_15_496.jpg,-0.25,1,0,30.17652
D:\DPS 920\DPS920_final_project\IMG\center_2026_07_27_15_32_15_574.jpg,D:\DPS 920\DPS920_final_project\IMG\left_2026_07_27_15_32_15_574.jpg,D:\DPS 920\DPS920_final_project\IMG\right_2026_07_27_15_32_15_574.jpg,0,1,0,30.18929
D:\DPS 920\DPS920_final_project\IMG\center_2026_07_27_15_32_15_651.jpg,D:\DPS 920\DPS920_final_project\IMG\left_2026_07_27_15_32_15_651.jpg,D:\DPS 920\DPS920_final_project\IMG\right_2026_07_27_15_32_15_651.jpg,-0.1,1,0,30.1898
D:\DPS 920\DPS920_final_project\IMG\center_2026_07_27_15_32_15_729.jpg,D:\DPS 920\DPS920_final_project\IMG\left_2026_07_27_15_32_15_729.jpg,D:\DPS 920\DPS920_final_project\IMG\right_2026_07_27_15_32_15_729.jpg,0,1,0,30.1871
D:\DPS 920\DPS920_final_project\IMG\center_2026_07_27_15_32_15_796.jpg,D:\DPS 920\DPS920_final_project\IMG\left_2026_07_27_15_32_15_796.jpg,D:\DPS 920\DPS920_final_project\IMG\right_2026_07_27_15_32_15_796.jpg,-0.05,1,0,30.19063
D:\DPS 920\DPS920_final_project\IMG\center_2026_07_27_15_32_15_866.jpg,D:\DPS 920\DPS920_final_project\IMG\left_2026_07_27_15_32_15_866.jpg,D:\DPS 920\DPS920_final_project\IMG\right_2026_07_27_15_32_15_866.jpg,-0.25,1,0,30.17844
D:\DPS 920\DPS920_final_project\IMG\center_2026_07_27_15_32_15_938.jpg,D:\DPS 920\DPS920_final_project\IMG\left_2026_07_27_15_32_15_938.jpg,D:\DPS 920\DPS920_final_project\IMG\right_2026_07_27_15_32_15_938.jpg,-0.45,1,0,30.15498
D:\DPS 920\DPS920_final_project\IMG\center_2026_07_27_15_32_16_011.jpg,D:\DPS 920\DPS920_final_project\IMG\left_2026_07_27_15_32_16_011.jpg,D:\DPS 920\DPS920_final_project\IMG\right_2026_07_27_15_32_16_011.jpg,-0.6000001,1,0,30.13476
D:\DPS 920\DPS920_final_project\IMG\center_2026_07_27_15_32_16_080.jpg,D:\DPS 920\DPS920_final_project\IMG\left_2026_07_27_15_32_16_080.jpg,D:\DPS 920\DPS920_final_project\IMG\right_2026_07_27_15_32_16_080.jpg,-0.8000001,1,0,30.10995
D:\DPS 920\DPS920_final_project\IMG\center_2026_07_27_15_32_16_154.jpg,D:\DPS 920\DPS920_final_project\IMG\left_2026_07_27_15_32_16_154.jpg,D:\DPS 920\DPS920_final_project\IMG\right_2026_07_27_15_32_16_154.jpg,0,1,0,30.17411
D:\DPS 920\DPS920_final_project\IMG\center_2026_07_27_15_32_16_227.jpg,D:\DPS 920\DPS920_final_project\IMG\left_2026_07_27_15_32_16_227.jpg,D:\DPS 920\DPS920_final_project\IMG\right_2026_07_27_15_32_16_227.jpg,-0.05,1,0,30.18968
D:\DPS 920\DPS920_final_project\IMG\center_2026_07_27_15_32_16_299.jpg,D:\DPS 920\DPS920_final_project\IMG\left_2026_07_27_15_32_16_299.jpg,D:\DPS 920\DPS920_final_project\IMG\right_2026_07_27_15_32_16_299.jpg,-0.25,1,0,30.18465
D:\DPS 920\DPS920_final_project\IMG\center_2026_07_27_15_32_16_373.jpg,D:\DPS 920\DPS920_final_project\IMG\left_2026_07_27_15_32_16_373.jpg,D:\DPS 920\DPS920_final_project\IMG\right_2026_07_27_15_32_16_373.jpg,0,1,0,30.18959
D:\DPS 920\DPS920_final_project\IMG\center_2026_07_27_15_32_16_446.jpg,D:\DPS 920\DPS920_final_project\IMG\left_2026_07_27_15_32_16_446.jpg,D:\DPS 920\DPS920_final_project\IMG\right_2026_07_27_15_32_16_446.jpg,-0.2,1,0,30.1857
D:\DPS 920\DPS920_final_project\IMG\center_2026_07_27_15_32_16_522.jpg,D:\DPS 920\DPS920_final_project\IMG\left_2026_07_27_15_32_16_522.jpg,D:\DPS 920\DPS920_final_project\IMG\right_2026_07_27_15_32_16_522.jpg,-0.05,1,0,30.19156
D:\DPS 920\DPS920_final_project\IMG\center_2026_07_27_15_32_16_594.jpg,D:\DPS 920\DPS920_final_project\IMG\left_2026_07_27_15_32_16_594.jpg,D:\DPS 920\DPS920_final_project\IMG\right_2026_07_27_15_32_16_594.jpg,-0.2,1,0,30.18714
D:\DPS 920\DPS920_final_project\IMG\center_2026_07_27_15_32_16_669.jpg,D:\DPS 920\DPS920_final_project\IMG\left_2026_07_27_15_32_16_669.jpg,D:\DPS 920\DPS920_final_project\IMG\right_2026_07_27_15_32_16_669.jpg,0,1,0,30.18469
D:\DPS 920\DPS920_final_project\IMG\center_2026_07_27_15_32_16_744.jpg,D:\DPS 920\DPS920_final_project\IMG\left_2026_07_27_15_32_16_744.jpg,D:\DPS 920\DPS920_final_project\IMG\right_2026_07_27_15_32_16_744.jpg,-0.2,1,0,30.18783
D:\DPS 920\DPS920_final_project\IMG\center_2026_07_27_15_32_16_819.jpg,D:\DPS 920\DPS920_final_project\IMG\left_2026_07_27_15_32_16_819.jpg,D:\DPS 920\DPS920_final_project\IMG\right_2026_07_27_15_32_16_819.jpg,0,1,0,30.1907
D:\DPS 920\DPS920_final_project\IMG\center_2026_07_27_15_32_16_896.jpg,D:\DPS 920\DPS920_final_project\IMG\left_2026_07_27_15_32_16_896.jpg,D:\DPS 920\DPS920_final_project\IMG\right_2026_07_27_15_32_16_896.jpg,-0.05,1,0,30.18944
D:\DPS 920\DPS920_final_project\IMG\center_2026_07_27_15_32_16_969.jpg,D:\DPS 920\DPS920_final_project\IMG\left_2026_07_27_15_32_16_969.jpg,D:\DPS 920\DPS920_final_project\IMG\right_2026_07_27_15_32_16_969.jpg,-0.25,1,0,30.17821
D:\DPS 920\DPS920_final_project\IMG\center_2026_07_27_15_32_17_044.jpg,D:\DPS 920\DPS920_final_project\IMG\left_2026_07_27_15_32_17_044.jpg,D:\DPS 920\DPS920_final_project\IMG\right_2026_07_27_15_32_17_044.jpg,-0.45,1,0,30.15482
D:\DPS 920\DPS920_final_project\IMG\center_2026_07_27_15_32_17_120.jpg,D:\DPS 920\DPS920_final_project\IMG\left_2026_07_27_15_32_17_120.jpg,D:\DPS 920\DPS920_final_project\IMG\right_2026_07_27_15_32_17_120.jpg,-0.6500001,1,0,30.12904
D:\DPS 920\DPS920_final_project\IMG\center_2026_07_27_15_32_17_196.jpg,D:\DPS 920\DPS920_final_project\IMG\left_2026_07_27_15_32_17_196.jpg,D:\DPS 920\DPS920_final_project\IMG\right_2026_07_27_15_32_17_196.jpg,-0.8000001,1,0,30.11071
D:\DPS 920\DPS920_final_project\IMG\center_2026_07_27_15_32_17_264.jpg,D:\DPS 920\DPS920_final_project\IMG\left_2026_07_27_15_32_17_264.jpg,D:\DPS 920\DPS920_final_project\IMG\right_2026_07_27_15_32_17_264.jpg,-1,1,0,30.09345
D:\DPS 920\DPS920_final_project\IMG\center_2026_07_27_15_32_17_333.jpg,D:\DPS 920\DPS920_final_project\IMG\left_2026_07_27_15_32_17_333.jpg,D:\DPS 920\DPS920_final_project\IMG\right_2026_07_27_15_32_17_333.jpg,0,1,0,30.1568
D:\DPS 920\DPS920_final_project\IMG\center_2026_07_27_15_32_17_411.jpg,D:\DPS 920\DPS920_final_project\IMG\left_2026_07_27_15_32_17_411.jpg,D:\DPS 920\DPS920_final_project\IMG\right_2026_07_27_15_32_17_411.jpg,0,1,0,30.17603
D:\DPS 920\DPS920_final_project\IMG\center_2026_07_27_15_32_17_490.jpg,D:\DPS 920\DPS920_final_project\IMG\left_2026_07_27_15_32_17_490.jpg,D:\DPS 920\DPS920_final_project\IMG\right_2026_07_27_15_32_17_490.jpg,0,1,0,30.18901
D:\DPS 920\DPS920_final_project\IMG\center_2026_07_27_15_32_17_556.jpg,D:\DPS 920\DPS920_final_project\IMG\left_2026_07_27_15_32_17_556.jpg,D:\DPS 920\DPS920_final_project\IMG\right_2026_07_27_15_32_17_556.jpg,0,1,0,30.19023
D:\DPS 920\DPS920_final_project\IMG\center_2026_07_27_15_32_17_636.jpg,D:\DPS 920\DPS920_final_project\IMG\left_2026_07_27_15_32_17_636.jpg,D:\DPS 920\DPS920_final_project\IMG\right_2026_07_27_15_32_17_636.jpg,0,1,0,30.19029
D:\DPS 920\DPS920_final_project\IMG\center_2026_07_27_15_32_17_703.jpg,D:\DPS 920\DPS920_final_project\IMG\left_2026_07_27_15_32_17_703.jpg,D:\DPS 920\DPS920_final_project\IMG\right_2026_07_27_15_32_17_703.jpg,-0.05,1,0,30.18988
D:\DPS 920\DPS920_final_project\IMG\center_2026_07_27_15_32_17_783.jpg,D:\DPS 920\DPS920_final_project\IMG\left_2026_07_27_15_32_17_783.jpg,D:\DPS 920\DPS920_final_project\IMG\right_2026_07_27_15_32_17_783.jpg,0,1,0,30.18786
D:\DPS 920\DPS920_final_project\IMG\center_2026_07_27_15_32_17_859.jpg,D:\DPS 920\DPS920_final_project\IMG\left_2026_07_27_15_32_17_859.jpg,D:\DPS 920\DPS920_final_project\IMG\right_2026_07_27_15_32_17_859.jpg,-0.05,1,0,30.18997
D:\DPS 920\DPS920_final_project\IMG\center_2026_07_27_15_32_17_938.jpg,D:\DPS 920\DPS920_final_project\IMG\left_2026_07_27_15_32_17_938.jpg,D:\DPS 920\DPS920_final_project\IMG\right_2026_07_27_15_32_17_938.jpg,-0.25,1,0,30.17644
D:\DPS 920\DPS920_final_project\IMG\center_2026_07_27_15_32_18_006.jpg,D:\DPS 920\DPS920_final_project\IMG\left_2026_07_27_15_32_18_006.jpg,D:\DPS 920\DPS920_final_project\IMG\right_2026_07_27_15_32_18_006.jpg,0,1,0,30.18941
D:\DPS 920\DPS920_final_project\IMG\center_2026_07_27_15_32_18_085.jpg,D:\DPS 920\DPS920_final_project\IMG\left_2026_07_27_15_32_18_085.jpg,D:\DPS 920\DPS920_final_project\IMG\right_2026_07_27_15_32_18_085.jpg,-0.2,1,0,30.18291
D:\DPS 920\DPS920_final_project\IMG\center_2026_07_27_15_32_18_151.jpg,D:\DPS 920\DPS920_final_project\IMG\left_2026_07_27_15_32_18_151.jpg,D:\DPS 920\DPS920_final_project\IMG\right_2026_07_27_15_32_18_151.jpg,-0.35,1,0,30.16632
D:\DPS 920\DPS920_final_project\IMG\center_2026_07_27_15_32_18_231.jpg,D:\DPS 920\DPS920_final_project\IMG\left_2026_07_27_15_32_18_231.jpg,D:\DPS 920\DPS920_final_project\IMG\right_2026_07_27_15_32_18_231.jpg,-0.5500001,1,0,30.14119
D:\DPS 920\DPS920_final_project\IMG\center_2026_07_27_15_32_18_303.jpg,D:\DPS 920\DPS920_final_project\IMG\left_2026_07_27_15_32_18_303.jpg,D:\DPS 920\DPS920_final_project\IMG\right_2026_07_27_15_32_18_303.jpg,0,1,0,30.1771
D:\DPS 920\DPS920_final_project\IMG\center_2026_07_27_15_32_18_373.jpg,D:\DPS 920\DPS920_final_project\IMG\left_2026_07_27_15_32_18_373.jpg,D:\DPS 920\DPS920_final_project\IMG\right_2026_07_27_15_32_18_373.jpg,-0.1,1,0,30.19178
D:\DPS 920\DPS920_final_project\IMG\center_2026_07_27_15_32_18_442.jpg,D:\DPS 920\DPS920_final_project\IMG\left_2026_07_27_15_32_18_442.jpg,D:\DPS 920\DPS920_final_project\IMG\right_2026_07_27_15_32_18_442.jpg,0,1,0,30.18871
D:\DPS 920\DPS920_final_project\IMG\center_2026_07_27_15_32_18_512.jpg,D:\DPS 920\DPS920_final_project\IMG\left_2026_07_27_15_32_18_512.jpg,D:\DPS 920\DPS920_final_project\IMG\right_2026_07_27_15_32_18_512.jpg,0,1,0,30.18906
D:\DPS 920\DPS920_final_project\IMG\center_2026_07_27_15_32_18_585.jpg,D:\DPS 920\DPS920_final_project\IMG\left_2026_07_27_15_32_18_585.jpg,D:\DPS 920\DPS920_final_project\IMG\right_2026_07_27_15_32_18_585.jpg,0,1,0,30.1901
D:\DPS 920\DPS920_final_project\IMG\center_2026_07_27_15_32_18_657.jpg,D:\DPS 920\DPS920_final_project\IMG\left_2026_07_27_15_32_18_657.jpg,D:\DPS 920\DPS920_final_project\IMG\right_2026_07_27_15_32_18_657.jpg,0,1,0,30.19029
D:\DPS 920\DPS920_final_project\IMG\center_2026_07_27_15_32_18_728.jpg,D:\DPS 920\DPS920_final_project\IMG\left_2026_07_27_15_32_18_728.jpg,D:\DPS 920\DPS920_final_project\IMG\right_2026_07_27_15_32_18_728.jpg,0,1,0,30.19034
D:\DPS 920\DPS920_final_project\IMG\center_2026_07_27_15_32_18_796.jpg,D:\DPS 920\DPS920_final_project\IMG\left_2026_07_27_15_32_18_796.jpg,D:\DPS 920\DPS920_final_project\IMG\right_2026_07_27_15_32_18_796.jpg,0,1,0,30.19031
D:\DPS 920\DPS920_final_project\IMG\center_2026_07_27_15_32_18_865.jpg,D:\DPS 920\DPS920_final_project\IMG\left_2026_07_27_15_32_18_865.jpg,D:\DPS 920\DPS920_final_project\IMG\right_2026_07_27_15_32_18_865.jpg,0,1,0,30.1903
D:\DPS 920\DPS920_final_project\IMG\center_2026_07_27_15_32_18_943.jpg,D:\DPS 920\DPS920_final_project\IMG\left_2026_07_27_15_32_18_943.jpg,D:\DPS 920\DPS920_final_project\IMG\right_2026_07_27_15_32_18_943.jpg,0,1,0,30.19022
D:\DPS 920\DPS920_final_project\IMG\center_2026_07_27_15_32_19_012.jpg,D:\DPS 920\DPS920_final_project\IMG\left_2026_07_27_15_32_19_012.jpg,D:\DPS 920\DPS920_final_project\IMG\right_2026_07_27_15_32_19_012.jpg,0,1,0,30.19032
D:\DPS 920\DPS920_final_project\IMG\center_2026_07_27_15_32_19_090.jpg,D:\DPS 920\DPS920_final_project\IMG\left_2026_07_27_15_32_19_090.jpg,D:\DPS 920\DPS920_final_project\IMG\right_2026_07_27_15_32_19_090.jpg,0,1,0,30.1903
D:\DPS 920\DPS920_final_project\IMG\center_2026_07_27_15_32_19_166.jpg,D:\DPS 920\DPS920_final_project\IMG\left_2026_07_27_15_32_19_166.jpg,D:\DPS 920\DPS920_final_project\IMG\right_2026_07_27_15_32_19_166.jpg,0,1,0,30.19016
D:\DPS 920\DPS920_final_project\IMG\center_2026_07_27_15_32_19_242.jpg,D:\DPS 920\DPS920_final_project\IMG\left_2026_07_27_15_32_19_242.jpg,D:\DPS 920\DPS920_final_project\IMG\right_2026_07_27_15_32_19_242.jpg,0,1,0,30.19029
D:\DPS 920\DPS920_final_project\IMG\center_2026_07_27_15_32_19_318.jpg,D:\DPS 920\DPS920_final_project\IMG\left_2026_07_27_15_32_19_318.jpg,D:\DPS 920\DPS920_final_project\IMG\right_2026_07_27_15_32_19_318.jpg,0,1,0,30.19031
D:\DPS 920\DPS920_final_project\IMG\center_2026_07_27_15_32_19_397.jpg,D:\DPS 920\DPS920_final_project\IMG\left_2026_07_27_15_32_19_397.jpg,D:\DPS 920\DPS920_final_project\IMG\right_2026_07_27_15_32_19_397.jpg,-0.1,1,0,30.18765
D:\DPS 920\DPS920_final_project\IMG\center_2026_07_27_15_32_19_464.jpg,D:\DPS 920\DPS920_final_project\IMG\left_2026_07_27_15_32_19_464.jpg,D:\DPS 920\DPS920_final_project\IMG\right_2026_07_27_15_32_19_464.jpg,-0.3,1,0,30.1692
D:\DPS 920\DPS920_final_project\IMG\center_2026_07_27_15_32_19_544.jpg,D:\DPS 920\DPS920_final_project\IMG\left_2026_07_27_15_32_19_544.jpg,D:\DPS 920\DPS920_final_project\IMG\right_2026_07_27_15_32_19_544.jpg,-0.05,1,0,30.18906
D:\DPS 920\DPS920_final_project\IMG\center_2026_07_27_15_32_19_611.jpg,D:\DPS 920\DPS920_final_project\IMG\left_2026_07_27_15_32_19_611.jpg,D:\DPS 920\DPS920_final_project\IMG\right_2026_07_27_15_32_19_611.jpg,-0.2,1,0,30.1851
D:\DPS 920\DPS920_final_project\IMG\center_2026_07_27_15_32_19_691.jpg,D:\DPS 920\DPS920_final_project\IMG\left_2026_07_27_15_32_19_691.jpg,D:\DPS 920\DPS920_final_project\IMG\right_2026_07_27_15_32_19_691.jpg,0,1,0,30.18877
D:\DPS 920\DPS920_final_project\IMG\center_2026_07_27_15_32_19_760.jpg,D:\DPS 920\DPS920_final_project\IMG\left_2026_07_27_15_32_19_760.jpg,D:\DPS 920\DPS920_final_project\IMG\right_2026_07_27_15_32_19_760.jpg,0,1,0,30.18988
D:\DPS 920\DPS920_final_project\IMG\center_2026_07_27_15_32_19_837.jpg,D:\DPS 920\DPS920_final_project\IMG\left_2026_07_27_15_32_19_837.jpg,D:\DPS 920\DPS920_final_project\IMG\right_2026_07_27_15_32_19_837.jpg,0,1,0,30.19024
D:\DPS 920\DPS920_final_project\IMG\center_2026_07_27_15_32_19_913.jpg,D:\DPS 920\DPS920_final_project\IMG\left_2026_07_27_15_32_19_913.jpg,D:\DPS 920\DPS920_final_project\IMG\right_2026_07_27_15_32_19_913.jpg,0,1,0,30.19029
D:\DPS 920\DPS920_final_project\IMG\center_2026_07_27_15_32_19_989.jpg,D:\DPS 920\DPS920_final_project\IMG\left_2026_07_27_15_32_19_989.jpg,D:\DPS 920\DPS920_final_project\IMG\right_2026_07_27_15_32_19_989.jpg,0,1,0,30.1903
D:\DPS 920\DPS920_final_project\IMG\center_2026_07_27_15_32_20_065.jpg,D:\DPS 920\DPS920_final_project\IMG\left_2026_07_27_15_32_20_065.jpg,D:\DPS 920\DPS920_final_project\IMG\right_2026_07_27_15_32_20_065.jpg,0,1,0,30.19028
D:\DPS 920\DPS920_final_project\IMG\center_2026_07_27_15_32_20_141.jpg,D:\DPS 920\DPS920_final_project\IMG\left_2026_07_27_15_32_20_141.jpg,D:\DPS 920\DPS920_final_project\IMG\right_2026_07_27_15_32_20_141.jpg,0,1,0,30.19029
D:\DPS 920\DPS920_final_project\IMG\center_2026_07_27_15_32_20_218.jpg,D:\DPS 920\DPS920_final_project\IMG\left_2026_07_27_15_32_20_218.jpg,D:\DPS 920\DPS920_final_project\IMG\right_2026_07_27_15_32_20_218.jpg,0,1,0,30.19029
D:\DPS 920\DPS920_final_project\IMG\center_2026_07_27_15_32_20_293.jpg,D:\DPS 920\DPS920_final_project\IMG\left_2026_07_27_15_32_20_293.jpg,D:\DPS 920\DPS920_final_project\IMG\right_2026_07_27_15_32_20_293.jpg,-0.15,1,0,30.18424
D:\DPS 920\DPS920_final_project\IMG\center_2026_07_27_15_32_20_368.jpg,D:\DPS 920\DPS920_final_project\IMG\left_2026_07_27_15_32_20_368.jpg,D:\DPS 920\DPS920_final_project\IMG\right_2026_07_27_15_32_20_368.jpg,0,1,0,30.19034
D:\DPS 920\DPS920_final_project\IMG\center_2026_07_27_15_32_20_434.jpg,D:\DPS 920\DPS920_final_project\IMG\left_2026_07_27_15_32_20_434.jpg,D:\DPS 920\DPS920_final_project\IMG\right_2026_07_27_15_32_20_434.jpg,-0.1,1,0,30.18827
D:\DPS 920\DPS920_final_project\IMG\center_2026_07_27_15_32_20_503.jpg,D:\DPS 920\DPS920_final_project\IMG\left_2026_07_27_15_32_20_503.jpg,D:\DPS 920\DPS920_final_project\IMG\right_2026_07_27_15_32_20_503.jpg,0,1,0,30.19083
D:\DPS 920\DPS920_final_project\IMG\center_2026_07_27_15_32_20_579.jpg,D:\DPS 920\DPS920_final_project\IMG\left_2026_07_27_15_32_20_579.jpg,D:\DPS 920\DPS920_final_project\IMG\right_2026_07_27_15_32_20_579.jpg,0,1,0,30.19023
D:\DPS 920\DPS920_final_project\IMG\center_2026_07_27_15_32_20_655.jpg,D:\DPS 920\DPS920_final_project\IMG\left_2026_07_27_15_32_20_655.jpg,D:\DPS 920\DPS920_final_project\IMG\right_2026_07_27_15_32_20_655.jpg,0,1,0,30.19027
D:\DPS 920\DPS920_final_project\IMG\center_2026_07_27_15_32_20_726.jpg,D:\DPS 920\DPS920_final_project\IMG\left_2026_07_27_15_32_20_726.jpg,D:\DPS 920\DPS920_final_project\IMG\right_2026_07_27_15_32_20_726.jpg,0,1,0,30.19032
D:\DPS 920\DPS920_final_project\IMG\center_2026_07_27_15_32_20_800.jpg,D:\DPS 920\DPS920_final_project\IMG\left_2026_07_27_15_32_20_800.jpg,D:\DPS 920\DPS920_final_project\IMG\right_2026_07_27_15_32_20_800.jpg,0,1,0,30.19031
D:\DPS 920\DPS920_final_project\IMG\center_2026_07_27_15_32_20_874.jpg,D:\DPS 920\DPS920_final_project\IMG\left_2026_07_27_15_32_20_874.jpg,D:\DPS 920\DPS920_final_project\IMG\right_2026_07_27_15_32_20_874.jpg,0,1,0,30.19032
D:\DPS 920\DPS920_final_project\IMG\center_2026_07_27_15_32_20_948.jpg,D:\DPS 920\DPS920_final_project\IMG\left_2026_07_27_15_32_20_948.jpg,D:\DPS 920\DPS920_final_project\IMG\right_2026_07_27_15_32_20_948.jpg,0,1,0,30.1903
D:\DPS 920\DPS920_final_project\IMG\center_2026_07_27_15_32_21_023.jpg,D:\DPS 920\DPS920_final_project\IMG\left_2026_07_27_15_32_21_023.jpg,D:\DPS 920\DPS920_final_project\IMG\right_2026_07_27_15_32_21_023.jpg,-0.15,1,0,30.1843
D:\DPS 920\DPS920_final_project\IMG\center_2026_07_27_15_32_21_096.jpg,D:\DPS 920\DPS920_final_project\IMG\left_2026_07_27_15_32_21_096.jpg,D:\DPS 920\DPS920_final_project\IMG\right_2026_07_27_15_32_21_096.jpg,0,1,0,30.18599
D:\DPS 920\DPS920_final_project\IMG\center_2026_07_27_15_32_21_170.jpg,D:\DPS 920\DPS920_final_project\IMG\left_2026_07_27_15_32_21_170.jpg,D:\DPS 920\DPS920_final_project\IMG\right_2026_07_27_15_32_21_170.jpg,0,1,0,30.18998
D:\DPS 920\DPS920_final_project\IMG\center_2026_07_27_15_32_21_248.jpg,D:\DPS 920\DPS920_final_project\IMG\left_2026_07_27_15_32_21_248.jpg,D:\DPS 920\DPS920_final_project\IMG\right_2026_07_27_15_32_21_248.jpg,0,1,0,30.19024
D:\DPS 920\DPS920_final_project\IMG\center_2026_07_27_15_32_21_325.jpg,D:\DPS 920\DPS920_final_project\IMG\left_2026_07_27_15_32_21_325.jpg,D:\DPS 920\DPS920_final_project\IMG\right_2026_07_27_15_32_21_325.jpg,0,1,0,30.1903
D:\DPS 920\DPS920_final_project\IMG\center_2026_07_27_15_32_21_399.jpg,D:\DPS 920\DPS920_final_project\IMG\left_2026_07_27_15_32_21_399.jpg,D:\DPS 920\DPS920_final_project\IMG\right_2026_07_27_15_32_21_399.jpg,-0.1,1,0,30.18795
D:\DPS 920\DPS920_final_project\IMG\center_2026_07_27_15_32_21_471.jpg,D:\DPS 920\DPS920_final_project\IMG\left_2026_07_27_15_32_21_471.jpg,D:\DPS 920\DPS920_final_project\IMG\right_2026_07_27_15_32_21_471.jpg,-0.25,1,0,30.17522
D:\DPS 920\DPS920_final_project\IMG\center_2026_07_27_15_32_21_545.jpg,D:\DPS 920\DPS920_final_project\IMG\left_2026_07_27_15_32_21_545.jpg,D:\DPS 920\DPS920_final_project\IMG\right_2026_07_27_15_32_21_545.jpg,0,1,0,30.19018
D:\DPS 920\DPS920_final_project\IMG\center_2026_07_27_15_32_21_614.jpg,D:\DPS 920\DPS920_final_project\IMG\left_2026_07_27_15_32_21_614.jpg,D:\DPS 920\DPS920_final_project\IMG\right_2026_07_27_15_32_21_614.jpg,0,1,0,30.19015
D:\DPS 920\DPS920_final_project\IMG\center_2026_07_27_15_32_21_686.jpg,D:\DPS 920\DPS920_final_project\IMG\left_2026_07_27_15_32_21_686.jpg,D:\DPS 920\DPS920_final_project\IMG\right_2026_07_27_15_32_21_686.jpg,0,1,0,30.19024
D:\DPS 920\DPS920_final_project\IMG\center_2026_07_27_15_32_21_754.jpg,D:\DPS 920\DPS920_final_project\IMG\left_2026_07_27_15_32_21_754.jpg,D:\DPS 920\DPS920_final_project\IMG\right_2026_07_27_15_32_21_754.jpg,0,1,0,30.19029
D:\DPS 920\DPS920_final_project\IMG\center_2026_07_27_15_32_21_825.jpg,D:\DPS 920\DPS920_final_project\IMG\left_2026_07_27_15_32_21_825.jpg,D:\DPS 920\DPS920_final_project\IMG\right_2026_07_27_15_32_21_825.jpg,0,1,0,30.1903
D:\DPS 920\DPS920_final_project\IMG\center_2026_07_27_15_32_21_895.jpg,D:\DPS 920\DPS920_final_project\IMG\left_2026_07_27_15_32_21_895.jpg,D:\DPS 920\DPS920_final_project\IMG\right_2026_07_27_15_32_21_895.jpg,0,1,0,30.19032
D:\DPS 920\DPS920_final_project\IMG\center_2026_07_27_15_32_21_966.jpg,D:\DPS 920\DPS920_final_project\IMG\left_2026_07_27_15_32_21_966.jpg,D:\DPS 920\DPS920_final_project\IMG\right_2026_07_27_15_32_21_966.jpg,0,1,0,30.19031
D:\DPS 920\DPS920_final_project\IMG\center_2026_07_27_15_32_22_038.jpg,D:\DPS 920\DPS920_final_project\IMG\left_2026_07_27_15_32_22_038.jpg,D:\DPS 920\DPS920_final_project\IMG\right_2026_07_27_15_32_22_038.jpg,0,1,0,30.19028
D:\DPS 920\DPS920_final_project\IMG\center_2026_07_27_15_32_22_107.jpg,D:\DPS 920\DPS920_final_project\IMG\left_2026_07_27_15_32_22_107.jpg,D:\DPS 920\DPS920_final_project\IMG\right_2026_07_27_15_32_22_107.jpg,0,1,0,30.19026
D:\DPS 920\DPS920_final_project\IMG\center_2026_07_27_15_32_22_174.jpg,D:\DPS 920\DPS920_final_project\IMG\left_2026_07_27_15_32_22_174.jpg,D:\DPS 920\DPS920_final_project\IMG\right_2026_07_27_15_32_22_174.jpg,0,1,0,30.1903
D:\DPS 920\DPS920_final_project\IMG\center_2026_07_27_15_32_22_242.jpg,D:\DPS 920\DPS920_final_project\IMG\left_2026_07_27_15_32_22_242.jpg,D:\DPS 920\DPS920_final_project\IMG\right_2026_07_27_15_32_22_242.jpg,0,1,0,30.1903
D:\DPS 920\DPS920_final_project\IMG\center_2026_07_27_15_32_22_309.jpg,D:\DPS 920\DPS920_final_project\IMG\left_2026_07_27_15_32_22_309.jpg,D:\DPS 920\DPS920_final_project\IMG\right_2026_07_27_15_32_22_309.jpg,0,1,0,30.19029
D:\DPS 920\DPS920_final_project\IMG\center_2026_07_27_15_32_22_383.jpg,D:\DPS 920\DPS920_final_project\IMG\left_2026_07_27_15_32_22_383.jpg,D:\DPS 920\DPS920_final_project\IMG\right_2026_07_27_15_32_22_383.jpg,0,1,0,30.19033
D:\DPS 920\DPS920_final_project\IMG\center_2026_07_27_15_32_22_458.jpg,D:\DPS 920\DPS920_final_project\IMG\left_2026_07_27_15_32_22_458.jpg,D:\DPS 920\DPS920_final_project\IMG\right_2026_07_27_15_32_22_458.jpg,0,1,0,30.19024
D:\DPS 920\DPS920_final_project\IMG\center_2026_07_27_15_32_22_532.jpg,D:\DPS 920\DPS920_final_project\IMG\left_2026_07_27_15_32_22_532.jpg,D:\DPS 920\DPS920_final_project\IMG\right_2026_07_27_15_32_22_532.jpg,0,1,0,30.1903
D:\DPS 920\DPS920_final_project\IMG\center_2026_07_27_15_32_22_603.jpg,D:\DPS 920\DPS920_final_project\IMG\left_2026_07_27_15_32_22_603.jpg,D:\DPS 920\DPS920_final_project\IMG\right_2026_07_27_15_32_22_603.jpg,0,1,0,30.19029
D:\DPS 920\DPS920_final_project\IMG\center_2026_07_27_15_32_22_670.jpg,D:\DPS 920\DPS920_final_project\IMG\left_2026_07_27_15_32_22_670.jpg,D:\DPS 920\DPS920_final_project\IMG\right_2026_07_27_15_32_22_670.jpg,0,1,0,30.1903
D:\DPS 920\DPS920_final_project\IMG\center_2026_07_27_15_32_22_737.jpg,D:\DPS 920\DPS920_final_project\IMG\left_2026_07_27_15_32_22_737.jpg,D:\DPS 920\DPS920_final_project\IMG\right_2026_07_27_15_32_22_737.jpg,0,1,0,30.19033
D:\DPS 920\DPS920_final_project\IMG\center_2026_07_27_15_32_22_805.jpg,D:\DPS 920\DPS920_final_project\IMG\left_2026_07_27_15_32_22_805.jpg,D:\DPS 920\DPS920_final_project\IMG\right_2026_07_27_15_32_22_805.jpg,0.1,1,0,30.18771
D:\DPS 920\DPS920_final_project\IMG\center_2026_07_27_15_32_22_879.jpg,D:\DPS 920\DPS920_final_project\IMG\left_2026_07_27_15_32_22_879.jpg,D:\DPS 920\DPS920_final_project\IMG\right_2026_07_27_15_32_22_879.jpg,0,1,0,30.19105
D:\DPS 920\DPS920_final_project\IMG\center_2026_07_27_15_32_22_954.jpg,D:\DPS 920\DPS920_final_project\IMG\left_2026_07_27_15_32_22_954.jpg,D:\DPS 920\DPS920_final_project\IMG\right_2026_07_27_15_32_22_954.jpg,0,1,0,30.19011
D:\DPS 920\DPS920_final_project\IMG\center_2026_07_27_15_32_23_023.jpg,D:\DPS 920\DPS920_final_project\IMG\left_2026_07_27_15_32_23_023.jpg,D:\DPS 920\DPS920_final_project\IMG\right_2026_07_27_15_32_23_023.jpg,0,1,0,30.19025
D:\DPS 920\DPS920_final_project\IMG\center_2026_07_27_15_32_23_090.jpg,D:\DPS 920\DPS920_final_project\IMG\left_2026_07_27_15_32_23_090.jpg,D:\DPS 920\DPS920_final_project\IMG\right_2026_07_27_15_32_23_090.jpg,0,1,0,30.19029
D:\DPS 920\DPS920_final_project\IMG\center_2026_07_27_15_32_23_157.jpg,D:\DPS 920\DPS920_final_project\IMG\left_2026_07_27_15_32_23_157.jpg,D:\DPS 920\DPS920_final_project\IMG\right_2026_07_27_15_32_23_157.jpg,0,1,0,30.19031
D:\DPS 920\DPS920_final_project\IMG\center_2026_07_27_15_32_23_224.jpg,D:\DPS 920\DPS920_final_project\IMG\left_2026_07_27_15_32_23_224.jpg,D:\DPS 920\DPS920_final_project\IMG\right_2026_07_27_15_32_23_224.jpg,0,1,0,30.1903
D:\DPS 920\DPS920_final_project\IMG\center_2026_07_27_15_32_23_290.jpg,D:\DPS 920\DPS920_final_project\IMG\left_2026_07_27_15_32_23_290.jpg,D:\DPS 920\DPS920_final_project\IMG\right_2026_07_27_15_32_23_290.jpg,0,1,0,30.19029
D:\DPS 920\DPS920_final_project\IMG\center_2026_07_27_15_32_23_366.jpg,D:\DPS 920\DPS920_final_project\IMG\left_2026_07_27_15_32_23_366.jpg,D:\DPS 920\DPS920_final_project\IMG\right_2026_07_27_15_32_23_366.jpg,0.15,1,0,30.18432
D:\DPS 920\DPS920_final_project\IMG\center_2026_07_27_15_32_23_439.jpg,D:\DPS 920\DPS920_final_project\IMG\left_2026_07_27_15_32_23_439.jpg,D:\DPS 920\DPS920_final_project\IMG\right_2026_07_27_15_32_23_439.jpg,0,1,0,30.18969
D:\DPS 920\DPS920_final_project\IMG\center_2026_07_27_15_32_23_511.jpg,D:\DPS 920\DPS920_final_project\IMG\left_2026_07_27_15_32_23_511.jpg,D:\DPS 920\DPS920_final_project\IMG\right_2026_07_27_15_32_23_511.jpg,0,1,0,30.19025
D:\DPS 920\DPS920_final_project\IMG\center_2026_07_27_15_32_23_583.jpg,D:\DPS 920\DPS920_final_project\IMG\left_2026_07_27_15_32_23_583.jpg,D:\DPS 920\DPS920_final_project\IMG\right_2026_07_27_15_32_23_583.jpg,0,1,0,30.19027
D:\DPS 920\DPS920_final_project\IMG\center_2026_07_27_15_32_23_658.jpg,D:\DPS 920\DPS920_final_project\IMG\left_2026_07_27_15_32_23_658.jpg,D:\DPS 920\DPS920_final_project\IMG\right_2026_07_27_15_32_23_658.jpg,0,1,0,30.19024
D:\DPS 920\DPS920_final_project\IMG\center_2026_07_27_15_32_23_729.jpg,D:\DPS 920\DPS920_final_project\IMG\left_2026_07_27_15_32_23_729.jpg,D:\DPS 920\DPS920_final_project\IMG\right_2026_07_27_15_32_23_729.jpg,0.2,1,0,30.18036
D:\DPS 920\DPS920_final_project\IMG\center_2026_07_27_15_32_23_803.jpg,D:\DPS 920\DPS920_final_project\IMG\left_2026_07_27_15_32_23_803.jpg,D:\DPS 920\DPS920_final_project\IMG\right_2026_07_27_15_32_23_803.jpg,0,1,0,30.19021
D:\DPS 920\DPS920_final_project\IMG\center_2026_07_27_15_32_23_879.jpg,D:\DPS 920\DPS920_final_project\IMG\left_2026_07_27_15_32_23_879.jpg,D:\DPS 920\DPS920_final_project\IMG\right_2026_07_27_15_32_23_879.jpg,0.05,1,0,30.18963
D:\DPS 920\DPS920_final_project\IMG\center_2026_07_27_15_32_23_954.jpg,D:\DPS 920\DPS920_final_project\IMG\left_2026_07_27_15_32_23_954.jpg,D:\DPS 920\DPS920_final_project\IMG\right_2026_07_27_15_32_23_954.jpg,0,1,0,30.18849
D:\DPS 920\DPS920_final_project\IMG\center_2026_07_27_15_32_24_029.jpg,D:\DPS 920\DPS920_final_project\IMG\left_2026_07_27_15_32_24_029.jpg,D:\DPS 920\DPS920_final_project\IMG\right_2026_07_27_15_32_24_029.jpg,0,1,0,30.19007
D:\DPS 920\DPS920_final_project\IMG\center_2026_07_27_15_32_24_103.jpg,D:\DPS 920\DPS920_final_project\IMG\left_2026_07_27_15_32_24_103.jpg,D:\DPS 920\DPS920_final_project\IMG\right_2026_07_27_15_32_24_103.jpg,0.15,1,0,30.18471
D:\DPS 920\DPS920_final_project\IMG\center_2026_07_27_15_32_24_172.jpg,D:\DPS 920\DPS920_final_project\IMG\left_2026_07_27_15_32_24_172.jpg,D:\DPS 920\DPS920_final_project\IMG\right_2026_07_27_15_32_24_172.jpg,0,1,0,30.19031
D:\DPS 920\DPS920_final_project\IMG\center_2026_07_27_15_32_24_244.jpg,D:\DPS 920\DPS920_final_project\IMG\left_2026_07_27_15_32_24_244.jpg,D:\DPS 920\DPS920_final_project\IMG\right_2026_07_27_15_32_24_244.jpg,0,1,0,30.19025
D:\DPS 920\DPS920_final_project\IMG\center_2026_07_27_15_32_24_312.jpg,D:\DPS 920\DPS920_final_project\IMG\left_2026_07_27_15_32_24_312.jpg,D:\DPS 920\DPS920_final_project\IMG\right_2026_07_27_15_32_24_312.jpg,0.15,1,0,30.18517
D:\DPS 920\DPS920_final_project\IMG\center_2026_07_27_15_32_24_382.jpg,D:\DPS 920\DPS920_final_project\IMG\left_2026_07_27_15_32_24_382.jpg,D:\DPS 920\DPS920_final_project\IMG\right_2026_07_27_15_32_24_382.jpg,0,1,0,30.1899
D:\DPS 920\DPS920_final_project\IMG\center_2026_07_27_15_32_24_451.jpg,D:\DPS 920\DPS920_final_project\IMG\left_2026_07_27_15_32_24_451.jpg,D:\DPS 920\DPS920_final_project\IMG\right_2026_07_27_15_32_24_451.jpg,0.05,1,0,30.1901
D:\DPS 920\DPS920_final_project\IMG\center_2026_07_27_15_32_24_518.jpg,D:\DPS 920\DPS920_final_project\IMG\left_2026_07_27_15_32_24_518.jpg,D:\DPS 920\DPS920_final_project\IMG\right_2026_07_27_15_32_24_518.jpg,0.25,1,0,30.17705
D:\DPS 920\DPS920_final_project\IMG\center_2026_07_27_15_32_24_591.jpg,D:\DPS 920\DPS920_final_project\IMG\left_2026_07_27_15_32_24_591.jpg,D:\DPS 920\DPS920_final_project\IMG\right_2026_07_27_15_32_24_591.jpg,0,1,0,30.18984
D:\DPS 920\DPS920_final_project\IMG\center_2026_07_27_15_32_24_660.jpg,D:\DPS 920\DPS920_final_project\IMG\left_2026_07_27_15_32_24_660.jpg,D:\DPS 920\DPS920_final_project\IMG\right_2026_07_27_15_32_24_660.jpg,0,1,0,30.18968
D:\DPS 920\DPS920_final_project\IMG\center_2026_07_27_15_32_24_732.jpg,D:\DPS 920\DPS920_final_project\IMG\left_2026_07_27_15_32_24_732.jpg,D:\DPS 920\DPS920_final_project\IMG\right_2026_07_27_15_32_24_732.jpg,0,1,0,30.19073
D:\DPS 920\DPS920_final_project\IMG\center_2026_07_27_15_32_24_804.jpg,D:\DPS 920\DPS920_final_project\IMG\left_2026_07_27_15_32_24_804.jpg,D:\DPS 920\DPS920_final_project\IMG\right_2026_07_27_15_32_24_804.jpg,0.2,1,0,30.18118
D:\DPS 920\DPS920_final_project\IMG\center_2026_07_27_15_32_24_874.jpg,D:\DPS 920\DPS920_final_project\IMG\left_2026_07_27_15_32_24_874.jpg,D:\DPS 920\DPS920_final_project\IMG\right_2026_07_27_15_32_24_874.jpg,0,1,0,30.18962
D:\DPS 920\DPS920_final_project\IMG\center_2026_07_27_15_32_24_948.jpg,D:\DPS 920\DPS920_final_project\IMG\left_2026_07_27_15_32_24_948.jpg,D:\DPS 920\DPS920_final_project\IMG\right_2026_07_27_15_32_24_948.jpg,0.1,1,0,30.18918
D:\DPS 920\DPS920_final_project\IMG\center_2026_07_27_15_32_25_015.jpg,D:\DPS 920\DPS920_final_project\IMG\left_2026_07_27_15_32_25_015.jpg,D:\DPS 920\DPS920_final_project\IMG\right_2026_07_27_15_32_25_015.jpg,0.25,1,0,30.17622
D:\DPS 920\DPS920_final_project\IMG\center_2026_07_27_15_32_25_089.jpg,D:\DPS 920\DPS920_final_project\IMG\left_2026_07_27_15_32_25_089.jpg,D:\DPS 920\DPS920_final_project\IMG\right_2026_07_27_15_32_25_089.jpg,0,1,0,30.18995
D:\DPS 920\DPS920_final_project\IMG\center_2026_07_27_15_32_25_162.jpg,D:\DPS 920\DPS920_final_project\IMG\left_2026_07_27_15_32_25_162.jpg,D:\DPS 920\DPS920_final_project\IMG\right_2026_07_27_15_32_25_162.jpg,0.2,1,0,30.18227
D:\DPS 920\DPS920_final_project\IMG\center_2026_07_27_15_32_25_235.jpg,D:\DPS 920\DPS920_final_project\IMG\left_2026_07_27_15_32_25_235.jpg,D:\DPS 920\DPS920_final_project\IMG\right_2026_07_27_15_32_25_235.jpg,0,1,0,30.18569
D:\DPS 920\DPS920_final_project\IMG\center_2026_07_27_15_32_25_305.jpg,D:\DPS 920\DPS920_final_project\IMG\left_2026_07_27_15_32_25_305.jpg,D:\DPS 920\DPS920_final_project\IMG\right_2026_07_27_15_32_25_305.jpg,0.05,1,0,30.19013
D:\DPS 920\DPS920_final_project\IMG\center_2026_07_27_15_32_25_373.jpg,D:\DPS 920\DPS920_final_project\IMG\left_2026_07_27_15_32_25_373.jpg,D:\DPS 920\DPS920_final_project\IMG\right_2026_07_27_15_32_25_373.jpg,0.2,1,0,30.1831
D:\DPS 920\DPS920_final_project\IMG\center_2026_07_27_15_32_25_445.jpg,D:\DPS 920\DPS920_final_project\IMG\left_2026_07_27_15_32_25_445.jpg,D:\DPS 920\DPS920_final_project\IMG\right_2026_07_27_15_32_25_445.jpg,0.4,1,0,30.16088
D:\DPS 920\DPS920_final_project\IMG\center_2026_07_27_15_32_25_515.jpg,D:\DPS 920\DPS920_final_project\IMG\left_2026_07_27_15_32_25_515.jpg,D:\DPS 920\DPS920_final_project\IMG\right_2026_07_27_15_32_25_515.jpg,0.5500001,1,0,30.14104
D:\DPS 920\DPS920_final_project\IMG\center_2026_07_27_15_32_25_585.jpg,D:\DPS 920\DPS920_final_project\IMG\left_2026_07_27_15_32_25_585.jpg,D:\DPS 920\DPS920_final_project\IMG\right_2026_07_27_15_32_25_585.jpg,0,1,0,30.18284
D:\DPS 920\DPS920_final_project\IMG\center_2026_07_27_15_32_25_655.jpg,D:\DPS 920\DPS920_final_project\IMG\left_2026_07_27_15_32_25_655.jpg,D:\DPS 920\DPS920_final_project\IMG\right_2026_07_27_15_32_25_655.jpg,0.05,1,0,30.19037
D:\DPS 920\DPS920_final_project\IMG\center_2026_07_27_15_32_25_724.jpg,D:\DPS 920\DPS920_final_project\IMG\left_2026_07_27_15_32_25_724.jpg,D:\DPS 920\DPS920_final_project\IMG\right_2026_07_27_15_32_25_724.jpg,0.25,1,0,30.18252
D:\DPS 920\DPS920_final_project\IMG\center_2026_07_27_15_32_25_793.jpg,D:\DPS 920\DPS920_final_project\IMG\left_2026_07_27_15_32_25_793.jpg,D:\DPS 920\DPS920_final_project\IMG\right_2026_07_27_15_32_25_793.jpg,0,1,0,30.18932
D:\DPS 920\DPS920_final_project\IMG\center_2026_07_27_15_32_25_864.jpg,D:\DPS 920\DPS920_final_project\IMG\left_2026_07_27_15_32_25_864.jpg,D:\DPS 920\DPS920_final_project\IMG\right_2026_07_27_15_32_25_864.jpg,0.05,1,0,30.19133
D:\DPS 920\DPS920_final_project\IMG\center_2026_07_27_15_32_25_932.jpg,D:\DPS 920\DPS920_final_project\IMG\left_2026_07_27_15_32_25_932.jpg,D:\DPS 920\DPS920_final_project\IMG\right_2026_07_27_15_32_25_932.jpg,0.2,1,0,30.18278
D:\DPS 920\DPS920_final_project\IMG\center_2026_07_27_15_32_26_001.jpg,D:\DPS 920\DPS920_final_project\IMG\left_2026_07_27_15_32_26_001.jpg,D:\DPS 920\DPS920_final_project\IMG\right_2026_07_27_15_32_26_001.jpg,0.4,1,0,30.15905
D:\DPS 920\DPS920_final_project\IMG\center_2026_07_27_15_32_26_072.jpg,D:\DPS 920\DPS920_final_project\IMG\left_2026_07_27_15_32_26_072.jpg,D:\DPS 920\DPS920_final_project\IMG\right_2026_07_27_15_32_26_072.jpg,0,1,0,30.18842
D:\DPS 920\DPS920_final_project\IMG\center_2026_07_27_15_32_26_142.jpg,D:\DPS 920\DPS920_final_project\IMG\left_2026_07_27_15_32_26_142.jpg,D:\DPS 920\DPS920_final_project\IMG\right_2026_07_27_15_32_26_142.jpg,0.05,1,0,30.19049
D:\DPS 920\DPS920_final_project\IMG\center_2026_07_27_15_32_26_213.jpg,D:\DPS 920\DPS920_final_project\IMG\left_2026_07_27_15_32_26_213.jpg,D:\DPS 920\DPS920_final_project\IMG\right_2026_07_27_15_32_26_213.jpg,0.2,1,0,30.18487
D:\DPS 920\DPS920_final_project\IMG\center_2026_07_27_15_32_26_287.jpg,D:\DPS 920\DPS920_final_project\IMG\left_2026_07_27_15_32_26_287.jpg,D:\DPS 920\DPS920_final_project\IMG\right_2026_07_27_15_32_26_287.jpg,0.4,1,0,30.16306
D:\DPS 920\DPS920_final_project\IMG\center_2026_07_27_15_32_26_361.jpg,D:\DPS 920\DPS920_final_project\IMG\left_2026_07_27_15_32_26_361.jpg,D:\DPS 920\DPS920_final_project\IMG\right_2026_07_27_15_32_26_361.jpg,0.6000001,1,0,30.13065
D:\DPS 920\DPS920_final_project\IMG\center_2026_07_27_15_32_26_429.jpg,D:\DPS 920\DPS920_final_project\IMG\left_2026_07_27_15_32_26_429.jpg,D:\DPS 920\DPS920_final_project\IMG\right_2026_07_27_15_32_26_429.jpg,0.7500002,1,0,30.11685
D:\DPS 920\DPS920_final_project\IMG\center_2026_07_27_15_32_26_502.jpg,D:\DPS 920\DPS920_final_project\IMG\left_2026_07_27_15_32_26_502.jpg,D:\DPS 920\DPS920_final_project\IMG\right_2026_07_27_15_32_26_502.jpg,0.9500002,1,0,30.09715
D:\DPS 920\DPS920_final_project\IMG\center_2026_07_27_15_32_26_576.jpg,D:\DPS 920\DPS920_final_project\IMG\left_2026_07_27_15_32_26_576.jpg,D:\DPS 920\DPS920_final_project\IMG\right_2026_07_27_15_32_26_576.jpg,1,1,0,30.09708
D:\DPS 920\DPS920_final_project\IMG\center_2026_07_27_15_32_26_646.jpg,D:\DPS 920\DPS920_final_project\IMG\left_2026_07_27_15_32_26_646.jpg,D:\DPS 920\DPS920_final_project\IMG\right_2026_07_27_15_32_26_646.jpg,0,1,0,30.17209
D:\DPS 920\DPS920_final_project\IMG\center_2026_07_27_15_32_26_719.jpg,D:\DPS 920\DPS920_final_project\IMG\left_2026_07_27_15_32_26_719.jpg,D:\DPS 920\DPS920_final_project\IMG\right_2026_07_27_15_32_26_719.jpg,0,1,0,30.18461
D:\DPS 920\DPS920_final_project\IMG\center_2026_07_27_15_32_26_786.jpg,D:\DPS 920\DPS920_final_project\IMG\left_2026_07_27_15_32_26_786.jpg,D:\DPS 920\DPS920_final_project\IMG\right_2026_07_27_15_32_26_786.jpg,0,1,0,30.18756
D:\DPS 920\DPS920_final_project\IMG\center_2026_07_27_15_32_26_854.jpg,D:\DPS 920\DPS920_final_project\IMG\left_2026_07_27_15_32_26_854.jpg,D:\DPS 920\DPS920_final_project\IMG\right_2026_07_27_15_32_26_854.jpg,0,1,0,30.19041
D:\DPS 920\DPS920_final_project\IMG\center_2026_07_27_15_32_26_923.jpg,D:\DPS 920\DPS920_final_project\IMG\left_2026_07_27_15_32_26_923.jpg,D:\DPS 920\DPS920_final_project\IMG\right_2026_07_27_15_32_26_923.jpg,0.2,1,0,30.18363
D:\DPS 920\DPS920_final_project\IMG\center_2026_07_27_15_32_26_994.jpg,D:\DPS 920\DPS920_final_project\IMG\left_2026_07_27_15_32_26_994.jpg,D:\DPS 920\DPS920_final_project\IMG\right_2026_07_27_15_32_26_994.jpg,0.35,1,0,30.16603
D:\DPS 920\DPS920_final_project\IMG\center_2026_07_27_15_32_27_066.jpg,D:\DPS 920\DPS920_final_project\IMG\left_2026_07_27_15_32_27_066.jpg,D:\DPS 920\DPS920_final_project\IMG\right_2026_07_27_15_32_27_066.jpg,0.5500001,1,0,30.14175
D:\DPS 920\DPS920_final_project\IMG\center_2026_07_27_15_32_27_140.jpg,D:\DPS 920\DPS920_final_project\IMG\left_2026_07_27_15_32_27_140.jpg,D:\DPS 920\DPS920_final_project\IMG\right_2026_07_27_15_32_27_140.jpg,0.7500002,1,0,30.11513
D:\DPS 920\DPS920_final_project\IMG\center_2026_07_27_15_32_27_214.jpg,D:\DPS 920\DPS920_final_project\IMG\left_2026_07_27_15_32_27_214.jpg,D:\DPS 920\DPS920_final_project\IMG\right_2026_07_27_15_32_27_214.jpg,0,1,0,30.17294
D:\DPS 920\DPS920_final_project\IMG\center_2026_07_27_15_32_27_289.jpg,D:\DPS 920\DPS920_final_project\IMG\left_2026_07_27_15_32_27_289.jpg,D:\DPS 920\DPS920_final_project\IMG\right_2026_07_27_15_32_27_289.jpg,0,1,0,30.1857
D:\DPS 920\DPS920_final_project\IMG\center_2026_07_27_15_32_27_366.jpg,D:\DPS 920\DPS920_final_project\IMG\left_2026_07_27_15_32_27_366.jpg,D:\DPS 920\DPS920_final_project\IMG\right_2026_07_27_15_32_27_366.jpg,0,1,0,30.1894
D:\DPS 920\DPS920_final_project\IMG\center_2026_07_27_15_32_27_442.jpg,D:\DPS 920\DPS920_final_project\IMG\left_2026_07_27_15_32_27_442.jpg,D:\DPS 920\DPS920_final_project\IMG\right_2026_07_27_15_32_27_442.jpg,0,1,0,30.1903
D:\DPS 920\DPS920_final_project\IMG\center_2026_07_27_15_32_27_509.jpg,D:\DPS 920\DPS920_final_project\IMG\left_2026_07_27_15_32_27_509.jpg,D:\DPS 920\DPS920_final_project\IMG\right_2026_07_27_15_32_27_509.jpg,0,1,0,30.19066
D:\DPS 920\DPS920_final_project\IMG\center_2026_07_27_15_32_27_585.jpg,D:\DPS 920\DPS920_final_project\IMG\left_2026_07_27_15_32_27_585.jpg,D:\DPS 920\DPS920_final_project\IMG\right_2026_07_27_15_32_27_585.jpg,0,1,0,30.1903
D:\DPS 920\DPS920_final_project\IMG\center_2026_07_27_15_32_27_661.jpg,D:\DPS 920\DPS920_final_project\IMG\left_2026_07_27_15_32_27_661.jpg,D:\DPS 920\DPS920_final_project\IMG\right_2026_07_27_15_32_27_661.jpg,0,1,0,30.19024
D:\DPS 920\DPS920_final_project\IMG\center_2026_07_27_15_32_27_728.jpg,D:\DPS 920\DPS920_final_project\IMG\left_2026_07_27_15_32_27_728.jpg,D:\DPS 920\DPS920_final_project\IMG\right_2026_07_27_15_32_27_728.jpg,0,1,0,30.19076
D:\DPS 920\DPS920_final_project\IMG\center_2026_07_27_15_32_27_795.jpg,D:\DPS 920\DPS920_final_project\IMG\left_2026_07_27_15_32_27_795.jpg,D:\DPS 920\DPS920_final_project\IMG\right_2026_07_27_15_32_27_795.jpg,0,1,0,30.19056
D:\DPS 920\DPS920_final_project\IMG\center_2026_07_27_15_32_27_861.jpg,D:\DPS 920\DPS920_final_project\IMG\left_2026_07_27_15_32_27_861.jpg,D:\DPS 920\DPS920_final_project\IMG\right_2026_07_27_15_32_27_861.jpg,0.05,1,0,30.18856
D:\DPS 920\DPS920_final_project\IMG\center_2026_07_27_15_32_27_929.jpg,D:\DPS 920\DPS920_final_project\IMG\left_2026_07_27_15_32_27_929.jpg,D:\DPS 920\DPS920_final_project\IMG\right_2026_07_27_15_32_27_929.jpg,0.2,1,0,30.18015
D:\DPS 920\DPS920_final_project\IMG\center_2026_07_27_15_32_27_998.jpg,D:\DPS 920\DPS920_final_project\IMG\left_2026_07_27_15_32_27_998.jpg,D:\DPS 920\DPS920_final_project\IMG\right_2026_07_27_15_32_27_998.jpg,0.4,1,0,30.15712
D:\DPS 920\DPS920_final_project\IMG\center_2026_07_27_15_32_28_066.jpg,D:\DPS 920\DPS920_final_project\IMG\left_2026_07_27_15_32_28_066.jpg,D:\DPS 920\DPS920_final_project\IMG\right_2026_07_27_15_32_28_066.jpg,0.5500001,1,0,30.13855
D:\DPS 920\DPS920_final_project\IMG\center_2026_07_27_15_32_28_134.jpg,D:\DPS 920\DPS920_final_project\IMG\left_2026_07_27_15_32_28_134.jpg,D:\DPS 920\DPS920_final_project\IMG\right_2026_07_27_15_32_28_134.jpg,0,1,0,30.18116
D:\DPS 920\DPS920_final_project\IMG\center_2026_07_27_15_32_28_203.jpg,D:\DPS 920\DPS920_final_project\IMG\left_2026_07_27_15_32_28_203.jpg,D:\DPS 920\DPS920_final_project\IMG\right_2026_07_27_15_32_28_203.jpg,0,1,0,30.18853
D:\DPS 920\DPS920_final_project\IMG\center_2026_07_27_15_32_28_272.jpg,D:\DPS 920\DPS920_final_project\IMG\left_2026_07_27_15_32_28_272.jpg,D:\DPS 920\DPS920_final_project\IMG\right_2026_07_27_15_32_28_272.jpg,0,1,0,30.18975
D:\DPS 920\DPS920_final_project\IMG\center_2026_07_27_15_32_28_340.jpg,D:\DPS 920\DPS920_final_project\IMG\left_2026_07_27_15_32_28_340.jpg,D:\DPS 920\DPS920_final_project\IMG\right_2026_07_27_15_32_28_340.jpg,0,1,0,30.18992
D:\DPS 920\DPS920_final_project\IMG\center_2026_07_27_15_32_28_409.jpg,D:\DPS 920\DPS920_final_project\IMG\left_2026_07_27_15_32_28_409.jpg,D:\DPS 920\DPS920_final_project\IMG\right_2026_07_27_15_32_28_409.jpg,0,1,0,30.19067
D:\DPS 920\DPS920_final_project\IMG\center_2026_07_27_15_32_28_479.jpg,D:\DPS 920\DPS920_final_project\IMG\left_2026_07_27_15_32_28_479.jpg,D:\DPS 920\DPS920_final_project\IMG\right_2026_07_27_15_32_28_479.jpg,0,1,0,30.1904
D:\DPS 920\DPS920_final_project\IMG\center_2026_07_27_15_32_28_546.jpg,D:\DPS 920\DPS920_final_project\IMG\left_2026_07_27_15_32_28_546.jpg,D:\DPS 920\DPS920_final_project\IMG\right_2026_07_27_15_32_28_546.jpg,0,1,0,30.19037
D:\DPS 920\DPS920_final_project\IMG\center_2026_07_27_15_32_28_616.jpg,D:\DPS 920\DPS920_final_project\IMG\left_2026_07_27_15_32_28_616.jpg,D:\DPS 920\DPS920_final_project\IMG\right_2026_07_27_15_32_28_616.jpg,0,1,0,30.19037
D:\DPS 920\DPS920_final_project\IMG\center_2026_07_27_15_32_28_685.jpg,D:\DPS 920\DPS920_final_project\IMG\left_2026_07_27_15_32_28_685.jpg,D:\DPS 920\DPS920_final_project\IMG\right_2026_07_27_15_32_28_685.jpg,0,1,0,30.18996
D:\DPS 920\DPS920_final_project\IMG\center_2026_07_27_15_32_28_754.jpg,D:\DPS 920\DPS920_final_project\IMG\left_2026_07_27_15_32_28_754.jpg,D:\DPS 920\DPS920_final_project\IMG\right_2026_07_27_15_32_28_754.jpg,0,1,0,30.19063
D:\DPS 920\DPS920_final_project\IMG\center_2026_07_27_15_32_28_825.jpg,D:\DPS 920\DPS920_final_project\IMG\left_2026_07_27_15_32_28_825.jpg,D:\DPS 920\DPS920_final_project\IMG\right_2026_07_27_15_32_28_825.jpg,0,1,0,30.19081
D:\DPS 920\DPS920_final_project\IMG\center_2026_07_27_15_32_28_900.jpg,D:\DPS 920\DPS920_final_project\IMG\left_2026_07_27_15_32_28_900.jpg,D:\DPS 920\DPS920_final_project\IMG\right_2026_07_27_15_32_28_900.jpg,0.2,1,0,30.17943
D:\DPS 920\DPS920_final_project\IMG\center_2026_07_27_15_32_28_974.jpg,D:\DPS 920\DPS920_final_project\IMG\left_2026_07_27_15_32_28_974.jpg,D:\DPS 920\DPS920_final_project\IMG\right_2026_07_27_15_32_28_974.jpg,0,1,0,30.18526
D:\DPS 920\DPS920_final_project\IMG\center_2026_07_27_15_32_29_042.jpg,D:\DPS 920\DPS920_final_project\IMG\left_2026_07_27_15_32_29_042.jpg,D:\DPS 920\DPS920_final_project\IMG\right_2026_07_27_15_32_29_042.jpg,0,1,0,30.19037
D:\DPS 920\DPS920_final_project\IMG\center_2026_07_27_15_32_29_115.jpg,D:\DPS 920\DPS920_final_project\IMG\left_2026_07_27_15_32_29_115.jpg,D:\DPS 920\DPS920_final_project\IMG\right_2026_07_27_15_32_29_115.jpg,0,1,0,30.19006
D:\DPS 920\DPS920_final_project\IMG\center_2026_07_27_15_32_29_189.jpg,D:\DPS 920\DPS920_final_project\IMG\left_2026_07_27_15_32_29_189.jpg,D:\DPS 920\DPS920_final_project\IMG\right_2026_07_27_15_32_29_189.jpg,0,1,0,30.19027
D:\DPS 920\DPS920_final_project\IMG\center_2026_07_27_15_32_29_262.jpg,D:\DPS 920\DPS920_final_project\IMG\left_2026_07_27_15_32_29_262.jpg,D:\DPS 920\DPS920_final_project\IMG\right_2026_07_27_15_32_29_262.jpg,0,1,0,30.19018
D:\DPS 920\DPS920_final_project\IMG\center_2026_07_27_15_32_29_336.jpg,D:\DPS 920\DPS920_final_project\IMG\left_2026_07_27_15_32_29_336.jpg,D:\DPS 920\DPS920_final_project\IMG\right_2026_07_27_15_32_29_336.jpg,0,1,0,30.19033
D:\DPS 920\DPS920_final_project\IMG\center_2026_07_27_15_32_29_410.jpg,D:\DPS 920\DPS920_final_project\IMG\left_2026_07_27_15_32_29_410.jpg,D:\DPS 920\DPS920_final_project\IMG\right_2026_07_27_15_32_29_410.jpg,0,1,0,30.19031
D:\DPS 920\DPS920_final_project\IMG\center_2026_07_27_15_32_29_484.jpg,D:\DPS 920\DPS920_final_project\IMG\left_2026_07_27_15_32_29_484.jpg,D:\DPS 920\DPS920_final_project\IMG\right_2026_07_27_15_32_29_484.jpg,0,1,0,30.19023
D:\DPS 920\DPS920_final_project\IMG\center_2026_07_27_15_32_29_559.jpg,D:\DPS 920\DPS920_final_project\IMG\left_2026_07_27_15_32_29_559.jpg,D:\DPS 920\DPS920_final_project\IMG\right_2026_07_27_15_32_29_559.jpg,0,1,0,30.19031
D:\DPS 920\DPS920_final_project\IMG\center_2026_07_27_15_32_29_634.jpg,D:\DPS 920\DPS920_final_project\IMG\left_2026_07_27_15_32_29_634.jpg,D:\DPS 920\DPS920_final_project\IMG\right_2026_07_27_15_32_29_634.jpg,0,1,0,30.19032
D:\DPS 920\DPS920_final_project\IMG\center_2026_07_27_15_32_29_708.jpg,D:\DPS 920\DPS920_final_project\IMG\left_2026_07_27_15_32_29_708.jpg,D:\DPS 920\DPS920_final_project\IMG\right_2026_07_27_15_32_29_708.jpg,0,1,0,30.19032
D:\DPS 920\DPS920_final_project\IMG\center_2026_07_27_15_32_29_781.jpg,D:\DPS 920\DPS920_final_project\IMG\left_2026_07_27_15_32_29_781.jpg,D:\DPS 920\DPS920_final_project\IMG\right_2026_07_27_15_32_29_781.jpg,0.2,1,0,30.17985
D:\DPS 920\DPS920_final_project\IMG\center_2026_07_27_15_32_29_856.jpg,D:\DPS 920\DPS920_final_project\IMG\left_2026_07_27_15_32_29_856.jpg,D:\DPS 920\DPS920_final_project\IMG\right_2026_07_27_15_32_29_856.jpg,0,1,0,30.18453
D:\DPS 920\DPS920_final_project\IMG\center_2026_07_27_15_32_29_932.jpg,D:\DPS 920\DPS920_final_project\IMG\left_2026_07_27_15_32_29_932.jpg,D:\DPS 920\DPS920_final_project\IMG\right_2026_07_27_15_32_29_932.jpg,0,1,0,30.18981
D:\DPS 920\DPS920_final_project\IMG\center_2026_07_27_15_32_30_000.jpg,D:\DPS 920\DPS920_final_project\IMG\left_2026_07_27_15_32_30_000.jpg,D:\DPS 920\DPS920_final_project\IMG\right_2026_07_27_15_32_30_000.jpg,0,1,0,30.19021
D:\DPS 920\DPS920_final_project\IMG\center_2026_07_27_15_32_30_067.jpg,D:\DPS 920\DPS920_final_project\IMG\left_2026_07_27_15_32_30_067.jpg,D:\DPS 920\DPS920_final_project\IMG\right_2026_07_27_15_32_30_067.jpg,0,1,0,30.19032
D:\DPS 920\DPS920_final_project\IMG\center_2026_07_27_15_32_30_135.jpg,D:\DPS 920\DPS920_final_project\IMG\left_2026_07_27_15_32_30_135.jpg,D:\DPS 920\DPS920_final_project\IMG\right_2026_07_27_15_32_30_135.jpg,0,1,0,30.19031
D:\DPS 920\DPS920_final_project\IMG\center_2026_07_27_15_32_30_211.jpg,D:\DPS 920\DPS920_final_project\IMG\left_2026_07_27_15_32_30_211.jpg,D:\DPS 920\DPS920_final_project\IMG\right_2026_07_27_15_32_30_211.jpg,0,1,0,30.19027
D:\DPS 920\DPS920_final_project\IMG\center_2026_07_27_15_32_30_278.jpg,D:\DPS 920\DPS920_final_project\IMG\left_2026_07_27_15_32_30_278.jpg,D:\DPS 920\DPS920_final_project\IMG\right_2026_07_27_15_32_30_278.jpg,0,1,0,30.19029
D:\DPS 920\DPS920_final_project\IMG\center_2026_07_27_15_32_30_355.jpg,D:\DPS 920\DPS920_final_project\IMG\left_2026_07_27_15_32_30_355.jpg,D:\DPS 920\DPS920_final_project\IMG\right_2026_07_27_15_32_30_355.jpg,0.15,1,0,30.18435
D:\DPS 920\DPS920_final_project\IMG\center_2026_07_27_15_32_30_430.jpg,D:\DPS 920\DPS920_final_project\IMG\left_2026_07_27_15_32_30_430.jpg,D:\DPS 920\DPS920_final_project\IMG\right_2026_07_27_15_32_30_430.jpg,0,1,0,30.1897
D:\DPS 920\DPS920_final_project\IMG\center_2026_07_27_15_32_30_505.jpg,D:\DPS 920\DPS920_final_project\IMG\left_2026_07_27_15_32_30_505.jpg,D:\DPS 920\DPS920_final_project\IMG\right_2026_07_27_15_32_30_505.jpg,0,1,0,30.19023
D:\DPS 920\DPS920_final_project\IMG\center_2026_07_27_15_32_30_574.jpg,D:\DPS 920\DPS920_final_project\IMG\left_2026_07_27_15_32_30_574.jpg,D:\DPS 920\DPS920_final_project\IMG\right_2026_07_27_15_32_30_574.jpg,0,1,0,30.19028
D:\DPS 920\DPS920_final_project\IMG\center_2026_07_27_15_32_30_642.jpg,D:\DPS 920\DPS920_final_project\IMG\left_2026_07_27_15_32_30_642.jpg,D:\DPS 920\DPS920_final_project\IMG\right_2026_07_27_15_32_30_642.jpg,0,1,0,30.19028
D:\DPS 920\DPS920_final_project\IMG\center_2026_07_27_15_32_30_709.jpg,D:\DPS 920\DPS920_final_project\IMG\left_2026_07_27_15_32_30_709.jpg,D:\DPS 920\DPS920_final_project\IMG\right_2026_07_27_15_32_30_709.jpg,0,1,0,30.19032
D:\DPS 920\DPS920_final_project\IMG\center_2026_07_27_15_32_30_783.jpg,D:\DPS 920\DPS920_final_project\IMG\left_2026_07_27_15_32_30_783.jpg,D:\DPS 920\DPS920_final_project\IMG\right_2026_07_27_15_32_30_783.jpg,0,1,0,30.19028
D:\DPS 920\DPS920_final_project\IMG\center_2026_07_27_15_32_30_859.jpg,D:\DPS 920\DPS920_final_project\IMG\left_2026_07_27_15_32_30_859.jpg,D:\DPS 920\DPS920_final_project\IMG\right_2026_07_27_15_32_30_859.jpg,-0.15,1,0,30.18413
D:\DPS 920\DPS920_final_project\IMG\center_2026_07_27_15_32_30_932.jpg,D:\DPS 920\DPS920_final_project\IMG\left_2026_07_27_15_32_30_932.jpg,D:\DPS 920\DPS920_final_project\IMG\right_2026_07_27_15_32_30_932.jpg,0,1,0,30.19106
D:\DPS 920\DPS920_final_project\IMG\center_2026_07_27_15_32_31_004.jpg,D:\DPS 920\DPS920_final_project\IMG\left_2026_07_27_15_32_31_004.jpg,D:\DPS 920\DPS920_final_project\IMG\right_2026_07_27_15_32_31_004.jpg,0,1,0,30.19022
D:\DPS 920\DPS920_final_project\IMG\center_2026_07_27_15_32_31_076.jpg,D:\DPS 920\DPS920_final_project\IMG\left_2026_07_27_15_32_31_076.jpg,D:\DPS 920\DPS920_final_project\IMG\right_2026_07_27_15_32_31_076.jpg,0,1,0,30.19028
D:\DPS 920\DPS920_final_project\IMG\center_2026_07_27_15_32_31_147.jpg,D:\DPS 920\DPS920_final_project\IMG\left_2026_07_27_15_32_31_147.jpg,D:\DPS 920\DPS920_final_project\IMG\right_2026_07_27_15_32_31_147.jpg,0,1,0,30.19028
D:\DPS 920\DPS920_final_project\IMG\center_2026_07_27_15_32_31_217.jpg,D:\DPS 920\DPS920_final_project\IMG\left_2026_07_27_15_32_31_217.jpg,D:\DPS 920\DPS920_final_project\IMG\right_2026_07_27_15_32_31_217.jpg,0,1,0,30.19033
D:\DPS 920\DPS920_final_project\IMG\center_2026_07_27_15_32_31_285.jpg,D:\DPS 920\DPS920_final_project\IMG\left_2026_07_27_15_32_31_285.jpg,D:\DPS 920\DPS920_final_project\IMG\right_2026_07_27_15_32_31_285.jpg,0,1,0,30.19031
D:\DPS 920\DPS920_final_project\IMG\center_2026_07_27_15_32_31_351.jpg,D:\DPS 920\DPS920_final_project\IMG\left_2026_07_27_15_32_31_351.jpg,D:\DPS 920\DPS920_final_project\IMG\right_2026_07_27_15_32_31_351.jpg,-0.05,1,0,30.18973
D:\DPS 920\DPS920_final_project\IMG\center_2026_07_27_15_32_31_419.jpg,D:\DPS 920\DPS920_final_project\IMG\left_2026_07_27_15_32_31_419.jpg,D:\DPS 920\DPS920_final_project\IMG\right_2026_07_27_15_32_31_419.jpg,0,1,0,30.18729
D:\DPS 920\DPS920_final_project\IMG\center_2026_07_27_15_32_31_493.jpg,D:\DPS 920\DPS920_final_project\IMG\left_2026_07_27_15_32_31_493.jpg,D:\DPS 920\DPS920_final_project\IMG\right_2026_07_27_15_32_31_493.jpg,0,1,0,30.19029
D:\DPS 920\DPS920_final_project\IMG\center_2026_07_27_15_32_31_568.jpg,D:\DPS 920\DPS920_final_project\IMG\left_2026_07_27_15_32_31_568.jpg,D:\DPS 920\DPS920_final_project\IMG\right_2026_07_27_15_32_31_568.jpg,0,1,0,30.19028
D:\DPS 920\DPS920_final_project\IMG\center_2026_07_27_15_32_31_634.jpg,D:\DPS 920\DPS920_final_project\IMG\left_2026_07_27_15_32_31_634.jpg,D:\DPS 920\DPS920_final_project\IMG\right_2026_07_27_15_32_31_634.jpg,0,1,0,30.1903
D:\DPS 920\DPS920_final_project\IMG\center_2026_07_27_15_32_31_710.jpg,D:\DPS 920\DPS920_final_project\IMG\left_2026_07_27_15_32_31_710.jpg,D:\DPS 920\DPS920_final_project\IMG\right_2026_07_27_15_32_31_710.jpg,0,1,0,30.19031
D:\DPS 920\DPS920_final_project\IMG\center_2026_07_27_15_32_31_779.jpg,D:\DPS 920\DPS920_final_project\IMG\left_2026_07_27_15_32_31_779.jpg,D:\DPS 920\DPS920_final_project\IMG\right_2026_07_27_15_32_31_779.jpg,0,1,0,30.19027
D:\DPS 920\DPS920_final_project\IMG\center_2026_07_27_15_32_31_850.jpg,D:\DPS 920\DPS920_final_project\IMG\left_2026_07_27_15_32_31_850.jpg,D:\DPS 920\DPS920_final_project\IMG\right_2026_07_27_15_32_31_850.jpg,0,1,0,30.19033
D:\DPS 920\DPS920_final_project\IMG\center_2026_07_27_15_32_31_921.jpg,D:\DPS 920\DPS920_final_project\IMG\left_2026_07_27_15_32_31_921.jpg,D:\DPS 920\DPS920_final_project\IMG\right_2026_07_27_15_32_31_921.jpg,0,1,0,30.19028
D:\DPS 920\DPS920_final_project\IMG\center_2026_07_27_15_32_31_991.jpg,D:\DPS 920\DPS920_final_project\IMG\left_2026_07_27_15_32_31_991.jpg,D:\DPS 920\DPS920_final_project\IMG\right_2026_07_27_15_32_31_991.jpg,0,1,0,30.1903
D:\DPS 920\DPS920_final_project\IMG\center_2026_07_27_15_32_32_060.jpg,D:\DPS 920\DPS920_final_project\IMG\left_2026_07_27_15_32_32_060.jpg,D:\DPS 920\DPS920_final_project\IMG\right_2026_07_27_15_32_32_060.jpg,0,1,0,30.19032
D:\DPS 920\DPS920_final_project\IMG\center_2026_07_27_15_32_32_130.jpg,D:\DPS 920\DPS920_final_project\IMG\left_2026_07_27_15_32_32_130.jpg,D:\DPS 920\DPS920_final_project\IMG\right_2026_07_27_15_32_32_130.jpg,0,1,0,30.1903
D:\DPS 920\DPS920_final_project\IMG\center_2026_07_27_15_32_32_201.jpg,D:\DPS 920\DPS920_final_project\IMG\left_2026_07_27_15_32_32_201.jpg,D:\DPS 920\DPS920_final_project\IMG\right_2026_07_27_15_32_32_201.jpg,0,1,0,30.19027
D:\DPS 920\DPS920_final_project\IMG\center_2026_07_27_15_32_32_270.jpg,D:\DPS 920\DPS920_final_project\IMG\left_2026_07_27_15_32_32_270.jpg,D:\DPS 920\DPS920_final_project\IMG\right_2026_07_27_15_32_32_270.jpg,-0.15,1,0,30.18427
D:\DPS 920\DPS920_final_project\IMG\center_2026_07_27_15_32_32_339.jpg,D:\DPS 920\DPS920_final_project\IMG\left_2026_07_27_15_32_32_339.jpg,D:\DPS 920\DPS920_final_project\IMG\right_2026_07_27_15_32_32_339.jpg,0,1,0,30.19034
D:\DPS 920\DPS920_final_project\IMG\center_2026_07_27_15_32_32_407.jpg,D:\DPS 920\DPS920_final_project\IMG\left_2026_07_27_15_32_32_407.jpg,D:\DPS 920\DPS920_final_project\IMG\right_2026_07_27_15_32_32_407.jpg,0,1,0,30.19027
D:\DPS 920\DPS920_final_project\IMG\center_2026_07_27_15_32_32_475.jpg,D:\DPS 920\DPS920_final_project\IMG\left_2026_07_27_15_32_32_475.jpg,D:\DPS 920\DPS920_final_project\IMG\right_2026_07_27_15_32_32_475.jpg,-0.1,1,0,30.18803
D:\DPS 920\DPS920_final_project\IMG\center_2026_07_27_15_32_32_543.jpg,D:\DPS 920\DPS920_final_project\IMG\left_2026_07_27_15_32_32_543.jpg,D:\DPS 920\DPS920_final_project\IMG\right_2026_07_27_15_32_32_543.jpg,0,1,0,30.19031
D:\DPS 920\DPS920_final_project\IMG\center_2026_07_27_15_32_32_615.jpg,D:\DPS 920\DPS920_final_project\IMG\left_2026_07_27_15_32_32_615.jpg,D:\DPS 920\DPS920_final_project\IMG\right_2026_07_27_15_32_32_615.jpg,0,1,0,30.19026
D:\DPS 920\DPS920_final_project\IMG\center_2026_07_27_15_32_32_689.jpg,D:\DPS 920\DPS920_final_project\IMG\left_2026_07_27_15_32_32_689.jpg,D:\DPS 920\DPS920_final_project\IMG\right_2026_07_27_15_32_32_689.jpg,-0.2,1,0,30.18031
D:\DPS 920\DPS920_final_project\IMG\center_2026_07_27_15_32_32_756.jpg,D:\DPS 920\DPS920_final_project\IMG\left_2026_07_27_15_32_32_756.jpg,D:\DPS 920\DPS920_final_project\IMG\right_2026_07_27_15_32_32_756.jpg,0,1,0,30.18968
D:\DPS 920\DPS920_final_project\IMG\center_2026_07_27_15_32_32_825.jpg,D:\DPS 920\DPS920_final_project\IMG\left_2026_07_27_15_32_32_825.jpg,D:\DPS 920\DPS920_final_project\IMG\right_2026_07_27_15_32_32_825.jpg,-0.2,1,0,30.18195
D:\DPS 920\DPS920_final_project\IMG\center_2026_07_27_15_32_32_891.jpg,D:\DPS 920\DPS920_final_project\IMG\left_2026_07_27_15_32_32_891.jpg,D:\DPS 920\DPS920_final_project\IMG\right_2026_07_27_15_32_32_891.jpg,0,1,0,30.18503
D:\DPS 920\DPS920_final_project\IMG\center_2026_07_27_15_32_32_962.jpg,D:\DPS 920\DPS920_final_project\IMG\left_2026_07_27_15_32_32_962.jpg,D:\DPS 920\DPS920_final_project\IMG\right_2026_07_27_15_32_32_962.jpg,0,1,0,30.18974
D:\DPS 920\DPS920_final_project\IMG\center_2026_07_27_15_32_33_035.jpg,D:\DPS 920\DPS920_final_project\IMG\left_2026_07_27_15_32_33_035.jpg,D:\DPS 920\DPS920_final_project\IMG\right_2026_07_27_15_32_33_035.jpg,-0.15,1,0,30.18685
D:\DPS 920\DPS920_final_project\IMG\center_2026_07_27_15_32_33_106.jpg,D:\DPS 920\DPS920_final_project\IMG\left_2026_07_27_15_32_33_106.jpg,D:\DPS 920\DPS920_final_project\IMG\right_2026_07_27_15_32_33_106.jpg,0,1,0,30.19012
D:\DPS 920\DPS920_final_project\IMG\center_2026_07_27_15_32_33_179.jpg,D:\DPS 920\DPS920_final_project\IMG\left_2026_07_27_15_32_33_179.jpg,D:\DPS 920\DPS920_final_project\IMG\right_2026_07_27_15_32_33_179.jpg,0,1,0,30.19031
D:\DPS 920\DPS920_final_project\IMG\center_2026_07_27_15_32_33_252.jpg,D:\DPS 920\DPS920_final_project\IMG\left_2026_07_27_15_32_33_252.jpg,D:\DPS 920\DPS920_final_project\IMG\right_2026_07_27_15_32_33_252.jpg,0,1,0,30.19029
D:\DPS 920\DPS920_final_project\IMG\center_2026_07_27_15_32_33_323.jpg,D:\DPS 920\DPS920_final_project\IMG\left_2026_07_27_15_32_33_323.jpg,D:\DPS 920\DPS920_final_project\IMG\right_2026_07_27_15_32_33_323.jpg,0,1,0,30.19029
D:\DPS 920\DPS920_final_project\IMG\center_2026_07_27_15_32_33_393.jpg,D:\DPS 920\DPS920_final_project\IMG\left_2026_07_27_15_32_33_393.jpg,D:\DPS 920\DPS920_final_project\IMG\right_2026_07_27_15_32_33_393.jpg,0,1,0,30.19035
D:\DPS 920\DPS920_final_project\IMG\center_2026_07_27_15_32_33_463.jpg,D:\DPS 920\DPS920_final_project\IMG\left_2026_07_27_15_32_33_463.jpg,D:\DPS 920\DPS920_final_project\IMG\right_2026_07_27_15_32_33_463.jpg,0,1,0,30.19032
D:\DPS 920\DPS920_final_project\IMG\center_2026_07_27_15_32_33_533.jpg,D:\DPS 920\DPS920_final_project\IMG\left_2026_07_27_15_32_33_533.jpg,D:\DPS 920\DPS920_final_project\IMG\right_2026_07_27_15_32_33_533.jpg,-0.05,1,0,30.18973
D:\DPS 920\DPS920_final_project\IMG\center_2026_07_27_15_32_33_603.jpg,D:\DPS 920\DPS920_final_project\IMG\left_2026_07_27_15_32_33_603.jpg,D:\DPS 920\DPS920_final_project\IMG\right_2026_07_27_15_32_33_603.jpg,-0.25,1,0,30.1748
D:\DPS 920\DPS920_final_project\IMG\center_2026_07_27_15_32_33_670.jpg,D:\DPS 920\DPS920_final_project\IMG\left_2026_07_27_15_32_33_670.jpg,D:\DPS 920\DPS920_final_project\IMG\right_2026_07_27_15_32_33_670.jpg,0,1,0,30.18943
D:\DPS 920\DPS920_final_project\IMG\center_2026_07_27_15_32_33_738.jpg,D:\DPS 920\DPS920_final_project\IMG\left_2026_07_27_15_32_33_738.jpg,D:\DPS 920\DPS920_final_project\IMG\right_2026_07_27_15_32_33_738.jpg,-0.15,1,0,30.18625
D:\DPS 920\DPS920_final_project\IMG\center_2026_07_27_15_32_33_805.jpg,D:\DPS 920\DPS920_final_project\IMG\left_2026_07_27_15_32_33_805.jpg,D:\DPS 920\DPS920_final_project\IMG\right_2026_07_27_15_32_33_805.jpg,0,1,0,30.19036
D:\DPS 920\DPS920_final_project\IMG\center_2026_07_27_15_32_33_873.jpg,D:\DPS 920\DPS920_final_project\IMG\left_2026_07_27_15_32_33_873.jpg,D:\DPS 920\DPS920_final_project\IMG\right_2026_07_27_15_32_33_873.jpg,0,1,0,30.18985
D:\DPS 920\DPS920_final_project\IMG\center_2026_07_27_15_32_33_939.jpg,D:\DPS 920\DPS920_final_project\IMG\left_2026_07_27_15_32_33_939.jpg,D:\DPS 920\DPS920_final_project\IMG\right_2026_07_27_15_32_33_939.jpg,-0.15,1,0,30.18593
D:\DPS 920\DPS920_final_project\IMG\center_2026_07_27_15_32_34_007.jpg,D:\DPS 920\DPS920_final_project\IMG\left_2026_07_27_15_32_34_007.jpg,D:\DPS 920\DPS920_final_project\IMG\right_2026_07_27_15_32_34_007.jpg,0,1,0,30.19051
D:\DPS 920\DPS920_final_project\IMG\center_2026_07_27_15_32_34_073.jpg,D:\DPS 920\DPS920_final_project\IMG\left_2026_07_27_15_32_34_073.jpg,D:\DPS 920\DPS920_final_project\IMG\right_2026_07_27_15_32_34_073.jpg,-0.05,1,0,30.18976
D:\DPS 920\DPS920_final_project\IMG\center_2026_07_27_15_32_34_145.jpg,D:\DPS 920\DPS920_final_project\IMG\left_2026_07_27_15_32_34_145.jpg,D:\DPS 920\DPS920_final_project\IMG\right_2026_07_27_15_32_34_145.jpg,-0.25,1,0,30.17654
D:\DPS 920\DPS920_final_project\IMG\center_2026_07_27_15_32_34_215.jpg,D:\DPS 920\DPS920_final_project\IMG\left_2026_07_27_15_32_34_215.jpg,D:\DPS 920\DPS920_final_project\IMG\right_2026_07_27_15_32_34_215.jpg,0,1,0,30.19016
D:\DPS 920\DPS920_final_project\IMG\center_2026_07_27_15_32_34_288.jpg,D:\DPS 920\DPS920_final_project\IMG\left_2026_07_27_15_32_34_288.jpg,D:\DPS 920\DPS920_final_project\IMG\right_2026_07_27_15_32_34_288.jpg,-0.15,1,0,30.18762
D:\DPS 920\DPS920_final_project\IMG\center_2026_07_27_15_32_34_361.jpg,D:\DPS 920\DPS920_final_project\IMG\left_2026_07_27_15_32_34_361.jpg,D:\DPS 920\DPS920_final_project\IMG\right_2026_07_27_15_32_34_361.jpg,-0.35,1,0,30.16702
D:\DPS 920\DPS920_final_project\IMG\center_2026_07_27_15_32_34_428.jpg,D:\DPS 920\DPS920_final_project\IMG\left_2026_07_27_15_32_34_428.jpg,D:\DPS 920\DPS920_final_project\IMG\right_2026_07_27_15_32_34_428.jpg,0,1,0,30.18012
D:\DPS 920\DPS920_final_project\IMG\center_2026_07_27_15_32_34_494.jpg,D:\DPS 920\DPS920_final_project\IMG\left_2026_07_27_15_32_34_494.jpg,D:\DPS 920\DPS920_final_project\IMG\right_2026_07_27_15_32_34_494.jpg,0,1,0,30.18843
D:\DPS 920\DPS920_final_project\IMG\center_2026_07_27_15_32_34_563.jpg,D:\DPS 920\DPS920_final_project\IMG\left_2026_07_27_15_32_34_563.jpg,D:\DPS 920\DPS920_final_project\IMG\right_2026_07_27_15_32_34_563.jpg,-0.1,1,0,30.19002
D:\DPS 920\DPS920_final_project\IMG\center_2026_07_27_15_32_34_633.jpg,D:\DPS 920\DPS920_final_project\IMG\left_2026_07_27_15_32_34_633.jpg,D:\DPS 920\DPS920_final_project\IMG\right_2026_07_27_15_32_34_633.jpg,-0.25,1,0,30.17883
D:\DPS 920\DPS920_final_project\IMG\center_2026_07_27_15_32_34_704.jpg,D:\DPS 920\DPS920_final_project\IMG\left_2026_07_27_15_32_34_704.jpg,D:\DPS 920\DPS920_final_project\IMG\right_2026_07_27_15_32_34_704.jpg,0,1,0,30.18869
D:\DPS 920\DPS920_final_project\IMG\center_2026_07_27_15_32_34_775.jpg,D:\DPS 920\DPS920_final_project\IMG\left_2026_07_27_15_32_34_775.jpg,D:\DPS 920\DPS920_final_project\IMG\right_2026_07_27_15_32_34_775.jpg,0,1,0,30.18756
D:\DPS 920\DPS920_final_project\IMG\center_2026_07_27_15_32_34_847.jpg,D:\DPS 920\DPS920_final_project\IMG\left_2026_07_27_15_32_34_847.jpg,D:\DPS 920\DPS920_final_project\IMG\right_2026_07_27_15_32_34_847.jpg,0,1,0,30.1901
D:\DPS 920\DPS920_final_project\IMG\center_2026_07_27_15_32_34_919.jpg,D:\DPS 920\DPS920_final_project\IMG\left_2026_07_27_15_32_34_919.jpg,D:\DPS 920\DPS920_final_project\IMG\right_2026_07_27_15_32_34_919.jpg,0,1,0,30.19009
D:\DPS 920\DPS920_final_project\IMG\center_2026_07_27_15_32_34_990.jpg,D:\DPS 920\DPS920_final_project\IMG\left_2026_07_27_15_32_34_990.jpg,D:\DPS 920\DPS920_final_project\IMG\right_2026_07_27_15_32_34_990.jpg,0,1,0,30.18829
D:\DPS 920\DPS920_final_project\IMG\center_2026_07_27_15_32_35_059.jpg,D:\DPS 920\DPS920_final_project\IMG\left_2026_07_27_15_32_35_059.jpg,D:\DPS 920\DPS920_final_project\IMG\right_2026_07_27_15_32_35_059.jpg,0,1,0,30.19046
D:\DPS 920\DPS920_final_project\IMG\center_2026_07_27_15_32_35_127.jpg,D:\DPS 920\DPS920_final_project\IMG\left_2026_07_27_15_32_35_127.jpg,D:\DPS 920\DPS920_final_project\IMG\right_2026_07_27_15_32_35_127.jpg,-0.15,1,0,30.18414
D:\DPS 920\DPS920_final_project\IMG\center_2026_07_27_15_32_35_196.jpg,D:\DPS 920\DPS920_final_project\IMG\left_2026_07_27_15_32_35_196.jpg,D:\DPS 920\DPS920_final_project\IMG\right_2026_07_27_15_32_35_196.jpg,-0.3,1,0,30.16886
D:\DPS 920\DPS920_final_project\IMG\center_2026_07_27_15_32_35_266.jpg,D:\DPS 920\DPS920_final_project\IMG\left_2026_07_27_15_32_35_266.jpg,D:\DPS 920\DPS920_final_project\IMG\right_2026_07_27_15_32_35_266.jpg,-0.5000001,1,0,30.14327
D:\DPS 920\DPS920_final_project\IMG\center_2026_07_27_15_32_35_334.jpg,D:\DPS 920\DPS920_final_project\IMG\left_2026_07_27_15_32_35_334.jpg,D:\DPS 920\DPS920_final_project\IMG\right_2026_07_27_15_32_35_334.jpg,-0.6500001,1,0,30.12708
D:\DPS 920\DPS920_final_project\IMG\center_2026_07_27_15_32_35_406.jpg,D:\DPS 920\DPS920_final_project\IMG\left_2026_07_27_15_32_35_406.jpg,D:\DPS 920\DPS920_final_project\IMG\right_2026_07_27_15_32_35_406.jpg,0,1,0,30.1841
D:\DPS 920\DPS920_final_project\IMG\center_2026_07_27_15_32_35_476.jpg,D:\DPS 920\DPS920_final_project\IMG\left_2026_07_27_15_32_35_476.jpg,D:\DPS 920\DPS920_final_project\IMG\right_2026_07_27_15_32_35_476.jpg,0,1,0,30.18826
D:\DPS 920\DPS920_final_project\IMG\center_2026_07_27_15_32_35_545.jpg,D:\DPS 920\DPS920_final_project\IMG\left_2026_07_27_15_32_35_545.jpg,D:\DPS 920\DPS920_final_project\IMG\right_2026_07_27_15_32_35_545.jpg,0,1,0,30.19038
D:\DPS 920\DPS920_final_project\IMG\center_2026_07_27_15_32_35_613.jpg,D:\DPS 920\DPS920_final_project\IMG\left_2026_07_27_15_32_35_613.jpg,D:\DPS 920\DPS920_final_project\IMG\right_2026_07_27_15_32_35_613.jpg,0,1,0,30.1902
D:\DPS 920\DPS920_final_project\IMG\center_2026_07_27_15_32_35_682.jpg,D:\DPS 920\DPS920_final_project\IMG\left_2026_07_27_15_32_35_682.jpg,D:\DPS 920\DPS920_final_project\IMG\right_2026_07_27_15_32_35_682.jpg,-0.05,1,0,30.18969
D:\DPS 920\DPS920_final_project\IMG\center_2026_07_27_15_32_35_752.jpg,D:\DPS 920\DPS920_final_project\IMG\left_2026_07_27_15_32_35_752.jpg,D:\DPS 920\DPS920_final_project\IMG\right_2026_07_27_15_32_35_752.jpg,-0.2,1,0,30.17807
D:\DPS 920\DPS920_final_project\IMG\center_2026_07_27_15_32_35_820.jpg,D:\DPS 920\DPS920_final_project\IMG\left_2026_07_27_15_32_35_820.jpg,D:\DPS 920\DPS920_final_project\IMG\right_2026_07_27_15_32_35_820.jpg,-0.4,1,0,30.15829
D:\DPS 920\DPS920_final_project\IMG\center_2026_07_27_15_32_35_890.jpg,D:\DPS 920\DPS920_final_project\IMG\left_2026_07_27_15_32_35_890.jpg,D:\DPS 920\DPS920_final_project\IMG\right_2026_07_27_15_32_35_890.jpg,-0.5500001,1,0,30.13907
D:\DPS 920\DPS920_final_project\IMG\center_2026_07_27_15_32_35_960.jpg,D:\DPS 920\DPS920_final_project\IMG\left_2026_07_27_15_32_35_960.jpg,D:\DPS 920\DPS920_final_project\IMG\right_2026_07_27_15_32_35_960.jpg,0,1,0,30.16547
D:\DPS 920\DPS920_final_project\IMG\center_2026_07_27_15_32_36_028.jpg,D:\DPS 920\DPS920_final_project\IMG\left_2026_07_27_15_32_36_028.jpg,D:\DPS 920\DPS920_final_project\IMG\right_2026_07_27_15_32_36_028.jpg,0,1,0,30.18321
D:\DPS 920\DPS920_final_project\IMG\center_2026_07_27_15_32_36_100.jpg,D:\DPS 920\DPS920_final_project\IMG\left_2026_07_27_15_32_36_100.jpg,D:\DPS 920\DPS920_final_project\IMG\right_2026_07_27_15_32_36_100.jpg,0,1,0,30.18888
D:\DPS 920\DPS920_final_project\IMG\center_2026_07_27_15_32_36_171.jpg,D:\DPS 920\DPS920_final_project\IMG\left_2026_07_27_15_32_36_171.jpg,D:\DPS 920\DPS920_final_project\IMG\right_2026_07_27_15_32_36_171.jpg,0,1,0,30.18979
D:\DPS 920\DPS920_final_project\IMG\center_2026_07_27_15_32_36_241.jpg,D:\DPS 920\DPS920_final_project\IMG\left_2026_07_27_15_32_36_241.jpg,D:\DPS 920\DPS920_final_project\IMG\right_2026_07_27_15_32_36_241.jpg,-0.05,1,0,30.19153
D:\DPS 920\DPS920_final_project\IMG\center_2026_07_27_15_32_36_310.jpg,D:\DPS 920\DPS920_final_project\IMG\left_2026_07_27_15_32_36_310.jpg,D:\DPS 920\DPS920_final_project\IMG\right_2026_07_27_15_32_36_310.jpg,-0.2,1,0,30.18214
D:\DPS 920\DPS920_final_project\IMG\center_2026_07_27_15_32_36_380.jpg,D:\DPS 920\DPS920_final_project\IMG\left_2026_07_27_15_32_36_380.jpg,D:\DPS 920\DPS920_final_project\IMG\right_2026_07_27_15_32_36_380.jpg,-0.4,1,0,30.15871
D:\DPS 920\DPS920_final_project\IMG\center_2026_07_27_15_32_36_452.jpg,D:\DPS 920\DPS920_final_project\IMG\left_2026_07_27_15_32_36_452.jpg,D:\DPS 920\DPS920_final_project\IMG\right_2026_07_27_15_32_36_452.jpg,-0.5500001,1,0,30.13857
D:\DPS 920\DPS920_final_project\IMG\center_2026_07_27_15_32_36_520.jpg,D:\DPS 920\DPS920_final_project\IMG\left_2026_07_27_15_32_36_520.jpg,D:\DPS 920\DPS920_final_project\IMG\right_2026_07_27_15_32_36_520.jpg,0,1,0,30.16979
D:\DPS 920\DPS920_final_project\IMG\center_2026_07_27_15_32_36_588.jpg,D:\DPS 920\DPS920_final_project\IMG\left_2026_07_27_15_32_36_588.jpg,D:\DPS 920\DPS920_final_project\IMG\right_2026_07_27_15_32_36_588.jpg,0,1,0,30.1826
D:\DPS 920\DPS920_final_project\IMG\center_2026_07_27_15_32_36_656.jpg,D:\DPS 920\DPS920_final_project\IMG\left_2026_07_27_15_32_36_656.jpg,D:\DPS 920\DPS920_final_project\IMG\right_2026_07_27_15_32_36_656.jpg,0,1,0,30.18824
D:\DPS 920\DPS920_final_project\IMG\center_2026_07_27_15_32_36_726.jpg,D:\DPS 920\DPS920_final_project\IMG\left_2026_07_27_15_32_36_726.jpg,D:\DPS 920\DPS920_final_project\IMG\right_2026_07_27_15_32_36_726.jpg,0,1,0,30.19201
D:\DPS 920\DPS920_final_project\IMG\center_2026_07_27_15_32_36_794.jpg,D:\DPS 920\DPS920_final_project\IMG\left_2026_07_27_15_32_36_794.jpg,D:\DPS 920\DPS920_final_project\IMG\right_2026_07_27_15_32_36_794.jpg,0,1,0,30.19073
D:\DPS 920\DPS920_final_project\IMG\center_2026_07_27_15_32_36_862.jpg,D:\DPS 920\DPS920_final_project\IMG\left_2026_07_27_15_32_36_862.jpg,D:\DPS 920\DPS920_final_project\IMG\right_2026_07_27_15_32_36_862.jpg,-0.15,1,0,30.18578
D:\DPS 920\DPS920_final_project\IMG\center_2026_07_27_15_32_36_936.jpg,D:\DPS 920\DPS920_final_project\IMG\left_2026_07_27_15_32_36_936.jpg,D:\DPS 920\DPS920_final_project\IMG\right_2026_07_27_15_32_36_936.jpg,-0.3,1,0,30.16736
D:\DPS 920\DPS920_final_project\IMG\center_2026_07_27_15_32_37_009.jpg,D:\DPS 920\DPS920_final_project\IMG\left_2026_07_27_15_32_37_009.jpg,D:\DPS 920\DPS920_final_project\IMG\right_2026_07_27_15_32_37_009.jpg,-0.5000001,1,0,30.14487
D:\DPS 920\DPS920_final_project\IMG\center_2026_07_27_15_32_37_076.jpg,D:\DPS 920\DPS920_final_project\IMG\left_2026_07_27_15_32_37_076.jpg,D:\DPS 920\DPS920_final_project\IMG\right_2026_07_27_15_32_37_076.jpg,-0.6500001,1,0,30.12613
D:\DPS 920\DPS920_final_project\IMG\center_2026_07_27_15_32_37_146.jpg,D:\DPS 920\DPS920_final_project\IMG\left_2026_07_27_15_32_37_146.jpg,D:\DPS 920\DPS920_final_project\IMG\right_2026_07_27_15_32_37_146.jpg,0,1,0,30.1805
D:\DPS 920\DPS920_final_project\IMG\center_2026_07_27_15_32_37_217.jpg,D:\DPS 920\DPS920_final_project\IMG\left_2026_07_27_15_32_37_217.jpg,D:\DPS 920\DPS920_final_project\IMG\right_2026_07_27_15_32_37_217.jpg,0,1,0,30.18707
D:\DPS 920\DPS920_final_project\IMG\center_2026_07_27_15_32_37_290.jpg,D:\DPS 920\DPS920_final_project\IMG\left_2026_07_27_15_32_37_290.jpg,D:\DPS 920\DPS920_final_project\IMG\right_2026_07_27_15_32_37_290.jpg,0,1,0,30.19003
D:\DPS 920\DPS920_final_project\IMG\center_2026_07_27_15_32_37_361.jpg,D:\DPS 920\DPS920_final_project\IMG\left_2026_07_27_15_32_37_361.jpg,D:\DPS 920\DPS920_final_project\IMG\right_2026_07_27_15_32_37_361.jpg,0,1,0,30.19051
D:\DPS 920\DPS920_final_project\IMG\center_2026_07_27_15_32_37_433.jpg,D:\DPS 920\DPS920_final_project\IMG\left_2026_07_27_15_32_37_433.jpg,D:\DPS 920\DPS920_final_project\IMG\right_2026_07_27_15_32_37_433.jpg,0,1,0,30.19046
D:\DPS 920\DPS920_final_project\IMG\center_2026_07_27_15_32_37_503.jpg,D:\DPS 920\DPS920_final_project\IMG\left_2026_07_27_15_32_37_503.jpg,D:\DPS 920\DPS920_final_project\IMG\right_2026_07_27_15_32_37_503.jpg,-0.1,1,0,30.18916
D:\DPS 920\DPS920_final_project\IMG\center_2026_07_27_15_32_37_574.jpg,D:\DPS 920\DPS920_final_project\IMG\left_2026_07_27_15_32_37_574.jpg,D:\DPS 920\DPS920_final_project\IMG\right_2026_07_27_15_32_37_574.jpg,-0.25,1,0,30.17567
D:\DPS 920\DPS920_final_project\IMG\center_2026_07_27_15_32_37_647.jpg,D:\DPS 920\DPS920_final_project\IMG\left_2026_07_27_15_32_37_647.jpg,D:\DPS 920\DPS920_final_project\IMG\right_2026_07_27_15_32_37_647.jpg,-0.45,1,0,30.15162
D:\DPS 920\DPS920_final_project\IMG\center_2026_07_27_15_32_37_721.jpg,D:\DPS 920\DPS920_final_project\IMG\left_2026_07_27_15_32_37_721.jpg,D:\DPS 920\DPS920_final_project\IMG\right_2026_07_27_15_32_37_721.jpg,-0.6500001,1,0,30.12656
D:\DPS 920\DPS920_final_project\IMG\center_2026_07_27_15_32_37_796.jpg,D:\DPS 920\DPS920_final_project\IMG\left_2026_07_27_15_32_37_796.jpg,D:\DPS 920\DPS920_final_project\IMG\right_2026_07_27_15_32_37_796.jpg,0,1,0,30.18158
D:\DPS 920\DPS920_final_project\IMG\center_2026_07_27_15_32_37_871.jpg,D:\DPS 920\DPS920_final_project\IMG\left_2026_07_27_15_32_37_871.jpg,D:\DPS 920\DPS920_final_project\IMG\right_2026_07_27_15_32_37_871.jpg,0,1,0,30.18965
D:\DPS 920\DPS920_final_project\IMG\center_2026_07_27_15_32_37_944.jpg,D:\DPS 920\DPS920_final_project\IMG\left_2026_07_27_15_32_37_944.jpg,D:\DPS 920\DPS920_final_project\IMG\right_2026_07_27_15_32_37_944.jpg,0,1,0,30.19032
D:\DPS 920\DPS920_final_project\IMG\center_2026_07_27_15_32_38_019.jpg,D:\DPS 920\DPS920_final_project\IMG\left_2026_07_27_15_32_38_019.jpg,D:\DPS 920\DPS920_final_project\IMG\right_2026_07_27_15_32_38_019.jpg,0,1,0,30.19036
D:\DPS 920\DPS920_final_project\IMG\center_2026_07_27_15_32_38_091.jpg,D:\DPS 920\DPS920_final_project\IMG\left_2026_07_27_15_32_38_091.jpg,D:\DPS 920\DPS920_final_project\IMG\right_2026_07_27_15_32_38_091.jpg,0,1,0,30.19146
D:\DPS 920\DPS920_final_project\IMG\center_2026_07_27_15_32_38_164.jpg,D:\DPS 920\DPS920_final_project\IMG\left_2026_07_27_15_32_38_164.jpg,D:\DPS 920\DPS920_final_project\IMG\right_2026_07_27_15_32_38_164.jpg,0,1,0,30.19076
D:\DPS 920\DPS920_final_project\IMG\center_2026_07_27_15_32_38_236.jpg,D:\DPS 920\DPS920_final_project\IMG\left_2026_07_27_15_32_38_236.jpg,D:\DPS 920\DPS920_final_project\IMG\right_2026_07_27_15_32_38_236.jpg,0,1,0,30.19061
D:\DPS 920\DPS920_final_project\IMG\center_2026_07_27_15_32_38_309.jpg,D:\DPS 920\DPS920_final_project\IMG\left_2026_07_27_15_32_38_309.jpg,D:\DPS 920\DPS920_final_project\IMG\right_2026_07_27_15_32_38_309.jpg,-0.15,1,0,30.18426
D:\DPS 920\DPS920_final_project\IMG\center_2026_07_27_15_32_38_381.jpg,D:\DPS 920\DPS920_final_project\IMG\left_2026_07_27_15_32_38_381.jpg,D:\DPS 920\DPS920_final_project\IMG\right_2026_07_27_15_32_38_381.jpg,-0.35,1,0,30.16315
D:\DPS 920\DPS920_final_project\IMG\center_2026_07_27_15_32_38_453.jpg,D:\DPS 920\DPS920_final_project\IMG\left_2026_07_27_15_32_38_453.jpg,D:\DPS 920\DPS920_final_project\IMG\right_2026_07_27_15_32_38_453.jpg,0,1,0,30.1885
D:\DPS 920\DPS920_final_project\IMG\center_2026_07_27_15_32_38_526.jpg,D:\DPS 920\DPS920_final_project\IMG\left_2026_07_27_15_32_38_526.jpg,D:\DPS 920\DPS920_final_project\IMG\right_2026_07_27_15_32_38_526.jpg,0,1,0,30.18789
D:\DPS 920\DPS920_final_project\IMG\center_2026_07_27_15_32_38_598.jpg,D:\DPS 920\DPS920_final_project\IMG\left_2026_07_27_15_32_38_598.jpg,D:\DPS 920\DPS920_final_project\IMG\right_2026_07_27_15_32_38_598.jpg,-0.2,1,0,30.18261
D:\DPS 920\DPS920_final_project\IMG\center_2026_07_27_15_32_38_673.jpg,D:\DPS 920\DPS920_final_project\IMG\left_2026_07_27_15_32_38_673.jpg,D:\DPS 920\DPS920_final_project\IMG\right_2026_07_27_15_32_38_673.jpg,-0.35,1,0,30.16474
D:\DPS 920\DPS920_final_project\IMG\center_2026_07_27_15_32_38_742.jpg,D:\DPS 920\DPS920_final_project\IMG\left_2026_07_27_15_32_38_742.jpg,D:\DPS 920\DPS920_final_project\IMG\right_2026_07_27_15_32_38_742.jpg,-0.05,1,0,30.18666
D:\DPS 920\DPS920_final_project\IMG\center_2026_07_27_15_32_38_811.jpg,D:\DPS 920\DPS920_final_project\IMG\left_2026_07_27_15_32_38_811.jpg,D:\DPS 920\DPS920_final_project\IMG\right_2026_07_27_15_32_38_811.jpg,-0.2,1,0,30.18702
D:\DPS 920\DPS920_final_project\IMG\center_2026_07_27_15_32_38_883.jpg,D:\DPS 920\DPS920_final_project\IMG\left_2026_07_27_15_32_38_883.jpg,D:\DPS 920\DPS920_final_project\IMG\right_2026_07_27_15_32_38_883.jpg,0,1,0,30.18497
D:\DPS 920\DPS920_final_project\IMG\center_2026_07_27_15_32_38_955.jpg,D:\DPS 920\DPS920_final_project\IMG\left_2026_07_27_15_32_38_955.jpg,D:\DPS 920\DPS920_final_project\IMG\right_2026_07_27_15_32_38_955.jpg,0,1,0,30.189
D:\DPS 920\DPS920_final_project\IMG\center_2026_07_27_15_32_39_031.jpg,D:\DPS 920\DPS920_final_project\IMG\left_2026_07_27_15_32_39_031.jpg,D:\DPS 920\DPS920_final_project\IMG\right_2026_07_27_15_32_39_031.jpg,0,1,0,30.18999
D:\DPS 920\DPS920_final_project\IMG\center_2026_07_27_15_32_39_104.jpg,D:\DPS 920\DPS920_final_project\IMG\left_2026_07_27_15_32_39_104.jpg,D:\DPS 920\DPS920_final_project\IMG\right_2026_07_27_15_32_39_104.jpg,0,1,0,30.19027
D:\DPS 920\DPS920_final_project\IMG\center_2026_07_27_15_32_39_180.jpg,D:\DPS 920\DPS920_final_project\IMG\left_2026_07_27_15_32_39_180.jpg,D:\DPS 920\DPS920_final_project\IMG\right_2026_07_27_15_32_39_180.jpg,-0.2,1,0,30.18119
D:\DPS 920\DPS920_final_project\IMG\center_2026_07_27_15_32_39_255.jpg,D:\DPS 920\DPS920_final_project\IMG\left_2026_07_27_15_32_39_255.jpg,D:\DPS 920\DPS920_final_project\IMG\right_2026_07_27_15_32_39_255.jpg,-0.35,1,0,30.16469
D:\DPS 920\DPS920_final_project\IMG\center_2026_07_27_15_32_39_322.jpg,D:\DPS 920\DPS920_final_project\IMG\left_2026_07_27_15_32_39_322.jpg,D:\DPS 920\DPS920_final_project\IMG\right_2026_07_27_15_32_39_322.jpg,-0.5500001,1,0,30.14
D:\DPS 920\DPS920_final_project\IMG\center_2026_07_27_15_32_39_390.jpg,D:\DPS 920\DPS920_final_project\IMG\left_2026_07_27_15_32_39_390.jpg,D:\DPS 920\DPS920_final_project\IMG\right_2026_07_27_15_32_39_390.jpg,-0.7,1,0,30.12159
D:\DPS 920\DPS920_final_project\IMG\center_2026_07_27_15_32_39_461.jpg,D:\DPS 920\DPS920_final_project\IMG\left_2026_07_27_15_32_39_461.jpg,D:\DPS 920\DPS920_final_project\IMG\right_2026_07_27_15_32_39_461.jpg,0,1,0,30.18271
D:\DPS 920\DPS920_final_project\IMG\center_2026_07_27_15_32_39_532.jpg,D:\DPS 920\DPS920_final_project\IMG\left_2026_07_27_15_32_39_532.jpg,D:\DPS 920\DPS920_final_project\IMG\right_2026_07_27_15_32_39_532.jpg,0,1,0,30.18933
D:\DPS 920\DPS920_final_project\IMG\center_2026_07_27_15_32_39_606.jpg,D:\DPS 920\DPS920_final_project\IMG\left_2026_07_27_15_32_39_606.jpg,D:\DPS 920\DPS920_final_project\IMG\right_2026_07_27_15_32_39_606.jpg,0,1,0,30.18972
D:\DPS 920\DPS920_final_project\IMG\center_2026_07_27_15_32_39_683.jpg,D:\DPS 920\DPS920_final_project\IMG\left_2026_07_27_15_32_39_683.jpg,D:\DPS 920\DPS920_final_project\IMG\right_2026_07_27_15_32_39_683.jpg,0,1,0,30.19046
D:\DPS 920\DPS920_final_project\IMG\center_2026_07_27_15_32_39_757.jpg,D:\DPS 920\DPS920_final_project\IMG\left_2026_07_27_15_32_39_757.jpg,D:\DPS 920\DPS920_final_project\IMG\right_2026_07_27_15_32_39_757.jpg,0,1,0,30.18982
D:\DPS 920\DPS920_final_project\IMG\center_2026_07_27_15_32_39_832.jpg,D:\DPS 920\DPS920_final_project\IMG\left_2026_07_27_15_32_39_832.jpg,D:\DPS 920\DPS920_final_project\IMG\right_2026_07_27_15_32_39_832.jpg,0,1,0,30.18998
D:\DPS 920\DPS920_final_project\IMG\center_2026_07_27_15_32_39_906.jpg,D:\DPS 920\DPS920_final_project\IMG\left_2026_07_27_15_32_39_906.jpg,D:\DPS 920\DPS920_final_project\IMG\right_2026_07_27_15_32_39_906.jpg,0,1,0,30.19003
D:\DPS 920\DPS920_final_project\IMG\center_2026_07_27_15_32_39_979.jpg,D:\DPS 920\DPS920_final_project\IMG\left_2026_07_27_15_32_39_979.jpg,D:\DPS 920\DPS920_final_project\IMG\right_2026_07_27_15_32_39_979.jpg,0,1,0,30.19
D:\DPS 920\DPS920_final_project\IMG\center_2026_07_27_15_32_40_053.jpg,D:\DPS 920\DPS920_final_project\IMG\left_2026_07_27_15_32_40_053.jpg,D:\DPS 920\DPS920_final_project\IMG\right_2026_07_27_15_32_40_053.jpg,0,1,0,30.18997
D:\DPS 920\DPS920_final_project\IMG\center_2026_07_27_15_32_40_126.jpg,D:\DPS 920\DPS920_final_project\IMG\left_2026_07_27_15_32_40_126.jpg,D:\DPS 920\DPS920_final_project\IMG\right_2026_07_27_15_32_40_126.jpg,0,1,0,30.19115
D:\DPS 920\DPS920_final_project\IMG\center_2026_07_27_15_32_40_198.jpg,D:\DPS 920\DPS920_final_project\IMG\left_2026_07_27_15_32_40_198.jpg,D:\DPS 920\DPS920_final_project\IMG\right_2026_07_27_15_32_40_198.jpg,-0.15,1,0,30.18406
D:\DPS 920\DPS920_final_project\IMG\center_2026_07_27_15_32_40_274.jpg,D:\DPS 920\DPS920_final_project\IMG\left_2026_07_27_15_32_40_274.jpg,D:\DPS 920\DPS920_final_project\IMG\right_2026_07_27_15_32_40_274.jpg,-0.3,1,0,30.16859
D:\DPS 920\DPS920_final_project\IMG\center_2026_07_27_15_32_40_341.jpg,D:\DPS 920\DPS920_final_project\IMG\left_2026_07_27_15_32_40_341.jpg,D:\DPS 920\DPS920_final_project\IMG\right_2026_07_27_15_32_40_341.jpg,0,1,0,30.1909
D:\DPS 920\DPS920_final_project\IMG\center_2026_07_27_15_32_40_409.jpg,D:\DPS 920\DPS920_final_project\IMG\left_2026_07_27_15_32_40_409.jpg,D:\DPS 920\DPS920_final_project\IMG\right_2026_07_27_15_32_40_409.jpg,0,1,0,30.19037
D:\DPS 920\DPS920_final_project\IMG\center_2026_07_27_15_32_40_476.jpg,D:\DPS 920\DPS920_final_project\IMG\left_2026_07_27_15_32_40_476.jpg,D:\DPS 920\DPS920_final_project\IMG\right_2026_07_27_15_32_40_476.jpg,0,1,0,30.19031
D:\DPS 920\DPS920_final_project\IMG\center_2026_07_27_15_32_40_544.jpg,D:\DPS 920\DPS920_final_project\IMG\left_2026_07_27_15_32_40_544.jpg,D:\DPS 920\DPS920_final_project\IMG\right_2026_07_27_15_32_40_544.jpg,0,1,0,30.1903
D:\DPS 920\DPS920_final_project\IMG\center_2026_07_27_15_32_40_610.jpg,D:\DPS 920\DPS920_final_project\IMG\left_2026_07_27_15_32_40_610.jpg,D:\DPS 920\DPS920_final_project\IMG\right_2026_07_27_15_32_40_610.jpg,0,1,0,30.19025
D:\DPS 920\DPS920_final_project\IMG\center_2026_07_27_15_32_40_683.jpg,D:\DPS 920\DPS920_final_project\IMG\left_2026_07_27_15_32_40_683.jpg,D:\DPS 920\DPS920_final_project\IMG\right_2026_07_27_15_32_40_683.jpg,-0.15,1,0,30.18426
D:\DPS 920\DPS920_final_project\IMG\center_2026_07_27_15_32_40_751.jpg,D:\DPS 920\DPS920_final_project\IMG\left_2026_07_27_15_32_40_751.jpg,D:\DPS 920\DPS920_final_project\IMG\right_2026_07_27_15_32_40_751.jpg,-0.3,1,0,30.16908
D:\DPS 920\DPS920_final_project\IMG\center_2026_07_27_15_32_40_826.jpg,D:\DPS 920\DPS920_final_project\IMG\left_2026_07_27_15_32_40_826.jpg,D:\DPS 920\DPS920_final_project\IMG\right_2026_07_27_15_32_40_826.jpg,0,1,0,30.18826
D:\DPS 920\DPS920_final_project\IMG\center_2026_07_27_15_32_40_903.jpg,D:\DPS 920\DPS920_final_project\IMG\left_2026_07_27_15_32_40_903.jpg,D:\DPS 920\DPS920_final_project\IMG\right_2026_07_27_15_32_40_903.jpg,0,1,0,30.18982
D:\DPS 920\DPS920_final_project\IMG\center_2026_07_27_15_32_40_972.jpg,D:\DPS 920\DPS920_final_project\IMG\left_2026_07_27_15_32_40_972.jpg,D:\DPS 920\DPS920_final_project\IMG\right_2026_07_27_15_32_40_972.jpg,0,1,0,30.19002
D:\DPS 920\DPS920_final_project\IMG\center_2026_07_27_15_32_41_044.jpg,D:\DPS 920\DPS920_final_project\IMG\left_2026_07_27_15_32_41_044.jpg,D:\DPS 920\DPS920_final_project\IMG\right_2026_07_27_15_32_41_044.jpg,0,1,0,30.19056
D:\DPS 920\DPS920_final_project\IMG\center_2026_07_27_15_32_41_116.jpg,D:\DPS 920\DPS920_final_project\IMG\left_2026_07_27_15_32_41_116.jpg,D:\DPS 920\DPS920_final_project\IMG\right_2026_07_27_15_32_41_116.jpg,0,1,0,30.1904
D:\DPS 920\DPS920_final_project\IMG\center_2026_07_27_15_32_41_188.jpg,D:\DPS 920\DPS920_final_project\IMG\left_2026_07_27_15_32_41_188.jpg,D:\DPS 920\DPS920_final_project\IMG\right_2026_07_27_15_32_41_188.jpg,0,1,0,30.19084
D:\DPS 920\DPS920_final_project\IMG\center_2026_07_27_15_32_41_262.jpg,D:\DPS 920\DPS920_final_project\IMG\left_2026_07_27_15_32_41_262.jpg,D:\DPS 920\DPS920_final_project\IMG\right_2026_07_27_15_32_41_262.jpg,-0.2,1,0,30.18014
D:\DPS 920\DPS920_final_project\IMG\center_2026_07_27_15_32_41_333.jpg,D:\DPS 920\DPS920_final_project\IMG\left_2026_07_27_15_32_41_333.jpg,D:\DPS 920\DPS920_final_project\IMG\right_2026_07_27_15_32_41_333.jpg,0,1,0,30.1914
D:\DPS 920\DPS920_final_project\IMG\center_2026_07_27_15_32_41_405.jpg,D:\DPS 920\DPS920_final_project\IMG\left_2026_07_27_15_32_41_405.jpg,D:\DPS 920\DPS920_final_project\IMG\right_2026_07_27_15_32_41_405.jpg,0,1,0,30.19036
D:\DPS 920\DPS920_final_project\IMG\center_2026_07_27_15_32_41_478.jpg,D:\DPS 920\DPS920_final_project\IMG\left_2026_07_27_15_32_41_478.jpg,D:\DPS 920\DPS920_final_project\IMG\right_2026_07_27_15_32_41_478.jpg,0,1,0,30.19039
D:\DPS 920\DPS920_final_project\IMG\center_2026_07_27_15_32_41_551.jpg,D:\DPS 920\DPS920_final_project\IMG\left_2026_07_27_15_32_41_551.jpg,D:\DPS 920\DPS920_final_project\IMG\right_2026_07_27_15_32_41_551.jpg,0,1,0,30.19039
D:\DPS 920\DPS920_final_project\IMG\center_2026_07_27_15_32_41_626.jpg,D:\DPS 920\DPS920_final_project\IMG\left_2026_07_27_15_32_41_626.jpg,D:\DPS 920\DPS920_final_project\IMG\right_2026_07_27_15_32_41_626.jpg,0,1,0,30.1904
D:\DPS 920\DPS920_final_project\IMG\center_2026_07_27_15_32_41_701.jpg,D:\DPS 920\DPS920_final_project\IMG\left_2026_07_27_15_32_41_701.jpg,D:\DPS 920\DPS920_final_project\IMG\right_2026_07_27_15_32_41_701.jpg,-0.1,1,0,30.18773
D:\DPS 920\DPS920_final_project\IMG\center_2026_07_27_15_32_41_780.jpg,D:\DPS 920\DPS920_final_project\IMG\left_2026_07_27_15_32_41_780.jpg,D:\DPS 920\DPS920_final_project\IMG\right_2026_07_27_15_32_41_780.jpg,0,1,0,30.18612
D:\DPS 920\DPS920_final_project\IMG\center_2026_07_27_15_32_41_855.jpg,D:\DPS 920\DPS920_final_project\IMG\left_2026_07_27_15_32_41_855.jpg,D:\DPS 920\DPS920_final_project\IMG\right_2026_07_27_15_32_41_855.jpg,0,1,0,30.18967
D:\DPS 920\DPS920_final_project\IMG\center_2026_07_27_15_32_41_934.jpg,D:\DPS 920\DPS920_final_project\IMG\left_2026_07_27_15_32_41_934.jpg,D:\DPS 920\DPS920_final_project\IMG\right_2026_07_27_15_32_41_934.jpg,0,1,0,30.19086
D:\DPS 920\DPS920_final_project\IMG\center_2026_07_27_15_32_42_001.jpg,D:\DPS 920\DPS920_final_project\IMG\left_2026_07_27_15_32_42_001.jpg,D:\DPS 920\DPS920_final_project\IMG\right_2026_07_27_15_32_42_001.jpg,-0.1,1,0,30.18777
D:\DPS 920\DPS920_final_project\IMG\center_2026_07_27_15_32_42_076.jpg,D:\DPS 920\DPS920_final_project\IMG\left_2026_07_27_15_32_42_076.jpg,D:\DPS 920\DPS920_final_project\IMG\right_2026_07_27_15_32_42_076.jpg,-0.25,1,0,30.17364
D:\DPS 920\DPS920_final_project\IMG\center_2026_07_27_15_32_42_152.jpg,D:\DPS 920\DPS920_final_project\IMG\left_2026_07_27_15_32_42_152.jpg,D:\DPS 920\DPS920_final_project\IMG\right_2026_07_27_15_32_42_152.jpg,0,1,0,30.19043
D:\DPS 920\DPS920_final_project\IMG\center_2026_07_27_15_32_42_229.jpg,D:\DPS 920\DPS920_final_project\IMG\left_2026_07_27_15_32_42_229.jpg,D:\DPS 920\DPS920_final_project\IMG\right_2026_07_27_15_32_42_229.jpg,0,1,0,30.18914
D:\DPS 920\DPS920_final_project\IMG\center_2026_07_27_15_32_42_306.jpg,D:\DPS 920\DPS920_final_project\IMG\left_2026_07_27_15_32_42_306.jpg,D:\DPS 920\DPS920_final_project\IMG\right_2026_07_27_15_32_42_306.jpg,0,1,0,30.1901
D:\DPS 920\DPS920_final_project\IMG\center_2026_07_27_15_32_42_383.jpg,D:\DPS 920\DPS920_final_project\IMG\left_2026_07_27_15_32_42_383.jpg,D:\DPS 920\DPS920_final_project\IMG\right_2026_07_27_15_32_42_383.jpg,-0.1,1,0,30.18847
D:\DPS 920\DPS920_final_project\IMG\center_2026_07_27_15_32_42_459.jpg,D:\DPS 920\DPS920_final_project\IMG\left_2026_07_27_15_32_42_459.jpg,D:\DPS 920\DPS920_final_project\IMG\right_2026_07_27_15_32_42_459.jpg,-0.3,1,0,30.17042
D:\DPS 920\DPS920_final_project\IMG\center_2026_07_27_15_32_42_537.jpg,D:\DPS 920\DPS920_final_project\IMG\left_2026_07_27_15_32_42_537.jpg,D:\DPS 920\DPS920_final_project\IMG\right_2026_07_27_15_32_42_537.jpg,-0.45,1,0,30.15236
D:\DPS 920\DPS920_final_project\IMG\center_2026_07_27_15_32_42_615.jpg,D:\DPS 920\DPS920_final_project\IMG\left_2026_07_27_15_32_42_615.jpg,D:\DPS 920\DPS920_final_project\IMG\right_2026_07_27_15_32_42_615.jpg,-0.6500001,1,0,30.12762
D:\DPS 920\DPS920_final_project\IMG\center_2026_07_27_15_32_42_695.jpg,D:\DPS 920\DPS920_final_project\IMG\left_2026_07_27_15_32_42_695.jpg,D:\DPS 920\DPS920_final_project\IMG\right_2026_07_27_15_32_42_695.jpg,0,1,0,30.17948
D:\DPS 920\DPS920_final_project\IMG\center_2026_07_27_15_32_42_763.jpg,D:\DPS 920\DPS920_final_project\IMG\left_2026_07_27_15_32_42_763.jpg,D:\DPS 920\DPS920_final_project\IMG\right_2026_07_27_15_32_42_763.jpg,0,1,0,30.18816
D:\DPS 920\DPS920_final_project\IMG\center_2026_07_27_15_32_42_833.jpg,D:\DPS 920\DPS920_final_project\IMG\left_2026_07_27_15_32_42_833.jpg,D:\DPS 920\DPS920_final_project\IMG\right_2026_07_27_15_32_42_833.jpg,0,1,0,30.1886
D:\DPS 920\DPS920_final_project\IMG\center_2026_07_27_15_32_42_905.jpg,D:\DPS 920\DPS920_final_project\IMG\left_2026_07_27_15_32_42_905.jpg,D:\DPS 920\DPS920_final_project\IMG\right_2026_07_27_15_32_42_905.jpg,0,1,0,30.19021
D:\DPS 920\DPS920_final_project\IMG\center_2026_07_27_15_32_42_979.jpg,D:\DPS 920\DPS920_final_project\IMG\left_2026_07_27_15_32_42_979.jpg,D:\DPS 920\DPS920_final_project\IMG\right_2026_07_27_15_32_42_979.jpg,0,1,0,30.1924
D:\DPS 920\DPS920_final_project\IMG\center_2026_07_27_15_32_43_052.jpg,D:\DPS 920\DPS920_final_project\IMG\left_2026_07_27_15_32_43_052.jpg,D:\DPS 920\DPS920_final_project\IMG\right_2026_07_27_15_32_43_052.jpg,0,1,0,30.18896
D:\DPS 920\DPS920_final_project\IMG\center_2026_07_27_15_32_43_123.jpg,D:\DPS 920\DPS920_final_project\IMG\left_2026_07_27_15_32_43_123.jpg,D:\DPS 920\DPS920_final_project\IMG\right_2026_07_27_15_32_43_123.jpg,0,1,0,30.19032
D:\DPS 920\DPS920_final_project\IMG\center_2026_07_27_15_32_43_197.jpg,D:\DPS 920\DPS920_final_project\IMG\left_2026_07_27_15_32_43_197.jpg,D:\DPS 920\DPS920_final_project\IMG\right_2026_07_27_15_32_43_197.jpg,0,1,0,30.19022
D:\DPS 920\DPS920_final_project\IMG\center_2026_07_27_15_32_43_274.jpg,D:\DPS 920\DPS920_final_project\IMG\left_2026_07_27_15_32_43_274.jpg,D:\DPS 920\DPS920_final_project\IMG\right_2026_07_27_15_32_43_274.jpg,0,1,0,30.19014
D:\DPS 920\DPS920_final_project\IMG\center_2026_07_27_15_32_43_349.jpg,D:\DPS 920\DPS920_final_project\IMG\left_2026_07_27_15_32_43_349.jpg,D:\DPS 920\DPS920_final_project\IMG\right_2026_07_27_15_32_43_349.jpg,0,1,0,30.19017
D:\DPS 920\DPS920_final_project\IMG\center_2026_07_27_15_32_43_423.jpg,D:\DPS 920\DPS920_final_project\IMG\left_2026_07_27_15_32_43_423.jpg,D:\DPS 920\DPS920_final_project\IMG\right_2026_07_27_15_32_43_423.jpg,0,1,0,30.19014
D:\DPS 920\DPS920_final_project\IMG\center_2026_07_27_15_32_43_496.jpg,D:\DPS 920\DPS920_final_project\IMG\left_2026_07_27_15_32_43_496.jpg,D:\DPS 920\DPS920_final_project\IMG\right_2026_07_27_15_32_43_496.jpg,-0.05,1,0,30.18949
D:\DPS 920\DPS920_final_project\IMG\center_2026_07_27_15_32_43_571.jpg,D:\DPS 920\DPS920_final_project\IMG\left_2026_07_27_15_32_43_571.jpg,D:\DPS 920\DPS920_final_project\IMG\right_2026_07_27_15_32_43_571.jpg,0,1,0,30.18702
D:\DPS 920\DPS920_final_project\IMG\center_2026_07_27_15_32_43_642.jpg,D:\DPS 920\DPS920_final_project\IMG\left_2026_07_27_15_32_43_642.jpg,D:\DPS 920\DPS920_final_project\IMG\right_2026_07_27_15_32_43_642.jpg,0,1,0,30.18995
D:\DPS 920\DPS920_final_project\IMG\center_2026_07_27_15_32_43_713.jpg,D:\DPS 920\DPS920_final_project\IMG\left_2026_07_27_15_32_43_713.jpg,D:\DPS 920\DPS920_final_project\IMG\right_2026_07_27_15_32_43_713.jpg,0,1,0,30.19004
D:\DPS 920\DPS920_final_project\IMG\center_2026_07_27_15_32_43_781.jpg,D:\DPS 920\DPS920_final_project\IMG\left_2026_07_27_15_32_43_781.jpg,D:\DPS 920\DPS920_final_project\IMG\right_2026_07_27_15_32_43_781.jpg,0,1,0,30.18951
D:\DPS 920\DPS920_final_project\IMG\center_2026_07_27_15_32_43_850.jpg,D:\DPS 920\DPS920_final_project\IMG\left_2026_07_27_15_32_43_850.jpg,D:\DPS 920\DPS920_final_project\IMG\right_2026_07_27_15_32_43_850.jpg,0,1,0,30.19053
D:\DPS 920\DPS920_final_project\IMG\center_2026_07_27_15_32_43_920.jpg,D:\DPS 920\DPS920_final_project\IMG\left_2026_07_27_15_32_43_920.jpg,D:\DPS 920\DPS920_final_project\IMG\right_2026_07_27_15_32_43_920.jpg,-0.15,1,0,30.18437
D:\DPS 920\DPS920_final_project\IMG\center_2026_07_27_15_32_43_990.jpg,D:\DPS 920\DPS920_final_project\IMG\left_2026_07_27_15_32_43_990.jpg,D:\DPS 920\DPS920_final_project\IMG\right_2026_07_27_15_32_43_990.jpg,-0.3,1,0,30.16899
D:\DPS 920\DPS920_final_project\IMG\center_2026_07_27_15_32_44_059.jpg,D:\DPS 920\DPS920_final_project\IMG\left_2026_07_27_15_32_44_059.jpg,D:\DPS 920\DPS920_final_project\IMG\right_2026_07_27_15_32_44_059.jpg,0,1,0,30.19074
D:\DPS 920\DPS920_final_project\IMG\center_2026_07_27_15_32_44_127.jpg,D:\DPS 920\DPS920_final_project\IMG\left_2026_07_27_15_32_44_127.jpg,D:\DPS 920\DPS920_final_project\IMG\right_2026_07_27_15_32_44_127.jpg,0,1,0,30.19041
D:\DPS 920\DPS920_final_project\IMG\center_2026_07_27_15_32_44_197.jpg,D:\DPS 920\DPS920_final_project\IMG\left_2026_07_27_15_32_44_197.jpg,D:\DPS 920\DPS920_final_project\IMG\right_2026_07_27_15_32_44_197.jpg,0,1,0,30.1904
D:\DPS 920\DPS920_final_project\IMG\center_2026_07_27_15_32_44_268.jpg,D:\DPS 920\DPS920_final_project\IMG\left_2026_07_27_15_32_44_268.jpg,D:\DPS 920\DPS920_final_project\IMG\right_2026_07_27_15_32_44_268.jpg,-0.15,1,0,30.18513
D:\DPS 920\DPS920_final_project\IMG\center_2026_07_27_15_32_44_339.jpg,D:\DPS 920\DPS920_final_project\IMG\left_2026_07_27_15_32_44_339.jpg,D:\DPS 920\DPS920_final_project\IMG\right_2026_07_27_15_32_44_339.jpg,0,1,0,30.19099
D:\DPS 920\DPS920_final_project\IMG\center_2026_07_27_15_32_44_418.jpg,D:\DPS 920\DPS920_final_project\IMG\left_2026_07_27_15_32_44_418.jpg,D:\DPS 920\DPS920_final_project\IMG\right_2026_07_27_15_32_44_418.jpg,0,1,0,30.19024
D:\DPS 920\DPS920_final_project\IMG\center_2026_07_27_15_32_44_497.jpg,D:\DPS 920\DPS920_final_project\IMG\left_2026_07_27_15_32_44_497.jpg,D:\DPS 920\DPS920_final_project\IMG\right_2026_07_27_15_32_44_497.jpg,0,1,0,30.19027
D:\DPS 920\DPS920_final_project\IMG\center_2026_07_27_15_32_44_567.jpg,D:\DPS 920\DPS920_final_project\IMG\left_2026_07_27_15_32_44_567.jpg,D:\DPS 920\DPS920_final_project\IMG\right_2026_07_27_15_32_44_567.jpg,-0.1,1,0,30.1881
D:\DPS 920\DPS920_final_project\IMG\center_2026_07_27_15_32_44_636.jpg,D:\DPS 920\DPS920_final_project\IMG\left_2026_07_27_15_32_44_636.jpg,D:\DPS 920\DPS920_final_project\IMG\right_2026_07_27_15_32_44_636.jpg,0,1,0,30.18753
D:\DPS 920\DPS920_final_project\IMG\center_2026_07_27_15_32_44_705.jpg,D:\DPS 920\DPS920_final_project\IMG\left_2026_07_27_15_32_44_705.jpg,D:\DPS 920\DPS920_final_project\IMG\right_2026_07_27_15_32_44_705.jpg,0,1,0,30.1901
D:\DPS 920\DPS920_final_project\IMG\center_2026_07_27_15_32_44_773.jpg,D:\DPS 920\DPS920_final_project\IMG\left_2026_07_27_15_32_44_773.jpg,D:\DPS 920\DPS920_final_project\IMG\right_2026_07_27_15_32_44_773.jpg,-0.1,1,0,30.18837
D:\DPS 920\DPS920_final_project\IMG\center_2026_07_27_15_32_44_851.jpg,D:\DPS 920\DPS920_final_project\IMG\left_2026_07_27_15_32_44_851.jpg,D:\DPS 920\DPS920_final_project\IMG\right_2026_07_27_15_32_44_851.jpg,0,1,0,30.1911
D:\DPS 920\DPS920_final_project\IMG\center_2026_07_27_15_32_44_931.jpg,D:\DPS 920\DPS920_final_project\IMG\left_2026_07_27_15_32_44_931.jpg,D:\DPS 920\DPS920_final_project\IMG\right_2026_07_27_15_32_44_931.jpg,-0.05,1,0,30.19028
D:\DPS 920\DPS920_final_project\IMG\center_2026_07_27_15_32_44_999.jpg,D:\DPS 920\DPS920_final_project\IMG\left_2026_07_27_15_32_44_999.jpg,D:\DPS 920\DPS920_final_project\IMG\right_2026_07_27_15_32_44_999.jpg,-0.25,1,0,30.17571
D:\DPS 920\DPS920_final_project\IMG\center_2026_07_27_15_32_45_070.jpg,D:\DPS 920\DPS920_final_project\IMG\left_2026_07_27_15_32_45_070.jpg,D:\DPS 920\DPS920_final_project\IMG\right_2026_07_27_15_32_45_070.jpg,0,1,0,30.19014
D:\DPS 920\DPS920_final_project\IMG\center_2026_07_27_15_32_45_140.jpg,D:\DPS 920\DPS920_final_project\IMG\left_2026_07_27_15_32_45_140.jpg,D:\DPS 920\DPS920_final_project\IMG\right_2026_07_27_15_32_45_140.jpg,-0.2,1,0,30.18292
D:\DPS 920\DPS920_final_project\IMG\center_2026_07_27_15_32_45_210.jpg,D:\DPS 920\DPS920_final_project\IMG\left_2026_07_27_15_32_45_210.jpg,D:\DPS 920\DPS920_final_project\IMG\right_2026_07_27_15_32_45_210.jpg,0,1,0,30.19025
D:\DPS 920\DPS920_final_project\IMG\center_2026_07_27_15_32_45_282.jpg,D:\DPS 920\DPS920_final_project\IMG\left_2026_07_27_15_32_45_282.jpg,D:\DPS 920\DPS920_final_project\IMG\right_2026_07_27_15_32_45_282.jpg,-0.1,1,0,30.18951
D:\DPS 920\DPS920_final_project\IMG\center_2026_07_27_15_32_45_353.jpg,D:\DPS 920\DPS920_final_project\IMG\left_2026_07_27_15_32_45_353.jpg,D:\DPS 920\DPS920_final_project\IMG\right_2026_07_27_15_32_45_353.jpg,0,1,0,30.18816
D:\DPS 920\DPS920_final_project\IMG\center_2026_07_27_15_32_45_422.jpg,D:\DPS 920\DPS920_final_project\IMG\left_2026_07_27_15_32_45_422.jpg,D:\DPS 920\DPS920_final_project\IMG\right_2026_07_27_15_32_45_422.jpg,0,1,0,30.19009
D:\DPS 920\DPS920_final_project\IMG\center_2026_07_27_15_32_45_491.jpg,D:\DPS 920\DPS920_final_project\IMG\left_2026_07_27_15_32_45_491.jpg,D:\DPS 920\DPS920_final_project\IMG\right_2026_07_27_15_32_45_491.jpg,0,1,0,30.18976
D:\DPS 920\DPS920_final_project\IMG\center_2026_07_27_15_32_45_559.jpg,D:\DPS 920\DPS920_final_project\IMG\left_2026_07_27_15_32_45_559.jpg,D:\DPS 920\DPS920_final_project\IMG\right_2026_07_27_15_32_45_559.jpg,0,1,0,30.19031
D:\DPS 920\DPS920_final_project\IMG\center_2026_07_27_15_32_45_627.jpg,D:\DPS 920\DPS920_final_project\IMG\left_2026_07_27_15_32_45_627.jpg,D:\DPS 920\DPS920_final_project\IMG\right_2026_07_27_15_32_45_627.jpg,-0.1,1,0,30.18815
D:\DPS 920\DPS920_final_project\IMG\center_2026_07_27_15_32_45_697.jpg,D:\DPS 920\DPS920_final_project\IMG\left_2026_07_27_15_32_45_697.jpg,D:\DPS 920\DPS920_final_project\IMG\right_2026_07_27_15_32_45_697.jpg,0,1,0,30.18749
D:\DPS 920\DPS920_final_project\IMG\center_2026_07_27_15_32_45_771.jpg,D:\DPS 920\DPS920_final_project\IMG\left_2026_07_27_15_32_45_771.jpg,D:\DPS 920\DPS920_final_project\IMG\right_2026_07_27_15_32_45_771.jpg,-0.05,1,0,30.19002
D:\DPS 920\DPS920_final_project\IMG\center_2026_07_27_15_32_45_841.jpg,D:\DPS 920\DPS920_final_project\IMG\left_2026_07_27_15_32_45_841.jpg,D:\DPS 920\DPS920_final_project\IMG\right_2026_07_27_15_32_45_841.jpg,-0.25,1,0,30.17589
D:\DPS 920\DPS920_final_project\IMG\center_2026_07_27_15_32_45_912.jpg,D:\DPS 920\DPS920_final_project\IMG\left_2026_07_27_15_32_45_912.jpg,D:\DPS 920\DPS920_final_project\IMG\right_2026_07_27_15_32_45_912.jpg,0,1,0,30.18954
D:\DPS 920\DPS920_final_project\IMG\center_2026_07_27_15_32_45_983.jpg,D:\DPS 920\DPS920_final_project\IMG\left_2026_07_27_15_32_45_983.jpg,D:\DPS 920\DPS920_final_project\IMG\right_2026_07_27_15_32_45_983.jpg,-0.1,1,0,30.1891
D:\DPS 920\DPS920_final_project\IMG\center_2026_07_27_15_32_46_052.jpg,D:\DPS 920\DPS920_final_project\IMG\left_2026_07_27_15_32_46_052.jpg,D:\DPS 920\DPS920_final_project\IMG\right_2026_07_27_15_32_46_052.jpg,0,1,0,30.1901
D:\DPS 920\DPS920_final_project\IMG\center_2026_07_27_15_32_46_122.jpg,D:\DPS 920\DPS920_final_project\IMG\left_2026_07_27_15_32_46_122.jpg,D:\DPS 920\DPS920_final_project\IMG\right_2026_07_27_15_32_46_122.jpg,-0.05,1,0,30.1904
D:\DPS 920\DPS920_final_project\IMG\center_2026_07_27_15_32_46_190.jpg,D:\DPS 920\DPS920_final_project\IMG\left_2026_07_27_15_32_46_190.jpg,D:\DPS 920\DPS920_final_project\IMG\right_2026_07_27_15_32_46_190.jpg,0,1,0,30.19076
D:\DPS 920\DPS920_final_project\IMG\center_2026_07_27_15_32_46_257.jpg,D:\DPS 920\DPS920_final_project\IMG\left_2026_07_27_15_32_46_257.jpg,D:\DPS 920\DPS920_final_project\IMG\right_2026_07_27_15_32_46_257.jpg,0,1,0,30.19038
D:\DPS 920\DPS920_final_project\IMG\center_2026_07_27_15_32_46_336.jpg,D:\DPS 920\DPS920_final_project\IMG\left_2026_07_27_15_32_46_336.jpg,D:\DPS 920\DPS920_final_project\IMG\right_2026_07_27_15_32_46_336.jpg,0,1,0,30.19036
D:\DPS 920\DPS920_final_project\IMG\center_2026_07_27_15_32_46_405.jpg,D:\DPS 920\DPS920_final_project\IMG\left_2026_07_27_15_32_46_405.jpg,D:\DPS 920\DPS920_final_project\IMG\right_2026_07_27_15_32_46_405.jpg,0,1,0,30.19032
D:\DPS 920\DPS920_final_project\IMG\center_2026_07_27_15_32_46_473.jpg,D:\DPS 920\DPS920_final_project\IMG\left_2026_07_27_15_32_46_473.jpg,D:\DPS 920\DPS920_final_project\IMG\right_2026_07_27_15_32_46_473.jpg,0,1,0,30.19034
D:\DPS 920\DPS920_final_project\IMG\center_2026_07_27_15_32_46_543.jpg,D:\DPS 920\DPS920_final_project\IMG\left_2026_07_27_15_32_46_543.jpg,D:\DPS 920\DPS920_final_project\IMG\right_2026_07_27_15_32_46_543.jpg,0,1,0,30.18837
D:\DPS 920\DPS920_final_project\IMG\center_2026_07_27_15_32_46_610.jpg,D:\DPS 920\DPS920_final_project\IMG\left_2026_07_27_15_32_46_610.jpg,D:\DPS 920\DPS920_final_project\IMG\right_2026_07_27_15_32_46_610.jpg,0,1,0,30.19038
D:\DPS 920\DPS920_final_project\IMG\center_2026_07_27_15_32_46_678.jpg,D:\DPS 920\DPS920_final_project\IMG\left_2026_07_27_15_32_46_678.jpg,D:\DPS 920\DPS920_final_project\IMG\right_2026_07_27_15_32_46_678.jpg,-0.15,1,0,30.18487
D:\DPS 920\DPS920_final_project\IMG\center_2026_07_27_15_32_46_755.jpg,D:\DPS 920\DPS920_final_project\IMG\left_2026_07_27_15_32_46_755.jpg,D:\DPS 920\DPS920_final_project\IMG\right_2026_07_27_15_32_46_755.jpg,0,1,0,30.18996
D:\DPS 920\DPS920_final_project\IMG\center_2026_07_27_15_32_46_824.jpg,D:\DPS 920\DPS920_final_project\IMG\left_2026_07_27_15_32_46_824.jpg,D:\DPS 920\DPS920_final_project\IMG\right_2026_07_27_15_32_46_824.jpg,-0.1,1,0,30.18834
D:\DPS 920\DPS920_final_project\IMG\center_2026_07_27_15_32_46_893.jpg,D:\DPS 920\DPS920_final_project\IMG\left_2026_07_27_15_32_46_893.jpg,D:\DPS 920\DPS920_final_project\IMG\right_2026_07_27_15_32_46_893.jpg,0,1,0,30.18756
D:\DPS 920\DPS920_final_project\IMG\center_2026_07_27_15_32_46_962.jpg,D:\DPS 920\DPS920_final_project\IMG\left_2026_07_27_15_32_46_962.jpg,D:\DPS 920\DPS920_final_project\IMG\right_2026_07_27_15_32_46_962.jpg,-0.05,1,0,30.18902
D:\DPS 920\DPS920_final_project\IMG\center_2026_07_27_15_32_47_030.jpg,D:\DPS 920\DPS920_final_project\IMG\left_2026_07_27_15_32_47_030.jpg,D:\DPS 920\DPS920_final_project\IMG\right_2026_07_27_15_32_47_030.jpg,-0.2,1,0,30.18185
D:\DPS 920\DPS920_final_project\IMG\center_2026_07_27_15_32_47_099.jpg,D:\DPS 920\DPS920_final_project\IMG\left_2026_07_27_15_32_47_099.jpg,D:\DPS 920\DPS920_final_project\IMG\right_2026_07_27_15_32_47_099.jpg,0,1,0,30.18926
D:\DPS 920\DPS920_final_project\IMG\center_2026_07_27_15_32_47_169.jpg,D:\DPS 920\DPS920_final_project\IMG\left_2026_07_27_15_32_47_169.jpg,D:\DPS 920\DPS920_final_project\IMG\right_2026_07_27_15_32_47_169.jpg,-0.15,1,0,30.18593
D:\DPS 920\DPS920_final_project\IMG\center_2026_07_27_15_32_47_238.jpg,D:\DPS 920\DPS920_final_project\IMG\left_2026_07_27_15_32_47_238.jpg,D:\DPS 920\DPS920_final_project\IMG\right_2026_07_27_15_32_47_238.jpg,0,1,0,30.19021
D:\DPS 920\DPS920_final_project\IMG\center_2026_07_27_15_32_47_306.jpg,D:\DPS 920\DPS920_final_project\IMG\left_2026_07_27_15_32_47_306.jpg,D:\DPS 920\DPS920_final_project\IMG\right_2026_07_27_15_32_47_306.jpg,-0.05,1,0,30.19007
D:\DPS 920\DPS920_final_project\IMG\center_2026_07_27_15_32_47_384.jpg,D:\DPS 920\DPS920_final_project\IMG\left_2026_07_27_15_32_47_384.jpg,D:\DPS 920\DPS920_final_project\IMG\right_2026_07_27_15_32_47_384.jpg,0,1,0,30.18794
D:\DPS 920\DPS920_final_project\IMG\center_2026_07_27_15_32_47_462.jpg,D:\DPS 920\DPS920_final_project\IMG\left_2026_07_27_15_32_47_462.jpg,D:\DPS 920\DPS920_final_project\IMG\right_2026_07_27_15_32_47_462.jpg,0,1,0,30.19009
D:\DPS 920\DPS920_final_project\IMG\center_2026_07_27_15_32_47_531.jpg,D:\DPS 920\DPS920_final_project\IMG\left_2026_07_27_15_32_47_531.jpg,D:\DPS 920\DPS920_final_project\IMG\right_2026_07_27_15_32_47_531.jpg,0,1,0,30.18971
D:\DPS 920\DPS920_final_project\IMG\center_2026_07_27_15_32_47_609.jpg,D:\DPS 920\DPS920_final_project\IMG\left_2026_07_27_15_32_47_609.jpg,D:\DPS 920\DPS920_final_project\IMG\right_2026_07_27_15_32_47_609.jpg,0,1,0,30.19021
D:\DPS 920\DPS920_final_project\IMG\center_2026_07_27_15_32_47_686.jpg,D:\DPS 920\DPS920_final_project\IMG\left_2026_07_27_15_32_47_686.jpg,D:\DPS 920\DPS920_final_project\IMG\right_2026_07_27_15_32_47_686.jpg,0,1,0,30.19018
D:\DPS 920\DPS920_final_project\IMG\center_2026_07_27_15_32_47_754.jpg,D:\DPS 920\DPS920_final_project\IMG\left_2026_07_27_15_32_47_754.jpg,D:\DPS 920\DPS920_final_project\IMG\right_2026_07_27_15_32_47_754.jpg,0,1,0,30.19021
D:\DPS 920\DPS920_final_project\IMG\center_2026_07_27_15_32_47_832.jpg,D:\DPS 920\DPS920_final_project\IMG\left_2026_07_27_15_32_47_832.jpg,D:\DPS 920\DPS920_final_project\IMG\right_2026_07_27_15_32_47_832.jpg,0,1,0,30.19033
D:\DPS 920\DPS920_final_project\IMG\center_2026_07_27_15_32_47_911.jpg,D:\DPS 920\DPS920_final_project\IMG\left_2026_07_27_15_32_47_911.jpg,D:\DPS 920\DPS920_final_project\IMG\right_2026_07_27_15_32_47_911.jpg,-0.05,1,0,30.18951
D:\DPS 920\DPS920_final_project\IMG\center_2026_07_27_15_32_47_986.jpg,D:\DPS 920\DPS920_final_project\IMG\left_2026_07_27_15_32_47_986.jpg,D:\DPS 920\DPS920_final_project\IMG\right_2026_07_27_15_32_47_986.jpg,-0.25,1,0,30.17427
D:\DPS 920\DPS920_final_project\IMG\center_2026_07_27_15_32_48_060.jpg,D:\DPS 920\DPS920_final_project\IMG\left_2026_07_27_15_32_48_060.jpg,D:\DPS 920\DPS920_final_project\IMG\right_2026_07_27_15_32_48_060.jpg,0,1,0,30.19003
D:\DPS 920\DPS920_final_project\IMG\center_2026_07_27_15_32_48_136.jpg,D:\DPS 920\DPS920_final_project\IMG\left_2026_07_27_15_32_48_136.jpg,D:\DPS 920\DPS920_final_project\IMG\right_2026_07_27_15_32_48_136.jpg,-0.15,1,0,30.18583
D:\DPS 920\DPS920_final_project\IMG\center_2026_07_27_15_32_48_205.jpg,D:\DPS 920\DPS920_final_project\IMG\left_2026_07_27_15_32_48_205.jpg,D:\DPS 920\DPS920_final_project\IMG\right_2026_07_27_15_32_48_205.jpg,0,1,0,30.18977
D:\DPS 920\DPS920_final_project\IMG\center_2026_07_27_15_32_48_273.jpg,D:\DPS 920\DPS920_final_project\IMG\left_2026_07_27_15_32_48_273.jpg,D:\DPS 920\DPS920_final_project\IMG\right_2026_07_27_15_32_48_273.jpg,-0.05,1,0,30.18997
D:\DPS 920\DPS920_final_project\IMG\center_2026_07_27_15_32_48_351.jpg,D:\DPS 920\DPS920_final_project\IMG\left_2026_07_27_15_32_48_351.jpg,D:\DPS 920\DPS920_final_project\IMG\right_2026_07_27_15_32_48_351.jpg,0,1,0,30.1879
D:\DPS 920\DPS920_final_project\IMG\center_2026_07_27_15_32_48_432.jpg,D:\DPS 920\DPS920_final_project\IMG\left_2026_07_27_15_32_48_432.jpg,D:\DPS 920\DPS920_final_project\IMG\right_2026_07_27_15_32_48_432.jpg,-0.05,1,0,30.19006
D:\DPS 920\DPS920_final_project\IMG\center_2026_07_27_15_32_48_509.jpg,D:\DPS 920\DPS920_final_project\IMG\left_2026_07_27_15_32_48_509.jpg,D:\DPS 920\DPS920_final_project\IMG\right_2026_07_27_15_32_48_509.jpg,0,1,0,30.19006
D:\DPS 920\DPS920_final_project\IMG\center_2026_07_27_15_32_48_586.jpg,D:\DPS 920\DPS920_final_project\IMG\left_2026_07_27_15_32_48_586.jpg,D:\DPS 920\DPS920_final_project\IMG\right_2026_07_27_15_32_48_586.jpg,0,1,0,30.19018
D:\DPS 920\DPS920_final_project\IMG\center_2026_07_27_15_32_48_658.jpg,D:\DPS 920\DPS920_final_project\IMG\left_2026_07_27_15_32_48_658.jpg,D:\DPS 920\DPS920_final_project\IMG\right_2026_07_27_15_32_48_658.jpg,0,1,0,30.19015
D:\DPS 920\DPS920_final_project\IMG\center_2026_07_27_15_32_48_727.jpg,D:\DPS 920\DPS920_final_project\IMG\left_2026_07_27_15_32_48_727.jpg,D:\DPS 920\DPS920_final_project\IMG\right_2026_07_27_15_32_48_727.jpg,0,1,0,30.19016
D:\DPS 920\DPS920_final_project\IMG\center_2026_07_27_15_32_48_799.jpg,D:\DPS 920\DPS920_final_project\IMG\left_2026_07_27_15_32_48_799.jpg,D:\DPS 920\DPS920_final_project\IMG\right_2026_07_27_15_32_48_799.jpg,0,1,0,30.19016
D:\DPS 920\DPS920_final_project\IMG\center_2026_07_27_15_32_48_871.jpg,D:\DPS 920\DPS920_final_project\IMG\left_2026_07_27_15_32_48_871.jpg,D:\DPS 920\DPS920_final_project\IMG\right_2026_07_27_15_32_48_871.jpg,0,1,0,30.19016
D:\DPS 920\DPS920_final_project\IMG\center_2026_07_27_15_32_48_945.jpg,D:\DPS 920\DPS920_final_project\IMG\left_2026_07_27_15_32_48_945.jpg,D:\DPS 920\DPS920_final_project\IMG\right_2026_07_27_15_32_48_945.jpg,0,1,0,30.19016
D:\DPS 920\DPS920_final_project\IMG\center_2026_07_27_15_32_49_023.jpg,D:\DPS 920\DPS920_final_project\IMG\left_2026_07_27_15_32_49_023.jpg,D:\DPS 920\DPS920_final_project\IMG\right_2026_07_27_15_32_49_023.jpg,0,1,0,30.19015
D:\DPS 920\DPS920_final_project\IMG\center_2026_07_27_15_32_49_098.jpg,D:\DPS 920\DPS920_final_project\IMG\left_2026_07_27_15_32_49_098.jpg,D:\DPS 920\DPS920_final_project\IMG\right_2026_07_27_15_32_49_098.jpg,0,1,0,30.19017
D:\DPS 920\DPS920_final_project\IMG\center_2026_07_27_15_32_49_173.jpg,D:\DPS 920\DPS920_final_project\IMG\left_2026_07_27_15_32_49_173.jpg,D:\DPS 920\DPS920_final_project\IMG\right_2026_07_27_15_32_49_173.jpg,0,1,0,30.19016
D:\DPS 920\DPS920_final_project\IMG\center_2026_07_27_15_32_49_250.jpg,D:\DPS 920\DPS920_final_project\IMG\left_2026_07_27_15_32_49_250.jpg,D:\DPS 920\DPS920_final_project\IMG\right_2026_07_27_15_32_49_250.jpg,0,1,0,30.19016
D:\DPS 920\DPS920_final_project\IMG\center_2026_07_27_15_32_49_327.jpg,D:\DPS 920\DPS920_final_project\IMG\left_2026_07_27_15_32_49_327.jpg,D:\DPS 920\DPS920_final_project\IMG\right_2026_07_27_15_32_49_327.jpg,0,1,0,30.18996
D:\DPS 920\DPS920_final_project\IMG\center_2026_07_27_15_32_49_403.jpg,D:\DPS 920\DPS920_final_project\IMG\left_2026_07_27_15_32_49_403.jpg,D:\DPS 920\DPS920_final_project\IMG\right_2026_07_27_15_32_49_403.jpg,0,1,0,30.19039
D:\DPS 920\DPS920_final_project\IMG\center_2026_07_27_15_32_49_471.jpg,D:\DPS 920\DPS920_final_project\IMG\left_2026_07_27_15_32_49_471.jpg,D:\DPS 920\DPS920_final_project\IMG\right_2026_07_27_15_32_49_471.jpg,0,1,0,30.19036
D:\DPS 920\DPS920_final_project\IMG\center_2026_07_27_15_32_49_537.jpg,D:\DPS 920\DPS920_final_project\IMG\left_2026_07_27_15_32_49_537.jpg,D:\DPS 920\DPS920_final_project\IMG\right_2026_07_27_15_32_49_537.jpg,0,1,0,30.18913
D:\DPS 920\DPS920_final_project\IMG\center_2026_07_27_15_32_49_607.jpg,D:\DPS 920\DPS920_final_project\IMG\left_2026_07_27_15_32_49_607.jpg,D:\DPS 920\DPS920_final_project\IMG\right_2026_07_27_15_32_49_607.jpg,0,1,0,30.19058
D:\DPS 920\DPS920_final_project\IMG\center_2026_07_27_15_32_49_677.jpg,D:\DPS 920\DPS920_final_project\IMG\left_2026_07_27_15_32_49_677.jpg,D:\DPS 920\DPS920_final_project\IMG\right_2026_07_27_15_32_49_677.jpg,0,1,0,30.19047
D:\DPS 920\DPS920_final_project\IMG\center_2026_07_27_15_32_49_745.jpg,D:\DPS 920\DPS920_final_project\IMG\left_2026_07_27_15_32_49_745.jpg,D:\DPS 920\DPS920_final_project\IMG\right_2026_07_27_15_32_49_745.jpg,0,1,0,30.19042
D:\DPS 920\DPS920_final_project\IMG\center_2026_07_27_15_32_49_812.jpg,D:\DPS 920\DPS920_final_project\IMG\left_2026_07_27_15_32_49_812.jpg,D:\DPS 920\DPS920_final_project\IMG\right_2026_07_27_15_32_49_812.jpg,0,1,0,30.1904
D:\DPS 920\DPS920_final_project\IMG\center_2026_07_27_15_32_49_891.jpg,D:\DPS 920\DPS920_final_project\IMG\left_2026_07_27_15_32_49_891.jpg,D:\DPS 920\DPS920_final_project\IMG\right_2026_07_27_15_32_49_891.jpg,0,1,0,30.19045
D:\DPS 920\DPS920_final_project\IMG\center_2026_07_27_15_32_49_966.jpg,D:\DPS 920\DPS920_final_project\IMG\left_2026_07_27_15_32_49_966.jpg,D:\DPS 920\DPS920_final_project\IMG\right_2026_07_27_15_32_49_966.jpg,0,1,0,30.19044
D:\DPS 920\DPS920_final_project\IMG\center_2026_07_27_15_32_50_043.jpg,D:\DPS 920\DPS920_final_project\IMG\left_2026_07_27_15_32_50_043.jpg,D:\DPS 920\DPS920_final_project\IMG\right_2026_07_27_15_32_50_043.jpg,0,1,0,30.19043
D:\DPS 920\DPS920_final_project\IMG\center_2026_07_27_15_32_50_114.jpg,D:\DPS 920\DPS920_final_project\IMG\left_2026_07_27_15_32_50_114.jpg,D:\DPS 920\DPS920_final_project\IMG\right_2026_07_27_15_32_50_114.jpg,-0.05,1,0,30.18976
D:\DPS 920\DPS920_final_project\IMG\center_2026_07_27_15_32_50_187.jpg,D:\DPS 920\DPS920_final_project\IMG\left_2026_07_27_15_32_50_187.jpg,D:\DPS 920\DPS920_final_project\IMG\right_2026_07_27_15_32_50_187.jpg,0,1,0,30.18727
D:\DPS 920\DPS920_final_project\IMG\center_2026_07_27_15_32_50_260.jpg,D:\DPS 920\DPS920_final_project\IMG\left_2026_07_27_15_32_50_260.jpg,D:\DPS 920\DPS920_final_project\IMG\right_2026_07_27_15_32_50_260.jpg,0,1,0,30.19022
D:\DPS 920\DPS920_final_project\IMG\center_2026_07_27_15_32_50_335.jpg,D:\DPS 920\DPS920_final_project\IMG\left_2026_07_27_15_32_50_335.jpg,D:\DPS 920\DPS920_final_project\IMG\right_2026_07_27_15_32_50_335.jpg,-0.1,1,0,30.18842
D:\DPS 920\DPS920_final_project\IMG\center_2026_07_27_15_32_50_407.jpg,D:\DPS 920\DPS920_final_project\IMG\left_2026_07_27_15_32_50_407.jpg,D:\DPS 920\DPS920_final_project\IMG\right_2026_07_27_15_32_50_407.jpg,0,1,0,30.19033
D:\DPS 920\DPS920_final_project\IMG\center_2026_07_27_15_32_50_479.jpg,D:\DPS 920\DPS920_final_project\IMG\left_2026_07_27_15_32_50_479.jpg,D:\DPS 920\DPS920_final_project\IMG\right_2026_07_27_15_32_50_479.jpg,0,1,0,30.19032
D:\DPS 920\DPS920_final_project\IMG\center_2026_07_27_15_32_50_552.jpg,D:\DPS 920\DPS920_final_project\IMG\left_2026_07_27_15_32_50_552.jpg,D:\DPS 920\DPS920_final_project\IMG\right_2026_07_27_15_32_50_552.jpg,0,1,0,30.19018
D:\DPS 920\DPS920_final_project\IMG\center_2026_07_27_15_32_50_626.jpg,D:\DPS 920\DPS920_final_project\IMG\left_2026_07_27_15_32_50_626.jpg,D:\DPS 920\DPS920_final_project\IMG\right_2026_07_27_15_32_50_626.jpg,0,1,0,30.19064
D:\DPS 920\DPS920_final_project\IMG\center_2026_07_27_15_32_50_703.jpg,D:\DPS 920\DPS920_final_project\IMG\left_2026_07_27_15_32_50_703.jpg,D:\DPS 920\DPS920_final_project\IMG\right_2026_07_27_15_32_50_703.jpg,-0.15,1,0,30.18425
D:\DPS 920\DPS920_final_project\IMG\center_2026_07_27_15_32_50_781.jpg,D:\DPS 920\DPS920_final_project\IMG\left_2026_07_27_15_32_50_781.jpg,D:\DPS 920\DPS920_final_project\IMG\right_2026_07_27_15_32_50_781.jpg,0,1,0,30.18963
D:\DPS 920\DPS920_final_project\IMG\center_2026_07_27_15_32_50_850.jpg,D:\DPS 920\DPS920_final_project\IMG\left_2026_07_27_15_32_50_850.jpg,D:\DPS 920\DPS920_final_project\IMG\right_2026_07_27_15_32_50_850.jpg,-0.05,1,0,30.19035
D:\DPS 920\DPS920_final_project\IMG\center_2026_07_27_15_32_50_917.jpg,D:\DPS 920\DPS920_final_project\IMG\left_2026_07_27_15_32_50_917.jpg,D:\DPS 920\DPS920_final_project\IMG\right_2026_07_27_15_32_50_917.jpg,0,1,0,30.18894
D:\DPS 920\DPS920_final_project\IMG\center_2026_07_27_15_32_50_985.jpg,D:\DPS 920\DPS920_final_project\IMG\left_2026_07_27_15_32_50_985.jpg,D:\DPS 920\DPS920_final_project\IMG\right_2026_07_27_15_32_50_985.jpg,0,1,0,30.19034
D:\DPS 920\DPS920_final_project\IMG\center_2026_07_27_15_32_51_052.jpg,D:\DPS 920\DPS920_final_project\IMG\left_2026_07_27_15_32_51_052.jpg,D:\DPS 920\DPS920_final_project\IMG\right_2026_07_27_15_32_51_052.jpg,-0.15,1,0,30.18524
D:\DPS 920\DPS920_final_project\IMG\center_2026_07_27_15_32_51_130.jpg,D:\DPS 920\DPS920_final_project\IMG\left_2026_07_27_15_32_51_130.jpg,D:\DPS 920\DPS920_final_project\IMG\right_2026_07_27_15_32_51_130.jpg,0,1,0,30.18982
D:\DPS 920\DPS920_final_project\IMG\center_2026_07_27_15_32_51_209.jpg,D:\DPS 920\DPS920_final_project\IMG\left_2026_07_27_15_32_51_209.jpg,D:\DPS 920\DPS920_final_project\IMG\right_2026_07_27_15_32_51_209.jpg,-0.1,1,0,30.18869
D:\DPS 920\DPS920_final_project\IMG\center_2026_07_27_15_32_51_285.jpg,D:\DPS 920\DPS920_final_project\IMG\left_2026_07_27_15_32_51_285.jpg,D:\DPS 920\DPS920_final_project\IMG\right_2026_07_27_15_32_51_285.jpg,0,1,0,30.19003
D:\DPS 920\DPS920_final_project\IMG\center_2026_07_27_15_32_51_360.jpg,D:\DPS 920\DPS920_final_project\IMG\left_2026_07_27_15_32_51_360.jpg,D:\DPS 920\DPS920_final_project\IMG\right_2026_07_27_15_32_51_360.jpg,-0.1,1,0,30.18842
D:\DPS 920\DPS920_final_project\IMG\center_2026_07_27_15_32_51_433.jpg,D:\DPS 920\DPS920_final_project\IMG\left_2026_07_27_15_32_51_433.jpg,D:\DPS 920\DPS920_final_project\IMG\right_2026_07_27_15_32_51_433.jpg,0,1,0,30.19065
D:\DPS 920\DPS920_final_project\IMG\center_2026_07_27_15_32_51_510.jpg,D:\DPS 920\DPS920_final_project\IMG\left_2026_07_27_15_32_51_510.jpg,D:\DPS 920\DPS920_final_project\IMG\right_2026_07_27_15_32_51_510.jpg,0,1,0,30.19023
D:\DPS 920\DPS920_final_project\IMG\center_2026_07_27_15_32_51_590.jpg,D:\DPS 920\DPS920_final_project\IMG\left_2026_07_27_15_32_51_590.jpg,D:\DPS 920\DPS920_final_project\IMG\right_2026_07_27_15_32_51_590.jpg,0,1,0,30.1902
D:\DPS 920\DPS920_final_project\IMG\center_2026_07_27_15_32_51_670.jpg,D:\DPS 920\DPS920_final_project\IMG\left_2026_07_27_15_32_51_670.jpg,D:\DPS 920\DPS920_final_project\IMG\right_2026_07_27_15_32_51_670.jpg,-0.05,1,0,30.18965
D:\DPS 920\DPS920_final_project\IMG\center_2026_07_27_15_32_51_748.jpg,D:\DPS 920\DPS920_final_project\IMG\left_2026_07_27_15_32_51_748.jpg,D:\DPS 920\DPS920_final_project\IMG\right_2026_07_27_15_32_51_748.jpg,0,1,0,30.19083
D:\DPS 920\DPS920_final_project\IMG\center_2026_07_27_15_32_51_825.jpg,D:\DPS 920\DPS920_final_project\IMG\left_2026_07_27_15_32_51_825.jpg,D:\DPS 920\DPS920_final_project\IMG\right_2026_07_27_15_32_51_825.jpg,0,1,0,30.1902
D:\DPS 920\DPS920_final_project\IMG\center_2026_07_27_15_32_51_903.jpg,D:\DPS 920\DPS920_final_project\IMG\left_2026_07_27_15_32_51_903.jpg,D:\DPS 920\DPS920_final_project\IMG\right_2026_07_27_15_32_51_903.jpg,0,1,0,30.19038
D:\DPS 920\DPS920_final_project\IMG\center_2026_07_27_15_32_51_979.jpg,D:\DPS 920\DPS920_final_project\IMG\left_2026_07_27_15_32_51_979.jpg,D:\DPS 920\DPS920_final_project\IMG\right_2026_07_27_15_32_51_979.jpg,0,1,0,30.19033
D:\DPS 920\DPS920_final_project\IMG\center_2026_07_27_15_32_52_054.jpg,D:\DPS 920\DPS920_final_project\IMG\left_2026_07_27_15_32_52_054.jpg,D:\DPS 920\DPS920_final_project\IMG\right_2026_07_27_15_32_52_054.jpg,0,1,0,30.19029
D:\DPS 920\DPS920_final_project\IMG\center_2026_07_27_15_32_52_129.jpg,D:\DPS 920\DPS920_final_project\IMG\left_2026_07_27_15_32_52_129.jpg,D:\DPS 920\DPS920_final_project\IMG\right_2026_07_27_15_32_52_129.jpg,0,1,0,30.19056
D:\DPS 920\DPS920_final_project\IMG\center_2026_07_27_15_32_52_204.jpg,D:\DPS 920\DPS920_final_project\IMG\left_2026_07_27_15_32_52_204.jpg,D:\DPS 920\DPS920_final_project\IMG\right_2026_07_27_15_32_52_204.jpg,0,1,0,30.1904
D:\DPS 920\DPS920_final_project\IMG\center_2026_07_27_15_32_52_280.jpg,D:\DPS 920\DPS920_final_project\IMG\left_2026_07_27_15_32_52_280.jpg,D:\DPS 920\DPS920_final_project\IMG\right_2026_07_27_15_32_52_280.jpg,0,1,0,30.19037
D:\DPS 920\DPS920_final_project\IMG\center_2026_07_27_15_32_52_357.jpg,D:\DPS 920\DPS920_final_project\IMG\left_2026_07_27_15_32_52_357.jpg,D:\DPS 920\DPS920_final_project\IMG\right_2026_07_27_15_32_52_357.jpg,0,1,0,30.19036
D:\DPS 920\DPS920_final_project\IMG\center_2026_07_27_15_32_52_434.jpg,D:\DPS 920\DPS920_final_project\IMG\left_2026_07_27_15_32_52_434.jpg,D:\DPS 920\DPS920_final_project\IMG\right_2026_07_27_15_32_52_434.jpg,0,1,0,30.19036
D:\DPS 920\DPS920_final_project\IMG\center_2026_07_27_15_32_52_514.jpg,D:\DPS 920\DPS920_final_project\IMG\left_2026_07_27_15_32_52_514.jpg,D:\DPS 920\DPS920_final_project\IMG\right_2026_07_27_15_32_52_514.jpg,0,1,0,30.19036
D:\DPS 920\DPS920_final_project\IMG\center_2026_07_27_15_32_52_581.jpg,D:\DPS 920\DPS920_final_project\IMG\left_2026_07_27_15_32_52_581.jpg,D:\DPS 920\DPS920_final_project\IMG\right_2026_07_27_15_32_52_581.jpg,0,1,0,30.19043
D:\DPS 920\DPS920_final_project\IMG\center_2026_07_27_15_32_52_659.jpg,D:\DPS 920\DPS920_final_project\IMG\left_2026_07_27_15_32_52_659.jpg,D:\DPS 920\DPS920_final_project\IMG\right_2026_07_27_15_32_52_659.jpg,0,1,0,30.19033
D:\DPS 920\DPS920_final_project\IMG\center_2026_07_27_15_32_52_737.jpg,D:\DPS 920\DPS920_final_project\IMG\left_2026_07_27_15_32_52_737.jpg,D:\DPS 920\DPS920_final_project\IMG\right_2026_07_27_15_32_52_737.jpg,0,1,0,30.19036
D:\DPS 920\DPS920_final_project\IMG\center_2026_07_27_15_32_52_813.jpg,D:\DPS 920\DPS920_final_project\IMG\left_2026_07_27_15_32_52_813.jpg,D:\DPS 920\DPS920_final_project\IMG\right_2026_07_27_15_32_52_813.jpg,-0.1,1,0,30.18759
D:\DPS 920\DPS920_final_project\IMG\center_2026_07_27_15_32_52_890.jpg,D:\DPS 920\DPS920_final_project\IMG\left_2026_07_27_15_32_52_890.jpg,D:\DPS 920\DPS920_final_project\IMG\right_2026_07_27_15_32_52_890.jpg,0,1,0,30.18994
D:\DPS 920\DPS920_final_project\IMG\center_2026_07_27_15_32_52_963.jpg,D:\DPS 920\DPS920_final_project\IMG\left_2026_07_27_15_32_52_963.jpg,D:\DPS 920\DPS920_final_project\IMG\right_2026_07_27_15_32_52_963.jpg,0,1,0,30.19028
D:\DPS 920\DPS920_final_project\IMG\center_2026_07_27_15_32_53_036.jpg,D:\DPS 920\DPS920_final_project\IMG\left_2026_07_27_15_32_53_036.jpg,D:\DPS 920\DPS920_final_project\IMG\right_2026_07_27_15_32_53_036.jpg,0,1,0,30.18944
D:\DPS 920\DPS920_final_project\IMG\center_2026_07_27_15_32_53_107.jpg,D:\DPS 920\DPS920_final_project\IMG\left_2026_07_27_15_32_53_107.jpg,D:\DPS 920\DPS920_final_project\IMG\right_2026_07_27_15_32_53_107.jpg,0,1,0,30.19025
D:\DPS 920\DPS920_final_project\IMG\center_2026_07_27_15_32_53_181.jpg,D:\DPS 920\DPS920_final_project\IMG\left_2026_07_27_15_32_53_181.jpg,D:\DPS 920\DPS920_final_project\IMG\right_2026_07_27_15_32_53_181.jpg,-0.15,1,0,30.18474
D:\DPS 920\DPS920_final_project\IMG\center_2026_07_27_15_32_53_256.jpg,D:\DPS 920\DPS920_final_project\IMG\left_2026_07_27_15_32_53_256.jpg,D:\DPS 920\DPS920_final_project\IMG\right_2026_07_27_15_32_53_256.jpg,0,1,0,30.19093
D:\DPS 920\DPS920_final_project\IMG\center_2026_07_27_15_32_53_330.jpg,D:\DPS 920\DPS920_final_project\IMG\left_2026_07_27_15_32_53_330.jpg,D:\DPS 920\DPS920_final_project\IMG\right_2026_07_27_15_32_53_330.jpg,-0.1,1,0,30.18881
D:\DPS 920\DPS920_final_project\IMG\center_2026_07_27_15_32_53_403.jpg,D:\DPS 920\DPS920_final_project\IMG\left_2026_07_27_15_32_53_403.jpg,D:\DPS 920\DPS920_final_project\IMG\right_2026_07_27_15_32_53_403.jpg,0,1,0,30.18636
D:\DPS 920\DPS920_final_project\IMG\center_2026_07_27_15_32_53_479.jpg,D:\DPS 920\DPS920_final_project\IMG\left_2026_07_27_15_32_53_479.jpg,D:\DPS 920\DPS920_final_project\IMG\right_2026_07_27_15_32_53_479.jpg,0,1,0,30.18996
D:\DPS 920\DPS920_final_project\IMG\center_2026_07_27_15_32_53_555.jpg,D:\DPS 920\DPS920_final_project\IMG\left_2026_07_27_15_32_53_555.jpg,D:\DPS 920\DPS920_final_project\IMG\right_2026_07_27_15_32_53_555.jpg,0,1,0,30.19021
D:\DPS 920\DPS920_final_project\IMG\center_2026_07_27_15_32_53_630.jpg,D:\DPS 920\DPS920_final_project\IMG\left_2026_07_27_15_32_53_630.jpg,D:\DPS 920\DPS920_final_project\IMG\right_2026_07_27_15_32_53_630.jpg,0,1,0,30.19028
D:\DPS 920\DPS920_final_project\IMG\center_2026_07_27_15_32_53_708.jpg,D:\DPS 920\DPS920_final_project\IMG\left_2026_07_27_15_32_53_708.jpg,D:\DPS 920\DPS920_final_project\IMG\right_2026_07_27_15_32_53_708.jpg,0,1,0,30.1903
D:\DPS 920\DPS920_final_project\IMG\center_2026_07_27_15_32_53_783.jpg,D:\DPS 920\DPS920_final_project\IMG\left_2026_07_27_15_32_53_783.jpg,D:\DPS 920\DPS920_final_project\IMG\right_2026_07_27_15_32_53_783.jpg,0,1,0,30.1903
D:\DPS 920\DPS920_final_project\IMG\center_2026_07_27_15_32_53_860.jpg,D:\DPS 920\DPS920_final_project\IMG\left_2026_07_27_15_32_53_860.jpg,D:\DPS 920\DPS920_final_project\IMG\right_2026_07_27_15_32_53_860.jpg,0,1,0,30.19031
D:\DPS 920\DPS920_final_project\IMG\center_2026_07_27_15_32_53_933.jpg,D:\DPS 920\DPS920_final_project\IMG\left_2026_07_27_15_32_53_933.jpg,D:\DPS 920\DPS920_final_project\IMG\right_2026_07_27_15_32_53_933.jpg,0,1,0,30.19029
D:\DPS 920\DPS920_final_project\IMG\center_2026_07_27_15_32_54_006.jpg,D:\DPS 920\DPS920_final_project\IMG\left_2026_07_27_15_32_54_006.jpg,D:\DPS 920\DPS920_final_project\IMG\right_2026_07_27_15_32_54_006.jpg,0,1,0,30.19027
D:\DPS 920\DPS920_final_project\IMG\center_2026_07_27_15_32_54_077.jpg,D:\DPS 920\DPS920_final_project\IMG\left_2026_07_27_15_32_54_077.jpg,D:\DPS 920\DPS920_final_project\IMG\right_2026_07_27_15_32_54_077.jpg,0,1,0,30.19027
D:\DPS 920\DPS920_final_project\IMG\center_2026_07_27_15_32_54_148.jpg,D:\DPS 920\DPS920_final_project\IMG\left_2026_07_27_15_32_54_148.jpg,D:\DPS 920\DPS920_final_project\IMG\right_2026_07_27_15_32_54_148.jpg,0,1,0,30.19028
D:\DPS 920\DPS920_final_project\IMG\center_2026_07_27_15_32_54_217.jpg,D:\DPS 920\DPS920_final_project\IMG\left_2026_07_27_15_32_54_217.jpg,D:\DPS 920\DPS920_final_project\IMG\right_2026_07_27_15_32_54_217.jpg,0,1,0,30.19025
D:\DPS 920\DPS920_final_project\IMG\center_2026_07_27_15_32_54_287.jpg,D:\DPS 920\DPS920_final_project\IMG\left_2026_07_27_15_32_54_287.jpg,D:\DPS 920\DPS920_final_project\IMG\right_2026_07_27_15_32_54_287.jpg,0,1,0,30.19031
D:\DPS 920\DPS920_final_project\IMG\center_2026_07_27_15_32_54_356.jpg,D:\DPS 920\DPS920_final_project\IMG\left_2026_07_27_15_32_54_356.jpg,D:\DPS 920\DPS920_final_project\IMG\right_2026_07_27_15_32_54_356.jpg,0,1,0,30.19025
D:\DPS 920\DPS920_final_project\IMG\center_2026_07_27_15_32_54_423.jpg,D:\DPS 920\DPS920_final_project\IMG\left_2026_07_27_15_32_54_423.jpg,D:\DPS 920\DPS920_final_project\IMG\right_2026_07_27_15_32_54_423.jpg,0,1,0,30.19027
D:\DPS 920\DPS920_final_project\IMG\center_2026_07_27_15_32_54_491.jpg,D:\DPS 920\DPS920_final_project\IMG\left_2026_07_27_15_32_54_491.jpg,D:\DPS 920\DPS920_final_project\IMG\right_2026_07_27_15_32_54_491.jpg,0,1,0,30.19027
D:\DPS 920\DPS920_final_project\IMG\center_2026_07_27_15_32_54_561.jpg,D:\DPS 920\DPS920_final_project\IMG\left_2026_07_27_15_32_54_561.jpg,D:\DPS 920\DPS920_final_project\IMG\right_2026_07_27_15_32_54_561.jpg,0,1,0,30.1908
D:\DPS 920\DPS920_final_project\IMG\center_2026_07_27_15_32_54_630.jpg,D:\DPS 920\DPS920_final_project\IMG\left_2026_07_27_15_32_54_630.jpg,D:\DPS 920\DPS920_final_project\IMG\right_2026_07_27_15_32_54_630.jpg,0,1,0,30.19061
D:\DPS 920\DPS920_final_project\IMG\center_2026_07_27_15_32_54_700.jpg,D:\DPS 920\DPS920_final_project\IMG\left_2026_07_27_15_32_54_700.jpg,D:\DPS 920\DPS920_final_project\IMG\right_2026_07_27_15_32_54_700.jpg,0,1,0,30.19054
D:\DPS 920\DPS920_final_project\IMG\center_2026_07_27_15_32_54_770.jpg,D:\DPS 920\DPS920_final_project\IMG\left_2026_07_27_15_32_54_770.jpg,D:\DPS 920\DPS920_final_project\IMG\right_2026_07_27_15_32_54_770.jpg,0,1,0,30.18996
D:\DPS 920\DPS920_final_project\IMG\center_2026_07_27_15_32_54_842.jpg,D:\DPS 920\DPS920_final_project\IMG\left_2026_07_27_15_32_54_842.jpg,D:\DPS 920\DPS920_final_project\IMG\right_2026_07_27_15_32_54_842.jpg,-0.1,1,0,30.18759
D:\DPS 920\DPS920_final_project\IMG\center_2026_07_27_15_32_54_914.jpg,D:\DPS 920\DPS920_final_project\IMG\left_2026_07_27_15_32_54_914.jpg,D:\DPS 920\DPS920_final_project\IMG\right_2026_07_27_15_32_54_914.jpg,0,1,0,30.18732
D:\DPS 920\DPS920_final_project\IMG\center_2026_07_27_15_32_54_987.jpg,D:\DPS 920\DPS920_final_project\IMG\left_2026_07_27_15_32_54_987.jpg,D:\DPS 920\DPS920_final_project\IMG\right_2026_07_27_15_32_54_987.jpg,0,1,0,30.19008
D:\DPS 920\DPS920_final_project\IMG\center_2026_07_27_15_32_55_059.jpg,D:\DPS 920\DPS920_final_project\IMG\left_2026_07_27_15_32_55_059.jpg,D:\DPS 920\DPS920_final_project\IMG\right_2026_07_27_15_32_55_059.jpg,0,1,0,30.19026
D:\DPS 920\DPS920_final_project\IMG\center_2026_07_27_15_32_55_133.jpg,D:\DPS 920\DPS920_final_project\IMG\left_2026_07_27_15_32_55_133.jpg,D:\DPS 920\DPS920_final_project\IMG\right_2026_07_27_15_32_55_133.jpg,0,1,0,30.1903
D:\DPS 920\DPS920_final_project\IMG\center_2026_07_27_15_32_55_277.jpg,D:\DPS 920\DPS920_final_project\IMG\left_2026_07_27_15_32_55_277.jpg,D:\DPS 920\DPS920_final_project\IMG\right_2026_07_27_15_32_55_277.jpg,0,1,0,28.36943
